,Unnamed: 0,Id,MSSubClass,LotFrontage,LotArea,Utilities,LandSlope,OverallQual,OverallCond,YearBuilt,YearRemodAdd,MasVnrArea,ExterQual,ExterCond,BsmtQual,BsmtCond,BsmtExposure,BsmtFinType1,BsmtFinSF1,BsmtFinType2,BsmtFinSF2,BsmtUnfSF,TotalBsmtSF,HeatingQC,CentralAir,Electrical,1stFlrSF,2ndFlrSF,LowQualFinSF,GrLivArea,BsmtFullBath,BsmtHalfBath,FullBath,HalfBath,BedroomAbvGr,KitchenAbvGr,KitchenQual,TotRmsAbvGrd,Functional,GarageArea,PavedDrive,WoodDeckSF,OpenPorchSF,EnclosedPorch,3SsnPorch,ScreenPorch,PoolArea,Fence,MiscFeature,MiscVal,MoSold,YrSold,SalePrice,SaleCondition_AdjLand,SaleCondition_Alloca,SaleCondition_Family,SaleCondition_Normal,SaleCondition_Partial,SaleType_CWD,SaleType_Con,SaleType_ConLD,SaleType_ConLI,SaleType_ConLw,SaleType_New,SaleType_Oth,SaleType_WD,GarageQnC,GarageEra,GarageType_Attchd,GarageType_Basment,GarageType_BuiltIn,GarageType_CarPort,GarageType_Detchd,FireplaceQuNum,FireplaceParameter,HeatingRank,MSZoning_FV,MSZoning_RH,MSZoning_RL,MSZoning_RM,Street_Pave,Alley_Pave,LotShape_IR2,LotShape_IR3,LotShape_Reg,LandContour_HLS,LandContour_Low,LandContour_Lvl,LotConfig_CulDSac,LotConfig_FR2,LotConfig_FR3,LotConfig_Inside,Condition1_Feedr,Condition1_Norm,Condition1_PosA,Condition1_PosN,Condition1_RRAe,Condition1_RRAn,Condition1_RRNe,Condition1_RRNn,Condition2_Feedr,Condition2_Norm,Condition2_PosA,Condition2_PosN,Condition2_RRAe,Condition2_RRAn,Condition2_RRNn,Neighborhood_Blueste,Neighborhood_BrDale,Neighborhood_BrkSide,Neighborhood_ClearCr,Neighborhood_CollgCr,Neighborhood_Crawfor,Neighborhood_Edwards,Neighborhood_Gilbert,Neighborhood_IDOTRR,Neighborhood_MeadowV,Neighborhood_Mitchel,Neighborhood_NAmes,Neighborhood_NPkVill,Neighborhood_NWAmes,Neighborhood_NoRidge,Neighborhood_NridgHt,Neighborhood_OldTown,Neighborhood_SWISU,Neighborhood_Sawyer,Neighborhood_SawyerW,Neighborhood_Somerst,Neighborhood_StoneBr,Neighborhood_Timber,Neighborhood_Veenker,BldgType_2fmCon,BldgType_Duplex,BldgType_Twnhs,BldgType_TwnhsE,HouseStyle_1.5Unf,HouseStyle_1Story,HouseStyle_2.5Fin,HouseStyle_2.5Unf,HouseStyle_2Story,HouseStyle_SFoyer,HouseStyle_SLvl,RoofStyle_Gable,RoofStyle_Gambrel,RoofStyle_Hip,RoofStyle_Mansard,RoofStyle_Shed,RoofMatl_CompShg,RoofMatl_Membran,RoofMatl_Metal,RoofMatl_Roll,RoofMatl_Tar&Grv,RoofMatl_WdShake,RoofMatl_WdShngl,Exterior1st_AsphShn,Exterior1st_BrkComm,Exterior1st_BrkFace,Exterior1st_CBlock,Exterior1st_CemntBd,Exterior1st_HdBoard,Exterior1st_ImStucc,Exterior1st_MetalSd,Exterior1st_Plywood,Exterior1st_Stone,Exterior1st_Stucco,Exterior1st_VinylSd,Exterior1st_Wd Sdng,Exterior1st_WdShing,Exterior2nd_AsphShn,Exterior2nd_Brk Cmn,Exterior2nd_BrkFace,Exterior2nd_CBlock,Exterior2nd_CmentBd,Exterior2nd_HdBoard,Exterior2nd_ImStucc,Exterior2nd_MetalSd,Exterior2nd_Other,Exterior2nd_Plywood,Exterior2nd_Stone,Exterior2nd_Stucco,Exterior2nd_VinylSd,Exterior2nd_Wd Sdng,Exterior2nd_Wd Shng,MasVnrType_BrkFace,MasVnrType_Stone,Foundation_CBlock,Foundation_PConc,Foundation_Slab,Foundation_Stone,Foundation_Wood,TotalArea,TotalFinishedSF,TotalOutdoorArea,TotalRooms,RoomDensity,TotalFloors,Has2ndFloor,TotalBathrooms,BathPerRoom,BathQualityInteraction,TotalKitchens,KitchenPremium,HouseAge,YearsSinceRemodel,IsRemodeled,RecentRemodel,HouseAgeBin,TotalPorchArea,HasPorch,OutdoorLuxury,HasPool,BsmtFinishedRatio,HasFinishedBsmt,BasementScore,OverallScore,ExteriorScore,LuxuryScore,LivingAreaRatio
0,0,1,60,65.0,8450,4,2,7,5,2003,2003,196.0,4,3,4,3,1,6,706,1,0,150,856,4,1,4,856,854,0,1710,1,0,2,1,3,1,4,8,7,548,2,0,61,0,0,0,0,0.0,0,0,2,2008,12.24769911637256,0,0,0,1,0,0,0,0,0,0,0,0,1,2.0,4,True,False,False,False,False,0.0,0.0,6,0,0,1,0,1,0,0,0,1,0,0,1,0,0,0,1,0,1,0,0,0,0,0,0,0,1,0,0,0,0,0,0,0,0,0,1,0,0,0,0,0,0,0,0,0,0,0,0,0,0,0,0,0,0,0,0,0,0,0,0,0,0,0,1,0,0,1,0,0,0,0,1,0,0,0,0,0,0,0,0,0,0,0,0,0,0,0,0,0,1,0,0,0,0,0,0,0,0,0,0,0,0,0,0,1,0,0,1,0,0,1,0,0,0,2566,2416,61,12,190.0,2,1,3.5,0.3888888888888889,24.5,1,16,5,5,0,1,4,61,1,61,0,0.823803967327888,1,24,35,12,19,0.6661472536034281
1,1,2,20,80.0,9600,4,2,6,8,1976,1976,0.0,3,3,4,3,4,5,978,1,0,284,1262,4,1,4,1262,0,0,1262,0,1,2,0,3,1,3,6,7,460,2,298,0,0,0,0,0,0.0,0,0,5,2007,12.109016442313738,0,0,0,1,0,0,0,0,0,0,0,0,1,2.0,2,True,False,False,False,False,3.0,2.079441541679836,6,0,0,1,0,1,0,0,0,1,0,0,1,0,1,0,0,1,0,0,0,0,0,0,0,0,1,0,0,0,0,0,0,0,0,0,0,0,0,0,0,0,0,0,0,0,0,0,0,0,0,0,0,0,0,1,0,0,0,0,0,1,0,0,0,0,0,1,0,0,0,0,1,0,0,0,0,0,0,0,0,0,0,0,0,0,1,0,0,0,0,0,0,0,0,0,0,0,0,0,1,0,0,0,0,0,0,0,0,0,1,0,0,0,0,2524,2240,298,10,180.28571428571428,1,0,2.5,0.3571428571428571,15.0,1,9,31,31,0,0,2,0,0,298,0,0.7743467933491687,1,60,48,9,16,0.4998019801980198
2,2,3,60,68.0,11250,4,2,7,5,2001,2002,162.0,4,3,4,3,2,6,486,1,0,434,920,4,1,4,920,866,0,1786,1,0,2,1,3,1,4,6,7,608,2,0,42,0,0,0,0,0.0,0,0,9,2008,12.317171167298682,0,0,0,1,0,0,0,0,0,0,0,0,1,2.0,4,True,False,False,False,False,3.0,2.079441541679836,6,0,0,1,0,1,0,0,0,0,0,0,1,0,0,0,1,0,1,0,0,0,0,0,0,0,1,0,0,0,0,0,0,0,0,0,1,0,0,0,0,0,0,0,0,0,0,0,0,0,0,0,0,0,0,0,0,0,0,0,0,0,0,0,1,0,0,1,0,0,0,0,1,0,0,0,0,0,0,0,0,0,0,0,0,0,0,0,0,0,1,0,0,0,0,0,0,0,0,0,0,0,0,0,0,1,0,0,1,0,0,1,0,0,0,2706,2272,42,10,255.14285714285717,2,1,3.5,0.5,24.5,1,16,7,6,1,1,4,42,1,42,0,0.5276872964169381,1,36,35,12,19,0.6597709641669746
3,3,4,70,60.0,9550,4,2,7,5,1915,1970,0.0,3,3,3,4,1,5,216,1,0,540,756,3,1,4,961,756,0,1717,1,0,1,0,3,1,4,7,7,642,2,0,35,272,0,0,0,0.0,0,0,2,2006,11.849404844423074,0,0,0,0,0,0,0,0,0,0,0,0,1,2.0,3,False,False,False,False,True,4.0,2.772588722239781,6,0,0,1,0,1,0,0,0,0,0,0,1,0,0,0,0,0,1,0,0,0,0,0,0,0,1,0,0,0,0,0,0,0,0,0,0,1,0,0,0,0,0,0,0,0,0,0,0,0,0,0,0,0,0,0,0,0,0,0,0,0,0,0,1,0,0,1,0,0,0,0,1,0,0,0,0,0,0,0,0,0,0,0,0,0,0,0,0,0,0,1,0,0,0,0,0,0,0,0,0,0,0,0,0,0,0,1,0,0,0,0,0,0,0,2473,1933,307,11,214.625,2,1,2.0,0.25,14.0,1,16,91,36,1,0,1,307,1,307,0,0.285336856010568,1,24,35,9,17,0.6940177849636217
4,4,5,60,84.0,14260,4,2,8,5,2000,2000,350.0,4,3,4,3,3,6,655,1,0,490,1145,4,1,4,1145,1053,0,2198,1,0,2,1,4,1,4,9,7,836,2,192,84,0,0,0,0,0.0,0,0,12,2008,12.429220196836384,0,0,0,1,0,0,0,0,0,0,0,0,1,2.0,3,True,False,False,False,False,3.0,2.079441541679836,6,0,0,1,0,1,0,0,0,0,0,0,1,0,1,0,0,0,1,0,0,0,0,0,0,0,1,0,0,0,0,0,0,0,0,0,0,0,0,0,0,0,0,0,0,0,1,0,0,0,0,0,0,0,0,0,0,0,0,0,0,0,0,0,1,0,0,1,0,0,0,0,1,0,0,0,0,0,0,0,0,0,0,0,0,0,0,0,0,0,1,0,0,0,0,0,0,0,0,0,0,0,0,0,0,1,0,0,1,0,0,1,0,0,0,3343,2853,276,14,219.8,2,1,3.5,0.35,28.0,1,16,8,8,0,1,4,84,1,276,0,0.5715532286212914,1,48,40,12,20,0.6572966507177034
5,5,6,50,85.0,14115,4,2,5,5,1993,1995,0.0,3,3,4,3,1,6,732,1,0,64,796,4,1,4,796,566,0,1362,1,0,1,1,1,1,3,5,7,480,2,40,30,0,320,0,0,2.0,1,700,10,2009,11.870606902224589,0,0,0,1,0,0,0,0,0,0,0,0,1,2.0,3,True,False,False,False,False,0.0,0.0,6,0,0,1,0,1,0,0,0,0,0,0,1,0,0,0,1,0,1,0,0,0,0,0,0,0,1,0,0,0,0,0,0,0,0,0,0,0,0,0,0,0,1,0,0,0,0,0,0,0,0,0,0,0,0,0,0,0,0,0,0,0,0,0,0,0,0,1,0,0,0,0,1,0,0,0,0,0,0,0,0,0,0,0,0,0,0,0,0,0,1,0,0,0,0,0,0,0,0,0,0,0,0,0,0,1,0,0,0,0,0,0,0,0,1,2158,2094,390,7,227.0,2,1,2.5,0.4166666666666667,12.5,1,9,16,14,1,0,3,350,1,390,0,0.918444165621079,1,24,25,9,15,0.6308476146364057
6,6,7,20,75.0,10084,4,2,8,5,2004,2005,186.0,4,3,5,3,3,6,1369,1,0,317,1686,4,1,4,1694,0,0,1694,1,0,2,0,3,1,4,7,7,636,2,255,57,0,0,0,0,0.0,0,0,8,2007,12.63460628389302,0,0,0,1,0,0,0,0,0,0,0,0,1,2.0,4,True,False,False,False,False,4.0,2.772588722239781,6,0,0,1,0,1,0,0,0,1,0,0,1,0,0,0,1,0,1,0,0,0,0,0,0,0,1,0,0,0,0,0,0,0,0,0,0,0,0,0,0,0,0,0,0,0,0,0,0,0,0,0,1,0,0,0,0,0,0,0,0,1,0,0,0,0,0,1,0,0,0,0,1,0,0,0,0,0,0,0,0,0,0,0,0,0,0,0,0,0,1,0,0,0,0,0,0,0,0,0,0,0,0,0,0,1,0,0,0,1,0,1,0,0,0,3380,3063,312,11,211.75,1,0,3.0,0.375,24.0,1,16,3,2,1,1,4,57,1,312,0,0.8114997036158862,1,60,40,12,20,0.5010351966873706
7,7,8,60,0.0,10382,4,2,7,6,1973,1973,240.0,3,3,4,3,2,5,859,4,32,216,1107,4,1,4,1107,983,0,2090,1,0,2,1,3,1,3,7,7,484,2,235,204,228,0,0,0,0.0,1,350,11,2009,12.206077645517674,0,0,0,1,0,0,0,0,0,0,0,0,1,2.0,2,True,False,False,False,False,3.0,3.295836866004329,6,0,0,1,0,1,0,0,0,0,0,0,1,0,0,0,0,0,0,0,1,0,0,0,0,0,1,0,0,0,0,0,0,0,0,0,0,0,0,0,0,0,0,0,0,1,0,0,0,0,0,0,0,0,0,0,0,0,0,0,0,0,0,0,1,0,0,1,0,0,0,0,1,0,0,0,0,0,0,0,0,0,0,0,1,0,0,0,0,0,0,0,0,0,0,0,0,0,1,0,0,0,0,0,0,0,0,0,0,1,1,0,0,0,0,3197,2981,667,11,261.25,2,1,3.5,0.4375,24.5,1,9,36,36,0,0,2,432,1,667,0,0.8041516245487365,1,36,42,9,17,0.6535334584115072
8,8,9,50,51.0,6120,4,2,7,5,1931,1950,0.0,3,3,3,3,1,1,0,1,0,952,952,3,1,2,1022,752,0,1774,0,0,2,0,2,2,3,8,6,468,2,90,0,205,0,0,0,0.0,0,0,4,2008,11.774527900858468,0,0,0,0,0,0,0,0,0,0,0,0,1,2.0,1,False,False,False,False,True,3.0,3.295836866004329,6,0,0,0,1,1,0,0,0,1,0,0,1,0,0,0,1,0,0,0,0,0,0,0,0,0,1,0,0,0,0,0,0,0,0,0,0,0,0,0,0,0,0,0,0,0,0,0,1,0,0,0,0,0,0,0,0,0,0,0,0,0,0,0,0,0,0,1,0,0,0,0,1,0,0,0,0,0,0,0,0,1,0,0,0,0,0,0,0,0,0,0,0,0,0,0,0,0,0,0,0,0,0,0,0,0,0,1,0,0,0,0,0,0,0,2726,1774,295,12,197.11111111111111,2,1,2.0,0.2222222222222222,14.0,2,9,77,58,1,0,1,205,1,295,0,0.0,0,18,35,9,16,0.6505317198386505
9,9,10,190,50.0,7420,4,2,5,6,1939,1950,0.0,3,3,3,3,1,6,851,1,0,140,991,4,1,4,1077,0,0,1077,1,0,1,0,2,2,3,5,7,205,2,0,4,0,0,0,0,0.0,0,0,1,2008,11.678448377988165,0,0,0,1,0,0,0,0,0,0,0,0,1,2.5,1,True,False,False,False,False,3.0,3.295836866004329,6,0,0,1,0,1,0,0,0,1,0,0,1,0,0,0,0,0,0,0,0,0,0,0,0,0,0,0,0,0,0,0,0,0,1,0,0,0,0,0,0,0,0,0,0,0,0,0,0,0,0,0,0,0,0,0,1,0,0,0,1,0,0,0,0,0,0,1,0,0,0,0,1,0,0,0,0,0,0,0,0,0,0,0,0,0,1,0,0,0,0,0,0,0,0,0,0,0,0,0,1,0,0,0,0,0,0,0,0,0,0,0,0,0,0,2068,1928,4,9,179.5,1,0,2.0,0.3333333333333333,10.0,2,9,69,58,1,0,1,4,1,4,0,0.8578629032258065,1,18,30,9,15,0.5205413243112614
10,10,11,20,70.0,11200,4,2,5,5,1965,1965,0.0,3,3,3,3,1,3,906,1,0,134,1040,4,1,4,1040,0,0,1040,1,0,1,0,3,1,3,5,7,384,2,0,0,0,0,0,0,0.0,0,0,2,2008,11.771443882099636,0,0,0,1,0,0,0,0,0,0,0,0,1,2.0,2,False,False,False,False,True,0.0,0.0,6,0,0,1,0,1,0,0,0,1,0,0,1,0,0,0,1,0,1,0,0,0,0,0,0,0,1,0,0,0,0,0,0,0,0,0,0,0,0,0,0,0,0,0,0,0,0,0,0,0,1,0,0,0,0,0,0,0,0,0,0,1,0,0,0,0,0,0,0,1,0,0,1,0,0,0,0,0,0,0,0,0,0,0,1,0,0,0,0,0,0,0,0,0,0,0,0,0,1,0,0,0,0,0,0,0,0,0,0,0,1,0,0,0,0,2080,1946,0,9,173.33333333333334,1,0,2.0,0.3333333333333333,10.0,1,9,43,43,0,0,2,0,0,0,0,0.8703170028818443,1,18,25,9,15,0.4997597308986064
11,11,12,60,85.0,11924,4,2,9,5,2005,2006,286.0,5,3,5,3,1,6,998,1,0,177,1175,4,1,4,1182,1142,0,2324,1,0,3,0,4,1,5,11,7,736,2,147,21,0,0,0,0,0.0,0,0,7,2006,12.75130259456002,0,0,0,0,1,0,0,0,0,0,1,0,0,2.0,4,False,False,True,False,False,4.0,4.394449154672439,6,0,0,1,0,1,0,0,0,0,0,0,1,0,0,0,1,0,1,0,0,0,0,0,0,0,1,0,0,0,0,0,0,0,0,0,0,0,0,0,0,0,0,0,0,0,0,1,0,0,0,0,0,0,0,0,0,0,0,0,0,0,0,0,1,0,0,0,0,1,0,0,1,0,0,0,0,0,0,0,0,0,0,0,0,0,0,0,0,0,0,0,1,0,0,0,0,0,0,0,0,0,0,0,0,0,0,1,0,1,0,1,0,0,0,3499,3322,168,16,193.66666666666663,2,1,4.0,0.3333333333333333,36.0,1,25,1,0,1,1,4,21,1,168,0,0.8486394557823129,1,30,45,15,23,0.664
12,12,13,20,0.0,12968,4,2,5,6,1962,1962,0.0,3,3,3,3,1,5,737,1,0,175,912,2,1,4,912,0,0,912,1,0,1,0,2,1,3,4,7,352,2,140,0,0,0,176,0,0.0,0,0,9,2008,11.87757552297847,0,0,0,1,0,0,0,0,0,0,0,0,1,2.0,2,False,False,False,False,True,0.0,0.0,6,0,0,1,0,1,0,1,0,0,0,0,1,0,0,0,1,0,1,0,0,0,0,0,0,0,1,0,0,0,0,0,0,0,0,0,0,0,0,0,0,0,0,0,0,0,0,0,0,0,1,0,0,0,0,0,0,0,0,0,0,1,0,0,0,0,0,0,0,1,0,0,1,0,0,0,0,0,0,0,0,0,0,0,1,0,0,0,0,0,0,0,0,0,0,0,0,0,0,0,0,0,1,0,0,0,0,0,0,0,1,0,0,0,0,1824,1649,316,7,182.4,1,0,2.0,0.4,10.0,1,9,46,46,0,0,2,176,1,316,0,0.8072289156626506,1,18,30,9,13,0.4997260273972603
13,13,14,20,91.0,10652,4,2,7,5,2006,2007,306.0,4,3,4,3,3,1,0,1,0,1494,1494,4,1,4,1494,0,0,1494,0,0,2,0,3,1,4,7,7,840,2,160,33,0,0,0,0,0.0,0,0,8,2007,12.54076114938842,0,0,0,0,1,0,0,0,0,0,1,0,0,2.0,4,True,False,False,False,False,4.0,2.772588722239781,6,0,0,1,0,1,0,0,0,0,0,0,1,0,0,0,1,0,1,0,0,0,0,0,0,0,1,0,0,0,0,0,0,0,0,0,1,0,0,0,0,0,0,0,0,0,0,0,0,0,0,0,0,0,0,0,0,0,0,0,0,1,0,0,0,0,0,1,0,0,0,0,1,0,0,0,0,0,0,0,0,0,0,0,0,0,0,0,0,0,1,0,0,0,0,0,0,0,0,0,0,0,0,0,0,1,0,0,0,1,0,1,0,0,0,2988,1494,193,11,186.75,1,0,2.0,0.25,14.0,1,16,1,0,1,1,4,33,1,193,0,0.0,0,48,35,12,19,0.4998327199732352
14,14,15,20,0.0,10920,4,2,6,5,1960,1960,212.0,3,3,3,3,1,4,733,1,0,520,1253,2,1,4,1253,0,0,1253,1,0,1,1,2,1,3,5,7,352,2,0,213,176,0,0,0,1.0,0,0,5,2008,11.964007453736912,0,0,0,1,0,0,0,0,0,0,0,0,1,2.0,2,True,False,False,False,False,2.0,1.3862943611198906,6,0,0,1,0,1,0,0,0,0,0,0,1,0,0,0,0,0,1,0,0,0,0,0,0,0,1,0,0,0,0,0,0,0,0,0,0,0,0,0,0,0,0,1,0,0,0,0,0,0,0,0,0,0,0,0,0,0,0,0,0,1,0,0,0,0,0,0,0,1,0,0,1,0,0,0,0,0,0,0,0,0,0,0,0,0,1,0,0,0,0,0,0,0,0,0,0,0,0,0,1,0,0,0,0,0,0,0,1,0,1,0,0,0,0,2506,1986,389,8,208.83333333333331,1,0,2.5,0.4166666666666667,15.0,1,9,48,48,0,0,2,389,1,389,0,0.5845295055821371,1,18,30,9,14,0.4998005584363781
15,15,16,45,51.0,6120,4,2,7,8,1929,2001,0.0,3,3,3,3,1,1,0,1,0,832,832,4,1,3,854,0,0,854,0,0,1,0,2,1,3,5,7,576,2,48,112,0,0,0,0,3.0,0,0,7,2007,11.790564777297387,0,0,0,1,0,0,0,0,0,0,0,0,1,2.0,3,False,False,False,False,True,0.0,0.0,6,0,0,0,1,1,0,0,0,1,0,0,1,0,0,0,0,0,1,0,0,0,0,0,0,0,1,0,0,0,0,0,0,0,1,0,0,0,0,0,0,0,0,0,0,0,0,0,0,0,0,0,0,0,0,0,0,0,0,0,1,0,0,0,0,0,0,1,0,0,0,0,1,0,0,0,0,0,0,0,0,0,0,0,0,0,0,0,0,0,0,1,0,0,0,0,0,0,0,0,0,0,0,0,0,0,1,0,0,0,0,0,0,0,0,1686,854,160,8,142.33333333333334,1,0,1.0,0.1666666666666666,7.0,1,9,78,6,1,1,1,112,1,160,0,0.0,0,18,56,9,17,0.5062240663900415
16,16,17,20,0.0,11241,4,2,6,7,1970,1970,180.0,3,3,3,3,1,5,578,1,0,426,1004,4,1,4,1004,0,0,1004,1,0,1,0,2,1,3,5,7,480,2,0,0,0,0,0,0,0.0,1,700,3,2010,11.91170829631447,0,0,0,1,0,0,0,0,0,0,0,0,1,2.0,2,True,False,False,False,False,3.0,2.079441541679836,6,0,0,1,0,1,0,0,0,0,0,0,1,1,0,0,0,0,1,0,0,0,0,0,0,0,1,0,0,0,0,0,0,0,0,0,0,0,0,0,0,0,0,1,0,0,0,0,0,0,0,0,0,0,0,0,0,0,0,0,0,1,0,0,0,0,0,1,0,0,0,0,1,0,0,0,0,0,0,0,0,0,0,0,0,0,0,0,0,0,0,1,0,0,0,0,0,0,0,0,0,0,0,0,0,0,1,0,1,0,1,0,0,0,0,2008,1582,0,8,167.33333333333334,1,0,2.0,0.3333333333333333,12.0,1,9,40,40,0,0,2,0,0,0,0,0.5751243781094527,1,18,42,9,16,0.4997511199601792
17,17,18,90,72.0,10791,4,2,4,5,1967,1967,0.0,3,3,0,0,0,0,0,0,0,0,0,2,1,4,1296,0,0,1296,0,0,2,0,2,2,3,6,7,516,2,0,0,0,0,0,0,0.0,1,500,10,2006,11.407576060361786,0,0,0,1,0,0,0,0,0,0,0,0,1,2.0,2,False,False,False,True,False,0.0,0.0,6,0,0,1,0,1,0,0,0,1,0,0,1,0,0,0,1,0,1,0,0,0,0,0,0,0,1,0,0,0,0,0,0,0,0,0,0,0,0,0,0,0,0,0,0,0,0,0,0,0,1,0,0,0,0,0,0,1,0,0,0,1,0,0,0,0,0,1,0,0,0,0,1,0,0,0,0,0,0,0,0,0,0,0,0,0,1,0,0,0,0,0,0,0,0,0,0,0,0,0,1,0,0,0,0,0,0,0,0,0,0,0,1,0,0,1296,1296,0,10,185.14285714285717,1,0,2.0,0.2857142857142857,8.0,2,9,39,39,0,0,2,0,0,0,0,0.0,0,0,20,9,12,0.9992289899768696
18,18,19,20,66.0,13695,4,2,5,5,2004,2004,0.0,3,3,3,3,1,6,646,1,0,468,1114,4,1,4,1114,0,0,1114,1,0,1,1,3,1,4,6,7,576,2,0,102,0,0,0,0,0.0,0,0,6,2008,11.976665770490769,0,0,0,1,0,0,0,0,0,0,0,0,1,2.0,4,False,False,False,False,True,0.0,0.0,6,0,0,1,0,1,0,0,0,1,0,0,1,0,0,0,1,0,0,0,0,1,0,0,0,0,1,0,0,0,0,0,0,0,0,0,0,0,0,0,0,0,0,0,0,0,0,0,0,0,0,1,0,0,0,0,0,0,0,0,0,1,0,0,0,0,0,1,0,0,0,0,1,0,0,0,0,0,0,0,0,0,0,0,0,0,0,0,0,0,1,0,0,0,0,0,0,0,0,0,0,0,0,0,0,1,0,0,0,0,0,1,0,0,0,2228,1760,102,10,159.14285714285714,1,0,2.5,0.3571428571428571,12.5,1,16,4,4,0,1,4,102,1,102,0,0.579372197309417,1,18,25,9,16,0.4997756841633019
19,19,20,20,70.0,7560,4,2,5,6,1958,1965,0.0,3,3,3,3,1,2,504,1,0,525,1029,2,1,4,1339,0,0,1339,0,0,1,0,3,1,3,6,6,294,2,0,0,0,0,0,0,2.0,0,0,5,2009,11.842236406331557,0,0,0,0,0,0,0,0,0,0,0,0,0,2.0,2,True,False,False,False,False,0.0,0.0,6,0,0,1,0,1,0,0,0,1,0,0,1,0,0,0,1,0,1,0,0,0,0,0,0,0,1,0,0,0,0,0,0,0,0,0,0,0,0,0,0,0,0,1,0,0,0,0,0,0,0,0,0,0,0,0,0,0,0,0,0,1,0,0,0,0,0,0,0,1,0,0,1,0,0,0,0,0,0,0,0,1,0,0,0,0,0,0,0,0,0,0,0,0,0,0,0,0,0,0,0,0,1,0,0,0,0,0,0,0,1,0,0,0,0,2368,1843,0,10,191.28571428571428,1,0,1.0,0.1428571428571428,5.0,1,9,51,44,1,0,2,0,0,0,0,0.4893203883495146,1,18,30,9,13,0.5652173913043478
20,20,21,60,101.0,14215,4,2,8,5,2005,2006,380.0,4,3,5,3,3,1,0,1,0,1158,1158,4,1,4,1158,1218,0,2376,0,0,3,1,4,1,4,9,7,853,2,240,154,0,0,0,0,0.0,0,0,11,2006,12.692506186542175,0,0,0,0,1,0,0,0,0,0,1,0,0,2.0,4,False,False,True,False,False,4.0,2.772588722239781,6,0,0,1,0,1,0,0,0,0,0,0,1,0,0,0,0,0,1,0,0,0,0,0,0,0,1,0,0,0,0,0,0,0,0,0,0,0,0,0,0,0,0,0,0,0,0,1,0,0,0,0,0,0,0,0,0,0,0,0,0,0,0,0,1,0,0,1,0,0,0,0,1,0,0,0,0,0,0,0,0,0,0,0,0,0,0,0,0,0,1,0,0,0,0,0,0,0,0,0,0,0,0,0,0,1,0,0,1,0,0,1,0,0,0,3534,2376,394,14,237.6,2,1,3.5,0.35,28.0,1,16,1,0,1,1,4,154,1,394,0,0.0,0,60,40,12,20,0.6721357850070722
21,21,22,45,57.0,7449,4,2,7,7,1930,1950,0.0,3,3,3,3,1,1,0,1,0,637,637,4,1,2,1108,0,0,1108,0,0,1,0,3,1,4,6,7,280,0,0,0,205,0,0,0,3.0,0,0,6,2007,11.84510995088398,0,0,0,1,0,0,0,0,0,0,0,0,1,2.0,1,True,False,False,False,False,4.0,2.772588722239781,6,0,0,0,1,1,0,0,0,1,0,0,0,0,0,0,1,0,1,0,0,0,0,0,0,0,1,0,0,0,0,0,0,0,0,0,0,0,0,0,1,0,0,0,0,0,0,0,0,0,0,0,0,0,0,0,0,0,0,0,1,0,0,0,0,0,0,1,0,0,0,0,1,0,0,0,0,0,0,0,0,0,0,0,0,0,0,0,0,0,0,1,0,0,0,0,0,0,0,0,0,0,0,0,0,0,1,0,0,0,0,1,0,0,0,1745,1108,205,10,158.28571428571428,1,0,1.0,0.1428571428571428,7.0,1,16,77,57,1,0,1,205,1,205,0,0.0,0,18,49,9,18,0.6345933562428407
22,22,23,20,75.0,9742,4,2,8,5,2002,2002,281.0,4,3,4,3,1,1,0,1,0,1777,1777,4,1,4,1795,0,0,1795,0,0,2,0,3,1,4,7,7,534,2,171,159,0,0,0,0,0.0,0,0,9,2008,12.345838935721968,0,0,0,1,0,0,0,0,0,0,0,0,1,2.0,4,True,False,False,False,False,4.0,2.772588722239781,6,0,0,1,0,1,0,0,0,1,0,0,1,0,0,0,1,0,1,0,0,0,0,0,0,0,1,0,0,0,0,0,0,0,0,0,1,0,0,0,0,0,0,0,0,0,0,0,0,0,0,0,0,0,0,0,0,0,0,0,0,1,0,0,0,0,0,0,0,1,0,0,1,0,0,0,0,0,0,0,0,0,0,0,0,0,0,0,0,0,1,0,0,0,0,0,0,0,0,0,0,0,0,0,0,1,0,0,1,0,0,1,0,0,0,3572,1795,330,11,224.375,1,0,2.0,0.25,16.0,1,16,6,6,0,1,4,159,1,330,0,0.0,0,24,40,12,20,0.5023789532605654
23,23,24,120,44.0,4224,4,2,5,7,1976,1976,0.0,3,3,4,3,1,6,840,1,0,200,1040,2,1,4,1060,0,0,1060,1,0,1,0,3,1,3,6,7,572,2,100,110,0,0,0,0,0.0,0,0,6,2007,11.774527900858468,0,0,0,1,0,0,0,0,0,0,0,0,1,2.0,2,True,False,False,False,False,3.0,2.079441541679836,6,0,0,0,1,1,0,0,0,1,0,0,1,0,0,0,1,0,1,0,0,0,0,0,0,0,1,0,0,0,0,0,0,0,0,0,0,0,0,0,0,1,0,0,0,0,0,0,0,0,0,0,0,0,0,0,0,0,0,1,0,1,0,0,0,0,0,1,0,0,0,0,1,0,0,0,0,0,0,0,0,0,0,1,0,0,0,0,0,0,0,0,0,0,0,0,0,1,0,0,0,0,0,0,0,0,0,0,0,0,0,1,0,0,0,2100,1900,210,10,151.42857142857142,1,0,2.0,0.2857142857142857,10.0,1,9,31,31,0,0,2,110,1,210,0,0.8069164265129684,1,24,35,9,13,0.504521656354117
24,24,25,20,0.0,8246,4,2,5,8,1968,2001,0.0,3,4,3,3,2,3,188,5,668,204,1060,4,1,4,1060,0,0,1060,1,0,1,0,3,1,4,6,7,270,2,406,90,0,0,0,0,2.0,0,0,5,2010,11.944714374881176,0,0,0,1,0,0,0,0,0,0,0,0,1,2.0,2,True,False,False,False,False,3.0,2.079441541679836,6,0,0,1,0,1,0,0,0,0,0,0,1,0,0,0,1,0,1,0,0,0,0,0,0,0,1,0,0,0,0,0,0,0,0,0,0,0,0,0,0,0,0,0,0,0,0,0,0,0,1,0,0,0,0,0,0,0,0,0,0,1,0,0,0,0,0,1,0,0,0,0,1,0,0,0,0,0,0,0,0,0,0,0,0,0,0,1,0,0,0,0,0,0,0,0,0,0,0,0,0,0,1,0,0,0,0,0,0,0,1,0,0,0,0,2120,1916,496,10,151.42857142857142,1,0,2.0,0.2857142857142857,10.0,1,16,42,9,1,1,2,90,1,496,0,0.8067860508953817,1,27,40,12,16,0.4997642621404997
25,25,26,20,110.0,14230,4,2,8,5,2007,2007,640.0,4,3,4,3,1,1,0,1,0,1566,1566,4,1,4,1600,0,0,1600,0,0,2,0,3,1,4,7,7,890,2,0,56,0,0,0,0,0.0,0,0,7,2009,12.454107814022272,0,0,0,1,0,0,0,0,0,0,0,0,1,2.0,4,True,False,False,False,False,4.0,2.772588722239781,6,0,0,1,0,1,0,0,0,1,0,0,1,0,0,0,0,0,1,0,0,0,0,0,0,0,1,0,0,0,0,0,0,0,0,0,0,0,0,0,0,0,0,0,0,0,0,1,0,0,0,0,0,0,0,0,0,0,0,0,0,1,0,0,0,0,0,1,0,0,0,0,1,0,0,0,0,0,0,0,0,0,0,0,0,0,0,0,0,0,1,0,0,0,0,0,0,0,0,0,0,0,0,0,0,1,0,0,0,1,0,1,0,0,0,3166,1600,56,11,200.0,1,0,2.0,0.25,16.0,1,16,2,2,0,1,4,56,1,56,0,0.0,0,24,40,12,20,0.5052099778970635
26,26,27,20,60.0,7200,4,2,5,7,1951,2000,0.0,3,3,3,3,2,4,234,3,486,180,900,2,1,4,900,0,0,900,0,1,1,0,3,1,4,5,7,576,2,222,32,0,0,0,0,0.0,0,0,5,2010,11.811554895830454,0,0,0,1,0,0,0,0,0,0,0,0,1,2.0,4,False,False,False,False,True,0.0,0.0,6,0,0,1,0,1,0,0,0,1,0,0,1,0,0,0,0,0,1,0,0,0,0,0,0,0,1,0,0,0,0,0,0,0,0,0,0,0,0,0,0,0,0,1,0,0,0,0,0,0,0,0,0,0,0,0,0,0,0,0,0,1,0,0,0,0,0,1,0,0,0,0,1,0,0,0,0,0,0,0,0,0,0,0,0,0,0,0,0,0,0,1,0,0,0,0,0,0,0,0,0,0,0,0,0,0,1,0,0,0,1,0,0,0,0,1800,1620,254,9,150.0,1,0,1.5,0.25,7.5,1,16,59,10,1,1,2,32,1,254,0,0.7991120976692564,1,27,35,9,14,0.4997223764575236
27,27,28,20,98.0,11478,4,2,8,5,2007,2008,200.0,4,3,5,3,1,6,1218,1,0,486,1704,4,1,4,1704,0,0,1704,1,0,2,0,3,1,4,7,7,772,2,0,50,0,0,0,0,0.0,0,0,5,2010,12.631343648903034,0,0,0,1,0,0,0,0,0,0,0,0,1,2.0,4,True,False,False,False,False,4.0,2.772588722239781,6,0,0,1,0,1,0,0,0,1,0,0,1,0,0,0,1,0,1,0,0,0,0,0,0,0,1,0,0,0,0,0,0,0,0,0,0,0,0,0,0,0,0,0,0,0,0,1,0,0,0,0,0,0,0,0,0,0,0,0,0,1,0,0,0,0,0,1,0,0,0,0,1,0,0,0,0,0,0,0,0,0,0,0,0,0,0,0,0,0,1,0,0,0,0,0,0,0,0,0,0,0,0,0,0,1,0,0,0,1,0,1,0,0,0,3408,2922,50,11,213.0,1,0,3.0,0.375,24.0,1,16,3,2,1,1,4,50,1,50,0,0.7143695014662756,1,30,40,12,20,0.4998533294221179
28,28,29,20,47.0,16321,4,2,5,6,1957,1997,0.0,3,3,3,3,4,4,1277,1,0,207,1484,2,1,4,1600,0,0,1600,1,0,1,0,2,1,3,6,7,319,2,288,258,0,0,0,0,0.0,0,0,12,2006,12.242891437918386,0,0,0,1,0,0,0,0,0,0,0,0,1,2.0,2,True,False,False,False,False,4.0,4.394449154672439,6,0,0,1,0,1,0,0,0,0,0,0,1,1,0,0,0,0,1,0,0,0,0,0,0,0,1,0,0,0,0,0,0,0,0,0,0,0,0,0,0,0,0,1,0,0,0,0,0,0,0,0,0,0,0,0,0,0,0,0,0,1,0,0,0,0,0,1,0,0,0,0,1,0,0,0,0,0,0,0,0,0,0,0,0,0,1,0,0,0,0,0,0,0,0,0,0,0,0,0,1,0,0,0,0,0,0,0,0,0,1,0,0,0,0,3084,2877,546,9,228.57142857142856,1,0,2.0,0.2857142857142857,10.0,1,9,49,9,1,1,2,258,1,546,0,0.8599326599326599,1,45,30,9,13,0.5186385737439222
29,29,30,30,60.0,6324,4,2,4,6,1927,1950,0.0,3,3,3,3,1,1,0,1,0,520,520,1,0,4,520,0,0,520,0,0,1,0,1,1,2,4,7,240,2,49,0,87,0,0,0,0.0,0,0,5,2008,11.134603622683905,0,0,0,1,0,0,0,0,0,0,0,0,1,2.0,1,False,False,False,False,True,0.0,0.0,6,0,0,0,1,1,0,0,0,0,0,0,1,0,0,0,1,1,0,0,0,0,0,0,0,0,0,0,0,0,0,1,0,0,1,0,0,0,0,0,0,0,0,0,0,0,0,0,0,0,0,0,0,0,0,0,0,0,0,0,0,1,0,0,0,0,0,1,0,0,0,0,1,0,0,0,0,0,0,0,0,0,0,0,0,0,1,0,0,0,0,0,0,0,0,0,0,0,0,0,1,0,0,0,0,0,0,0,0,0,0,0,0,0,0,1040,520,136,6,104.0,1,0,1.0,0.2,4.0,1,4,81,58,1,0,1,87,1,136,0,0.0,0,18,24,9,10,0.499519692603266
30,30,31,70,50.0,8500,4,2,4,4,1920,1950,0.0,3,2,3,3,1,1,0,1,0,649,649,2,0,4,649,668,0,1317,0,0,1,0,3,1,3,6,7,250,0,0,54,172,0,0,0,2.0,0,0,7,2008,10.59665973278358,0,0,0,1,0,0,0,0,0,0,0,0,1,2.0,1,False,False,False,False,True,0.0,0.0,6,0,0,0,0,1,1,0,0,1,0,0,1,0,0,0,1,1,0,0,0,0,0,0,0,0,1,0,0,0,0,0,0,0,0,0,0,0,0,0,1,0,0,0,0,0,0,0,0,0,0,0,0,0,0,0,0,0,0,0,0,0,0,0,1,0,0,0,1,0,0,0,1,0,0,0,0,0,0,0,0,1,0,0,0,0,0,0,0,0,0,0,0,0,0,1,0,0,0,0,0,0,0,0,0,0,0,0,0,0,0,0,0,0,0,1966,1317,226,10,188.14285714285717,2,1,1.0,0.1428571428571428,4.0,1,9,88,58,1,0,1,226,1,226,0,0.0,0,18,16,6,12,0.6695475343162176
31,31,32,20,0.0,8544,4,2,5,6,1966,2006,0.0,3,3,3,3,1,1,0,1,0,1228,1228,3,1,4,1228,0,0,1228,0,0,1,1,3,1,4,6,7,271,2,0,65,0,0,0,0,2.0,0,0,6,2008,11.914054519303123,0,0,0,1,0,0,0,0,0,0,0,0,1,2.0,2,True,False,False,False,False,0.0,0.0,6,0,0,1,0,1,0,0,0,0,0,0,1,1,0,0,0,0,1,0,0,0,0,0,0,0,1,0,0,0,0,0,0,0,0,0,0,0,0,0,0,0,0,0,0,0,0,0,0,0,1,0,0,0,0,0,0,0,0,0,0,1,0,0,0,0,0,1,0,0,0,0,1,0,0,0,0,0,0,0,0,0,0,0,1,0,0,0,0,0,0,0,0,0,0,0,0,0,1,0,0,0,0,0,0,0,0,0,0,0,1,0,0,0,0,2456,1228,65,10,175.42857142857142,1,0,1.5,0.2142857142857142,7.5,1,16,42,2,1,1,2,65,1,65,0,0.0,0,18,30,9,15,0.4997964997964998
32,32,33,20,85.0,11049,4,2,8,5,2007,2007,0.0,4,3,5,3,3,1,0,1,0,1234,1234,4,1,4,1234,0,0,1234,0,0,2,0,3,1,4,7,7,484,2,0,30,0,0,0,0,0.0,0,0,1,2008,12.100161978566868,0,0,0,1,0,0,0,0,0,0,0,0,1,2.0,4,True,False,False,False,False,0.0,0.0,6,0,0,1,0,1,0,0,0,1,0,0,1,0,0,0,0,0,1,0,0,0,0,0,0,0,1,0,0,0,0,0,0,0,0,0,1,0,0,0,0,0,0,0,0,0,0,0,0,0,0,0,0,0,0,0,0,0,0,0,0,1,0,0,0,0,0,1,0,0,0,0,1,0,0,0,0,0,0,0,0,0,0,0,0,0,0,0,0,0,1,0,0,0,0,0,0,0,0,0,0,0,0,0,0,1,0,0,0,0,0,1,0,0,0,2468,1234,30,11,154.25,1,0,2.0,0.25,16.0,1,16,1,1,0,1,4,30,1,30,0,0.0,0,60,40,12,20,0.4997974888618874
33,33,34,20,70.0,10552,4,2,5,5,1959,1959,0.0,3,3,3,3,1,3,1018,1,0,380,1398,3,1,4,1700,0,0,1700,0,1,1,1,4,1,4,6,7,447,2,0,38,0,0,0,0,0.0,0,0,4,2010,12.016732516077072,0,0,0,1,0,0,0,0,0,0,0,0,1,2.0,2,True,False,False,False,False,4.0,2.772588722239781,6,0,0,1,0,1,0,0,0,0,0,0,1,0,0,0,1,0,1,0,0,0,0,0,0,0,1,0,0,0,0,0,0,0,0,0,0,0,0,0,0,0,0,1,0,0,0,0,0,0,0,0,0,0,0,0,0,0,0,0,0,1,0,0,0,0,0,0,0,1,0,0,1,0,0,0,0,0,0,0,0,1,0,0,0,0,0,0,0,0,0,0,0,0,0,1,0,0,0,0,0,0,0,0,0,0,0,0,0,0,1,0,0,0,0,3098,2718,38,11,242.8571428571429,1,0,2.0,0.2857142857142857,10.0,1,16,51,51,0,0,2,38,1,38,0,0.727662616154396,1,18,25,9,15,0.5485640529202969
34,34,35,120,60.0,7313,4,2,9,5,2005,2005,246.0,5,3,5,3,1,6,1153,1,0,408,1561,4,1,4,1561,0,0,1561,1,0,2,0,2,1,5,6,7,556,2,203,47,0,0,0,0,0.0,0,0,8,2007,12.533579815765735,0,0,0,1,0,0,0,0,0,0,0,0,1,2.0,4,True,False,False,False,False,4.0,2.772588722239781,6,0,0,1,0,1,0,0,0,1,0,0,1,0,0,0,1,0,1,0,0,0,0,0,0,0,1,0,0,0,0,0,0,0,0,0,0,0,0,0,0,0,0,0,0,0,0,1,0,0,0,0,0,0,0,0,0,0,0,1,0,1,0,0,0,0,0,0,0,1,0,0,1,0,0,0,0,0,0,0,0,0,0,0,0,0,1,0,0,0,0,0,0,0,0,0,0,0,0,0,1,0,0,0,0,0,0,0,1,0,0,1,0,0,0,3122,2714,250,9,223.0,1,0,3.0,0.4285714285714285,27.0,1,25,2,2,0,1,4,47,1,250,0,0.7381562099871959,1,30,45,15,23,0.499839897534422
35,35,36,60,108.0,13418,4,2,8,5,2004,2005,132.0,4,3,5,3,3,1,0,1,0,1117,1117,4,1,4,1132,1320,0,2452,0,0,3,1,4,1,4,9,7,691,2,113,32,0,0,0,0,0.0,0,0,9,2006,12.6410997921206,0,0,0,1,0,0,0,0,0,0,0,0,1,2.0,4,False,False,True,False,False,4.0,2.772588722239781,6,0,0,1,0,1,0,0,0,1,0,0,1,0,0,0,1,0,1,0,0,0,0,0,0,0,1,0,0,0,0,0,0,0,0,0,0,0,0,0,0,0,0,0,0,0,0,1,0,0,0,0,0,0,0,0,0,0,0,0,0,0,0,0,1,0,0,1,0,0,0,0,1,0,0,0,0,0,0,0,0,0,0,0,0,0,0,0,0,0,1,0,0,0,0,0,0,0,0,0,0,0,0,0,0,1,0,0,0,1,0,1,0,0,0,3569,2452,145,14,245.2,2,1,3.5,0.35,28.0,1,16,2,1,1,1,4,32,1,145,0,0.0,0,60,40,12,20,0.6868347338935574
36,36,37,20,112.0,10859,4,2,5,5,1994,1995,0.0,3,3,4,3,1,1,0,1,0,1097,1097,4,1,4,1097,0,0,1097,0,0,1,1,3,1,3,6,7,672,2,392,64,0,0,0,0,0.0,0,0,6,2009,11.884495917930655,0,0,0,1,0,0,0,0,0,0,0,0,1,2.0,3,True,False,False,False,False,0.0,0.0,6,0,0,1,0,1,0,0,0,1,0,0,1,0,0,0,0,0,1,0,0,0,0,0,0,0,1,0,0,0,0,0,0,0,0,0,1,0,0,0,0,0,0,0,0,0,0,0,0,0,0,0,0,0,0,0,0,0,0,0,0,1,0,0,0,0,0,1,0,0,0,0,1,0,0,0,0,0,0,0,0,0,0,0,0,0,0,0,0,0,1,0,0,0,0,0,0,0,0,0,0,0,0,0,0,1,0,0,0,0,0,1,0,0,0,2194,1097,456,10,156.71428571428572,1,0,1.5,0.2142857142857142,7.5,1,9,15,14,1,0,3,64,1,456,0,0.0,0,24,25,9,15,0.4997722095671982
37,37,38,20,74.0,8532,4,2,5,6,1954,1990,650.0,3,3,3,3,1,3,1213,1,0,84,1297,3,1,4,1297,0,0,1297,0,1,1,0,3,1,3,5,7,498,2,0,0,0,0,0,0,0.0,0,0,10,2009,11.938199736300923,0,0,0,1,0,0,0,0,0,0,0,0,1,2.0,2,True,False,False,False,False,3.0,2.079441541679836,6,0,0,1,0,1,0,0,0,1,0,0,1,0,0,0,1,0,1,0,0,0,0,0,0,0,1,0,0,0,0,0,0,0,0,0,0,0,0,0,0,0,0,1,0,0,0,0,0,0,0,0,0,0,0,0,0,0,0,0,0,1,0,0,0,0,0,0,0,1,0,0,1,0,0,0,0,0,0,0,0,0,0,0,0,0,0,0,0,0,0,1,0,0,0,0,0,0,0,0,0,0,0,0,0,0,1,0,1,0,1,0,0,0,0,2594,2510,0,9,216.16666666666663,1,0,1.5,0.25,7.5,1,9,55,19,1,0,2,0,0,0,0,0.9345146379044684,1,18,30,9,14,0.4998073217726397
38,38,39,20,68.0,7922,4,2,5,7,1953,2007,0.0,3,4,3,3,1,6,731,1,0,326,1057,2,1,4,1057,0,0,1057,1,0,1,0,3,1,4,5,7,246,2,0,52,0,0,0,0,0.0,0,0,1,2010,11.599112335481124,0,0,0,0,0,0,0,0,0,0,0,0,1,2.0,2,False,False,False,False,True,0.0,0.0,6,0,0,1,0,1,0,0,0,1,0,0,1,0,0,0,1,0,1,0,0,0,0,0,0,0,1,0,0,0,0,0,0,0,0,0,0,0,0,0,0,0,0,1,0,0,0,0,0,0,0,0,0,0,0,0,0,0,0,0,0,1,0,0,0,0,0,1,0,0,0,0,1,0,0,0,0,0,0,0,0,0,0,0,0,0,0,0,0,0,1,0,0,0,0,0,0,0,0,0,0,0,0,0,0,1,0,0,0,0,1,0,0,0,0,2114,1788,52,9,176.16666666666666,1,0,2.0,0.3333333333333333,10.0,1,16,57,3,1,1,2,52,1,52,0,0.6909262759924386,1,18,35,12,14,0.4997635933806146
39,39,40,90,65.0,6040,4,2,4,5,1955,1955,0.0,3,3,0,0,0,0,0,0,0,0,0,2,0,1,1152,0,0,1152,0,0,2,0,2,2,2,6,7,0,0,0,0,0,0,0,0,0.0,0,0,6,2008,11.31448672129398,1,0,0,0,0,0,0,0,0,0,0,0,1,0.0,0,False,False,False,False,False,0.0,0.0,6,0,0,1,0,1,0,0,0,1,0,0,1,0,0,0,1,0,1,0,0,0,0,0,0,0,1,0,0,0,0,0,0,0,0,0,0,0,1,0,0,0,0,0,0,0,0,0,0,0,0,0,0,0,0,0,0,1,0,0,0,1,0,0,0,0,0,1,0,0,0,0,1,0,0,0,0,0,0,0,0,0,0,0,0,0,0,0,0,0,0,0,0,0,0,0,0,0,0,0,0,0,1,0,0,0,0,0,0,0,0,1,0,0,0,1152,1152,0,10,164.57142857142858,1,0,2.0,0.2857142857142857,8.0,2,4,53,53,0,0,2,0,0,0,0,0.0,0,0,20,9,11,0.9991326973113616
40,40,41,20,84.0,8658,4,2,6,5,1965,1965,101.0,3,3,3,3,1,3,643,1,0,445,1088,4,1,4,1324,0,0,1324,0,0,2,0,3,1,3,6,7,440,2,0,138,0,0,0,0,1.0,0,0,12,2006,11.982935344196433,0,0,0,0,0,0,0,0,0,0,0,0,1,2.0,2,True,False,False,False,False,3.0,2.079441541679836,6,0,0,1,0,1,0,0,0,1,0,0,1,0,0,0,1,0,1,0,0,0,0,0,0,0,1,0,0,0,0,0,0,0,0,0,0,0,0,0,0,0,0,1,0,0,0,0,0,0,0,0,0,0,0,0,0,0,0,0,0,1,0,0,0,0,0,1,0,0,0,0,1,0,0,0,0,0,0,0,0,0,0,0,0,0,0,0,0,0,0,1,0,0,0,0,0,0,0,0,0,0,0,0,0,0,1,0,1,0,1,0,0,0,0,2412,1967,138,10,189.14285714285717,1,0,2.0,0.2857142857142857,12.0,1,9,41,41,0,0,2,138,1,138,0,0.5904499540863177,1,18,30,9,16,0.5486945710733526
41,41,42,20,115.0,16905,4,2,5,6,1959,1959,0.0,3,4,3,3,4,4,967,1,0,383,1350,3,1,4,1328,0,0,1328,0,1,1,1,2,1,3,5,7,308,1,0,104,0,0,0,0,0.0,0,0,7,2007,12.04355959836804,0,0,0,1,0,0,0,0,0,0,0,0,1,2.0,2,True,False,False,False,False,4.0,4.394449154672439,6,0,0,1,0,1,0,0,0,1,0,0,1,0,0,0,1,0,1,0,0,0,0,0,0,0,1,0,0,0,0,0,0,0,0,0,0,0,0,0,0,0,0,0,0,0,0,0,0,0,0,0,0,0,1,0,0,0,0,0,0,1,0,0,0,0,0,1,0,0,0,0,1,0,0,0,0,0,0,0,0,0,0,0,0,0,0,0,0,0,1,0,0,0,0,0,0,0,0,0,0,0,0,0,0,1,0,0,0,0,1,0,0,0,0,2678,2295,104,8,221.33333333333331,1,0,2.0,0.3333333333333333,10.0,1,9,48,48,0,0,2,104,1,104,0,0.7157660991857883,1,45,30,12,14,0.4957073534901082
42,42,43,85,0.0,9180,4,2,5,7,1983,1983,0.0,3,3,4,3,3,5,747,2,93,0,840,3,1,4,884,0,0,884,1,0,1,0,2,1,4,5,7,504,2,240,0,0,0,0,0,2.0,0,0,12,2007,11.87757552297847,0,0,0,1,0,0,0,0,0,0,0,0,1,2.5,3,True,False,False,False,False,0.0,0.0,6,0,0,1,0,1,0,0,0,0,0,0,1,1,0,0,0,0,1,0,0,0,0,0,0,0,1,0,0,0,0,0,0,0,0,0,0,0,0,0,0,0,0,0,0,0,0,0,0,0,0,1,0,0,0,0,0,0,0,0,0,0,0,0,0,1,0,1,0,0,0,0,1,0,0,0,0,0,0,0,0,0,0,0,1,0,0,0,0,0,0,0,0,0,0,0,0,0,1,0,0,0,0,0,0,0,0,0,0,0,1,0,0,0,0,1724,1724,240,8,147.33333333333334,1,0,2.0,0.3333333333333333,10.0,1,16,24,24,0,0,3,0,0,240,0,0.9988109393579072,1,48,35,9,15,0.5124637681159421
43,43,44,20,0.0,9200,4,2,5,6,1975,1980,0.0,3,3,4,3,3,2,280,4,491,167,938,2,1,4,938,0,0,938,1,0,1,0,3,1,3,5,7,308,2,145,0,0,0,0,0,2.0,0,0,7,2008,11.777218637129328,0,0,0,1,0,0,0,0,0,0,0,0,1,2.0,2,False,False,False,False,True,0.0,0.0,6,0,0,1,0,1,0,0,0,0,0,0,1,1,0,0,0,0,1,0,0,0,0,0,0,0,1,0,0,0,0,0,0,0,0,0,1,0,0,0,0,0,0,0,0,0,0,0,0,0,0,0,0,0,0,0,0,0,0,0,0,1,0,0,0,0,0,0,0,1,0,0,1,0,0,0,0,0,0,0,0,0,0,0,0,0,0,0,0,0,1,0,0,0,0,0,0,0,0,0,0,0,0,0,0,1,0,0,0,0,1,0,0,0,0,1876,1709,145,9,156.33333333333334,1,0,2.0,0.3333333333333333,10.0,1,9,33,28,1,0,2,0,0,145,0,0.8210862619808307,1,48,30,9,13,0.4997336174746936
44,44,45,20,70.0,7945,4,2,5,6,1959,1959,0.0,3,3,3,3,1,5,179,4,506,465,1150,4,1,3,1150,0,0,1150,1,0,1,0,3,1,3,6,7,300,2,0,0,0,0,0,0,0.0,0,0,5,2006,11.856522261533735,0,0,0,1,0,0,0,0,0,0,0,0,1,2.0,2,True,False,False,False,False,0.0,0.0,6,0,0,1,0,1,0,0,0,1,0,0,1,0,0,0,1,0,1,0,0,0,0,0,0,0,1,0,0,0,0,0,0,0,0,0,0,0,0,0,0,0,0,1,0,0,0,0,0,0,0,0,0,0,0,0,0,0,0,0,0,1,0,0,0,0,0,1,0,0,0,0,1,0,0,0,0,0,0,0,0,1,0,0,0,0,0,0,0,0,0,0,0,0,0,0,0,0,0,0,0,0,0,0,0,0,1,0,0,0,1,0,0,0,0,2300,1835,0,10,164.28571428571428,1,0,2.0,0.2857142857142857,10.0,1,9,47,47,0,0,2,0,0,0,0,0.5951346655082537,1,18,30,9,15,0.4997827031725337
45,45,46,120,61.0,7658,4,2,9,5,2005,2005,412.0,5,3,5,3,1,6,456,1,0,1296,1752,4,1,4,1752,0,0,1752,1,0,2,0,2,1,5,6,7,576,2,196,82,0,0,0,0,0.0,0,0,2,2010,12.675766851909591,0,0,0,1,0,0,0,0,0,0,0,0,1,2.0,4,True,False,False,False,False,4.0,2.772588722239781,6,0,0,1,0,1,0,0,0,1,0,0,1,0,0,0,1,0,1,0,0,0,0,0,0,0,1,0,0,0,0,0,0,0,0,0,0,0,0,0,0,0,0,0,0,0,0,1,0,0,0,0,0,0,0,0,0,0,0,1,0,1,0,0,0,0,0,0,0,1,0,0,1,0,0,0,0,0,0,0,0,0,0,0,0,0,1,0,0,0,0,0,0,0,0,0,0,0,0,0,1,0,0,0,0,0,0,0,1,0,0,1,0,0,0,3504,2208,278,9,250.28571428571428,1,0,3.0,0.4285714285714285,27.0,1,25,5,5,0,1,4,82,1,278,0,0.260125499144324,1,30,45,15,23,0.4998573466476462
46,46,47,50,48.0,12822,4,2,7,5,2003,2003,0.0,4,3,5,3,1,6,1351,1,0,83,1434,4,1,4,1518,631,0,2149,1,0,1,1,1,1,4,6,7,670,2,168,43,0,0,198,0,0.0,0,0,8,2009,12.387089184491993,0,0,0,0,0,0,0,0,0,0,0,0,1,2.0,4,True,False,False,False,False,5.0,3.4657359027997265,6,0,0,1,0,1,0,0,0,0,0,0,1,1,0,0,0,0,1,0,0,0,0,0,0,0,1,0,0,0,0,0,0,0,0,0,0,0,0,0,0,0,1,0,0,0,0,0,0,0,0,0,0,0,0,0,0,0,0,0,0,0,0,0,0,0,0,1,0,0,0,0,1,0,0,0,0,0,0,0,0,0,0,0,0,0,0,0,0,0,1,0,0,0,0,0,0,0,0,0,0,0,0,0,0,1,0,0,0,0,0,1,0,0,0,3583,3500,409,8,307.0,2,1,2.5,0.3571428571428571,17.5,1,16,6,6,0,1,4,241,1,409,0,0.9414634146341464,1,30,35,12,19,0.599609375
47,47,48,20,84.0,11096,4,2,8,5,2006,2006,0.0,4,3,4,3,3,6,24,1,0,1632,1656,4,1,4,1656,0,0,1656,0,0,2,0,3,1,4,7,7,826,2,0,146,0,0,0,0,0.0,0,0,7,2007,12.428019481065611,0,0,0,1,0,0,0,0,0,0,0,0,1,2.0,4,True,False,False,False,False,0.0,0.0,6,1,0,0,0,1,0,0,0,1,0,0,1,0,0,0,1,0,1,0,0,0,0,0,0,0,1,0,0,0,0,0,0,0,0,0,0,0,0,0,0,0,0,0,0,0,0,0,0,0,0,0,1,0,0,0,0,0,0,0,0,1,0,0,0,0,0,1,0,0,0,0,1,0,0,0,0,0,0,0,0,0,0,0,0,0,0,0,0,0,1,0,0,0,0,0,0,0,0,0,0,0,0,0,0,1,0,0,0,0,0,1,0,0,0,3312,1680,146,11,207.0,1,0,2.0,0.25,16.0,1,16,1,1,0,1,4,146,1,146,0,0.0144840072420036,1,48,40,12,20,0.4998490793842439
48,48,49,190,33.0,4456,4,2,4,5,1920,2008,0.0,3,3,3,3,1,1,0,1,0,736,736,3,1,4,736,716,0,1452,0,0,2,0,2,3,3,8,7,0,0,0,0,102,0,0,0,0.0,0,0,6,2009,11.635151947212842,0,0,0,0,1,0,0,0,0,0,1,0,0,0.0,0,False,False,False,False,False,0.0,0.0,6,0,0,0,1,1,0,0,0,1,0,0,1,0,0,0,1,0,1,0,0,0,0,0,0,0,1,0,0,0,0,0,0,0,0,0,0,0,0,0,0,0,0,0,0,0,0,0,1,0,0,0,0,0,0,0,1,0,0,0,0,0,0,0,1,0,0,1,0,0,0,0,1,0,0,0,0,0,0,0,0,0,0,0,0,0,1,0,0,0,0,0,0,0,0,0,0,0,0,0,1,0,0,0,0,0,0,0,0,0,0,0,0,0,0,2188,1452,102,13,161.33333333333334,2,1,2.0,0.2222222222222222,8.0,3,9,89,1,1,1,1,102,1,102,0,0.0,0,18,20,9,13,0.6633165829145728
49,49,50,20,66.0,7742,4,2,5,7,1966,1966,0.0,3,3,3,3,1,4,763,1,0,192,955,4,1,4,955,0,0,955,1,0,1,0,3,1,3,6,7,386,2,0,0,0,0,0,0,2.0,0,0,1,2007,11.751950239425476,0,0,0,1,0,0,0,0,0,0,0,0,1,2.0,2,True,False,False,False,False,0.0,0.0,6,0,0,1,0,1,0,0,0,1,0,0,1,0,0,0,1,0,1,0,0,0,0,0,0,0,1,0,0,0,0,0,0,0,0,0,0,0,0,0,0,0,0,0,0,0,0,0,0,0,1,0,0,0,0,0,0,0,0,0,0,1,0,0,0,0,0,1,0,0,0,0,1,0,0,0,0,0,0,0,0,0,0,0,1,0,0,0,0,0,0,0,0,0,0,0,0,0,1,0,0,0,0,0,0,0,0,0,0,0,1,0,0,0,0,1910,1718,0,10,136.42857142857142,1,0,2.0,0.2857142857142857,10.0,1,9,41,41,0,0,2,0,0,0,0,0.7981171548117155,1,18,35,9,15,0.499738356881214
50,50,51,60,0.0,13869,4,2,6,6,1997,1997,0.0,3,3,4,3,3,6,182,1,0,612,794,3,1,4,794,676,0,1470,0,1,2,0,3,1,3,6,7,388,2,0,75,0,0,0,0,0.0,0,0,7,2007,12.08391066125752,0,0,0,1,0,0,0,0,0,0,0,0,1,2.0,3,True,False,False,False,False,0.0,0.0,6,0,0,1,0,1,0,1,0,0,0,0,1,0,0,0,0,0,1,0,0,0,0,0,0,0,1,0,0,0,0,0,0,0,0,0,0,0,0,1,0,0,0,0,0,0,0,0,0,0,0,0,0,0,0,0,0,0,0,0,0,0,0,0,1,0,0,1,0,0,0,0,1,0,0,0,0,0,0,0,0,0,0,0,0,0,0,0,0,0,1,0,0,0,0,0,0,0,0,0,0,0,0,0,0,1,0,0,0,0,0,1,0,0,0,2264,1652,75,10,210.0,2,1,2.5,0.3571428571428571,15.0,1,9,10,10,0,1,4,75,1,75,0,0.2289308176100629,1,48,36,9,15,0.6490066225165563
51,51,52,50,52.0,6240,4,2,6,6,1934,1950,0.0,3,3,3,3,1,1,0,1,0,816,816,2,1,4,816,0,360,1176,0,0,1,0,3,1,3,6,7,528,2,112,0,0,0,0,0,2.0,1,400,9,2006,11.648338835562749,0,0,0,1,0,0,0,0,0,0,0,0,1,2.0,3,False,False,False,False,True,4.0,2.772588722239781,6,0,0,0,1,1,0,0,0,1,0,0,1,0,0,0,1,0,1,0,0,0,0,0,0,0,1,0,0,0,0,0,0,0,1,0,0,0,0,0,0,0,0,0,0,0,0,0,0,0,0,0,0,0,0,0,0,0,0,0,0,0,0,0,0,0,0,1,0,0,0,0,1,0,0,0,0,0,0,0,0,0,0,0,0,0,0,0,0,0,0,1,0,0,0,0,0,0,0,0,0,0,0,0,0,0,1,0,0,0,0,1,0,0,0,1632,816,112,10,168.0,1,0,1.0,0.1428571428571428,6.0,1,9,72,56,1,0,1,0,0,112,0,0.0,0,18,36,9,14,0.7201469687691365
52,52,53,90,110.0,8472,4,1,5,5,1963,1963,0.0,2,3,4,3,4,2,104,6,712,0,816,2,0,4,816,0,0,816,1,0,1,0,2,1,3,5,7,516,2,106,0,0,0,0,0,0.0,0,0,5,2010,11.60824473564232,0,0,0,1,0,0,0,0,0,0,0,0,1,2.0,2,False,False,False,True,False,0.0,0.0,6,0,0,0,1,0,0,1,0,0,0,0,0,0,0,0,0,0,0,0,0,0,0,0,1,0,1,0,0,0,0,0,0,0,0,0,0,0,0,0,1,0,0,0,0,0,0,0,0,0,0,0,0,0,0,0,0,1,0,0,0,1,0,0,0,0,0,1,0,0,0,0,1,0,0,0,0,0,0,0,0,0,0,0,0,0,0,0,0,0,0,1,0,0,0,0,0,0,0,0,0,0,0,0,0,0,1,0,0,0,1,0,0,0,0,1632,1632,106,8,136.0,1,0,2.0,0.3333333333333333,10.0,1,9,47,47,0,0,2,0,0,106,0,0.9987760097919216,1,60,25,6,12,0.4996938150642988
53,53,54,20,68.0,50271,4,2,9,5,1981,1987,0.0,4,3,5,3,4,6,1810,1,0,32,1842,3,1,4,1842,0,0,1842,2,0,0,1,0,1,4,5,7,894,2,857,72,0,0,0,0,0.0,0,0,11,2006,12.861001210669146,0,0,0,1,0,0,0,0,0,0,0,0,1,2.0,3,True,False,False,False,False,4.0,2.772588722239781,6,0,0,1,0,1,0,0,0,0,0,1,0,0,0,0,1,0,1,0,0,0,0,0,0,0,1,0,0,0,0,0,0,0,0,0,0,0,0,0,0,0,0,0,0,0,0,0,0,0,0,0,0,0,0,1,0,0,0,0,0,1,0,0,0,0,0,1,0,0,0,0,0,0,0,0,0,0,1,0,0,0,0,0,0,0,0,0,0,0,0,0,1,0,0,0,0,0,0,0,0,0,0,0,0,0,0,1,0,0,1,0,0,0,0,3684,3652,929,6,307.0,1,0,2.5,0.4166666666666667,22.5,1,16,25,19,1,0,3,72,1,929,0,0.9820944112859468,1,75,45,12,20,0.4998643147896879
54,54,55,80,60.0,7134,4,1,5,5,1955,1955,0.0,3,3,3,3,1,5,384,1,0,0,384,2,1,4,1360,0,0,1360,0,0,1,0,3,1,3,6,6,572,2,0,50,0,0,0,0,2.0,0,0,2,2007,11.775297421715829,0,0,0,1,0,0,0,0,0,0,0,0,1,2.0,2,False,False,False,False,True,3.0,2.079441541679836,6,0,0,1,0,1,0,0,0,1,0,0,0,0,0,0,1,0,1,0,0,0,0,0,0,0,1,0,0,0,0,0,0,0,0,0,0,0,0,0,0,0,0,1,0,0,0,0,0,0,0,0,0,0,0,0,0,0,0,0,0,0,0,0,0,0,1,1,0,0,0,0,1,0,0,0,0,0,0,0,0,0,0,0,0,0,1,0,0,0,0,0,0,0,0,0,0,0,0,0,1,0,0,0,0,0,0,0,0,0,1,0,0,0,0,1744,1744,50,10,194.28571428571428,1,0,1.0,0.1428571428571428,5.0,1,9,52,52,0,0,2,50,1,50,0,0.9974025974025974,1,18,25,9,13,0.7793696275071633
55,55,56,20,100.0,10175,4,2,6,5,1964,1964,272.0,3,3,3,3,1,4,490,1,0,935,1425,3,1,4,1425,0,0,1425,0,0,2,0,3,1,3,7,7,576,2,0,0,0,407,0,0,0.0,0,0,7,2008,12.103491596905933,0,0,0,1,0,0,0,0,0,0,0,0,1,2.0,2,True,False,False,False,False,4.0,2.772588722239781,6,0,0,1,0,1,0,0,0,0,0,0,1,0,0,0,1,0,1,0,0,0,0,0,0,0,1,0,0,0,0,0,0,0,0,0,0,0,0,0,0,0,0,1,0,0,0,0,0,0,0,0,0,0,0,0,0,0,0,0,0,1,0,0,0,0,0,1,0,0,0,0,1,0,0,0,0,0,0,0,0,0,0,0,1,0,0,0,0,0,0,0,0,0,0,0,0,0,0,0,0,0,1,0,0,0,0,0,1,0,1,0,0,0,0,2850,1915,407,11,178.125,1,0,2.0,0.25,12.0,1,9,44,44,0,0,2,407,1,407,0,0.3436185133239832,1,18,30,9,15,0.4998246229393195
56,56,57,160,24.0,2645,4,2,8,5,1999,2000,456.0,4,3,4,3,1,6,649,1,0,321,970,4,1,4,983,756,0,1739,1,0,2,1,3,1,4,7,7,480,2,115,0,0,0,0,0,0.0,0,0,8,2009,12.058158312538197,0,0,0,0,0,0,0,0,0,0,0,0,1,2.0,3,True,False,False,False,False,0.0,0.0,6,1,0,0,0,1,1,0,0,1,0,0,1,0,0,0,1,0,1,0,0,0,0,0,0,0,1,0,0,0,0,0,0,0,0,0,0,0,0,0,0,0,0,0,0,0,0,0,0,0,0,0,1,0,0,0,0,0,1,0,0,0,0,0,1,0,0,1,0,0,0,0,1,0,0,0,0,0,0,0,0,0,0,0,0,0,1,0,0,0,0,0,0,0,0,0,0,0,0,0,1,0,0,0,0,0,0,0,1,0,0,1,0,0,0,2709,2388,115,11,217.375,2,1,3.5,0.4375,28.0,1,16,10,9,1,1,4,0,0,115,0,0.6683831101956745,1,24,40,12,20,0.6416974169741697
57,57,58,60,89.0,11645,4,2,7,5,2004,2004,0.0,4,3,4,3,1,1,0,1,0,860,860,4,1,4,860,860,0,1720,0,0,2,1,3,1,4,7,7,565,2,0,70,0,0,0,0,0.0,0,0,8,2006,12.188422799337028,0,0,0,1,0,0,0,0,0,0,0,0,1,2.0,4,True,False,False,False,False,0.0,0.0,6,0,0,1,0,1,0,0,0,0,0,0,1,0,0,0,0,0,1,0,0,0,0,0,0,0,1,0,0,0,0,0,0,0,0,0,1,0,0,0,0,0,0,0,0,0,0,0,0,0,0,0,0,0,0,0,0,0,0,0,0,0,0,0,1,0,0,1,0,0,0,0,1,0,0,0,0,0,0,0,0,0,0,0,0,0,0,0,0,0,1,0,0,0,0,0,0,0,0,0,0,0,0,0,0,1,0,0,0,0,0,1,0,0,0,2580,1720,70,11,215.0,2,1,2.5,0.3125,17.5,1,16,2,2,0,1,4,70,1,70,0,0.0,0,24,35,12,19,0.6664083688492832
58,58,59,60,66.0,13682,4,2,10,5,2006,2006,1031.0,5,3,5,3,4,1,0,1,0,1410,1410,4,1,4,1426,1519,0,2945,0,0,3,1,3,1,4,10,7,641,2,192,0,37,0,0,0,0.0,0,0,10,2006,12.9917557065369,0,0,0,0,1,0,0,0,0,0,1,0,0,2.0,4,False,False,True,False,False,4.0,2.772588722239781,6,0,0,1,0,1,0,1,0,0,1,0,0,1,0,0,0,0,1,0,0,0,0,0,0,0,1,0,0,0,0,0,0,0,0,0,0,0,0,0,0,0,0,0,0,0,0,0,0,0,0,0,0,1,0,0,0,0,0,0,0,0,0,0,1,0,0,0,0,1,0,0,1,0,0,0,0,0,0,0,0,0,0,0,0,0,0,0,0,0,1,0,0,0,0,0,0,0,0,0,0,0,0,0,0,1,0,0,1,0,0,1,0,0,0,4355,2945,229,14,267.72727272727275,2,1,3.5,0.3181818181818182,35.0,1,16,0,0,0,1,4,37,1,229,0,0.0,0,75,50,15,23,0.676078971533517
59,59,60,20,60.0,7200,4,2,5,7,1972,1972,0.0,3,3,3,3,3,5,632,1,0,148,780,4,1,4,780,0,0,780,0,0,1,0,2,1,3,4,7,352,2,196,0,0,0,0,0,2.0,0,0,1,2008,11.73527670248674,0,0,0,1,0,0,0,0,0,0,0,0,1,2.0,2,False,False,False,False,True,0.0,0.0,6,0,0,1,0,1,0,0,0,1,0,0,0,0,0,0,1,0,1,0,0,0,0,0,0,0,1,0,0,0,0,0,0,0,0,0,1,0,0,0,0,0,0,0,0,0,0,0,0,0,0,0,0,0,0,0,0,0,0,0,0,1,0,0,0,0,0,1,0,0,0,0,1,0,0,0,0,0,0,0,0,0,0,0,1,0,0,0,0,0,0,0,0,0,0,0,0,0,1,0,0,0,0,0,0,0,0,0,0,0,1,0,0,0,0,1560,1412,196,7,156.0,1,0,1.0,0.2,5.0,1,9,36,36,0,0,2,0,0,196,0,0.8092189500640204,1,36,35,9,15,0.4996796925048046
60,60,61,20,63.0,13072,4,2,6,5,2004,2004,0.0,3,3,4,3,1,5,941,1,0,217,1158,4,1,4,1158,0,0,1158,1,0,1,1,3,1,4,5,7,576,2,0,50,0,0,0,0,0.0,0,0,5,2006,11.970356641103,0,0,0,0,1,0,0,0,0,0,1,0,0,2.0,4,False,False,False,False,True,0.0,0.0,6,0,0,1,0,1,0,0,0,1,0,0,1,0,0,0,1,0,0,0,0,1,0,0,0,0,1,0,0,0,0,0,0,0,0,0,0,0,0,0,0,0,0,0,0,0,0,0,0,0,0,1,0,0,0,0,0,0,0,0,0,1,0,0,0,0,0,1,0,0,0,0,1,0,0,0,0,0,0,0,0,0,0,0,0,0,0,0,0,0,1,0,0,0,0,0,0,0,0,0,0,0,0,0,0,1,0,0,0,0,0,1,0,0,0,2316,2099,50,9,193.0,1,0,2.5,0.4166666666666667,15.0,1,16,2,2,0,1,4,50,1,50,0,0.8119068162208801,1,24,30,9,17,0.4997842037116962
61,61,62,75,60.0,7200,4,2,5,7,1920,1996,0.0,3,3,3,2,1,1,0,1,0,530,530,2,0,4,581,530,0,1111,0,0,1,0,3,1,2,6,7,288,0,0,0,144,0,0,0,0.0,0,0,3,2007,11.52288569676448,0,0,0,1,0,0,0,0,0,0,0,0,1,2.0,1,False,False,False,False,True,0.0,0.0,6,0,0,0,1,1,0,0,0,1,0,0,1,0,0,0,1,0,1,0,0,0,0,0,0,0,1,0,0,0,0,0,0,0,0,0,0,0,0,0,1,0,0,0,0,0,0,0,0,0,0,0,0,0,0,0,0,0,0,0,0,0,0,1,0,0,0,1,0,0,0,0,1,0,0,0,0,0,0,0,0,0,0,0,0,0,1,0,0,0,0,0,0,0,0,0,0,0,0,0,1,0,0,0,0,0,0,0,0,0,0,0,0,0,0,1641,1111,144,10,158.71428571428572,2,1,1.0,0.1428571428571428,5.0,1,4,87,11,1,0,1,144,1,144,0,0.0,0,12,35,9,12,0.6766138855054811
62,62,63,120,44.0,6442,4,2,8,5,2006,2006,178.0,4,3,4,4,2,6,24,1,0,1346,1370,4,1,4,1370,0,0,1370,0,0,2,0,2,1,4,6,7,484,2,120,49,0,0,0,0,0.0,0,0,10,2007,12.218500103788145,0,0,0,1,0,0,0,0,0,0,0,0,1,2.0,4,True,False,False,False,False,4.0,2.772588722239781,6,0,0,1,0,1,0,0,0,0,0,0,1,0,0,0,1,0,1,0,0,0,0,0,0,0,1,0,0,0,0,0,0,0,0,0,0,0,0,0,0,0,0,0,0,0,0,1,0,0,0,0,0,0,0,0,0,0,0,1,0,1,0,0,0,0,0,1,0,0,0,0,1,0,0,0,0,0,0,0,0,0,0,0,0,0,0,0,0,0,1,0,0,0,0,0,0,0,0,0,0,0,0,0,0,1,0,0,0,1,0,1,0,0,0,2740,1394,169,9,195.7142857142857,1,0,2.0,0.2857142857142857,16.0,1,16,1,1,0,1,4,49,1,169,0,0.0175054704595186,1,48,40,12,20,0.4998175848230572
63,63,64,70,50.0,10300,4,2,7,6,1921,1950,0.0,3,3,3,3,1,1,0,1,0,576,576,3,1,4,902,808,0,1710,0,0,2,0,3,1,3,9,7,480,2,12,11,64,0,0,0,3.0,0,0,4,2010,11.849404844423074,0,0,0,1,0,0,0,0,0,0,0,0,1,2.0,3,False,False,False,False,True,0.0,0.0,6,0,0,0,1,1,0,0,0,0,0,0,0,0,0,0,1,0,0,0,0,0,1,0,0,1,0,0,0,0,0,0,0,0,0,0,0,0,0,0,0,0,0,0,0,0,0,0,1,0,0,0,0,0,0,0,0,0,0,0,0,0,0,0,1,0,0,1,0,0,0,0,1,0,0,0,0,0,0,0,0,0,0,0,0,0,0,0,0,1,0,0,0,0,0,0,0,0,0,0,0,0,0,0,1,0,0,0,0,0,0,0,0,0,0,2286,1710,87,13,171.0,2,1,2.0,0.2,14.0,1,9,89,60,1,0,1,75,1,87,0,0.0,0,18,42,9,16,0.7477044162658505
64,64,65,60,0.0,9375,4,2,7,5,1997,1998,573.0,3,3,4,3,1,6,739,1,0,318,1057,4,1,4,1057,977,0,2034,1,0,2,1,3,1,4,8,7,645,2,576,36,0,0,0,0,3.0,0,0,2,2009,12.299112067295642,0,0,0,1,0,0,0,0,0,0,0,0,1,2.0,3,True,False,False,False,False,0.0,0.0,6,0,0,1,0,1,0,0,0,1,0,0,1,0,0,0,1,0,1,0,0,0,0,0,0,0,1,0,0,0,0,0,0,0,0,0,1,0,0,0,0,0,0,0,0,0,0,0,0,0,0,0,0,0,0,0,0,0,0,0,0,0,0,0,1,0,0,1,0,0,0,0,1,0,0,0,0,0,0,0,0,0,0,0,0,0,0,0,0,0,1,0,0,0,0,0,0,0,0,0,0,0,0,0,0,1,0,0,1,0,0,1,0,0,0,3091,2773,612,12,226.0,2,1,3.5,0.3888888888888889,24.5,1,16,12,11,1,0,3,36,1,612,0,0.6984877126654064,1,24,35,9,18,0.6578266494178525
65,65,66,60,76.0,9591,4,2,8,5,2004,2005,344.0,4,3,5,3,3,1,0,1,0,1143,1143,4,1,4,1143,1330,0,2473,0,0,2,1,4,1,4,9,7,852,2,192,151,0,0,0,0,0.0,0,0,10,2007,12.666660207428574,0,0,0,1,0,0,0,0,0,0,0,0,1,2.0,4,False,False,True,False,False,4.0,2.772588722239781,6,0,0,1,0,1,0,0,0,1,0,0,1,0,0,0,1,0,1,0,0,0,0,0,0,0,1,0,0,0,0,0,0,0,0,0,0,0,0,0,0,0,0,0,0,0,0,1,0,0,0,0,0,0,0,0,0,0,0,0,0,0,0,0,1,0,0,1,0,0,0,0,1,0,0,0,0,0,0,0,0,0,0,0,0,0,0,0,0,0,1,0,0,0,0,0,0,0,0,0,0,0,0,0,0,1,0,0,1,0,0,1,0,0,0,3616,2473,343,14,247.3,2,1,2.5,0.25,20.0,1,16,3,2,1,1,4,151,1,343,0,0.0,0,60,40,12,20,0.6837157865634503
66,66,67,20,0.0,19900,4,2,7,5,1970,1989,287.0,3,3,4,3,4,6,912,1,0,1035,1947,2,1,4,2207,0,0,2207,1,0,2,0,3,1,3,7,6,576,2,301,0,0,0,0,0,0.0,0,0,7,2010,12.100717685412471,0,0,0,1,0,0,0,0,0,0,0,0,1,2.0,2,True,False,False,False,False,4.0,2.772588722239781,6,0,0,1,0,1,0,0,0,1,0,0,1,0,0,0,1,0,0,1,0,0,0,0,0,0,1,0,0,0,0,0,0,0,0,0,0,0,0,0,0,0,0,1,0,0,0,0,0,0,0,0,0,0,0,0,0,0,0,0,0,1,0,0,0,0,0,1,0,0,0,0,1,0,0,0,0,0,0,0,0,0,0,0,0,0,0,1,0,0,0,0,0,0,0,0,0,0,0,0,0,0,1,0,0,0,0,0,1,0,1,0,0,0,0,4154,3119,301,11,275.875,1,0,3.0,0.375,21.0,1,9,40,21,1,0,2,0,0,301,0,0.4681724845995893,1,60,35,9,15,0.5311672683513838
67,67,68,20,72.0,10665,4,2,7,5,2003,2003,167.0,4,3,4,3,3,6,1013,1,0,440,1453,4,1,4,1479,0,0,1479,1,0,2,0,3,1,4,7,7,558,2,144,29,0,0,0,0,0.0,0,0,6,2007,12.328294703023394,0,0,0,1,0,0,0,0,0,0,0,0,1,2.0,4,True,False,False,False,False,0.0,0.0,6,0,0,1,0,1,0,0,0,0,0,0,1,0,0,0,1,0,1,0,0,0,0,0,0,0,1,0,0,0,0,0,0,0,0,0,1,0,0,0,0,0,0,0,0,0,0,0,0,0,0,0,0,0,0,0,0,0,0,0,0,1,0,0,0,0,0,1,0,0,0,0,1,0,0,0,0,0,0,0,0,0,0,0,0,0,0,0,0,0,1,0,0,0,0,0,0,0,0,0,0,0,0,0,0,1,0,0,1,0,0,1,0,0,0,2932,2492,173,11,184.875,1,0,3.0,0.375,21.0,1,16,4,4,0,1,4,29,1,173,0,0.6966987620357634,1,48,35,12,19,0.5042618479372656
68,68,69,30,47.0,4608,4,2,4,6,1945,1950,0.0,3,4,3,3,1,1,0,1,0,747,747,2,1,4,747,0,0,747,0,0,1,0,2,1,3,4,7,220,2,0,0,0,0,0,0,0.0,0,0,6,2010,11.289794413577894,0,0,0,1,0,0,0,0,0,0,0,0,1,2.0,1,True,False,False,False,False,0.0,0.0,6,0,0,0,1,1,0,0,0,1,0,0,1,0,0,0,0,0,0,0,0,0,0,0,0,0,1,0,0,0,0,0,0,0,0,0,0,0,0,0,0,0,0,0,0,0,0,0,1,0,0,0,0,0,0,0,0,0,0,0,0,1,0,0,0,0,0,1,0,0,0,0,1,0,0,0,0,0,0,0,0,0,0,0,0,0,1,0,0,0,0,0,0,0,0,0,0,0,0,0,1,0,0,0,0,0,0,0,0,0,1,0,0,0,0,1494,747,0,7,149.4,1,0,1.0,0.2,4.0,1,9,65,60,1,0,1,0,0,0,0,0.0,0,18,24,12,12,0.4996655518394648
69,69,70,50,81.0,15593,4,2,7,4,1953,1953,0.0,4,3,3,3,1,4,603,1,0,701,1304,2,1,4,1304,983,0,2287,0,0,2,0,3,1,3,7,7,667,2,0,21,114,0,0,0,0.0,0,0,7,2006,12.323860125621126,0,0,0,1,0,0,0,0,0,0,0,0,1,2.0,2,True,False,False,False,False,3.0,2.079441541679836,5,0,0,1,0,1,0,0,0,1,0,0,1,0,0,0,0,0,1,0,0,0,0,0,0,0,1,0,0,0,0,0,0,0,0,1,0,0,0,0,0,0,0,0,0,0,0,0,0,0,0,0,0,0,0,0,0,0,0,0,0,0,0,0,0,0,0,1,0,0,0,0,1,0,0,0,0,0,0,0,0,1,0,0,0,0,0,0,0,0,0,0,0,0,0,0,0,0,0,0,0,0,0,0,0,0,0,0,0,0,1,0,0,0,0,3591,2890,135,11,285.875,2,1,2.0,0.25,14.0,1,9,53,53,0,0,2,135,1,135,0,0.4620689655172413,1,18,28,12,16,0.6366926503340757
70,70,71,20,95.0,13651,4,2,7,6,1973,1973,1115.0,3,4,4,3,4,5,1880,1,0,343,2223,4,1,4,2223,0,0,2223,1,0,2,0,3,1,3,8,7,516,2,300,0,0,0,0,0,0.0,0,0,2,2007,12.404927602627597,0,0,0,1,0,0,0,0,0,0,0,0,1,2.0,2,True,False,False,False,False,4.0,4.394449154672439,6,0,0,1,0,1,0,0,0,0,0,0,1,0,0,0,1,0,1,0,0,0,0,0,0,0,1,0,0,0,0,0,0,0,0,0,0,0,0,0,0,0,0,1,0,0,0,0,0,0,0,0,0,0,0,0,0,0,0,0,0,1,0,0,0,0,0,1,0,0,0,0,1,0,0,0,0,0,0,0,0,0,0,0,0,0,0,1,0,0,0,0,0,0,0,0,0,0,0,0,0,0,1,0,0,0,0,0,1,0,1,0,0,0,0,4446,4103,300,12,247.0,1,0,3.0,0.3333333333333333,21.0,1,9,34,34,0,0,2,0,0,300,0,0.8453237410071942,1,60,42,12,17,0.4998875646503261
71,71,72,20,69.0,7599,4,2,4,6,1982,2006,0.0,3,3,3,3,1,5,565,1,0,280,845,2,1,4,845,0,0,845,1,0,1,0,2,1,3,4,7,360,2,0,0,0,0,0,0,0.0,0,0,6,2007,11.771443882099636,0,0,0,1,0,0,0,0,0,0,0,0,1,2.0,3,False,False,False,False,True,0.0,0.0,6,0,0,1,0,1,0,0,0,1,0,0,1,0,0,0,0,0,1,0,0,0,0,0,0,0,1,0,0,0,0,0,0,0,0,0,0,0,0,0,0,0,1,0,0,0,0,0,0,0,0,0,0,0,0,0,0,0,0,0,0,1,0,0,0,0,0,1,0,0,0,0,1,0,0,0,0,0,0,0,0,0,0,0,1,0,0,0,0,0,0,0,0,0,0,0,0,0,0,0,0,0,1,0,0,0,0,0,0,0,1,0,0,0,0,1690,1410,0,7,169.0,1,0,2.0,0.4,8.0,1,9,25,1,1,1,3,0,0,0,0,0.6678486997635934,1,18,24,9,12,0.4997043169722058
72,72,73,60,74.0,10141,4,2,7,5,1998,1998,40.0,3,3,4,3,1,1,0,1,0,832,832,3,1,4,885,833,0,1718,0,0,2,1,3,1,3,7,7,427,2,0,94,0,0,291,0,0.0,0,0,12,2009,12.128116509451258,0,0,0,1,0,0,0,0,0,0,0,0,1,2.0,3,True,False,False,False,False,3.0,2.079441541679836,6,0,0,1,0,1,0,0,0,0,0,0,1,0,0,0,0,0,1,0,0,0,0,0,0,0,1,0,0,0,0,0,0,0,0,0,0,0,0,1,0,0,0,0,0,0,0,0,0,0,0,0,0,0,0,0,0,0,0,0,0,0,0,0,1,0,0,1,0,0,0,0,1,0,0,0,0,0,0,0,0,0,0,0,0,0,0,0,0,0,1,0,0,0,0,0,0,0,0,0,0,0,0,0,0,1,0,0,1,0,0,1,0,0,0,2550,1718,385,11,214.75,2,1,2.5,0.3125,17.5,1,9,11,11,0,0,3,385,1,385,0,0.0,0,24,35,9,16,0.6734613876911015
73,73,74,20,85.0,10200,4,2,5,7,1954,2003,104.0,3,3,3,3,1,5,320,4,362,404,1086,3,1,4,1086,0,0,1086,1,0,1,0,3,1,3,6,7,490,2,0,0,0,0,0,0,1.0,0,0,5,2010,11.88380602959621,0,0,0,1,0,0,0,0,0,0,0,0,1,2.0,3,True,False,False,False,False,0.0,0.0,6,0,0,1,0,1,0,0,0,1,0,0,1,0,0,0,1,0,1,0,0,0,0,0,0,0,1,0,0,0,0,0,0,0,0,0,0,0,0,0,0,0,0,1,0,0,0,0,0,0,0,0,0,0,0,0,0,0,0,0,0,1,0,0,0,0,0,1,0,0,0,0,1,0,0,0,0,0,0,0,0,0,0,0,0,0,0,0,0,0,0,1,0,0,0,0,0,0,0,0,0,0,0,0,0,0,1,0,1,0,1,0,0,0,0,2172,1768,0,10,155.14285714285714,1,0,2.0,0.2857142857142857,10.0,1,9,56,7,1,1,2,0,0,0,0,0.6274149034038639,1,18,35,9,14,0.4997699033594109
74,74,75,50,60.0,5790,4,2,3,6,1915,1950,0.0,4,4,2,3,1,1,0,1,0,840,840,3,0,4,840,765,0,1605,0,0,2,0,3,2,3,8,7,379,2,0,0,202,0,0,0,0.0,0,0,5,2010,11.58432477200052,0,0,0,1,0,0,0,0,0,0,0,0,1,2.0,1,False,False,False,False,True,0.0,0.0,6,0,0,0,1,1,0,0,0,1,0,0,1,0,0,0,0,0,1,0,0,0,0,0,0,0,1,0,0,0,0,0,0,0,0,0,0,0,0,0,0,0,0,0,0,0,0,0,1,0,0,0,0,0,0,0,0,0,0,0,0,0,0,0,1,0,0,0,1,0,0,0,1,0,0,0,0,0,0,0,0,0,0,0,0,0,0,0,0,0,1,0,0,0,0,0,0,0,0,0,0,0,0,0,0,1,0,0,0,0,1,0,0,0,0,2445,1605,202,13,178.33333333333334,2,1,2.0,0.2222222222222222,6.0,2,9,95,60,1,0,1,202,1,202,0,0.0,0,12,18,16,13,0.6561733442354865
75,75,76,180,21.0,1596,4,2,4,5,1973,1973,0.0,3,3,4,3,4,6,462,1,0,0,462,2,1,4,526,462,0,988,1,0,1,0,2,1,3,5,7,297,2,120,101,0,0,0,0,1.0,0,0,11,2009,11.418625774449598,0,0,0,1,0,0,0,0,0,0,0,0,1,2.0,2,False,False,True,False,False,0.0,0.0,6,0,0,0,1,1,0,0,0,1,0,0,1,0,0,0,1,0,1,0,0,0,0,0,0,0,1,0,0,0,0,0,0,0,0,0,0,0,0,0,0,1,0,0,0,0,0,0,0,0,0,0,0,0,0,0,0,0,1,0,0,0,0,0,0,0,1,1,0,0,0,0,1,0,0,0,0,0,0,0,0,0,0,1,0,0,0,0,0,0,0,0,0,0,0,0,0,1,0,0,0,0,0,0,0,0,0,0,0,0,1,0,0,0,0,1450,1450,221,8,164.66666666666666,2,1,2.0,0.3333333333333333,8.0,1,9,36,36,0,0,2,101,1,221,0,0.9978401727861772,1,60,20,9,12,0.6809097174362508
76,76,77,20,0.0,8475,4,2,4,7,1956,1956,0.0,3,3,3,3,1,5,228,1,0,724,952,4,1,3,952,0,0,952,0,0,1,0,2,1,3,4,7,283,2,0,0,0,0,0,0,0.0,0,0,4,2008,11.818577604251557,0,0,0,1,0,0,0,0,0,0,0,0,1,2.0,2,False,False,False,False,True,0.0,0.0,6,0,0,1,0,1,0,0,0,0,0,0,1,0,0,0,1,0,1,0,0,0,0,0,0,0,1,0,0,0,0,0,0,0,0,0,0,0,0,0,0,0,0,1,0,0,0,0,0,0,0,0,0,0,0,0,0,0,0,0,0,1,0,0,0,0,0,1,0,0,0,0,1,0,0,0,0,0,0,0,0,0,0,0,0,0,0,0,0,0,1,0,0,0,0,0,0,0,0,0,0,0,0,0,0,1,0,0,0,0,1,0,0,0,0,1904,1180,0,7,190.4,1,0,1.0,0.2,4.0,1,9,52,52,0,0,2,0,0,0,0,0.2392444910807974,1,18,28,9,14,0.4997375328083989
77,77,78,50,50.0,8635,4,2,5,5,1948,2001,0.0,3,3,3,3,1,4,336,6,41,295,672,2,1,4,1072,213,0,1285,1,0,1,0,2,1,3,6,6,240,2,0,0,0,0,0,0,2.0,0,0,1,2008,11.751950239425476,0,0,0,1,0,0,0,0,0,0,0,0,1,2.0,1,False,False,False,False,True,0.0,0.0,6,0,0,0,1,1,0,0,0,1,0,0,1,0,0,0,1,0,1,0,0,0,0,0,0,0,1,0,0,0,0,0,0,0,1,0,0,0,0,0,0,0,0,0,0,0,0,0,0,0,0,0,0,0,0,0,0,0,0,0,0,0,0,0,0,0,0,1,0,0,0,0,1,0,0,0,0,0,0,0,0,0,0,0,0,0,0,0,0,0,0,1,0,0,0,0,0,0,0,0,0,0,0,0,0,0,1,0,0,0,1,0,0,0,0,1957,1662,0,9,183.57142857142856,2,1,2.0,0.2857142857142857,10.0,1,9,60,7,1,1,2,0,0,0,0,0.5601783060921248,1,18,25,9,13,0.6562819203268642
78,78,79,90,72.0,10778,4,2,4,5,1968,1968,0.0,3,3,3,3,1,1,0,1,0,1768,1768,2,0,4,1768,0,0,1768,0,0,2,0,4,2,3,8,7,0,2,0,0,0,0,0,0,0.0,0,0,4,2010,11.824087219587645,0,0,0,1,0,0,0,0,0,0,0,0,1,0.0,0,False,False,False,False,False,0.0,0.0,6,0,0,1,0,1,0,0,0,1,0,0,1,0,0,0,1,0,1,0,0,0,0,0,0,0,1,0,0,0,0,0,0,0,0,0,0,0,0,0,0,0,0,0,0,0,0,0,0,0,1,0,0,0,0,0,0,1,0,0,0,1,0,0,0,0,0,0,0,1,0,0,1,0,0,0,0,0,0,0,0,0,0,0,1,0,0,0,0,0,0,0,0,0,0,0,0,0,1,0,0,0,0,0,0,0,0,0,0,0,1,0,0,0,0,3536,1768,0,14,196.44444444444449,1,0,2.0,0.2222222222222222,8.0,2,9,42,42,0,0,2,0,0,0,0,0.0,0,18,20,9,12,0.4998586372632174
79,79,80,50,60.0,10440,4,2,5,6,1910,1981,0.0,3,3,3,3,1,1,0,1,0,440,440,3,1,4,682,548,0,1230,0,0,1,1,2,1,3,5,7,440,2,74,0,128,0,0,0,2.0,0,0,5,2009,11.60824473564232,0,0,0,1,0,0,0,0,0,0,0,0,1,2.0,2,False,False,False,False,True,0.0,0.0,6,0,0,0,1,1,0,0,0,1,0,0,1,0,0,0,0,0,1,0,0,0,0,0,0,0,1,0,0,0,0,0,0,0,0,0,0,0,0,0,0,0,0,0,0,0,0,0,1,0,0,0,0,0,0,0,0,0,0,0,0,0,0,0,1,0,0,1,0,0,0,0,1,0,0,0,0,0,0,0,0,0,0,0,0,0,0,0,0,0,0,1,0,0,0,0,0,0,0,0,0,0,0,0,0,0,1,0,0,0,0,1,0,0,0,1670,1230,202,8,205.0,2,1,1.5,0.25,7.5,1,9,99,28,1,0,1,128,1,202,0,0.0,0,18,30,9,14,0.7360861759425493
80,80,81,60,100.0,13000,4,2,6,6,1968,1968,576.0,3,4,4,3,1,3,448,1,0,448,896,2,1,4,1182,960,0,2142,0,0,2,1,4,1,4,8,7,509,2,0,72,0,0,252,0,0.0,0,0,6,2009,12.173037959397275,0,0,0,1,0,0,0,0,0,0,0,0,1,2.0,2,True,False,False,False,False,4.0,2.772588722239781,6,0,0,1,0,1,0,0,0,1,0,0,1,0,0,0,0,0,1,0,0,0,0,0,0,0,1,0,0,0,0,0,0,0,0,0,0,0,0,0,0,0,0,1,0,0,0,0,0,0,0,0,0,0,0,0,0,0,0,0,0,0,0,0,1,0,0,1,0,0,0,0,1,0,0,0,0,0,0,0,0,0,0,0,0,0,0,0,0,0,1,0,0,0,0,0,0,0,0,0,0,0,0,0,0,1,0,0,1,0,1,0,0,0,0,3038,2590,324,13,238.0,2,1,2.5,0.2777777777777778,15.0,1,16,41,41,0,0,2,324,1,324,0,0.4994425863991081,1,24,36,12,15,0.7048371174728529
81,81,82,120,32.0,4500,4,2,6,5,1998,1998,443.0,3,4,5,4,1,6,1201,1,0,36,1237,4,1,4,1337,0,0,1337,1,0,2,0,2,1,3,5,7,405,2,0,199,0,0,0,0,0.0,0,0,3,2006,11.941462360646147,0,0,0,1,0,0,0,0,0,0,0,0,1,2.0,3,True,False,False,False,False,0.0,0.0,6,0,0,0,1,1,0,0,0,1,0,0,1,0,1,0,0,0,1,0,0,0,0,0,0,0,1,0,0,0,0,0,0,0,0,0,0,0,0,0,0,0,1,0,0,0,0,0,0,0,0,0,0,0,0,0,0,0,0,1,0,1,0,0,0,0,0,0,0,1,0,0,1,0,0,0,0,0,0,0,0,0,0,0,0,0,0,0,0,0,1,0,0,0,0,0,0,0,0,0,0,0,0,0,0,1,0,0,1,0,0,1,0,0,0,2574,2538,199,8,222.83333333333331,1,0,3.0,0.5,18.0,1,9,8,8,0,1,4,199,1,199,0,0.970113085621971,1,40,30,12,16,0.5192233009708738
82,82,83,20,78.0,10206,4,2,8,5,2007,2007,468.0,3,3,4,3,1,6,33,1,0,1530,1563,4,1,4,1563,0,0,1563,0,0,2,0,3,1,4,6,7,758,2,144,99,0,0,0,0,0.0,0,0,10,2008,12.409017571151187,0,0,0,1,0,0,0,0,0,0,0,0,1,2.0,4,True,False,False,False,False,4.0,2.772588722239781,6,0,0,1,0,1,0,0,0,1,0,0,1,0,0,0,1,0,1,0,0,0,0,0,0,0,1,0,0,0,0,0,0,0,0,0,0,0,0,0,0,0,0,0,0,0,0,0,0,0,0,0,1,0,0,0,0,0,0,0,0,1,0,0,0,0,0,1,0,0,0,0,1,0,0,0,0,0,0,0,0,0,0,0,0,0,0,0,0,0,1,0,0,0,0,0,0,0,0,0,0,0,0,0,0,1,0,0,0,1,0,1,0,0,0,3126,1596,243,10,223.28571428571428,1,0,2.0,0.2857142857142857,16.0,1,16,1,1,0,1,4,99,1,243,0,0.0210997442455242,1,24,40,9,19,0.4998401023345059
83,83,84,20,80.0,8892,4,2,5,5,1960,1960,66.0,3,3,3,3,1,1,0,1,0,1065,1065,3,1,4,1065,0,0,1065,0,0,1,1,3,1,3,6,7,461,2,74,0,0,0,0,0,0.0,0,0,7,2007,11.748005492256809,0,0,0,1,0,0,0,0,0,0,0,0,0,2.0,2,False,False,False,False,True,0.0,0.0,6,0,0,1,0,1,0,0,0,0,0,0,1,0,0,0,1,0,1,0,0,0,0,0,0,0,1,0,0,0,0,0,0,0,0,0,0,0,0,0,0,0,0,1,0,0,0,0,0,0,0,0,0,0,0,0,0,0,0,0,0,1,0,0,0,0,0,1,0,0,0,0,1,0,0,0,0,0,0,0,0,0,0,0,0,0,1,0,0,0,0,0,0,0,0,0,0,0,0,0,1,0,0,0,0,0,0,0,0,0,1,0,0,0,0,2130,1065,74,10,152.14285714285714,1,0,1.5,0.2142857142857142,7.5,1,9,47,47,0,0,2,0,0,74,0,0.0,0,18,25,9,14,0.4997653683716565
84,84,85,80,0.0,8530,4,2,7,5,1995,1996,22.0,3,3,4,3,1,1,0,1,0,384,384,3,1,4,804,670,0,1474,0,0,2,1,3,1,3,7,7,400,2,120,72,0,0,0,0,0.0,1,700,5,2009,12.034696963475044,0,0,0,1,0,0,0,0,0,0,0,0,1,2.0,3,False,False,True,False,False,3.0,2.079441541679836,6,0,0,1,0,1,0,0,0,0,0,0,1,0,0,0,1,0,1,0,0,0,0,0,0,0,1,0,0,0,0,0,0,0,0,0,0,0,0,1,0,0,0,0,0,0,0,0,0,0,0,0,0,0,0,0,0,0,0,0,0,0,0,0,0,0,1,1,0,0,0,0,1,0,0,0,0,0,0,0,0,0,0,0,1,0,0,0,0,0,0,0,0,0,0,0,0,0,1,0,0,0,0,0,0,0,0,0,1,0,0,1,0,0,0,1858,1474,192,11,184.25,2,1,2.5,0.3125,17.5,1,9,14,13,1,0,3,72,1,192,0,0.0,0,24,35,9,16,0.7928994082840237
85,85,86,60,121.0,16059,4,2,8,5,1991,1992,284.0,4,3,4,3,1,1,0,1,0,1288,1288,4,1,4,1301,1116,0,2417,0,0,2,1,4,1,4,9,7,462,2,127,82,0,0,0,0,0.0,0,0,4,2006,12.468440756144114,0,0,0,1,0,0,0,0,0,0,0,0,1,2.0,3,True,False,False,False,False,3.0,2.079441541679836,6,0,0,1,0,1,0,0,0,1,0,0,1,0,0,0,0,0,1,0,0,0,0,0,0,0,1,0,0,0,0,0,0,0,0,0,0,0,0,0,0,0,0,0,0,0,1,0,0,0,0,0,0,0,0,0,0,0,0,0,0,0,0,0,1,0,0,0,0,1,0,0,1,0,0,0,0,0,0,0,0,0,0,0,1,0,0,0,0,0,0,0,0,0,0,0,0,0,1,0,0,0,0,0,0,0,0,0,1,0,1,0,0,0,0,3705,2417,209,14,241.7,2,1,2.5,0.25,20.0,1,16,15,14,1,0,3,82,1,209,0,0.0,0,24,40,12,20,0.652185644900162
86,86,87,60,122.0,11911,4,2,6,5,2005,2005,0.0,4,3,4,3,3,1,0,1,0,684,684,4,1,4,684,876,0,1560,0,0,2,1,3,1,4,6,7,400,2,100,38,0,0,0,0,0.0,0,0,3,2009,12.066816325306588,0,0,0,1,0,0,0,0,0,0,0,0,1,2.0,4,False,False,True,False,False,4.0,2.772588722239781,6,0,0,1,0,1,0,1,0,0,0,0,1,0,0,0,1,0,1,0,0,0,0,0,0,0,1,0,0,0,0,0,0,0,0,0,0,0,0,1,0,0,0,0,0,0,0,0,0,0,0,0,0,0,0,0,0,0,0,0,0,0,0,0,1,0,0,1,0,0,0,0,1,0,0,0,0,0,0,0,0,0,0,0,0,0,0,0,0,0,1,0,0,0,0,0,0,0,0,0,0,0,0,0,0,1,0,0,0,0,0,1,0,0,0,2244,1560,138,10,222.8571428571429,2,1,2.5,0.3571428571428571,15.0,1,16,4,4,0,1,4,38,1,138,0,0.0,0,48,30,12,18,0.6948775055679287
87,87,88,160,40.0,3951,4,2,6,5,2009,2009,76.0,4,3,4,3,3,1,0,1,0,612,612,4,1,4,612,612,0,1224,0,0,2,1,2,1,4,4,7,528,2,0,234,0,0,0,0,0.0,0,0,6,2009,12.010671928196444,0,0,0,0,1,0,0,0,0,0,1,0,0,2.0,4,False,False,False,False,True,0.0,0.0,6,1,0,0,0,1,1,0,0,1,0,0,1,0,0,0,0,0,1,0,0,0,0,0,0,0,1,0,0,0,0,0,0,0,0,0,0,0,0,0,0,0,0,0,0,0,0,0,0,0,0,0,1,0,0,0,0,0,0,1,0,0,0,0,1,0,0,1,0,0,0,0,1,0,0,0,0,0,0,0,0,0,0,0,0,0,0,0,0,0,1,0,0,0,0,0,0,0,0,0,0,0,0,0,0,1,0,0,0,1,0,1,0,0,0,1836,1224,234,7,244.8,2,1,2.5,0.5,15.0,1,16,0,0,0,1,4,234,1,234,0,0.0,0,48,30,12,18,0.6663037561241154
88,88,89,50,105.0,8470,4,2,3,2,1915,1982,0.0,2,2,3,2,1,1,0,1,0,1013,1013,2,0,4,1013,0,513,1526,0,0,1,0,2,1,2,6,7,0,0,0,0,156,0,0,0,2.0,0,0,10,2009,11.350418300109132,0,0,0,0,0,0,0,1,0,0,0,0,0,0.0,0,False,False,False,False,False,0.0,0.0,6,0,0,0,0,1,0,0,0,0,0,0,1,0,0,0,0,1,0,0,0,0,0,0,0,1,0,0,0,0,0,0,0,0,0,0,0,0,0,0,1,0,0,0,0,0,0,0,0,0,0,0,0,0,0,0,0,0,0,0,0,0,0,0,0,0,0,0,0,1,0,0,1,0,0,0,0,0,0,0,0,0,0,0,0,0,0,1,0,0,0,0,0,0,0,0,0,0,0,0,0,0,1,0,0,0,0,0,0,0,1,0,0,0,0,2026,1013,156,9,218.0,1,0,1.0,0.1428571428571428,3.0,1,4,94,27,1,0,1,156,1,156,0,0.0,0,12,6,4,9,0.7528367044893932
89,89,90,20,60.0,8070,4,2,4,5,1994,1995,0.0,3,3,4,3,1,6,588,1,0,402,990,4,1,4,990,0,0,990,1,0,1,0,3,1,3,5,7,0,2,0,0,0,0,0,0,0.0,0,0,8,2007,11.724813914587886,0,0,0,1,0,0,0,0,0,0,0,0,1,0.0,0,False,False,False,False,False,0.0,0.0,6,0,0,1,0,1,0,0,0,1,0,0,1,0,0,0,1,0,1,0,0,0,0,0,0,0,1,0,0,0,0,0,0,0,0,0,1,0,0,0,0,0,0,0,0,0,0,0,0,0,0,0,0,0,0,0,0,0,0,0,0,1,0,0,0,0,0,1,0,0,0,0,1,0,0,0,0,0,0,0,0,0,0,0,0,0,0,0,0,0,1,0,0,0,0,0,0,0,0,0,0,0,0,0,0,1,0,0,0,0,0,1,0,0,0,1980,1578,0,9,165.0,1,0,2.0,0.3333333333333333,8.0,1,9,13,12,1,0,3,0,0,0,0,0.5933400605449042,1,24,20,9,14,0.4997476022211004
90,90,91,20,60.0,7200,4,2,4,5,1950,1950,0.0,3,3,0,0,0,0,0,0,0,0,0,2,1,3,1040,0,0,1040,0,0,1,0,2,1,3,4,7,420,2,0,29,0,0,0,0,0.0,0,0,7,2006,11.60733523953139,0,0,0,1,0,0,0,0,0,0,0,0,1,2.0,1,False,False,False,False,True,0.0,0.0,6,0,0,1,0,1,0,0,0,1,0,0,1,0,0,0,1,0,1,0,0,0,0,0,0,0,1,0,0,0,0,0,0,0,0,0,0,0,0,0,0,0,0,1,0,0,0,0,0,0,0,0,0,0,0,0,0,0,0,0,0,1,0,0,0,0,0,1,0,0,0,0,1,0,0,0,0,0,0,0,0,1,0,0,0,0,0,0,0,0,0,0,0,0,0,0,0,0,0,0,0,0,0,0,0,0,1,0,0,0,0,0,1,0,0,1040,1040,29,7,208.0,1,0,1.0,0.2,4.0,1,9,56,56,0,0,2,29,1,29,0,0.0,0,0,20,9,12,0.999039385206532
91,91,92,20,85.0,8500,4,2,5,3,1961,1961,203.0,3,3,3,3,1,3,600,1,0,635,1235,2,1,4,1235,0,0,1235,0,0,1,0,2,1,3,6,7,480,2,0,0,0,0,0,0,1.0,0,0,12,2006,11.498836682527129,0,0,0,0,0,0,0,0,0,0,0,0,1,2.0,2,True,False,False,False,False,0.0,0.0,6,0,0,1,0,1,0,0,0,1,0,0,1,0,0,0,1,0,1,0,0,0,0,0,0,0,1,0,0,0,0,0,0,0,0,0,0,0,0,0,0,0,0,1,0,0,0,0,0,0,0,0,0,0,0,0,0,0,0,0,0,1,0,0,0,0,0,0,0,1,0,0,1,0,0,0,0,0,0,0,0,0,0,0,1,0,0,0,0,0,0,0,0,0,0,0,0,0,1,0,0,0,0,0,0,0,0,0,0,0,1,0,0,0,0,2470,1835,0,9,176.42857142857142,1,0,1.0,0.1428571428571428,5.0,1,9,45,45,0,0,2,0,0,0,0,0.4854368932038835,1,18,15,9,13,0.499797652772157
92,92,93,30,80.0,13360,4,2,5,7,1921,2006,0.0,3,4,4,3,1,5,713,1,0,163,876,4,1,4,964,0,0,964,1,0,1,0,2,1,3,5,7,432,2,0,0,44,0,0,0,0.0,0,0,8,2009,12.004574385508691,0,0,0,1,0,0,0,0,0,0,0,0,1,2.0,1,False,False,False,False,True,0.0,0.0,6,0,0,1,0,1,0,0,0,0,1,0,0,0,0,0,1,0,1,0,0,0,0,0,0,0,1,0,0,0,0,0,0,0,0,0,0,1,0,0,0,0,0,0,0,0,0,0,0,0,0,0,0,0,0,0,0,0,0,0,0,1,0,0,0,0,0,1,0,0,0,0,1,0,0,0,0,0,0,0,0,0,0,0,0,0,0,0,0,0,0,1,0,0,0,0,0,0,0,0,0,0,0,0,0,0,1,0,0,0,0,0,0,0,0,1840,1677,44,8,160.66666666666666,1,0,2.0,0.3333333333333333,10.0,1,9,88,3,1,1,1,44,1,44,0,0.8129988597491448,1,24,35,12,15,0.5236284627919608
93,93,94,190,60.0,7200,4,2,6,6,1910,1998,0.0,3,3,3,2,2,3,1046,1,0,168,1214,4,0,4,1260,1031,0,2291,0,1,2,0,4,2,3,9,7,506,2,0,0,0,0,99,0,0.0,0,0,11,2007,11.804855999911272,0,0,0,1,0,0,0,0,0,0,0,0,1,2.0,1,False,False,False,False,True,4.0,2.772588722239781,5,0,0,0,0,1,0,0,0,1,0,0,1,0,0,0,0,0,1,0,0,0,0,0,0,0,1,0,0,0,0,0,0,0,0,0,0,0,0,0,0,0,0,0,0,0,0,0,1,0,0,0,0,0,0,0,1,0,0,0,0,0,0,1,0,0,0,0,0,1,0,0,1,0,0,0,0,0,0,0,0,0,0,0,0,0,1,0,0,0,0,0,0,0,0,0,0,0,0,0,1,0,0,0,0,0,0,0,0,0,0,0,0,0,0,3505,3337,99,15,229.1,2,1,2.5,0.25,15.0,2,9,97,9,1,1,1,99,1,99,0,0.8609053497942387,1,18,36,9,16,0.6534512264689104
94,94,95,60,69.0,9337,4,2,6,5,1997,1997,0.0,3,4,4,3,1,6,648,1,0,176,824,4,1,4,905,881,0,1786,1,0,2,1,3,1,4,7,7,684,2,0,162,0,0,0,0,0.0,0,0,5,2007,12.229549885708272,0,0,0,1,0,0,0,0,0,0,0,0,1,2.0,3,True,False,False,False,False,0.0,0.0,6,0,0,1,0,1,0,0,0,0,0,0,1,0,0,0,1,0,1,0,0,0,0,0,0,0,1,0,0,0,0,0,0,0,0,0,1,0,0,0,0,0,0,0,0,0,0,0,0,0,0,0,0,0,0,0,0,0,0,0,0,0,0,0,1,0,0,1,0,0,0,0,1,0,0,0,0,0,0,0,0,0,0,0,0,0,0,0,0,0,1,0,0,0,0,0,0,0,0,0,0,0,0,0,0,1,0,0,0,0,0,1,0,0,0,2610,2434,162,11,223.25,2,1,3.5,0.4375,21.0,1,16,10,10,0,1,4,162,1,162,0,0.7854545454545454,1,24,30,12,17,0.684029107621601
95,95,96,60,0.0,9765,4,2,6,8,1993,1993,68.0,5,4,4,4,1,5,310,1,0,370,680,3,1,4,680,790,0,1470,0,0,2,1,3,1,3,6,7,420,2,232,63,0,0,0,0,0.0,1,480,4,2009,12.128116509451258,0,0,0,1,0,0,0,0,0,0,0,0,1,2.0,3,False,False,True,False,False,3.0,2.079441541679836,6,0,0,1,0,1,0,1,0,0,0,0,1,0,0,0,0,0,1,0,0,0,0,0,0,0,1,0,0,0,0,0,0,0,0,0,0,0,0,1,0,0,0,0,0,0,0,0,0,0,0,0,0,0,0,0,0,0,0,0,0,0,0,0,1,0,0,1,0,0,0,0,1,0,0,0,0,0,0,0,0,0,0,0,0,0,0,0,0,0,1,0,0,0,0,0,0,0,0,0,0,0,0,0,0,1,0,0,1,0,0,1,0,0,0,2150,1780,295,10,210.0,2,1,2.5,0.3571428571428571,15.0,1,9,16,16,0,0,3,63,1,295,0,0.4552129221732746,1,32,48,20,17,0.6834030683403068
96,96,97,20,78.0,10264,4,2,7,5,1999,1999,183.0,4,3,4,3,3,5,1162,1,0,426,1588,4,1,4,1588,0,0,1588,0,0,2,0,3,1,4,6,7,472,2,158,29,0,0,0,0,0.0,0,0,8,2006,12.273735966890268,0,0,0,1,0,0,0,0,0,0,0,0,1,2.0,3,True,False,False,False,False,0.0,0.0,6,0,0,1,0,1,0,0,0,0,0,0,1,0,0,0,1,0,1,0,0,0,0,0,0,0,1,0,0,0,0,0,0,0,0,0,1,0,0,0,0,0,0,0,0,0,0,0,0,0,0,0,0,0,0,0,0,0,0,0,0,1,0,0,0,0,0,1,0,0,0,0,1,0,0,0,0,0,0,0,0,0,0,0,0,0,0,0,0,0,1,0,0,0,0,0,0,0,0,0,0,0,0,0,0,1,0,0,1,0,0,1,0,0,0,3176,2750,187,10,226.8571428571429,1,0,2.0,0.2857142857142857,14.0,1,16,7,7,0,1,4,29,1,187,0,0.7312775330396476,1,48,35,12,19,0.4998426188227888
97,97,98,20,73.0,10921,4,2,4,5,1965,1965,48.0,3,3,3,3,1,3,520,1,0,440,960,2,1,2,960,0,0,960,1,0,1,0,3,1,3,6,7,432,1,120,0,0,0,0,0,0.0,0,0,5,2007,11.459007676978688,0,0,0,1,0,0,0,0,0,0,0,0,1,2.0,2,True,False,False,False,False,0.0,0.0,6,0,0,1,0,1,0,0,0,1,1,0,0,0,0,0,1,0,1,0,0,0,0,0,0,0,1,0,0,0,0,0,0,0,0,0,0,0,1,0,0,0,0,0,0,0,0,0,0,0,0,0,0,0,0,0,0,0,0,0,0,1,0,0,0,0,0,0,0,1,0,0,1,0,0,0,0,0,0,0,0,0,0,0,1,0,0,0,0,0,0,0,0,0,0,0,0,0,1,0,0,0,0,0,0,0,0,0,1,0,1,0,0,0,0,1920,1480,120,10,137.14285714285714,1,0,2.0,0.2857142857142857,8.0,1,9,42,42,0,0,2,0,0,120,0,0.5411030176899063,1,18,20,9,12,0.4997397188964081
98,98,99,30,85.0,10625,4,2,5,5,1920,1950,0.0,3,3,3,3,1,5,108,1,0,350,458,1,0,4,835,0,0,835,0,0,1,0,2,1,3,5,7,366,2,0,0,77,0,0,0,0.0,1,400,5,2010,11.326607934898927,0,0,0,0,0,0,0,0,0,0,0,0,0,2.0,1,False,True,False,False,False,0.0,0.0,6,0,0,1,0,1,0,0,0,1,0,0,1,0,0,0,0,0,1,0,0,0,0,0,0,0,1,0,0,0,0,0,0,0,0,0,0,0,1,0,0,0,0,0,0,0,0,0,0,0,0,0,0,0,0,0,0,0,0,0,0,1,0,0,0,0,0,1,0,0,0,0,1,0,0,0,0,0,0,0,0,0,0,0,0,0,0,0,0,0,0,1,0,0,0,0,0,0,0,0,0,0,0,0,0,0,1,0,0,0,0,0,0,0,0,1293,943,77,8,139.16666666666666,1,0,1.0,0.1666666666666666,5.0,1,9,90,60,1,0,1,77,1,77,0,0.2352941176470588,1,18,25,9,12,0.6452859350850078
99,99,100,20,77.0,9320,4,2,4,5,1959,1959,0.0,3,3,3,3,1,5,569,1,0,381,950,1,1,4,1225,0,0,1225,1,0,1,1,3,1,3,6,7,0,2,352,0,0,0,0,0,0.0,1,400,1,2010,11.7671877662232,0,0,0,1,0,0,0,0,0,0,0,0,1,0.0,0,False,False,False,False,False,0.0,0.0,6,0,0,1,0,1,0,0,0,0,0,0,1,0,0,0,1,0,1,0,0,0,0,0,0,0,1,0,0,0,0,0,0,0,0,0,0,0,0,0,0,0,0,1,0,0,0,0,0,0,0,0,0,0,0,0,0,0,0,0,0,1,0,0,0,0,0,1,0,0,0,0,1,0,0,0,0,0,0,0,0,0,0,0,0,0,0,1,0,0,0,0,0,0,0,0,0,0,0,0,0,0,1,0,0,0,0,0,0,0,1,0,0,0,0,2175,1794,352,10,175.0,1,0,2.5,0.3571428571428571,10.0,1,9,51,51,0,0,2,0,0,352,0,0.5983175604626709,1,18,20,9,11,0.5629595588235294
100,100,101,20,0.0,10603,4,2,6,7,1977,2001,28.0,3,3,3,3,2,5,1200,1,0,410,1610,3,1,4,1610,0,0,1610,1,0,2,0,3,1,4,6,7,480,2,168,68,0,0,0,0,0.0,0,0,2,2010,12.230770136157428,0,0,0,1,0,0,0,0,0,0,0,0,1,2.0,2,True,False,False,False,False,3.0,3.295836866004329,6,0,0,1,0,1,0,0,0,0,0,0,1,0,0,0,1,0,1,0,0,0,0,0,0,0,1,0,0,0,0,0,0,0,0,0,0,0,0,0,0,0,0,0,0,1,0,0,0,0,0,0,0,0,0,0,0,0,0,0,0,1,0,0,0,0,0,1,0,0,0,0,1,0,0,0,0,0,0,0,0,0,0,0,0,0,0,1,0,0,0,0,0,0,0,0,0,0,0,0,0,0,1,0,0,0,0,0,1,0,0,1,0,0,0,3220,2810,236,10,230.0,1,0,3.0,0.4285714285714285,18.0,1,16,33,9,1,1,2,68,1,236,0,0.74487895716946,1,27,42,9,16,0.499844768705371
101,101,102,60,77.0,9206,4,2,6,5,1985,1985,336.0,4,3,4,3,1,1,0,1,0,741,741,2,1,4,977,755,0,1732,0,0,2,1,3,1,4,7,7,476,2,192,46,0,0,0,0,0.0,0,0,6,2010,12.08954444723597,0,0,0,1,0,0,0,0,0,0,0,0,1,2.0,3,True,False,False,False,False,3.0,2.079441541679836,6,0,0,1,0,1,0,0,0,1,0,0,1,0,0,0,1,0,1,0,0,0,0,0,0,0,1,0,0,0,0,0,0,0,0,0,0,0,0,0,0,0,0,0,0,0,0,0,0,0,0,1,0,0,0,0,0,0,0,0,0,0,0,0,1,0,0,1,0,0,0,0,1,0,0,0,0,0,0,0,0,0,0,0,1,0,0,0,0,0,0,0,0,0,0,0,0,0,1,0,0,0,0,0,0,0,0,0,1,0,1,0,0,0,0,2473,1732,238,11,216.5,2,1,2.5,0.3125,15.0,1,16,25,25,0,0,3,46,1,238,0,0.0,0,24,30,12,16,0.7000808407437349
102,102,103,90,64.0,7018,4,2,5,5,1979,1979,0.0,3,2,0,0,0,0,0,0,0,0,0,2,1,4,1535,0,0,1535,0,0,2,0,4,2,3,8,7,410,2,0,0,0,0,0,0,0.0,0,0,6,2009,11.68658461118553,0,1,0,0,0,0,0,0,0,0,0,0,1,2.0,2,True,False,False,False,False,0.0,0.0,6,0,0,1,0,1,0,0,0,1,0,0,0,0,0,0,1,0,1,0,0,0,0,0,0,0,1,0,0,0,0,0,0,0,0,0,0,0,0,0,0,0,0,0,0,0,0,0,0,0,0,1,0,0,0,0,0,1,0,0,0,1,0,0,0,0,0,1,0,0,0,0,1,0,0,0,0,0,0,0,0,0,0,0,1,0,0,0,0,0,0,0,0,0,0,0,0,0,1,0,0,0,0,0,0,0,0,0,0,0,0,0,1,0,0,1535,1535,0,14,170.55555555555554,1,0,2.0,0.2222222222222222,10.0,2,9,30,30,0,0,3,0,0,0,0,0.0,0,0,25,6,13,0.9993489583333334
103,103,104,20,94.0,10402,4,2,7,5,2009,2009,0.0,3,3,4,3,1,1,0,1,0,1226,1226,4,1,4,1226,0,0,1226,0,0,2,0,3,1,4,6,7,740,2,0,36,0,0,0,0,0.0,0,0,5,2010,12.200562492481511,0,0,0,1,0,0,0,0,0,0,0,0,1,2.0,4,True,False,False,False,False,0.0,0.0,6,0,0,1,0,1,0,0,0,0,0,0,1,0,0,0,0,0,1,0,0,0,0,0,0,0,1,0,0,0,0,0,0,0,0,0,1,0,0,0,0,0,0,0,0,0,0,0,0,0,0,0,0,0,0,0,0,0,0,0,0,1,0,0,0,0,0,1,0,0,0,0,1,0,0,0,0,0,0,0,0,0,0,0,0,0,0,0,0,0,1,0,0,0,0,0,0,0,0,0,0,0,0,0,0,1,0,0,0,0,0,1,0,0,0,2452,1226,36,10,175.14285714285714,1,0,2.0,0.2857142857142857,14.0,1,16,1,1,0,1,4,36,1,36,0,0.0,0,24,35,9,18,0.4997961679576029
104,104,105,50,0.0,7758,4,2,7,4,1931,1950,600.0,3,2,3,3,1,2,224,1,0,816,1040,4,1,2,1226,592,0,1818,0,0,1,1,4,1,3,7,7,240,2,0,0,0,0,184,0,0.0,0,0,6,2007,12.040614105490253,0,0,0,1,0,0,0,0,0,0,0,0,1,2.0,2,False,False,False,False,True,3.0,3.295836866004329,6,0,0,0,1,1,0,0,0,1,0,0,1,0,0,0,0,0,1,0,0,0,0,0,0,0,1,0,0,0,0,0,0,0,0,0,0,0,0,0,1,0,0,0,0,0,0,0,0,0,0,0,0,0,0,0,0,0,0,0,0,0,0,0,0,0,0,1,0,0,0,0,1,0,0,0,0,0,0,0,0,0,0,0,0,0,0,0,0,1,0,0,0,0,0,0,0,0,0,0,0,0,0,0,1,0,0,0,1,0,0,1,0,0,0,2858,2042,184,12,227.25,2,1,1.5,0.1875,10.5,1,9,76,57,1,0,1,184,1,184,0,0.2151777137367915,1,18,28,6,17,0.6358866736621196
105,105,106,60,75.0,9375,4,2,8,5,2003,2004,768.0,4,3,5,3,1,1,0,1,0,1053,1053,4,1,4,1053,939,0,1992,0,0,2,1,3,1,4,9,7,648,2,140,45,0,0,0,0,0.0,0,0,8,2008,12.429220196836384,0,0,0,1,0,0,0,0,0,0,0,0,1,2.0,4,True,False,False,False,False,4.0,2.772588722239781,6,1,0,0,0,1,0,0,0,1,0,0,1,0,0,0,1,0,1,0,0,0,0,0,0,0,1,0,0,0,0,0,0,0,0,0,0,0,0,0,0,0,0,0,0,0,0,0,0,0,0,0,1,0,0,0,0,0,0,0,0,0,0,0,1,0,0,0,0,1,0,0,1,0,0,0,0,0,0,0,0,0,0,0,0,0,0,0,0,0,1,0,0,0,0,0,0,0,0,0,0,0,0,0,0,1,0,0,1,0,0,1,0,0,0,3045,1992,185,13,199.2,2,1,2.5,0.25,20.0,1,16,5,4,1,1,4,45,1,185,0,0.0,0,30,40,12,20,0.6539724228496389
106,106,107,30,60.0,10800,4,2,4,7,1885,1995,0.0,3,3,2,3,1,1,0,1,0,641,641,3,1,4,1047,0,0,1047,0,0,1,0,2,1,3,6,7,273,0,0,0,0,0,0,0,0.0,1,450,8,2007,11.51293546492023,0,0,0,1,0,0,0,0,0,0,0,0,1,2.0,2,False,False,False,False,True,0.0,0.0,6,0,0,0,1,1,0,0,0,1,0,0,1,0,0,0,1,0,1,0,0,0,0,0,0,0,1,0,0,0,0,0,0,0,0,0,0,0,0,0,0,0,0,0,0,0,0,0,1,0,0,0,0,0,0,0,0,0,0,0,0,1,0,0,0,0,0,0,0,0,1,0,1,0,0,0,0,0,0,0,0,0,0,0,0,0,0,0,0,0,1,0,0,0,0,0,0,0,0,0,0,0,0,0,0,1,0,0,0,0,0,0,0,0,0,1688,1047,0,9,149.57142857142858,1,0,1.0,0.1428571428571428,4.0,1,9,122,12,1,0,1,0,0,0,0,0.0,0,12,28,9,13,0.6198934280639432
107,107,108,20,50.0,6000,4,2,5,5,1948,1950,0.0,3,3,3,3,1,5,104,4,169,516,789,4,1,4,789,0,0,789,0,0,1,0,2,1,3,5,7,250,2,0,0,0,0,0,0,0.0,0,0,4,2008,11.652696102959752,0,0,0,0,1,0,0,0,0,0,0,0,1,2.0,1,False,False,False,False,True,0.0,0.0,6,0,0,0,1,1,0,0,0,1,0,0,1,0,0,0,1,0,1,0,0,0,0,0,0,0,1,0,0,0,0,0,0,0,0,0,0,0,0,0,0,0,0,0,0,0,0,0,1,0,0,0,0,0,0,0,0,0,0,0,0,1,0,0,0,0,0,1,0,0,0,0,1,0,0,0,0,0,0,0,0,0,0,0,0,0,0,0,0,0,1,0,0,0,0,0,0,0,0,0,0,0,0,0,0,1,0,0,0,0,1,0,0,0,0,1578,1062,0,8,131.5,1,0,1.0,0.1666666666666666,5.0,1,9,60,58,1,0,2,0,0,0,0,0.3455696202531645,1,18,25,9,15,0.499683343888537
108,108,109,50,85.0,8500,4,2,5,7,1919,2005,0.0,3,3,3,3,1,1,0,1,0,793,793,2,0,2,997,520,0,1517,0,0,2,0,3,1,2,7,7,0,0,0,0,144,0,0,0,0.0,0,0,8,2007,11.652696102959752,0,0,0,1,0,0,0,0,0,0,0,0,1,0.0,0,False,False,False,False,False,0.0,0.0,5,0,0,0,1,1,0,0,0,1,0,0,1,0,0,0,0,0,0,0,0,0,0,0,0,0,1,0,0,0,0,0,0,0,0,0,0,0,0,0,1,0,0,0,0,0,0,0,0,0,0,0,0,0,0,0,0,0,0,0,0,0,0,0,0,0,0,1,0,0,0,0,1,0,0,0,0,0,0,0,0,0,0,1,0,0,0,0,0,0,0,0,0,0,0,0,0,1,0,0,0,0,0,0,0,0,0,0,0,0,1,0,0,0,0,2310,1517,144,11,189.625,2,1,2.0,0.25,10.0,1,4,88,2,1,1,1,144,1,144,0,0.0,0,18,35,9,12,0.656425789701428
109,109,110,20,105.0,11751,4,2,6,6,1977,1977,480.0,3,3,4,3,1,4,705,1,0,1139,1844,4,1,4,1844,0,0,1844,0,0,2,0,3,1,3,7,7,546,2,0,122,0,0,0,0,2.0,0,0,1,2010,12.154784614286667,0,0,0,1,0,0,0,0,0,0,0,0,0,2.0,2,True,False,False,False,False,3.0,2.079441541679836,6,0,0,1,0,1,0,0,0,0,0,0,1,0,0,0,1,0,1,0,0,0,0,0,0,0,1,0,0,0,0,0,0,0,0,0,0,0,0,0,0,0,0,0,0,1,0,0,0,0,0,0,0,0,0,0,0,0,0,0,0,1,0,0,0,0,0,0,0,1,0,0,1,0,0,0,0,0,0,0,0,0,0,0,0,0,0,1,0,0,0,0,0,0,0,0,0,0,0,0,0,0,1,0,0,0,0,0,1,0,1,0,0,0,0,3688,2549,122,11,230.5,1,0,2.0,0.25,12.0,1,9,33,33,0,0,2,122,1,122,0,0.3821138211382114,1,24,36,9,16,0.4998644619137978
110,110,111,50,75.0,9525,4,2,6,4,1954,1972,0.0,3,3,3,2,1,3,444,1,0,550,994,3,1,4,1216,639,0,1855,0,0,2,0,4,1,3,7,7,325,2,182,0,0,0,0,0,0.0,0,0,10,2006,11.827013315851762,0,0,0,1,0,0,0,0,0,0,0,0,1,2.0,2,True,False,False,False,False,0.0,0.0,6,0,0,1,0,1,0,0,0,1,0,0,1,0,0,0,1,0,1,0,0,0,0,0,0,0,1,0,0,0,0,0,0,0,0,0,0,0,1,0,0,0,0,0,0,0,0,0,0,0,0,0,0,0,0,0,0,0,0,0,0,0,0,0,0,0,0,1,0,0,0,0,1,0,0,0,0,0,0,0,0,0,0,0,0,0,0,0,0,0,0,1,0,0,0,0,0,0,0,0,0,0,0,0,0,0,1,0,0,0,1,0,0,0,0,2849,2299,182,12,231.875,2,1,2.0,0.25,12.0,1,9,52,34,1,0,2,0,0,182,0,0.4462311557788945,1,12,24,9,15,0.6508771929824562
111,111,112,80,0.0,7750,4,2,7,5,2000,2000,0.0,3,3,4,3,1,6,250,1,0,134,384,4,1,4,774,656,0,1430,0,0,2,1,3,1,3,7,7,400,2,180,0,0,0,0,0,0.0,0,0,4,2010,12.100717685412471,0,0,0,1,0,0,0,0,0,0,0,0,1,2.0,3,False,False,True,False,False,3.0,2.079441541679836,6,0,0,1,0,1,0,0,0,0,0,0,1,0,0,0,1,0,1,0,0,0,0,0,0,0,1,0,0,0,0,0,0,0,0,0,0,0,0,1,0,0,0,0,0,0,0,0,0,0,0,0,0,0,0,0,0,0,0,0,0,0,0,0,0,0,1,1,0,0,0,0,1,0,0,0,0,0,0,0,0,0,0,0,0,0,0,0,0,0,1,0,0,0,0,0,0,0,0,0,0,0,0,0,0,1,0,0,0,0,0,1,0,0,0,1814,1680,180,11,178.75,2,1,2.5,0.3125,17.5,1,9,10,10,0,1,4,0,0,180,0,0.6493506493506493,1,24,35,9,17,0.7878787878787878
112,112,113,60,77.0,9965,4,2,7,5,2007,2007,220.0,4,3,5,3,3,6,984,1,0,280,1264,4,1,4,1282,1414,0,2696,1,0,2,1,4,1,5,10,7,792,2,120,184,0,0,168,0,0.0,0,0,10,2007,12.85832230788469,0,0,0,0,1,0,0,0,0,0,1,0,0,2.0,4,False,False,True,False,False,4.0,2.772588722239781,6,0,0,1,0,1,0,0,0,1,0,0,1,0,0,0,1,0,1,0,0,0,0,0,0,0,1,0,0,0,0,0,0,0,0,0,1,0,0,0,0,0,0,0,0,0,0,0,0,0,0,0,0,0,0,0,0,0,0,0,0,0,0,0,1,0,0,1,0,0,0,0,1,0,0,0,0,0,0,0,0,0,0,0,0,0,0,0,0,0,1,0,0,0,0,0,0,0,0,0,0,0,0,0,0,1,0,0,0,1,0,1,0,0,0,3960,3680,472,15,245.0909090909091,2,1,3.5,0.3181818181818182,24.5,1,25,0,0,0,1,4,352,1,472,0,0.7778656126482213,1,60,35,12,20,0.6806362029790457
113,113,114,20,0.0,21000,4,2,6,5,1953,1953,184.0,3,4,4,3,2,5,35,3,869,905,1809,2,1,4,2259,0,0,2259,1,0,2,0,3,1,4,7,7,450,2,166,120,192,0,0,0,2.0,0,0,10,2007,12.28765724080691,0,0,0,0,0,0,0,0,0,0,0,0,0,2.0,2,False,True,False,False,False,4.0,4.394449154672439,6,0,0,1,0,1,0,0,0,1,0,0,0,0,0,0,0,0,1,0,0,0,0,0,0,0,1,0,0,0,0,0,0,0,0,0,0,1,0,0,0,0,0,0,0,0,0,0,0,0,0,0,0,0,0,0,0,0,0,0,0,1,0,0,0,0,0,0,0,1,0,0,1,0,0,0,0,0,0,0,0,0,0,0,0,0,0,0,0,0,0,1,0,0,0,0,0,0,0,0,0,0,0,0,0,0,1,0,1,0,1,0,0,0,0,4068,3163,478,11,282.375,1,0,3.0,0.375,18.0,1,16,54,54,0,0,2,312,1,478,0,0.4994475138121547,1,36,30,12,15,0.5551732612435488
114,114,115,70,61.0,7259,4,1,6,8,1945,2002,0.0,3,3,3,3,1,5,774,2,150,104,1028,4,1,4,1436,884,0,2320,1,0,2,1,3,1,4,9,7,180,2,224,0,0,0,0,0,2.0,0,0,7,2007,12.466515835145202,0,0,0,1,0,0,0,0,0,0,0,0,1,2.0,1,False,False,False,False,True,3.0,2.079441541679836,6,0,0,1,0,1,0,0,0,0,0,0,1,0,0,0,1,0,1,0,0,0,0,0,0,0,1,0,0,0,0,0,0,0,0,0,0,1,0,0,0,0,0,0,0,0,0,0,0,0,0,0,0,0,0,0,0,0,0,0,0,0,0,0,1,0,0,0,1,0,0,0,1,0,0,0,0,0,0,0,0,0,0,0,0,0,0,0,0,0,0,1,0,0,0,0,0,0,0,0,0,0,0,0,0,0,1,0,0,0,1,0,0,0,0,3348,3244,224,13,232.0,2,1,3.5,0.35,21.0,1,16,62,5,1,1,1,0,0,224,0,0.8979591836734694,1,18,48,9,17,0.692744102717229
115,115,116,160,34.0,3230,4,2,6,5,1999,1999,1129.0,3,3,4,3,1,6,419,1,0,310,729,3,1,4,729,729,0,1458,0,0,2,1,2,1,3,5,7,440,2,0,32,0,0,0,0,0.0,0,0,6,2007,12.07824495582233,0,0,0,1,0,0,0,0,0,0,0,0,1,2.0,3,False,False,False,False,True,2.0,1.3862943611198906,6,1,0,0,0,1,1,0,0,1,0,0,1,0,0,0,0,0,1,0,0,0,0,0,0,0,1,0,0,0,0,0,0,0,0,0,0,0,0,0,0,0,0,0,0,0,0,0,0,0,0,0,1,0,0,0,0,0,0,1,0,0,0,0,1,0,0,1,0,0,0,0,1,0,0,0,0,0,0,0,0,0,0,0,0,0,1,0,0,0,0,0,0,0,0,0,0,0,0,0,1,0,0,0,0,0,0,0,1,0,0,1,0,0,0,2187,1877,32,8,243.0,2,1,2.5,0.4166666666666667,15.0,1,9,8,8,0,1,4,32,1,32,0,0.5739726027397261,1,24,30,9,15,0.6663619744058501
116,116,117,20,0.0,11616,4,2,5,5,1962,1962,116.0,3,3,3,3,1,2,170,4,670,252,1092,2,1,4,1092,0,0,1092,0,1,1,0,3,1,3,6,7,288,2,0,20,144,0,0,0,0.0,0,0,9,2009,11.842236406331557,0,0,0,1,0,0,0,0,0,0,0,0,1,2.0,2,True,False,False,False,False,1.0,0.6931471805599453,6,0,0,1,0,1,0,0,0,1,0,0,1,0,0,0,1,0,1,0,0,0,0,0,0,0,1,0,0,0,0,0,0,0,0,0,0,0,0,0,0,0,0,0,0,0,0,0,0,0,1,0,0,0,0,0,0,0,0,0,0,1,0,0,0,0,0,1,0,0,0,0,1,0,0,0,0,0,0,0,0,0,0,0,0,0,0,0,0,0,0,1,0,0,0,0,0,0,0,0,0,0,0,0,0,0,1,0,1,0,1,0,0,0,0,2184,1932,164,10,156.0,1,0,1.5,0.2142857142857142,7.5,1,9,47,47,0,0,2,164,1,164,0,0.7685269899359561,1,18,25,9,13,0.4997711670480549
117,117,118,20,74.0,8536,4,2,5,5,2006,2007,0.0,3,3,4,3,1,1,0,1,0,1125,1125,3,1,4,1125,0,0,1125,0,0,1,1,2,1,3,5,7,430,2,80,64,0,0,0,0,0.0,0,0,4,2007,11.951186847493476,0,0,0,0,1,0,0,0,0,0,1,0,0,2.0,4,True,False,False,False,False,0.0,0.0,6,0,0,1,0,1,0,0,0,1,0,0,1,0,0,0,0,0,1,0,0,0,0,0,0,0,1,0,0,0,0,0,0,0,0,0,0,0,1,0,0,0,0,0,0,0,0,0,0,0,0,0,0,0,0,0,0,0,0,0,0,1,0,0,0,0,0,1,0,0,0,0,1,0,0,0,0,0,0,0,0,0,0,0,0,0,0,0,0,0,1,0,0,0,0,0,0,0,0,0,0,0,0,0,0,1,0,0,0,0,0,1,0,0,0,2250,1125,144,8,187.5,1,0,1.5,0.25,7.5,1,9,1,0,1,1,4,64,1,144,0,0.0,0,24,25,9,14,0.4997778764993336
118,118,119,60,90.0,12376,4,2,7,5,1990,1990,0.0,3,3,4,3,2,6,1470,1,0,203,1673,3,1,4,1699,1523,0,3222,1,0,3,0,5,1,4,11,7,594,2,367,0,0,0,0,0,0.0,0,0,5,2010,12.676079399771028,0,0,0,1,0,0,0,0,0,0,0,0,1,2.0,3,True,False,False,False,False,3.0,3.295836866004329,6,0,0,1,0,1,0,0,0,1,0,0,1,0,0,0,0,0,1,0,0,0,0,0,0,0,1,0,0,0,0,0,0,0,0,0,0,0,0,0,0,0,0,0,0,0,0,0,0,0,0,1,0,0,0,0,0,0,0,0,0,0,0,0,1,0,0,0,0,1,0,0,1,0,0,0,0,0,0,0,0,0,0,0,0,0,0,1,0,0,0,0,0,0,0,0,0,0,0,0,0,0,1,0,0,0,0,0,0,0,0,1,0,0,0,4895,4692,367,17,268.5,2,1,4.0,0.3333333333333333,28.0,1,16,20,20,0,0,3,0,0,367,0,0.8781362007168458,1,36,35,9,17,0.6580882352941176
119,119,120,60,65.0,8461,4,2,6,5,2005,2006,0.0,4,3,4,3,1,1,0,1,0,728,728,4,1,4,728,728,0,1456,0,0,2,1,3,1,4,8,7,390,2,0,24,0,0,0,0,0.0,0,0,7,2006,12.0075668272517,0,0,0,0,1,0,0,0,0,0,1,0,0,2.0,4,True,False,False,False,False,4.0,2.772588722239781,6,0,0,1,0,1,0,0,0,1,0,0,1,0,0,0,1,0,1,0,0,0,0,0,0,0,1,0,0,0,0,0,0,0,0,0,1,0,0,0,0,0,0,0,0,0,0,0,0,0,0,0,0,0,0,0,0,0,0,0,0,0,0,0,1,0,0,1,0,0,0,0,1,0,0,0,0,0,0,0,0,0,0,0,0,0,0,0,0,0,1,0,0,0,0,0,0,0,0,0,0,0,0,0,0,1,0,0,0,0,0,1,0,0,0,2184,1456,24,12,161.77777777777777,2,1,2.5,0.2777777777777778,15.0,1,16,1,0,1,1,4,24,1,24,0,0.0,0,24,30,12,18,0.6663615560640732
120,120,121,80,0.0,21453,4,0,6,5,1969,1969,0.0,3,3,3,3,4,5,938,1,0,0,938,4,1,4,988,0,0,988,1,0,1,0,1,1,3,4,7,540,2,0,130,0,130,0,0,0.0,0,0,10,2006,12.100717685412471,0,0,0,1,0,0,0,0,0,0,0,0,1,2.0,2,True,False,False,False,False,3.0,3.295836866004329,6,0,0,1,0,1,0,0,0,0,0,1,0,1,0,0,0,0,1,0,0,0,0,0,0,0,1,0,0,0,0,0,0,0,0,1,0,0,0,0,0,0,0,0,0,0,0,0,0,0,0,0,0,0,0,0,0,0,0,0,0,0,0,0,0,0,1,0,0,0,0,0,0,0,1,0,0,0,0,0,0,0,0,0,0,0,0,1,0,0,0,0,0,0,0,0,0,0,0,0,0,0,1,0,0,0,0,0,0,0,1,0,0,0,0,1926,1926,260,6,197.6,1,0,2.0,0.4,12.0,1,9,37,37,0,0,2,260,1,260,0,0.9989350372736954,1,45,30,9,16,0.5127140633108459
121,121,122,50,50.0,6060,4,2,4,5,1939,1950,0.0,3,3,3,3,1,1,0,1,0,732,732,3,1,4,772,351,0,1123,0,0,1,0,3,1,3,4,7,264,1,0,0,140,0,0,0,2.0,0,0,6,2007,11.51293546492023,0,0,0,1,0,0,0,0,0,0,0,0,1,2.0,2,False,False,False,False,True,0.0,0.0,6,0,0,0,1,1,0,0,0,1,0,0,1,0,0,0,1,0,1,0,0,0,0,0,0,0,1,0,0,0,0,0,0,0,0,0,0,0,0,0,1,0,0,0,0,0,0,0,0,0,0,0,0,0,0,0,0,0,0,0,0,0,0,0,0,0,0,1,0,0,0,0,1,0,0,0,0,0,0,0,0,0,0,0,0,0,0,0,0,0,0,0,0,0,0,0,0,0,0,0,0,0,0,0,0,0,0,0,0,0,0,1,0,0,0,1855,1123,140,8,224.6,2,1,1.0,0.2,4.0,1,9,68,57,1,0,1,140,1,140,0,0.0,0,18,20,9,13,0.6050646551724138
122,122,123,20,75.0,9464,4,2,6,7,1958,1958,135.0,3,4,3,3,1,4,570,1,0,510,1080,3,1,4,1080,0,0,1080,0,0,1,0,3,1,3,5,7,288,2,0,0,0,0,130,0,0.0,0,0,6,2008,11.820417517632333,0,0,0,1,0,0,0,0,0,0,0,0,1,2.0,2,True,False,False,False,False,0.0,0.0,6,0,0,1,0,1,0,0,0,1,0,0,1,0,0,0,0,0,1,0,0,0,0,0,0,0,1,0,0,0,0,0,0,0,0,0,0,0,0,0,0,0,0,1,0,0,0,0,0,0,0,0,0,0,0,0,0,0,0,0,0,1,0,0,0,0,0,0,0,1,0,0,1,0,0,0,0,0,0,0,0,0,0,0,0,0,1,0,0,0,0,0,0,0,0,0,0,0,0,0,1,0,0,0,0,0,0,0,1,0,1,0,0,0,0,2160,1650,130,9,180.0,1,0,1.0,0.1666666666666666,6.0,1,9,50,50,0,0,2,130,1,130,0,0.5272895467160037,1,18,42,12,15,0.4997686256362795
123,123,124,120,55.0,7892,4,2,6,5,1993,1993,0.0,4,3,4,3,1,6,300,1,0,899,1199,4,1,4,1199,0,0,1199,0,0,2,0,2,1,4,5,7,530,2,0,63,0,0,0,0,0.0,0,0,3,2008,11.944064817531656,0,0,0,1,0,0,0,0,0,0,0,0,1,2.0,3,True,False,False,False,False,0.0,0.0,6,0,0,1,0,1,0,0,0,1,0,0,1,0,0,0,1,0,1,0,0,0,0,0,0,0,1,0,0,0,0,0,0,0,0,0,0,0,0,0,0,0,0,0,0,0,0,0,0,0,0,1,0,0,0,0,0,0,0,1,0,1,0,0,0,0,0,1,0,0,0,0,1,0,0,0,0,0,0,0,0,0,0,0,0,0,0,1,0,0,0,0,0,0,0,0,0,0,0,0,0,0,1,0,0,0,0,0,0,0,0,1,0,0,0,2398,1499,63,8,199.83333333333331,1,0,2.0,0.3333333333333333,12.0,1,16,15,15,0,0,3,63,1,63,0,0.25,1,24,30,12,18,0.499791579824927
124,124,125,20,48.0,17043,4,2,6,5,1979,1998,0.0,3,4,4,2,1,1,0,1,0,1362,1362,2,1,4,1586,0,0,1586,0,0,2,0,3,1,3,7,7,435,2,192,0,0,0,0,0,0.0,0,0,1,2009,12.10625783509458,0,0,0,1,0,0,0,0,0,0,0,0,1,2.0,2,True,False,False,False,False,3.0,2.079441541679836,6,0,0,1,0,1,0,0,0,0,0,0,1,1,0,0,0,0,1,0,0,0,0,0,0,0,1,0,0,0,0,0,0,0,0,0,0,0,0,0,0,0,0,0,0,1,0,0,0,0,0,0,0,0,0,0,0,0,0,0,0,1,0,0,0,0,0,1,0,0,0,0,1,0,0,0,0,0,0,0,0,0,0,0,1,0,0,0,0,0,0,0,0,0,0,0,0,0,1,0,0,0,0,0,0,0,0,0,0,0,1,0,0,0,0,2948,1586,192,11,198.25,1,0,2.0,0.25,12.0,1,9,30,11,1,0,3,0,0,192,0,0.0,0,16,30,12,14,0.5378094269243812
125,125,126,190,60.0,6780,4,2,6,8,1935,1982,0.0,3,2,3,3,3,6,490,1,0,30,520,3,0,4,520,0,234,754,1,0,1,0,2,1,3,5,7,0,0,53,0,0,0,0,0,0.0,0,0,6,2006,11.344518647594766,0,0,0,1,0,0,0,0,0,0,0,0,1,0.0,0,False,False,False,False,False,0.0,0.0,6,0,0,0,1,1,0,0,0,1,0,0,1,0,0,0,1,0,1,0,0,0,0,0,0,0,1,0,0,0,0,0,0,0,0,0,0,0,0,0,1,0,0,0,0,0,0,0,0,0,0,0,0,0,0,0,1,0,0,0,0,0,0,0,0,0,0,1,0,0,0,0,1,0,0,0,0,0,0,0,0,0,0,0,0,0,0,0,0,0,0,1,0,0,0,0,0,0,0,0,0,0,0,0,0,0,1,0,0,0,1,0,0,0,0,1040,1010,53,8,125.66666666666669,1,0,2.0,0.3333333333333333,12.0,1,9,71,24,1,0,1,0,0,53,0,0.9404990403071016,1,36,48,6,15,0.7243035542747358
126,126,127,120,0.0,4928,4,2,6,5,1976,1976,0.0,3,3,4,3,1,5,120,1,0,958,1078,2,1,4,958,0,0,958,0,0,2,0,2,1,3,5,7,440,2,0,205,0,0,0,0,0.0,0,0,2,2007,11.759793355371237,0,0,0,1,0,0,0,0,0,0,0,0,1,2.0,2,True,False,False,False,False,3.0,2.079441541679836,6,0,0,1,0,1,0,0,0,0,0,0,1,0,0,0,1,0,1,0,0,0,0,0,0,0,1,0,0,0,0,0,0,0,0,0,0,0,0,0,0,0,0,0,1,0,0,0,0,0,0,0,0,0,0,0,0,0,0,1,0,1,0,0,0,0,0,1,0,0,0,0,1,0,0,0,0,0,0,0,0,0,0,0,0,0,0,1,0,0,0,0,0,0,0,0,0,0,0,0,0,0,1,0,0,0,0,0,0,0,1,0,0,0,0,2036,1078,205,8,159.66666666666666,1,0,2.0,0.3333333333333333,12.0,1,9,31,31,0,0,2,205,1,205,0,0.1112140871177015,1,24,30,9,14,0.4702994599901816
127,127,128,45,55.0,4388,4,2,5,7,1930,1950,0.0,3,4,3,3,1,2,116,1,0,556,672,4,1,4,840,0,0,840,0,0,1,0,3,1,3,5,7,0,0,0,0,0,0,0,0,0.0,0,0,6,2007,11.373674891823535,0,0,0,1,0,0,0,0,0,0,0,0,1,0.0,0,False,False,False,False,False,3.0,2.079441541679836,6,0,0,0,1,1,0,0,0,0,0,0,0,0,0,0,1,1,0,0,0,0,0,0,0,0,1,0,0,0,0,0,0,0,0,0,0,0,0,0,0,0,0,0,0,0,0,0,1,0,0,0,0,0,0,0,0,0,0,0,1,0,0,0,0,0,0,1,0,0,0,0,1,0,0,0,0,0,0,0,0,0,0,0,0,0,0,0,0,0,0,0,1,0,0,0,0,0,0,0,0,0,0,0,0,0,1,0,0,0,0,0,0,0,0,1512,956,0,9,140.0,1,0,1.0,0.1666666666666666,5.0,1,9,77,57,1,0,1,0,0,0,0,0.1723625557206538,1,18,35,12,15,0.5551883674818242
128,128,129,60,69.0,7590,4,2,6,5,1966,1966,266.0,3,3,3,3,1,4,512,1,0,148,660,2,1,4,660,688,0,1348,0,0,1,1,3,1,3,6,7,453,2,188,108,0,0,0,0,0.0,0,0,7,2006,11.951186847493476,0,0,0,1,0,0,0,0,0,0,0,0,1,2.0,2,True,False,False,False,False,2.0,1.3862943611198906,6,0,0,1,0,1,0,0,0,1,0,0,1,0,0,0,1,0,0,0,1,0,0,0,0,0,1,0,0,0,0,0,0,0,0,0,0,0,0,0,0,0,0,1,0,0,0,0,0,0,0,0,0,0,0,0,0,0,0,0,0,0,0,0,1,0,0,1,0,0,0,0,1,0,0,0,0,0,0,0,0,0,0,0,0,0,0,0,0,0,1,0,0,0,0,0,0,0,0,0,0,0,0,0,0,1,0,0,1,0,1,0,0,0,0,2008,1860,296,10,192.57142857142856,2,1,1.5,0.2142857142857142,9.0,1,9,40,40,0,0,2,108,1,296,0,0.7745839636913767,1,18,30,9,14,0.670980587356894
129,129,130,20,69.0,8973,4,2,5,7,1958,1991,85.0,3,3,3,3,1,3,567,4,28,413,1008,2,1,3,1053,0,0,1053,0,1,1,1,3,1,5,6,7,750,2,0,80,0,180,0,0,0.5,0,0,7,2006,11.918397239722838,0,0,0,0,0,0,0,0,0,0,0,0,1,2.0,3,False,False,False,False,False,0.0,0.0,6,0,0,1,0,1,0,0,0,1,0,0,1,0,0,0,1,0,1,0,0,0,0,0,0,0,1,0,0,0,0,0,0,0,0,0,0,0,0,0,0,0,0,1,0,0,0,0,0,0,0,0,0,0,0,0,0,0,0,0,0,1,0,0,0,0,0,1,0,0,0,0,1,0,0,0,0,0,0,0,0,0,0,0,0,0,0,1,0,0,0,0,0,0,0,0,0,0,0,0,0,0,1,0,0,0,0,0,1,0,1,0,0,0,0,2061,1648,260,10,150.42857142857142,1,0,2.0,0.2857142857142857,10.0,1,25,48,15,1,0,2,260,1,260,0,0.5896927651139743,1,18,35,9,15,0.5106692531522793
130,130,131,60,88.0,14200,4,2,7,6,1966,1966,309.0,3,3,3,3,1,3,445,1,0,479,924,4,1,4,1216,941,0,2157,0,0,2,1,4,1,4,8,7,487,2,105,66,0,0,0,0,3.0,0,0,5,2006,12.328294703023394,0,0,0,1,0,0,0,0,0,0,0,0,1,2.0,2,True,False,False,False,False,4.0,4.394449154672439,6,0,0,1,0,1,0,0,0,1,0,0,1,0,0,0,0,0,1,0,0,0,0,0,0,0,1,0,0,0,0,0,0,0,0,0,0,0,0,0,0,0,0,1,0,0,0,0,0,0,0,0,0,0,0,0,0,0,0,0,0,0,0,0,1,0,0,1,0,0,0,0,1,0,0,0,0,0,0,0,0,0,0,0,0,0,1,0,0,0,0,0,0,0,0,0,0,0,0,0,1,0,0,0,0,0,0,0,1,0,1,0,0,0,0,3081,2602,171,13,239.66666666666663,2,1,2.5,0.2777777777777778,17.5,1,16,40,40,0,0,2,66,1,171,0,0.4810810810810811,1,18,42,9,18,0.6998702141466581
131,131,132,60,0.0,12224,4,2,6,5,2000,2000,40.0,4,3,4,3,1,6,695,1,0,297,992,4,1,4,1022,1032,0,2054,1,0,2,1,3,1,4,7,7,390,2,24,48,0,0,0,0,0.0,0,0,7,2009,12.404927602627597,0,0,0,1,0,0,0,0,0,0,0,0,1,2.0,3,False,False,True,False,False,3.0,2.079441541679836,6,0,0,1,0,1,0,0,0,0,0,0,1,0,0,0,0,0,1,0,0,0,0,0,0,0,1,0,0,0,0,0,0,0,0,0,0,0,0,1,0,0,0,0,0,0,0,0,0,0,0,0,0,0,0,0,0,0,0,0,0,0,0,0,1,0,0,1,0,0,0,0,1,0,0,0,0,0,0,0,0,0,0,0,0,0,0,0,0,0,1,0,0,0,0,0,0,0,0,0,0,0,0,0,0,1,0,0,1,0,0,1,0,0,0,3046,2749,72,11,256.75,2,1,3.5,0.4375,21.0,1,16,9,9,0,1,4,48,1,72,0,0.6998992950654582,1,24,30,12,18,0.674105677715786
132,132,133,20,75.0,7388,4,2,5,6,1959,2002,0.0,3,3,3,3,1,3,405,1,0,658,1063,3,1,4,1327,0,0,1327,1,0,1,0,3,1,4,7,7,624,2,0,0,0,0,0,0,0.0,0,0,7,2007,11.9233847480666,0,0,0,1,0,0,0,0,0,0,0,0,1,2.0,2,False,False,False,False,True,0.0,0.0,6,0,0,1,0,1,0,0,0,1,0,0,1,0,0,0,0,0,1,0,0,0,0,0,0,0,1,0,0,0,0,0,0,0,0,0,0,0,0,0,0,0,0,1,0,0,0,0,0,0,0,0,0,0,0,0,0,0,0,0,0,1,0,0,0,0,0,1,0,0,0,0,1,0,0,0,0,0,0,0,0,0,0,0,0,0,1,0,0,0,0,0,0,0,0,0,0,0,0,0,1,0,0,0,0,0,0,0,0,0,1,0,0,0,0,2390,1732,0,11,165.875,1,0,2.0,0.25,10.0,1,16,48,5,1,1,2,0,0,0,0,0.3806390977443609,1,18,30,9,15,0.5549979088247595
133,133,134,20,0.0,6853,4,2,8,5,2001,2002,136.0,4,3,5,3,1,6,1005,1,0,262,1267,4,1,4,1296,0,0,1296,1,0,2,0,2,1,4,6,7,471,2,192,25,0,0,0,0,0.0,0,0,6,2009,12.301387370778713,0,0,0,1,0,0,0,0,0,0,0,0,1,2.0,4,True,False,False,False,False,0.0,0.0,6,0,0,1,0,1,0,0,0,0,0,0,1,0,0,0,1,0,1,0,0,0,0,0,0,0,1,0,0,0,0,0,0,0,0,0,0,0,0,0,0,0,0,0,0,0,0,0,0,0,0,0,0,0,1,0,0,0,0,0,0,1,0,0,0,0,0,1,0,0,0,0,1,0,0,0,0,0,0,0,0,0,0,0,0,0,0,0,0,0,1,0,0,0,0,0,0,0,0,0,0,0,0,0,0,1,0,0,1,0,0,1,0,0,0,2563,2301,217,9,185.14285714285717,1,0,3.0,0.4285714285714285,24.0,1,16,8,7,1,1,4,25,1,217,0,0.7925867507886435,1,30,40,12,20,0.5054602184087363
134,134,135,20,78.0,10335,4,2,5,6,1968,1993,0.0,3,3,3,3,1,3,570,1,0,891,1461,3,1,4,1721,0,0,1721,0,0,2,1,3,1,3,7,6,440,2,0,96,180,0,0,0,2.0,0,0,7,2006,12.100717685412471,0,0,0,1,0,0,0,0,0,0,0,0,1,2.0,2,True,False,False,False,False,3.0,2.079441541679836,6,0,0,1,0,1,0,0,0,0,0,0,1,0,0,0,1,0,1,0,0,0,0,0,0,0,1,0,0,0,0,0,0,0,0,0,0,0,0,0,0,0,0,0,0,0,0,0,0,0,1,0,0,0,0,0,0,0,0,0,0,1,0,0,0,0,0,1,0,0,0,0,1,0,0,0,0,0,0,0,0,0,0,0,0,0,0,1,0,0,0,0,0,0,0,0,0,0,0,0,0,0,1,0,0,0,0,0,0,0,1,0,0,0,0,3182,2291,276,11,215.125,1,0,2.5,0.3125,12.5,1,9,38,13,1,0,2,276,1,276,0,0.3898768809849521,1,18,30,9,14,0.5406848884699968
135,135,136,20,80.0,10400,4,2,7,6,1970,1970,288.0,3,3,3,3,1,1,0,1,0,1304,1304,3,1,4,1682,0,0,1682,0,0,2,0,3,1,3,7,7,530,2,98,0,0,0,0,0,2.0,0,0,5,2008,12.066816325306588,0,0,0,1,0,0,0,0,0,0,0,0,1,2.0,2,True,False,False,False,False,4.0,2.772588722239781,6,0,0,1,0,1,0,0,0,1,0,0,1,0,0,0,1,0,1,0,0,0,0,0,0,0,1,0,0,0,0,0,0,0,0,0,0,0,0,0,0,0,0,0,0,1,0,0,0,0,0,0,0,0,0,0,0,0,0,0,0,1,0,0,0,0,0,0,0,1,0,0,1,0,0,0,0,0,0,0,0,0,0,0,0,0,0,1,0,0,0,0,0,0,0,0,0,0,0,0,0,0,1,0,0,0,0,0,1,0,0,1,0,0,0,2986,1682,98,11,210.25,1,0,2.0,0.25,14.0,1,9,38,38,0,0,2,0,0,98,0,0.0,0,18,42,9,16,0.5631067961165048
136,136,137,20,0.0,10355,4,2,5,5,1967,1967,196.0,3,3,3,3,1,4,695,1,0,519,1214,2,1,4,1214,0,0,1214,0,0,2,0,3,1,3,5,7,318,2,0,111,0,0,0,0,0.0,0,0,7,2007,11.870606902224589,0,0,0,1,0,0,0,0,0,0,0,0,1,2.0,2,True,False,False,False,False,2.0,1.3862943611198906,6,0,0,1,0,1,0,0,0,0,0,0,1,0,0,0,0,0,1,0,0,0,0,0,0,0,1,0,0,0,0,0,0,0,0,0,0,0,0,0,0,0,0,1,0,0,0,0,0,0,0,0,0,0,0,0,0,0,0,0,0,1,0,0,0,0,0,1,0,0,0,0,1,0,0,0,0,0,0,0,0,0,0,0,0,0,1,0,0,0,0,0,0,0,0,0,0,0,0,0,1,0,0,0,0,0,0,0,1,0,1,0,0,0,0,2428,1909,111,9,202.33333333333331,1,0,2.0,0.3333333333333333,10.0,1,9,40,40,0,0,2,111,1,111,0,0.5720164609053497,1,18,25,9,13,0.4997941539728283
137,137,138,90,82.0,11070,4,2,7,5,1988,1989,70.0,3,3,3,3,1,1,0,1,0,1907,1907,3,1,4,1959,0,0,1959,0,0,3,0,5,2,3,9,7,766,2,0,0,0,0,0,0,0.0,0,0,7,2006,12.049424683420916,0,0,1,0,0,0,0,0,0,0,0,0,1,2.0,3,False,False,False,False,False,0.0,0.0,6,0,0,1,0,1,0,0,0,1,0,0,1,0,0,0,1,0,1,0,0,0,0,0,0,0,1,0,0,0,0,0,0,0,0,0,0,0,0,0,0,0,1,0,0,0,0,0,0,0,0,0,0,0,0,0,0,1,0,0,0,1,0,0,0,0,0,1,0,0,0,0,1,0,0,0,0,0,0,0,0,0,0,0,0,0,0,0,0,0,1,0,0,0,0,0,0,0,0,0,0,0,0,0,0,1,0,0,1,0,1,0,0,0,0,3866,1959,0,16,195.9,1,0,3.0,0.3,21.0,2,9,18,17,1,0,3,0,0,0,0,0.0,0,18,35,9,16,0.5065942591155935
138,138,139,60,73.0,9066,4,2,8,5,1999,2000,320.0,4,3,4,3,2,6,668,1,0,336,1004,4,1,4,1004,848,0,1852,0,0,2,1,3,1,4,7,7,660,2,224,106,0,0,0,0,3.0,0,0,12,2008,12.345838935721968,0,0,0,1,0,0,0,0,0,0,0,0,1,2.0,3,True,False,False,False,False,3.0,3.295836866004329,6,0,0,1,0,1,0,0,0,0,0,0,1,0,0,0,1,0,1,0,0,0,0,0,0,0,1,0,0,0,0,0,0,0,0,0,1,0,0,0,0,0,0,0,0,0,0,0,0,0,0,0,0,0,0,0,0,0,0,0,0,0,0,0,1,0,0,1,0,0,0,0,1,0,0,0,0,0,0,0,0,0,0,0,0,0,0,0,0,0,1,0,0,0,0,0,0,0,0,0,0,0,0,0,0,1,0,0,1,0,0,1,0,0,0,2856,2520,330,11,231.5,2,1,2.5,0.3125,20.0,1,16,9,8,1,1,4,106,1,330,0,0.6646766169154229,1,36,40,12,20,0.648232411620581
139,139,140,60,65.0,15426,4,2,6,5,1997,1997,0.0,3,3,4,3,1,6,821,1,0,107,928,4,1,4,928,836,0,1764,1,0,2,1,3,1,4,7,7,470,2,276,99,0,0,0,0,2.0,0,0,8,2009,12.352339472153524,0,0,0,1,0,0,0,0,0,0,0,0,1,2.0,3,True,False,False,False,False,0.0,0.0,6,0,0,1,0,1,0,0,0,0,0,0,1,0,0,0,1,0,1,0,0,0,0,0,0,0,1,0,0,0,0,0,0,0,0,0,1,0,0,0,0,0,0,0,0,0,0,0,0,0,0,0,0,0,0,0,0,0,0,0,0,0,0,0,1,0,0,1,0,0,0,0,1,0,0,0,0,0,0,0,0,0,0,0,0,0,0,0,0,0,1,0,0,0,0,0,0,0,0,0,0,0,0,0,0,1,0,0,0,0,0,1,0,0,0,2692,2585,375,11,220.5,2,1,3.5,0.4375,21.0,1,16,12,12,0,0,3,99,1,375,0,0.883745963401507,1,24,30,9,17,0.6550315633122912
140,140,141,20,70.0,10500,4,2,4,5,1971,1971,0.0,3,3,3,3,1,5,432,1,0,432,864,2,1,4,864,0,0,864,0,0,1,0,3,1,3,5,7,0,2,0,0,0,0,0,0,0.0,0,0,4,2010,11.652696102959752,0,0,0,1,0,0,0,0,1,0,0,0,0,0.0,0,False,False,False,False,False,1.0,0.6931471805599453,6,0,0,1,0,1,0,0,0,1,0,0,1,0,1,0,0,0,1,0,0,0,0,0,0,0,1,0,0,0,0,0,0,0,0,0,0,0,0,0,0,0,0,1,0,0,0,0,0,0,0,0,0,0,0,0,0,0,0,0,0,1,0,0,0,0,0,1,0,0,0,0,1,0,0,0,0,0,0,0,0,0,0,0,1,0,0,0,0,0,0,0,0,0,0,0,0,0,1,0,0,0,0,0,0,0,0,0,0,0,1,0,0,0,0,1728,1296,0,9,144.0,1,0,1.0,0.1666666666666666,4.0,1,9,39,39,0,0,2,0,0,0,0,0.499421965317919,1,18,20,9,12,0.4997108155002892
141,141,142,20,78.0,11645,4,2,7,5,2005,2005,0.0,4,3,4,3,3,6,1300,1,0,434,1734,4,1,4,1734,0,0,1734,1,0,2,0,3,1,4,7,7,660,2,160,24,0,0,0,0,0.0,0,0,1,2006,12.468440756144114,0,0,0,1,0,0,0,0,0,0,0,0,1,2.0,4,True,False,False,False,False,0.0,0.0,6,0,0,1,0,1,0,0,0,1,0,0,1,0,0,0,1,0,1,0,0,0,0,0,0,0,1,0,0,0,0,0,0,0,0,0,1,0,0,0,0,0,0,0,0,0,0,0,0,0,0,0,0,0,0,0,0,0,0,0,0,1,0,0,0,0,0,1,0,0,0,0,1,0,0,0,0,0,0,0,0,0,0,0,0,0,0,0,0,0,1,0,0,0,0,0,0,0,0,0,0,0,0,0,0,1,0,0,0,0,0,1,0,0,0,3468,3034,184,11,216.75,1,0,3.0,0.375,21.0,1,16,1,1,0,1,4,24,1,184,0,0.7492795389048992,1,48,35,12,19,0.4998558662438743
142,142,143,50,71.0,8520,4,2,5,4,1952,1952,0.0,3,2,3,3,1,3,507,1,0,403,910,1,1,4,910,475,0,1385,0,0,2,0,4,1,3,6,7,720,2,0,0,0,0,0,0,2.0,0,0,6,2010,12.01974909141692,0,0,0,1,0,0,0,0,0,0,0,0,1,2.0,3,False,False,False,False,True,0.0,0.0,6,0,0,1,0,1,0,0,0,1,0,0,1,0,0,0,0,0,0,0,0,0,0,0,0,0,1,0,0,0,0,0,0,0,0,0,0,0,0,0,0,0,0,1,0,0,0,0,0,0,0,0,0,0,0,0,0,0,0,0,0,0,0,0,0,0,0,1,0,0,0,0,1,0,0,0,0,0,0,0,0,1,0,0,0,0,0,0,0,0,0,0,0,0,0,0,0,0,0,0,0,0,0,0,0,0,1,0,0,0,1,0,0,0,0,2295,1892,0,11,197.8571428571429,2,1,2.0,0.2857142857142857,10.0,1,9,58,58,0,0,2,0,0,0,0,0.5565312843029637,1,18,20,6,12,0.6032229965156795
143,143,144,20,78.0,10335,4,2,7,5,1999,1999,183.0,4,3,4,3,4,6,679,1,0,811,1490,4,1,4,1501,0,0,1501,1,0,2,0,3,1,4,6,7,577,2,144,29,0,0,0,0,0.0,0,0,6,2009,12.225880174775122,0,0,0,1,0,0,0,0,0,0,0,0,1,2.0,3,True,False,False,False,False,0.0,0.0,6,0,0,1,0,1,0,0,0,0,0,0,1,0,0,0,1,0,1,0,0,0,0,0,0,0,1,0,0,0,0,0,0,0,0,0,1,0,0,0,0,0,0,0,0,0,0,0,0,0,0,0,0,0,0,0,0,0,0,0,0,1,0,0,0,0,0,1,0,0,0,0,1,0,0,0,0,0,0,0,0,0,0,0,0,0,0,0,0,0,1,0,0,0,0,0,0,0,0,0,0,0,0,0,0,1,0,0,1,0,0,1,0,0,0,2991,2180,173,10,214.42857142857144,1,0,3.0,0.4285714285714285,21.0,1,16,10,10,0,1,4,29,1,173,0,0.4553990610328638,1,60,35,12,19,0.5016711229946524
144,144,145,90,70.0,9100,4,2,5,5,1963,1963,336.0,3,3,3,3,1,3,1332,1,0,396,1728,2,1,4,1728,0,0,1728,1,0,2,0,6,2,3,10,7,504,2,0,0,0,0,0,0,0.0,0,0,11,2006,11.736077016252436,0,0,0,0,0,0,0,0,1,0,0,0,0,2.0,2,False,False,False,False,True,0.0,0.0,6,0,0,0,1,1,0,0,0,1,0,0,1,0,0,0,1,0,0,0,0,1,0,0,0,0,1,0,0,0,0,0,0,0,0,0,0,0,0,0,0,0,0,0,0,0,0,0,0,0,1,0,0,0,0,0,0,1,0,0,0,1,0,0,0,0,0,1,0,0,0,0,1,0,0,0,0,0,0,0,0,0,0,0,1,0,0,0,0,0,0,0,0,0,0,0,0,0,1,0,0,0,0,0,0,0,0,0,1,0,1,0,0,0,0,3456,3060,0,18,157.0909090909091,1,0,3.0,0.2727272727272727,15.0,2,9,43,43,0,0,2,0,0,0,0,0.7703875072296125,1,18,25,9,13,0.4998553659242117
145,145,146,160,24.0,2522,4,2,6,5,2004,2006,50.0,4,3,4,3,1,1,0,1,0,970,970,4,1,4,970,739,0,1709,0,0,2,0,3,1,4,7,3,380,2,0,40,0,0,0,0,0.0,0,0,4,2006,11.775297421715829,0,0,0,1,0,0,0,0,0,0,0,0,1,2.0,4,False,False,False,False,True,0.0,0.0,6,0,0,0,1,1,0,0,0,1,0,0,1,0,0,0,1,0,1,0,0,0,0,0,0,0,1,0,0,0,0,0,0,0,0,0,0,0,1,0,0,0,0,0,0,0,0,0,0,0,0,0,0,0,0,0,0,0,1,0,0,0,0,0,1,0,0,1,0,0,0,0,1,0,0,0,0,0,0,0,0,0,0,0,0,0,0,0,0,0,1,0,0,0,0,0,0,0,0,0,0,0,0,0,0,1,0,0,0,1,0,1,0,0,0,2679,1709,40,11,213.625,2,1,2.0,0.25,12.0,1,16,2,0,1,1,4,40,1,40,0,0.0,0,24,30,12,18,0.6376865671641792
146,146,147,30,51.0,6120,4,2,5,7,1931,1993,0.0,3,3,3,3,1,4,209,1,0,506,715,2,1,3,875,0,0,875,1,0,1,0,2,1,3,5,7,180,2,48,0,0,0,0,0,0.0,0,0,11,2009,11.561725152903833,0,0,0,1,0,0,0,0,0,0,0,0,1,2.0,1,False,False,False,False,True,0.0,0.0,6,0,0,0,1,1,0,0,0,1,0,0,1,0,0,0,0,0,1,0,0,0,0,0,0,0,1,0,0,0,0,0,0,0,1,0,0,0,0,0,0,0,0,0,0,0,0,0,0,0,0,0,0,0,0,0,0,0,0,0,0,1,0,0,0,0,0,1,0,0,0,0,1,0,0,0,0,0,0,0,0,0,0,0,0,0,0,0,0,0,0,1,0,0,0,0,0,0,0,0,0,0,0,0,0,0,1,0,0,0,0,0,0,0,0,1590,1084,48,8,145.83333333333334,1,0,2.0,0.3333333333333333,10.0,1,9,78,16,1,0,1,0,0,48,0,0.2918994413407821,1,18,35,9,13,0.5499685732243872
147,147,148,60,0.0,9505,4,2,7,5,2001,2001,180.0,4,3,4,3,1,1,0,1,0,884,884,4,1,4,884,1151,0,2035,0,0,2,1,3,1,4,8,7,434,2,144,48,0,0,0,0,0.0,0,0,5,2010,12.312686874960354,0,0,0,1,0,0,0,0,0,0,0,0,1,2.0,4,False,False,True,False,False,4.0,2.772588722239781,6,0,0,1,0,1,0,0,0,0,0,0,1,1,0,0,0,0,1,0,0,0,0,0,0,0,1,0,0,0,0,0,0,0,0,0,0,0,0,1,0,0,0,0,0,0,0,0,0,0,0,0,0,0,0,0,0,0,0,0,0,0,0,0,1,0,0,1,0,0,0,0,1,0,0,0,0,0,0,0,0,0,0,0,0,0,0,0,0,0,1,0,0,0,0,0,0,0,0,0,0,0,0,0,0,1,0,0,1,0,0,1,0,0,0,2919,2035,192,12,226.11111111111111,2,1,2.5,0.2777777777777778,17.5,1,16,9,9,0,1,4,48,1,192,0,0.0,0,24,35,12,19,0.696917808219178
148,148,149,20,63.0,7500,4,2,7,5,2004,2005,120.0,3,3,4,3,1,6,680,1,0,400,1080,4,1,4,1080,0,0,1080,1,0,1,0,3,1,4,6,7,0,2,0,0,0,0,0,0,0.0,0,0,4,2008,11.856522261533735,0,0,0,1,0,0,0,0,0,0,0,0,1,0.0,0,False,False,False,False,False,0.0,0.0,6,0,0,1,0,1,0,0,0,1,0,0,1,0,0,0,1,0,1,0,0,0,0,0,0,0,1,0,0,0,0,0,0,0,0,0,0,0,0,0,0,0,0,0,0,0,0,0,0,0,0,1,0,0,0,0,0,0,0,0,0,1,0,0,0,0,0,1,0,0,0,0,1,0,0,0,0,0,0,0,0,0,0,0,0,0,0,0,0,0,1,0,0,0,0,0,0,0,0,0,0,0,0,0,0,1,0,0,1,0,0,1,0,0,0,2160,1760,0,10,154.28571428571428,1,0,2.0,0.2857142857142857,14.0,1,16,4,3,1,1,4,0,0,0,0,0.6290471785383904,1,24,35,9,18,0.4997686256362795
149,149,150,50,0.0,6240,4,2,5,4,1936,1950,0.0,3,3,4,3,1,1,0,1,0,896,896,3,1,3,896,448,0,1344,0,0,1,0,3,1,3,7,7,240,2,200,114,0,0,0,0,0.0,0,0,4,2006,11.652696102959752,0,0,0,1,0,0,0,0,0,0,0,0,1,2.0,1,False,False,False,False,True,0.0,0.0,6,0,0,0,1,1,0,0,0,1,0,0,1,0,0,0,1,0,1,0,0,0,0,0,0,0,1,0,0,0,0,0,0,0,1,0,0,0,0,0,0,0,0,0,0,0,0,0,0,0,0,0,0,0,0,0,0,0,0,0,0,0,0,0,0,0,0,1,0,0,0,0,1,0,0,0,0,0,0,0,0,0,0,0,0,0,1,0,0,0,0,0,0,0,0,0,0,0,0,0,1,0,0,0,0,0,0,0,0,0,0,0,0,0,0,2240,1344,314,11,168.0,2,1,1.0,0.125,5.0,1,9,70,56,1,0,1,114,1,314,0,0.0,0,24,20,9,14,0.5997322623828648
150,150,151,20,120.0,10356,4,2,5,6,1975,1975,0.0,3,3,3,3,3,4,716,1,0,253,969,2,1,4,969,0,0,969,0,0,1,1,3,1,3,5,7,440,2,0,0,0,0,0,0,2.0,0,0,1,2007,11.711784520403112,0,0,0,1,0,0,0,0,0,0,0,0,1,2.0,2,True,False,False,False,False,0.0,0.0,6,0,0,1,0,1,0,0,0,1,0,0,1,0,0,0,0,0,1,0,0,0,0,0,0,0,1,0,0,0,0,0,0,0,0,0,1,0,0,0,0,0,0,0,0,0,0,0,0,0,0,0,0,0,0,0,0,0,0,0,0,1,0,0,0,0,0,1,0,0,0,0,1,0,0,0,0,0,0,0,0,0,0,0,1,0,0,0,0,0,0,0,0,0,0,0,0,0,1,0,0,0,0,0,0,0,0,0,0,0,1,0,0,0,0,1938,1685,0,9,161.5,1,0,1.5,0.25,7.5,1,9,32,32,0,0,2,0,0,0,0,0.7381443298969073,1,36,30,9,13,0.4997421351211965
151,151,152,20,107.0,13891,4,2,8,5,2007,2008,436.0,4,3,5,3,4,6,1400,1,0,310,1710,4,1,4,1710,0,0,1710,1,0,2,0,2,1,4,6,7,866,2,0,102,0,0,0,0,0.0,0,0,1,2008,12.82773188020652,0,0,0,0,1,0,0,0,0,0,1,0,0,2.0,4,True,False,False,False,False,4.0,2.772588722239781,6,0,0,1,0,1,0,0,0,1,0,0,1,0,0,0,1,0,1,0,0,0,0,0,0,0,1,0,0,0,0,0,0,0,0,0,0,0,0,0,0,0,0,0,0,0,0,1,0,0,0,0,0,0,0,0,0,0,0,0,0,1,0,0,0,0,0,0,0,1,0,0,1,0,0,0,0,0,0,0,0,0,0,0,0,0,0,0,0,0,1,0,0,0,0,0,0,0,0,0,0,0,0,0,0,1,0,0,0,1,0,1,0,0,0,3420,3110,102,9,244.28571428571428,1,0,3.0,0.4285714285714285,24.0,1,16,1,0,1,1,4,102,1,102,0,0.8182349503214494,1,75,40,12,20,0.4998538439052908
152,152,153,60,0.0,14803,4,2,6,5,1971,1971,252.0,3,3,3,3,1,3,416,1,0,409,825,3,1,4,1097,896,0,1993,0,0,2,1,4,1,3,8,7,495,2,0,66,0,0,0,0,1.0,0,0,6,2006,12.154784614286667,0,0,0,1,0,0,0,0,0,0,0,0,1,2.0,2,True,False,False,False,False,4.0,2.772588722239781,6,0,0,1,0,1,0,0,0,0,0,0,1,1,0,0,0,0,1,0,0,0,0,0,0,0,1,0,0,0,0,0,0,0,0,0,0,0,0,0,0,0,0,0,0,1,0,0,0,0,0,0,0,0,0,0,0,0,0,0,0,0,0,0,1,0,0,1,0,0,0,0,1,0,0,0,0,0,0,0,0,0,0,0,1,0,0,0,0,0,0,0,0,0,0,0,0,0,1,0,0,0,0,0,0,0,0,0,1,0,1,0,0,0,0,2818,2409,66,13,221.44444444444449,2,1,2.5,0.2777777777777778,15.0,1,9,35,35,0,0,2,66,1,66,0,0.5036319612590799,1,18,30,9,15,0.7069882937211778
153,153,154,20,0.0,13500,4,2,6,7,1960,1975,0.0,3,3,4,3,4,4,429,5,1080,93,1602,3,1,4,1252,0,0,1252,1,0,1,0,1,1,3,4,7,564,2,409,0,0,0,0,0,0.0,0,0,3,2008,12.367345048436391,0,0,0,1,0,0,0,0,0,0,0,0,1,2.0,2,True,False,False,False,False,4.0,2.772588722239781,6,0,0,1,0,1,0,0,0,1,0,0,1,0,0,0,1,0,1,0,0,0,0,0,0,0,1,0,0,0,0,0,0,0,0,1,0,0,0,0,0,0,0,0,0,0,0,0,0,0,0,0,0,0,0,0,0,0,0,0,0,1,0,0,0,0,0,0,0,0,0,0,1,0,0,0,0,0,0,0,0,1,0,0,0,0,0,0,0,0,0,0,0,0,0,0,0,0,0,0,0,0,1,0,0,0,0,0,0,0,1,0,0,0,0,2854,2761,409,6,250.4,1,0,2.0,0.4,12.0,1,9,48,33,1,0,2,0,0,409,0,0.9413599500935744,1,60,42,9,15,0.4385288966725044
154,154,155,30,84.0,11340,4,2,6,5,1923,1950,0.0,3,3,3,3,1,1,0,1,0,1200,1200,2,1,3,1200,0,0,1200,0,0,1,0,4,1,3,7,7,312,2,0,0,228,0,0,0,0.0,0,0,3,2006,11.736077016252436,0,0,1,0,0,0,0,0,0,0,0,0,1,2.0,1,False,False,False,False,True,0.0,0.0,6,0,0,0,1,1,0,0,0,1,0,0,1,0,0,0,0,0,1,0,0,0,0,0,0,0,1,0,0,0,0,0,0,0,0,0,0,0,0,0,0,0,0,0,0,0,0,0,1,0,0,0,0,0,0,0,0,0,0,0,0,1,0,0,0,0,0,1,0,0,0,0,1,0,0,0,0,0,0,0,0,0,0,0,0,0,0,0,0,0,0,1,0,0,0,0,0,0,0,0,0,0,0,0,0,0,1,0,0,0,0,0,0,0,0,2400,1200,228,12,150.0,1,0,1.0,0.125,6.0,1,9,83,56,1,0,1,228,1,228,0,0.0,0,18,30,9,14,0.4997917534360683
155,155,156,50,60.0,9600,4,2,6,5,1924,1950,0.0,3,3,3,3,1,1,0,1,0,572,572,1,0,2,572,524,0,1096,0,0,1,0,2,1,3,5,7,0,0,0,8,128,0,0,0,0.0,0,0,4,2008,11.277215789596893,0,0,0,1,0,0,0,0,0,0,0,0,1,0.0,0,False,False,False,False,False,0.0,0.0,1,0,0,1,0,1,0,0,0,1,0,0,1,0,0,0,0,0,0,0,0,0,0,0,0,0,1,0,0,0,0,0,0,0,0,0,0,0,1,0,0,0,0,0,0,0,0,0,0,0,0,0,0,0,0,0,0,0,0,0,0,0,0,0,0,0,0,1,0,0,0,0,1,0,0,0,0,0,0,0,0,0,0,0,0,0,0,0,0,0,0,1,0,0,0,0,0,0,0,0,0,0,0,0,0,0,1,0,0,0,0,0,0,0,0,1668,1096,136,8,182.66666666666663,2,1,1.0,0.1666666666666666,6.0,1,9,84,58,1,0,1,136,1,136,0,0.0,0,18,30,9,13,0.6566806470940683
156,156,157,20,60.0,7200,4,2,5,7,1950,1950,0.0,3,3,0,0,0,0,0,0,0,0,0,2,1,2,1040,0,0,1040,0,0,1,0,2,1,3,5,7,625,2,0,0,0,0,0,0,0.0,0,0,6,2006,11.603688960617085,0,0,0,1,0,0,0,0,0,0,0,0,1,2.0,1,False,False,False,False,True,0.0,0.0,6,0,0,1,0,1,0,0,0,1,0,0,1,0,0,0,1,0,1,0,0,0,0,0,0,0,1,0,0,0,0,0,0,0,0,0,0,0,0,0,0,0,0,1,0,0,0,0,0,0,0,0,0,0,0,0,0,0,0,0,0,1,0,0,0,0,0,0,0,1,0,0,1,0,0,0,0,0,0,0,0,0,0,0,0,0,0,0,0,0,0,1,0,0,0,0,0,0,0,0,0,0,0,0,0,0,1,0,0,0,1,0,0,0,0,1040,1040,0,8,173.33333333333334,1,0,1.0,0.1666666666666666,5.0,1,9,56,56,0,0,2,0,0,0,0,0.0,0,0,35,9,13,0.999039385206532
157,157,158,60,92.0,12003,4,2,8,5,2009,2010,84.0,4,3,5,3,1,1,0,1,0,774,774,4,1,4,774,1194,0,1968,0,0,2,1,4,1,5,8,7,680,2,0,75,0,0,0,0,0.0,0,0,5,2010,12.504327379899443,0,0,0,0,1,0,0,0,0,0,1,0,0,2.0,4,False,False,True,False,False,4.0,2.772588722239781,6,0,0,1,0,1,0,0,0,1,0,0,1,0,0,0,0,0,1,0,0,0,0,0,0,0,1,0,0,0,0,0,0,0,0,0,0,0,0,0,0,0,0,0,0,0,0,0,0,0,0,0,0,0,1,0,0,0,0,0,0,0,0,0,1,0,0,1,0,0,0,0,1,0,0,0,0,0,0,0,0,0,0,0,0,0,0,0,0,0,1,0,0,0,0,0,0,0,0,0,0,0,0,0,0,1,0,0,1,0,0,1,0,0,0,2742,1968,75,13,218.66666666666663,2,1,2.5,0.2777777777777778,20.0,1,25,1,0,1,1,4,75,1,75,0,0.0,0,30,40,12,21,0.7174626321545753
158,158,159,60,100.0,12552,4,2,7,5,2004,2005,0.0,4,3,4,3,1,6,222,1,0,769,991,4,1,4,991,956,0,1947,0,0,2,1,3,1,4,8,7,678,2,0,136,0,0,0,0,1.0,0,0,5,2010,12.448630513463613,0,0,0,1,0,0,0,0,0,0,0,0,1,2.0,4,True,False,False,False,False,4.0,2.772588722239781,6,1,0,0,0,1,0,0,0,1,0,0,1,0,0,0,0,0,1,0,0,0,0,0,0,0,1,0,0,0,0,0,0,0,0,0,0,0,0,0,0,0,0,0,0,0,0,0,0,0,0,0,1,0,0,0,0,0,0,0,0,0,0,0,1,0,0,1,0,0,0,0,1,0,0,0,0,0,0,0,0,0,0,0,0,0,0,0,0,0,1,0,0,0,0,0,0,0,0,0,0,0,0,0,0,1,0,0,0,0,0,1,0,0,0,2938,2169,136,12,216.33333333333331,2,1,2.5,0.2777777777777778,17.5,1,16,6,5,1,1,4,136,1,136,0,0.2237903225806451,1,24,35,12,19,0.6624702279686968
159,159,160,60,134.0,19378,4,2,7,5,2005,2006,456.0,4,3,4,3,2,6,57,1,0,1335,1392,4,1,4,1392,1070,0,2462,1,0,2,1,4,1,4,9,7,576,2,239,132,0,168,0,0,0.0,0,0,3,2006,12.676079399771028,0,0,0,0,1,0,0,0,0,0,1,0,0,2.0,4,True,False,False,False,False,4.0,2.772588722239781,6,0,0,1,0,1,0,0,0,0,1,0,0,0,0,0,0,0,1,0,0,0,0,0,0,0,1,0,0,0,0,0,0,0,0,0,0,0,0,1,0,0,0,0,0,0,0,0,0,0,0,0,0,0,0,0,0,0,0,0,0,0,0,0,1,0,0,1,0,0,0,0,1,0,0,0,0,0,0,0,0,0,0,0,0,0,0,0,0,0,1,0,0,0,0,0,0,0,0,0,0,0,0,0,0,1,0,0,1,0,0,1,0,0,0,3854,2519,539,14,246.2,2,1,3.5,0.35,24.5,1,16,1,0,1,1,4,300,1,539,0,0.04091888011486,1,36,35,12,19,0.638651102464332
160,160,161,20,0.0,11120,4,2,6,6,1984,1984,0.0,3,3,4,3,1,4,660,1,0,572,1232,2,1,4,1232,0,0,1232,0,0,2,0,3,1,3,6,7,516,2,0,0,0,0,0,0,0.0,0,0,6,2008,11.998439434579147,0,0,0,1,0,0,0,0,0,0,0,0,1,2.0,3,True,False,False,False,False,0.0,0.0,6,0,0,1,0,1,0,0,0,0,0,0,1,1,0,0,0,0,1,0,0,0,0,0,0,0,1,0,0,0,0,0,0,0,0,0,0,0,0,0,0,0,0,0,0,0,0,0,0,0,0,0,0,0,0,1,0,0,0,0,0,1,0,0,0,0,0,1,0,0,0,0,1,0,0,0,0,0,0,0,0,0,0,0,0,0,0,1,0,0,0,0,0,0,0,0,0,0,0,0,0,0,1,0,0,0,0,0,0,0,0,1,0,0,0,2464,1892,0,10,176.0,1,0,2.0,0.2857142857142857,12.0,1,9,24,24,0,0,3,0,0,0,0,0.5352798053527981,1,24,36,9,14,0.4997971602434077
161,161,162,60,110.0,13688,4,2,9,5,2003,2004,664.0,4,3,5,3,3,6,1016,1,0,556,1572,4,1,4,1572,1096,0,2668,1,0,2,1,3,1,5,10,7,726,2,400,0,0,0,0,0,0.0,0,0,3,2008,12.92999390899636,0,0,0,1,0,0,0,0,0,0,0,0,1,2.0,4,False,False,True,False,False,4.0,4.394449154672439,6,0,0,1,0,1,0,0,0,0,0,0,1,0,0,0,1,0,1,0,0,0,0,0,0,0,1,0,0,0,0,0,0,0,0,0,0,0,0,0,0,0,0,0,0,0,0,1,0,0,0,0,0,0,0,0,0,0,0,0,0,0,0,0,1,0,0,1,0,0,0,0,1,0,0,0,0,0,0,0,0,0,0,0,0,0,0,0,0,0,1,0,0,0,0,0,0,0,0,0,0,0,0,0,0,1,0,0,1,0,0,1,0,0,0,4240,3684,400,14,242.54545454545453,2,1,3.5,0.3181818181818182,31.5,1,25,5,4,1,1,4,0,0,400,0,0.645899554990464,1,60,45,12,22,0.6290969111058713
162,162,163,20,95.0,12182,4,2,7,5,2005,2005,226.0,4,3,4,3,2,4,1201,1,0,340,1541,4,1,4,1541,0,0,1541,0,0,2,0,3,1,4,7,7,532,2,0,70,0,0,0,0,0.0,0,0,5,2010,12.301387370778713,0,0,0,0,1,0,0,0,0,0,1,0,0,2.0,4,True,False,False,False,False,4.0,2.772588722239781,6,0,0,1,0,1,0,0,0,1,0,0,1,0,0,0,0,0,1,0,0,0,0,0,0,0,1,0,0,0,0,0,0,0,0,0,0,0,0,0,0,0,0,0,0,0,0,1,0,0,0,0,0,0,0,0,0,0,0,0,0,1,0,0,0,0,0,1,0,0,0,0,1,0,0,0,0,0,0,0,0,0,0,0,0,0,0,0,0,0,1,0,0,0,0,0,0,0,0,0,0,0,0,0,0,1,0,0,1,0,0,1,0,0,0,3082,2742,70,11,192.625,1,0,2.0,0.25,14.0,1,16,5,5,0,1,4,70,1,70,0,0.7788586251621271,1,36,35,12,19,0.4998378203048978
163,163,164,45,55.0,5500,4,2,4,6,1956,1956,0.0,3,3,3,3,1,1,0,1,0,882,882,4,1,4,882,0,0,882,0,0,1,0,1,1,3,4,7,0,2,0,0,0,0,0,0,2.0,0,0,4,2007,11.544433821905134,0,0,0,1,0,0,0,0,0,0,0,0,1,0.0,0,False,False,False,False,False,0.0,0.0,6,0,0,1,0,1,0,0,0,1,0,0,1,0,0,0,1,0,1,0,0,0,0,0,0,0,1,0,0,0,0,0,0,0,0,0,0,0,0,0,0,0,0,0,0,0,0,0,1,0,0,0,0,0,0,0,0,0,0,0,1,0,0,0,0,0,0,1,0,0,0,0,1,0,0,0,0,0,0,0,0,0,0,0,0,0,1,0,0,0,0,0,0,0,0,0,0,0,0,0,1,0,0,0,0,0,0,0,0,0,1,0,0,0,0,1764,882,0,6,176.4,1,0,1.0,0.2,4.0,1,9,51,51,0,0,2,0,0,0,0,0.0,0,18,24,9,14,0.4997167138810198
164,164,165,40,40.0,5400,4,2,6,7,1926,2004,0.0,3,4,3,3,2,2,370,1,0,779,1149,3,1,3,1149,467,0,1616,0,0,2,0,3,1,4,5,7,216,2,0,0,183,0,0,0,0.0,0,0,10,2007,11.93164237875414,0,0,0,1,0,0,0,0,0,0,0,0,1,2.0,1,False,False,False,False,True,0.0,0.0,6,0,0,0,1,1,1,0,0,1,0,0,1,0,0,0,0,0,1,0,0,0,0,0,0,0,1,0,0,0,0,0,0,0,0,0,0,0,0,0,0,0,0,0,0,0,0,0,1,0,0,0,0,0,0,0,0,0,0,0,0,1,0,0,0,0,0,1,0,0,0,0,1,0,0,0,0,0,0,0,0,0,0,0,0,0,1,0,0,0,0,0,0,0,0,0,0,0,0,0,1,0,0,0,0,0,0,0,0,0,0,0,0,0,0,2765,1986,183,9,269.3333333333333,2,1,2.0,0.3333333333333333,12.0,1,16,81,3,1,1,1,183,1,183,0,0.3217391304347826,1,27,42,12,16,0.584237165582068
165,165,166,190,62.0,10106,4,2,5,7,1940,1999,0.0,3,4,3,3,1,5,351,3,181,112,644,3,1,4,808,547,0,1355,1,0,2,0,4,2,3,6,7,0,2,140,0,0,0,0,0,0.0,0,0,9,2008,11.755879486687116,0,0,0,1,0,0,0,0,0,0,0,0,1,0.0,0,False,False,False,False,False,0.0,0.0,6,0,0,1,0,1,0,0,0,1,0,0,1,0,0,0,1,0,1,0,0,0,0,0,0,0,1,0,0,0,0,0,0,0,0,0,0,0,1,0,0,0,0,0,0,0,0,0,0,0,0,0,0,0,0,0,1,0,0,0,0,0,0,0,0,0,0,1,0,0,0,0,1,0,0,0,0,0,0,0,0,0,0,0,0,0,0,0,0,0,0,1,0,0,0,0,0,0,0,0,0,0,0,0,0,0,1,0,0,0,0,0,0,0,0,1999,1887,140,12,193.57142857142856,2,1,3.0,0.4285714285714285,15.0,2,9,68,9,1,1,1,0,0,140,0,0.8248062015503876,1,18,35,12,14,0.6775
166,166,167,20,0.0,10708,4,2,5,5,1955,1993,0.0,4,3,3,3,1,2,379,4,768,470,1617,4,1,3,1867,0,0,1867,1,0,1,0,2,1,3,7,7,303,2,476,0,0,0,142,0,1.0,0,0,11,2009,12.154784614286667,0,0,0,1,0,0,0,0,0,0,0,0,0,2.0,2,True,False,False,False,False,4.0,5.545177444479562,6,0,0,1,0,1,0,0,0,0,0,0,1,0,0,0,1,0,1,0,0,0,0,0,0,0,1,0,0,0,0,0,0,0,0,1,0,0,0,0,0,0,0,0,0,0,0,0,0,0,0,0,0,0,0,0,0,0,0,0,0,1,0,0,0,0,0,0,0,1,0,0,1,0,0,0,0,0,0,0,0,0,0,0,0,0,0,0,0,0,0,1,0,0,0,0,0,0,0,0,0,0,0,0,0,0,1,0,0,0,1,0,0,0,0,3484,3014,618,10,233.375,1,0,2.0,0.25,10.0,1,9,54,16,1,0,2,142,1,618,0,0.7088998763906057,1,18,25,12,16,0.5357245337159254
167,167,168,60,86.0,10562,4,2,8,5,2007,2007,300.0,4,3,5,3,1,6,1288,1,0,294,1582,4,1,4,1610,551,0,2161,1,0,1,1,3,1,5,8,7,789,2,178,120,0,0,0,0,0.0,0,0,11,2007,12.693501691489768,0,0,0,0,1,0,0,0,0,0,1,0,0,2.0,4,True,False,False,False,False,4.0,2.772588722239781,6,0,0,1,0,1,0,0,0,1,0,0,1,0,0,0,1,0,1,0,0,0,0,0,0,0,1,0,0,0,0,0,0,0,0,0,0,0,0,0,0,0,0,0,0,0,0,1,0,0,0,0,0,0,0,0,0,0,0,0,0,0,0,0,1,0,0,1,0,0,0,0,1,0,0,0,0,0,0,0,0,0,0,0,0,0,0,0,0,0,1,0,0,0,0,0,0,0,0,0,0,0,0,0,0,1,0,0,0,1,0,1,0,0,0,3743,3449,298,12,240.11111111111111,2,1,2.5,0.2777777777777778,20.0,1,25,0,0,0,1,4,120,1,298,0,0.8136449778900822,1,30,40,12,21,0.5771901709401709
168,168,169,60,62.0,8244,4,2,7,5,2004,2004,0.0,4,3,4,3,1,1,0,1,0,840,840,4,1,4,840,880,0,1720,0,0,2,1,3,1,4,7,7,440,2,100,48,0,0,0,0,0.0,0,0,5,2007,12.119975396053194,0,0,0,1,0,0,0,0,0,0,0,0,1,2.0,4,True,False,False,False,False,4.0,2.772588722239781,6,0,0,1,0,1,0,0,0,0,0,0,1,0,0,0,1,0,1,0,0,0,0,0,0,0,1,0,0,0,0,0,0,0,0,0,0,0,0,1,0,0,0,0,0,0,0,0,0,0,0,0,0,0,0,0,0,0,0,0,0,0,0,0,1,0,0,1,0,0,0,0,1,0,0,0,0,0,0,0,0,0,0,0,0,0,0,0,0,0,1,0,0,0,0,0,0,0,0,0,0,0,0,0,0,1,0,0,0,0,0,1,0,0,0,2560,1720,148,11,215.0,2,1,2.5,0.3125,17.5,1,16,3,3,0,1,4,48,1,148,0,0.0,0,24,35,12,19,0.6716126513080828
169,169,170,20,0.0,16669,4,2,8,6,1981,1981,653.0,4,3,4,3,1,1,0,1,0,1686,1686,2,1,4,1707,0,0,1707,0,0,2,1,2,1,3,6,7,511,2,574,64,0,0,0,0,0.0,0,0,1,2006,12.337105293891872,0,0,0,1,0,0,0,0,0,0,0,0,1,2.0,3,True,False,False,False,False,3.0,2.079441541679836,6,0,0,1,0,1,0,0,0,0,0,0,1,0,0,0,0,0,1,0,0,0,0,0,0,0,1,0,0,0,0,0,0,0,0,0,0,0,0,0,0,0,0,0,0,0,0,0,0,0,0,0,0,0,1,0,0,0,0,0,0,1,0,0,0,0,0,0,0,1,0,0,0,0,0,0,0,1,0,0,0,0,0,0,0,0,0,1,0,0,0,0,0,0,0,0,0,0,0,0,0,0,1,0,0,0,0,0,1,0,1,0,0,0,0,3393,1707,638,9,243.8571428571429,1,0,2.5,0.3571428571428571,20.0,1,9,25,25,0,0,3,64,1,638,0,0.0,0,24,48,12,17,0.5029463759575722
170,170,171,50,0.0,12358,4,2,5,6,1941,1950,0.0,3,3,3,3,1,3,360,1,0,360,720,2,1,4,854,0,528,1382,0,0,1,1,2,1,3,7,7,660,2,237,0,0,0,0,0,0.0,0,0,5,2007,11.7636919653883,0,0,0,1,0,0,0,0,0,0,0,0,1,2.0,3,False,False,False,False,True,0.0,0.0,6,0,0,0,1,1,0,0,0,0,0,0,1,0,0,0,1,1,0,0,0,0,0,0,0,0,1,0,0,0,0,0,0,0,0,0,0,0,0,0,0,0,0,0,0,0,0,0,1,0,0,0,0,0,0,0,0,0,0,0,0,0,0,0,0,0,0,1,0,0,0,0,1,0,0,0,0,0,0,0,0,0,0,0,0,0,1,0,0,0,0,0,0,0,0,0,0,0,0,0,1,0,0,0,0,0,0,0,0,0,1,0,0,0,0,1574,1214,237,10,172.75,1,0,1.5,0.1875,7.5,1,9,66,57,1,0,1,0,0,237,0,0.4993065187239944,1,18,30,9,13,0.8774603174603175
171,171,172,20,141.0,31770,4,2,6,5,1960,1960,112.0,3,3,3,4,4,4,639,1,0,441,1080,1,1,4,1656,0,0,1656,1,0,1,0,3,1,3,7,7,528,1,210,62,0,0,0,0,0.0,0,0,5,2010,12.278397958261774,0,0,0,1,0,0,0,0,0,0,0,0,1,2.0,2,True,False,False,False,False,4.0,4.394449154672439,6,0,0,1,0,1,0,0,0,0,0,0,1,0,0,0,0,0,1,0,0,0,0,0,0,0,1,0,0,0,0,0,0,0,0,0,0,0,0,0,0,0,0,1,0,0,0,0,0,0,0,0,0,0,0,0,0,0,0,0,0,1,0,0,0,0,0,0,0,1,0,0,1,0,0,0,0,0,0,0,0,1,0,0,0,0,0,0,0,0,0,0,0,0,0,0,0,0,0,0,0,0,1,0,0,0,0,0,0,1,1,0,0,0,0,2736,2295,272,11,207.0,1,0,2.0,0.25,12.0,1,9,50,50,0,0,2,62,1,272,0,0.5911193339500462,1,60,30,9,13,0.6050420168067226
172,172,173,160,44.0,5306,4,2,7,7,1987,1987,0.0,4,4,4,4,1,6,495,3,215,354,1064,3,1,4,1064,703,0,1767,1,0,2,0,2,1,4,5,7,504,2,441,35,0,0,0,0,0.0,0,0,6,2006,12.384223015005311,0,0,0,1,0,0,0,0,0,0,0,0,1,2.5,3,True,False,False,False,False,3.0,2.079441541679836,6,0,0,1,0,1,0,0,0,0,0,0,1,0,0,0,1,0,1,0,0,0,0,0,0,0,1,0,0,0,0,0,0,0,0,0,0,0,0,0,0,0,0,0,0,0,0,0,0,0,0,0,0,1,0,0,0,0,0,1,0,0,0,0,1,0,0,1,0,0,0,0,1,0,0,0,0,0,0,0,0,0,0,0,1,0,0,0,0,0,0,0,0,0,0,0,0,0,1,0,0,0,0,0,0,0,0,0,0,0,0,1,0,0,0,2831,2477,476,8,294.5,2,1,3.0,0.5,21.0,1,16,19,19,0,0,3,35,1,476,0,0.6666666666666666,1,32,49,16,18,0.6239406779661016
173,173,174,20,80.0,10197,4,2,6,5,1961,1961,491.0,3,3,3,3,1,5,288,3,374,700,1362,2,1,4,1362,0,0,1362,1,0,1,1,3,1,3,6,7,504,2,0,20,0,0,0,0,0.0,0,0,6,2008,12.001511614739403,0,0,0,1,0,0,0,0,0,0,0,0,0,2.0,2,True,False,False,False,False,3.0,2.079441541679836,6,0,0,1,0,1,0,0,0,0,0,0,1,0,0,0,1,0,1,0,0,0,0,0,0,0,1,0,0,0,0,0,0,0,0,0,0,0,0,0,0,0,0,1,0,0,0,0,0,0,0,0,0,0,0,0,0,0,0,0,0,1,0,0,0,0,0,1,0,0,0,0,1,0,0,0,0,0,0,0,0,0,0,0,0,0,0,0,0,0,0,0,1,0,0,0,0,0,0,0,0,0,0,0,0,0,0,1,0,0,1,0,0,0,0,2724,2024,20,10,194.57142857142856,1,0,2.5,0.3571428571428571,15.0,1,9,47,47,0,0,2,20,1,20,0,0.4856933235509905,1,18,30,9,14,0.4998165137614679
174,174,175,20,47.0,12416,4,2,6,5,1986,1986,132.0,3,3,4,2,1,5,1398,2,208,0,1606,2,1,4,1651,0,0,1651,1,0,2,0,3,1,3,7,5,616,2,192,0,0,0,0,0,0.0,0,0,11,2008,12.122696471358964,0,0,0,1,0,0,0,0,0,0,0,0,1,2.0,3,True,False,False,False,False,3.0,2.079441541679836,6,0,0,1,0,1,0,0,0,0,0,0,1,0,0,0,1,0,1,0,0,0,0,0,0,0,1,0,0,0,0,0,0,0,0,0,0,0,0,0,0,0,0,0,0,0,0,0,0,0,0,0,0,0,1,0,0,0,0,0,0,1,0,0,0,0,0,1,0,0,0,0,1,0,0,0,0,0,0,0,0,0,0,0,0,0,0,0,0,0,1,0,0,0,0,0,0,0,0,0,0,0,1,0,0,0,0,0,0,1,1,0,0,0,0,3257,3257,192,11,206.375,1,0,3.0,0.375,18.0,1,9,22,22,0,0,3,0,0,192,0,0.9993777224642192,1,16,30,9,14,0.5067526089625537
175,175,176,20,84.0,12615,4,2,6,7,1950,2001,0.0,3,3,3,4,3,5,477,1,0,725,1202,2,1,4,2158,0,0,2158,1,0,2,0,4,1,4,7,7,576,2,0,29,39,0,0,0,2.0,0,0,6,2007,12.400820837540556,0,0,0,1,0,0,0,0,0,0,0,0,1,2.0,1,True,False,False,False,False,4.0,2.772588722239781,6,0,0,1,0,1,0,0,0,1,0,0,1,0,0,0,0,0,1,0,0,0,0,0,0,0,1,0,0,0,0,0,0,0,0,0,0,0,1,0,0,0,0,0,0,0,0,0,0,0,0,0,0,0,0,0,0,0,0,0,0,1,0,0,0,0,0,1,0,0,0,0,1,0,0,0,0,0,0,0,0,0,0,0,0,0,0,0,0,0,0,0,1,0,0,0,0,0,0,0,0,0,0,0,0,0,0,1,0,0,1,0,0,0,0,3360,2635,68,12,269.75,1,0,3.0,0.375,18.0,1,16,57,6,1,1,2,68,1,68,0,0.3965087281795511,1,48,42,9,15,0.6420708122582565
176,176,177,60,97.0,10029,4,2,6,5,1988,1989,268.0,4,3,4,3,1,6,831,1,0,320,1151,2,1,4,1164,896,0,2060,0,1,2,1,4,1,3,8,7,521,2,0,228,0,0,192,0,0.0,0,0,9,2007,12.259618151783464,0,0,0,1,0,0,0,0,0,0,0,0,1,2.0,3,True,False,False,False,False,3.0,2.079441541679836,6,0,0,1,0,1,0,0,0,0,0,0,1,0,0,0,0,0,1,0,0,0,0,0,0,0,1,0,0,0,0,0,0,0,0,1,0,0,0,0,0,0,0,0,0,0,0,0,0,0,0,0,0,0,0,0,0,0,0,0,0,0,0,0,1,0,0,1,0,0,0,0,1,0,0,0,0,0,0,0,0,0,0,0,0,0,0,1,0,0,0,0,0,0,0,0,0,0,0,0,0,0,1,0,0,0,0,0,1,0,0,1,0,0,0,3211,2891,420,13,228.88888888888889,2,1,3.0,0.3333333333333333,18.0,1,9,19,18,1,0,3,420,1,420,0,0.7213541666666666,1,24,30,12,15,0.6413449564134496
177,177,178,50,0.0,13650,4,2,5,5,1958,1958,0.0,4,4,3,3,1,5,57,4,441,554,1052,4,1,4,1252,668,0,1920,1,0,2,0,4,1,4,8,7,451,2,0,0,0,0,0,0,0.0,0,0,7,2006,12.058158312538197,0,0,0,1,0,0,0,0,0,0,0,0,1,2.0,2,True,False,False,False,False,4.0,2.772588722239781,6,0,0,1,0,1,0,0,0,1,0,0,1,0,0,0,1,0,1,0,0,0,0,0,0,0,1,0,0,0,0,0,0,0,0,0,0,0,0,0,0,0,0,0,0,0,0,0,0,0,1,0,0,0,0,0,0,0,0,0,0,0,0,0,0,0,0,1,0,0,0,0,1,0,0,0,0,0,0,0,0,0,0,0,0,0,1,0,0,0,0,0,0,0,0,0,0,0,0,0,1,0,0,0,0,0,0,0,0,0,1,0,0,0,0,2972,2418,0,13,213.33333333333331,2,1,3.0,0.3333333333333333,15.0,1,16,48,48,0,0,2,0,0,0,0,0.4729344729344729,1,18,25,16,17,0.6458123107971746
178,178,179,20,63.0,17423,4,2,9,5,2008,2009,748.0,5,3,5,3,1,6,1904,1,0,312,2216,4,1,4,2234,0,0,2234,1,0,2,0,1,1,5,9,7,1166,2,0,60,0,0,0,0,0.0,0,0,7,2009,13.126032637428713,0,0,0,0,1,0,0,0,0,0,1,0,0,2.0,4,True,False,False,False,False,4.0,2.772588722239781,6,0,0,1,0,1,0,0,0,0,0,0,1,1,0,0,0,0,1,0,0,0,0,0,0,0,1,0,0,0,0,0,0,0,0,0,0,0,0,0,0,0,0,0,0,0,0,0,0,0,0,0,0,1,0,0,0,0,0,0,0,1,0,0,0,0,0,0,0,1,0,0,1,0,0,0,0,0,0,0,0,0,0,0,0,0,0,0,0,0,1,0,0,0,0,0,0,0,0,0,0,0,0,0,0,1,0,0,0,1,0,1,0,0,0,4450,4138,60,11,223.4,1,0,3.0,0.3,27.0,1,25,1,0,1,1,4,60,1,60,0,0.8588182228236355,1,30,45,15,23,0.5019096832172546
179,179,180,30,60.0,8520,4,2,5,6,1923,2006,0.0,4,3,3,3,1,1,0,1,0,968,968,2,1,4,968,0,0,968,0,0,1,0,2,1,3,5,7,480,0,0,0,184,0,0,0,0.0,0,0,7,2007,11.51293546492023,0,0,0,1,0,0,0,0,0,0,0,0,1,2.0,1,False,False,False,False,True,0.0,0.0,6,0,0,0,1,1,0,0,0,1,0,0,1,0,0,0,1,0,1,0,0,0,0,0,0,0,1,0,0,0,0,0,0,0,0,0,0,0,0,0,0,0,0,0,0,0,0,0,1,0,0,0,0,0,0,0,0,0,0,0,0,1,0,0,0,0,0,1,0,0,0,0,1,0,0,0,0,0,0,0,0,0,0,0,0,0,0,0,0,0,0,1,0,0,0,0,0,0,0,0,0,0,0,0,0,0,1,0,0,0,1,0,0,0,0,1936,968,184,8,161.33333333333334,1,0,1.0,0.1666666666666666,5.0,1,9,84,1,1,1,1,184,1,184,0,0.0,0,18,30,12,14,0.4997418688693856
180,180,181,160,0.0,2117,4,2,6,5,2000,2000,456.0,4,3,4,3,1,6,436,1,0,320,756,4,1,4,769,756,0,1525,0,0,2,1,3,1,4,5,7,440,2,0,0,0,0,0,0,0.0,0,0,6,2007,12.08391066125752,0,0,0,1,0,0,0,0,0,0,0,0,1,2.0,3,False,False,False,False,True,3.0,2.079441541679836,6,1,0,0,0,1,0,0,0,1,0,0,1,0,0,0,1,0,1,0,0,0,0,0,0,0,1,0,0,0,0,0,0,0,0,0,0,0,0,0,0,0,0,0,0,0,0,0,0,0,0,0,1,0,0,0,0,0,1,0,0,0,0,0,1,0,0,1,0,0,0,0,1,0,0,0,0,0,0,0,0,0,0,0,0,0,1,0,0,0,0,0,0,0,0,0,0,0,0,0,1,0,0,0,0,0,0,0,1,0,0,1,0,0,0,2281,1961,0,9,254.16666666666663,2,1,2.5,0.4166666666666667,15.0,1,16,7,7,0,1,4,0,0,0,0,0.5759577278731837,1,24,30,12,18,0.6682734443470639
181,181,182,70,54.0,7588,4,2,7,6,1920,1950,0.0,3,3,2,3,1,2,352,1,0,441,793,3,1,4,901,901,0,1802,0,0,1,1,4,1,3,9,7,216,2,0,0,40,0,0,0,0.0,0,0,7,2006,12.206577518060588,0,0,0,1,0,0,0,0,0,0,0,0,1,2.0,1,False,False,False,False,True,4.0,2.772588722239781,6,0,0,1,0,1,0,0,0,1,0,0,1,0,0,0,1,0,1,0,0,0,0,0,0,0,1,0,0,0,0,0,0,0,0,0,0,1,0,0,0,0,0,0,0,0,0,0,0,0,0,0,0,0,0,0,0,0,0,0,0,0,0,0,1,0,0,1,0,0,0,0,1,0,0,0,0,0,0,0,0,0,0,0,0,0,0,0,0,1,0,0,0,0,0,0,0,0,0,0,0,0,0,0,1,0,0,0,0,0,0,0,0,0,0,2595,2154,40,14,180.2,2,1,1.5,0.15,10.5,1,9,86,56,1,0,1,40,1,40,0,0.4433249370277078,1,12,42,9,16,0.6941448382126348
182,182,183,20,60.0,9060,4,2,5,6,1957,2006,98.0,3,3,0,0,0,0,0,0,0,0,0,4,1,4,1340,0,0,1340,0,0,1,0,3,1,3,7,7,252,2,116,0,0,180,0,0,2.0,0,0,6,2007,11.695255355062796,0,0,0,1,0,0,0,0,0,0,0,0,1,2.0,2,True,False,False,False,False,4.0,2.772588722239781,6,0,0,1,0,1,0,0,0,1,0,0,1,0,0,0,1,0,0,0,0,0,0,0,0,0,1,0,0,0,0,0,0,0,0,0,0,0,1,0,0,0,0,0,0,0,0,0,0,0,0,0,0,0,0,0,0,0,0,0,0,1,0,0,0,0,0,0,0,1,0,0,1,0,0,0,0,0,0,0,0,0,0,0,0,0,0,0,0,0,0,1,0,0,0,0,0,0,0,0,0,0,0,0,0,0,1,0,1,0,0,1,0,0,0,1340,1340,296,11,167.5,1,0,1.0,0.125,5.0,1,9,50,1,1,1,2,180,1,296,0,0.0,0,0,30,9,15,0.999254287844892
183,183,184,50,63.0,11426,4,2,7,5,2003,2003,0.0,3,3,4,3,1,1,0,1,0,1362,1362,4,1,4,1362,720,0,2082,0,0,2,1,3,1,4,6,4,484,0,280,238,0,0,0,0,0.0,0,0,6,2008,12.206077645517674,0,0,0,1,0,0,0,0,0,0,0,0,1,2.0,4,False,False,False,False,True,0.0,0.0,6,0,0,0,1,1,0,0,0,1,0,0,1,0,0,0,1,0,1,0,0,0,0,0,0,0,1,0,0,0,0,0,0,0,0,0,0,0,0,0,0,0,0,0,0,0,0,0,1,0,0,0,0,0,0,0,0,0,0,0,0,0,0,0,0,0,0,1,0,0,0,0,1,0,0,0,0,0,0,0,0,0,0,0,0,0,0,0,0,0,1,0,0,0,0,0,0,0,0,0,0,0,0,0,0,1,0,0,0,0,0,1,0,0,0,3444,2082,518,10,297.42857142857144,2,1,2.5,0.3571428571428571,17.5,1,16,5,5,0,1,4,238,1,518,0,0.0,0,24,35,9,18,0.6043541364296081
184,184,185,50,92.0,7438,4,2,5,8,1908,1991,0.0,3,3,2,3,1,1,0,1,0,504,504,3,1,4,936,316,0,1252,0,0,1,0,3,1,3,5,7,576,2,104,0,0,0,0,0,2.0,0,0,6,2006,11.751950239425476,0,0,0,1,0,0,0,0,0,0,0,0,1,2.0,3,True,False,False,False,False,0.0,0.0,6,0,0,1,0,1,0,0,0,0,0,0,1,0,0,0,1,0,0,0,0,0,1,0,0,1,0,0,0,0,0,0,0,0,1,0,0,0,0,0,0,0,0,0,0,0,0,0,0,0,0,0,0,0,0,0,0,0,0,0,0,0,0,0,0,0,0,1,0,0,0,0,1,0,0,0,0,0,0,0,0,0,0,0,0,0,0,0,0,0,0,0,0,0,0,0,0,0,0,0,0,0,1,0,0,0,0,0,0,0,0,1,0,0,0,1756,1252,104,9,208.66666666666663,2,1,1.0,0.1666666666666666,5.0,1,9,98,15,1,0,1,0,0,104,0,0.0,0,12,40,9,14,0.7125782583949914
185,185,186,75,90.0,22950,4,2,10,9,1892,1993,0.0,4,4,3,3,2,1,0,1,0,1107,1107,4,1,4,1518,1518,572,3608,0,0,2,1,4,1,5,12,7,840,2,0,260,0,0,410,0,3.0,0,0,6,2006,13.07107218827772,0,0,0,1,0,0,0,0,0,0,0,0,1,3.0,3,False,False,False,False,True,3.0,3.295836866004329,6,0,0,0,1,1,0,1,0,0,0,0,1,0,0,0,1,0,0,0,0,0,0,0,0,0,1,0,0,0,0,0,0,0,0,0,0,0,0,0,0,0,0,0,0,0,0,0,1,0,0,0,0,0,0,0,0,0,0,0,0,0,1,0,0,0,0,1,0,0,0,0,0,0,0,0,0,0,1,0,0,0,0,0,0,0,0,0,0,0,0,1,0,0,0,0,0,0,0,0,0,0,0,0,0,0,1,0,0,0,0,0,0,0,0,4143,3036,670,17,277.53846153846155,2,1,2.5,0.1923076923076923,25.0,1,25,114,13,1,0,1,670,1,670,0,0.0,0,27,90,16,23,0.8706563706563707
186,186,187,80,0.0,9947,4,2,7,5,1990,1991,0.0,3,3,4,3,3,6,611,1,0,577,1188,4,1,4,1217,0,0,1217,1,0,2,0,3,1,4,6,7,497,2,168,27,0,0,0,0,3.0,0,0,6,2009,12.06105265381003,0,0,0,1,0,0,0,0,0,0,0,0,1,2.0,3,True,False,False,False,False,0.0,0.0,6,0,0,1,0,1,0,0,0,0,0,0,1,1,0,0,0,0,1,0,0,0,0,0,0,0,1,0,0,0,0,0,0,0,0,0,0,0,0,0,0,0,1,0,0,0,0,0,0,0,0,0,0,0,0,0,0,0,0,0,0,0,0,0,0,0,1,1,0,0,0,0,1,0,0,0,0,0,0,0,0,0,0,0,1,0,0,0,0,0,0,0,0,0,0,0,0,0,1,0,0,0,0,0,0,0,0,0,0,0,0,1,0,0,0,2405,1828,195,10,173.85714285714286,1,0,3.0,0.4285714285714285,21.0,1,16,19,18,1,0,3,27,1,195,0,0.5138772077375946,1,48,35,9,18,0.5058187863674148
187,187,188,50,60.0,10410,4,2,5,7,1916,1987,0.0,3,3,2,3,1,1,0,1,0,660,660,4,1,4,808,704,144,1656,0,0,2,1,3,1,3,8,5,180,0,0,0,0,140,0,0,2.0,0,0,8,2009,11.81303746480054,0,0,0,1,0,0,0,0,0,0,0,0,1,2.0,1,False,False,False,False,True,0.0,0.0,6,0,0,1,0,1,0,0,0,1,0,0,1,0,0,0,1,0,1,0,0,0,0,0,0,0,1,0,0,0,0,0,0,0,0,0,0,0,0,0,0,0,0,0,0,0,0,0,1,0,0,0,0,0,0,0,0,0,0,0,0,0,0,0,0,0,0,1,0,0,0,0,1,0,0,0,0,0,0,0,0,0,0,0,1,0,0,0,0,0,0,0,0,0,0,0,0,0,1,0,0,0,0,0,0,0,0,0,0,0,1,0,0,0,0,2172,1512,140,12,184.0,2,1,2.5,0.2777777777777778,12.5,1,9,93,22,1,0,1,140,1,140,0,0.0,0,12,35,9,15,0.762080073630925
188,188,189,90,64.0,7018,4,2,5,5,1979,1979,275.0,3,3,4,3,3,6,1086,1,0,0,1086,2,1,4,1224,0,0,1224,2,0,0,2,2,2,3,6,7,528,2,120,0,0,0,0,0,0.0,0,0,6,2009,11.940399914116648,0,1,0,0,0,0,0,0,0,0,0,0,1,2.0,2,False,False,False,False,True,3.0,3.295836866004329,6,0,0,1,0,1,0,0,0,1,0,0,0,0,0,0,1,1,0,0,0,0,0,0,0,0,1,0,0,0,0,0,0,0,0,0,0,0,0,0,0,0,0,0,0,0,0,0,0,0,0,1,0,0,0,0,0,1,0,0,0,0,0,0,0,1,0,1,0,0,0,0,1,0,0,0,0,0,0,0,0,0,0,0,0,0,0,1,0,0,0,0,0,0,0,0,0,0,0,0,0,0,1,0,0,0,0,0,0,1,1,0,0,0,0,2310,2310,120,10,174.85714285714286,1,0,3.0,0.4285714285714285,15.0,2,9,30,30,0,0,3,0,0,120,0,0.999080036798528,1,48,25,9,13,0.529640848117698
189,189,190,120,41.0,4923,4,2,8,5,2001,2002,0.0,4,3,5,3,3,6,1153,1,0,440,1593,4,1,4,1593,0,0,1593,1,0,1,1,0,1,5,5,7,682,2,0,120,0,0,224,0,0.0,0,0,8,2008,12.563750586299374,0,0,0,1,0,0,0,0,0,0,0,0,1,2.0,4,True,False,False,False,False,4.0,2.772588722239781,6,0,0,1,0,1,0,0,0,1,0,0,1,0,0,0,1,0,1,0,0,0,0,0,0,0,1,0,0,0,0,0,0,0,0,0,0,0,0,0,0,0,0,0,0,0,0,0,0,0,0,0,0,1,0,0,0,0,0,1,0,1,0,0,0,0,0,1,0,0,0,0,1,0,0,0,0,0,0,0,0,0,0,1,0,0,0,0,0,0,0,0,0,0,0,0,0,1,0,0,0,0,0,0,0,0,0,0,0,0,0,1,0,0,0,3186,2746,344,6,265.5,1,0,2.5,0.4166666666666667,20.0,1,25,7,6,1,1,4,344,1,344,0,0.7233375156838143,1,60,40,12,21,0.4998431126451208
190,190,191,70,70.0,10570,4,1,8,8,1932,1994,0.0,4,3,4,4,1,3,297,1,0,556,853,2,1,4,1549,1178,0,2727,0,0,2,1,3,1,4,10,3,440,2,0,74,0,0,0,0,0.0,0,0,12,2007,12.660331092405906,0,0,0,1,0,0,0,0,0,0,0,0,1,2.0,1,False,False,False,False,True,3.0,3.295836866004329,6,0,0,1,0,1,0,0,0,1,0,0,0,0,0,0,1,0,1,0,0,0,0,0,0,0,1,0,0,0,0,0,0,0,0,0,0,1,0,0,0,0,0,0,0,0,0,0,0,0,0,0,0,0,0,0,0,0,0,0,0,0,0,0,1,0,0,0,0,1,0,0,1,0,0,0,0,0,0,0,0,1,0,0,0,0,0,0,0,0,0,0,0,0,0,1,0,0,0,0,0,0,0,0,0,0,0,0,0,0,1,0,0,0,0,3580,3024,74,14,247.9090909090909,2,1,2.5,0.2272727272727272,20.0,1,16,75,13,1,0,1,74,1,74,0,0.3477751756440281,1,32,64,12,18,0.7615191287349903
191,191,192,60,0.0,7472,4,2,7,9,1972,2004,138.0,3,3,3,3,1,5,626,1,0,99,725,3,1,4,725,754,0,1479,1,0,1,1,4,1,4,7,7,484,2,0,32,0,0,0,0,0.0,0,0,6,2007,12.122696471358964,0,0,0,1,0,0,0,0,0,0,0,0,1,2.0,2,True,False,False,False,False,0.0,0.0,6,0,0,1,0,1,0,0,0,0,0,0,1,1,0,0,0,0,1,0,0,0,0,0,0,0,1,0,0,0,0,0,0,0,0,0,0,0,0,0,0,0,0,1,0,0,0,0,0,0,0,0,0,0,0,0,0,0,0,0,0,0,0,0,1,0,0,1,0,0,0,0,1,0,0,0,0,0,0,0,0,0,0,0,1,0,0,0,0,0,0,0,0,0,0,0,0,0,1,0,0,0,0,0,0,0,0,0,1,0,1,0,0,0,0,2204,2105,32,12,184.875,2,1,2.5,0.3125,17.5,1,16,35,3,1,1,2,32,1,32,0,0.8622589531680441,1,18,63,9,17,0.6707482993197279
192,192,193,20,68.0,9017,4,2,7,5,1999,1999,0.0,4,3,4,3,3,6,560,1,0,871,1431,4,1,4,1431,0,0,1431,1,0,2,0,3,1,4,6,7,666,2,0,35,0,0,0,0,0.0,0,0,9,2009,12.165255859329688,0,0,0,1,0,0,0,0,0,0,0,0,1,2.0,3,True,False,False,False,False,0.0,0.0,6,0,0,1,0,1,0,0,0,0,0,0,1,0,0,0,1,0,1,0,0,0,0,0,0,0,1,0,0,0,0,0,0,0,0,0,1,0,0,0,0,0,0,0,0,0,0,0,0,0,0,0,0,0,0,0,0,0,0,0,0,1,0,0,0,0,0,1,0,0,0,0,1,0,0,0,0,0,0,0,0,0,0,0,0,0,0,0,0,0,1,0,0,0,0,0,0,0,0,0,0,0,0,0,0,1,0,0,0,0,0,1,0,0,0,2862,1991,35,10,204.42857142857144,1,0,3.0,0.4285714285714285,21.0,1,16,10,10,0,1,4,35,1,35,0,0.3910614525139664,1,48,35,12,19,0.4998253580160671
193,193,194,160,24.0,2522,4,2,7,5,2004,2004,50.0,4,3,4,3,1,1,0,1,0,970,970,4,1,4,970,739,0,1709,0,0,2,0,3,1,4,7,3,380,2,0,40,0,0,0,0,0.0,0,0,5,2006,11.775297421715829,0,0,0,1,0,0,0,0,0,0,0,0,1,2.0,4,False,False,False,False,True,0.0,0.0,6,0,0,0,1,1,0,0,0,1,0,0,1,0,0,0,1,0,1,0,0,0,0,0,0,0,1,0,0,0,0,0,0,0,0,0,0,0,1,0,0,0,0,0,0,0,0,0,0,0,0,0,0,0,0,0,0,0,1,0,0,0,0,0,1,0,0,1,0,0,0,0,1,0,0,0,0,0,0,0,0,0,0,0,0,0,0,0,0,0,1,0,0,0,0,0,0,0,0,0,0,0,0,0,0,1,0,0,0,1,0,1,0,0,0,2679,1709,40,11,213.625,2,1,2.0,0.25,14.0,1,16,2,2,0,1,4,40,1,40,0,0.0,0,24,35,12,19,0.6376865671641792
194,194,195,20,60.0,7180,4,2,5,7,1972,1972,0.0,3,3,3,3,3,5,390,1,0,474,864,2,1,4,864,0,0,864,0,0,1,0,3,1,3,5,7,352,2,0,0,0,0,0,0,0.0,0,0,5,2008,11.751950239425476,0,0,0,1,0,0,0,0,0,0,0,0,1,2.0,3,False,False,False,False,True,0.0,0.0,6,0,0,1,0,1,0,0,0,0,0,0,1,0,0,0,1,0,1,0,0,0,0,0,0,0,1,0,0,0,0,0,0,0,0,0,1,0,0,0,0,0,0,0,0,0,0,0,0,0,0,0,0,0,0,0,0,0,0,0,0,1,0,0,0,0,0,0,0,1,0,0,1,0,0,0,0,0,0,0,0,0,0,0,1,0,0,0,0,0,0,0,0,0,0,0,0,0,1,0,0,0,0,0,0,0,0,0,0,0,1,0,0,0,0,1728,1254,0,9,144.0,1,0,1.0,0.1666666666666666,5.0,1,9,36,36,0,0,2,0,0,0,0,0.4508670520231214,1,36,35,9,13,0.4997108155002892
195,195,196,160,24.0,2280,4,2,6,6,1976,1976,0.0,3,3,4,3,1,5,566,1,0,289,855,2,1,4,855,601,0,1456,0,0,2,1,3,1,3,7,7,440,2,87,0,0,0,0,0,0.0,0,0,7,2009,11.908346971208951,0,0,0,1,0,0,0,0,0,0,0,0,1,2.0,2,True,False,False,False,False,3.0,2.079441541679836,6,0,0,1,0,1,0,0,0,1,0,0,1,0,1,0,0,0,1,0,0,0,0,0,0,0,1,0,0,0,0,0,0,0,0,0,0,0,0,0,0,0,0,0,1,0,0,0,0,0,0,0,0,0,0,0,0,0,1,0,0,0,0,0,1,0,0,1,0,0,0,0,1,0,0,0,0,0,0,0,0,0,0,0,0,0,0,1,0,0,0,0,0,0,1,0,0,0,0,0,0,0,0,0,0,0,0,0,0,0,1,0,0,0,0,2311,2022,87,11,182.0,2,1,2.5,0.3125,15.0,1,9,33,33,0,0,2,0,0,87,0,0.6612149532710281,1,24,36,9,14,0.629757785467128
196,196,197,20,79.0,9416,4,2,7,5,2007,2007,205.0,5,3,5,3,1,6,1126,1,0,600,1726,4,1,4,1726,0,0,1726,1,0,2,0,3,1,5,8,7,786,2,171,138,0,0,266,0,0.0,0,0,9,2007,12.650351332641709,0,0,0,0,1,0,0,0,0,0,1,0,0,2.0,4,True,False,False,False,False,4.0,2.772588722239781,6,0,0,1,0,1,0,0,0,1,0,0,1,0,0,0,1,0,1,0,0,0,0,0,0,0,1,0,0,0,0,0,0,0,0,0,0,0,0,0,0,0,0,0,0,0,0,0,0,0,0,0,1,0,0,0,0,0,0,0,0,1,0,0,0,0,0,0,0,1,0,0,1,0,0,0,0,0,0,0,0,0,0,1,0,0,0,0,0,0,0,0,0,0,0,0,0,1,0,0,0,0,0,0,0,0,0,0,0,1,0,1,0,0,0,3452,2852,575,12,191.77777777777777,1,0,3.0,0.3333333333333333,21.0,1,25,0,0,0,1,4,404,1,575,0,0.6519976838448176,1,30,35,15,21,0.4998551983782218
197,197,198,75,174.0,25419,4,2,8,4,1918,1990,0.0,4,4,3,3,1,6,1036,2,184,140,1360,3,1,4,1360,1360,392,3112,1,1,2,0,4,1,4,8,7,795,2,0,16,552,0,0,512,3.0,0,0,3,2006,12.367345048436391,0,0,0,0,0,0,0,0,0,0,0,0,1,2.0,1,False,False,False,False,True,5.0,3.4657359027997265,6,0,0,1,0,1,0,0,0,1,0,0,1,0,0,0,0,0,0,0,0,0,0,0,0,0,1,0,0,0,0,0,0,0,0,0,0,0,0,0,0,0,0,1,0,0,0,0,0,0,0,0,0,0,0,0,0,0,0,0,0,0,0,0,1,0,0,1,0,0,0,0,1,0,0,0,0,0,0,0,0,0,0,0,0,0,0,0,0,1,0,0,0,0,0,0,0,0,0,0,0,0,0,0,1,0,0,0,0,0,0,1,0,0,0,4080,3940,1080,13,345.77777777777777,2,1,3.5,0.3888888888888889,28.0,1,16,88,16,1,0,1,568,1,1080,1,0.896399706098457,1,18,32,16,19,0.7625581965204606
198,198,199,75,92.0,5520,4,2,6,6,1912,1950,0.0,3,3,3,3,1,1,0,1,0,755,755,4,1,4,929,929,371,2229,0,0,1,0,5,1,3,8,7,0,2,0,198,30,0,0,0,2.0,0,0,7,2009,11.552155793461898,0,0,0,0,0,0,0,0,0,0,0,0,1,0.0,0,False,False,False,False,False,0.0,0.0,6,0,0,0,1,1,0,0,0,1,0,0,1,0,0,0,0,0,1,0,0,0,0,0,0,0,1,0,0,0,0,0,0,0,0,0,0,0,0,0,0,0,0,0,0,0,0,0,1,0,0,0,0,0,0,0,0,0,0,0,0,0,1,0,0,0,0,1,0,0,0,0,1,0,0,0,0,0,0,0,0,0,0,0,0,0,0,0,0,0,0,1,0,0,0,0,0,0,0,0,0,0,0,0,0,0,1,0,0,0,1,0,0,0,0,2613,1858,228,14,247.66666666666663,2,1,1.0,0.1111111111111111,6.0,1,9,97,59,1,0,1,228,1,228,0,0.0,0,18,36,9,16,0.8527161438408569
199,199,200,20,76.0,9591,4,2,8,5,2004,2005,262.0,4,3,5,3,3,6,1088,1,0,625,1713,4,1,4,1713,0,0,1713,1,0,2,0,3,1,5,7,7,856,2,0,26,0,0,170,0,0.0,0,0,1,2009,12.524166311833152,0,0,0,1,0,0,0,0,0,0,0,0,1,2.0,4,True,False,False,False,False,4.0,2.772588722239781,6,0,0,1,0,1,0,0,0,1,0,0,1,0,0,0,1,0,1,0,0,0,0,0,0,0,1,0,0,0,0,0,0,0,0,0,0,0,0,0,0,0,0,0,0,0,0,1,0,0,0,0,0,0,0,0,0,0,0,0,0,1,0,0,0,0,0,0,0,1,0,0,1,0,0,0,0,0,0,0,0,0,0,0,0,0,0,0,0,0,1,0,0,0,0,0,0,0,0,0,0,0,0,0,0,1,0,0,1,0,0,1,0,0,0,3426,2801,196,11,214.125,1,0,3.0,0.375,24.0,1,25,5,4,1,1,4,196,1,196,0,0.6347724620770129,1,60,40,12,21,0.4998540997957397
200,200,201,20,80.0,8546,4,2,4,5,2003,2004,0.0,3,3,4,3,1,1,0,1,0,1121,1121,4,1,4,1121,0,0,1121,0,0,2,0,2,1,3,5,7,440,2,132,64,0,0,0,0,0.0,0,0,3,2010,11.849404844423074,0,0,0,1,0,0,0,0,0,0,0,0,1,2.0,4,True,False,False,False,False,0.0,0.0,6,0,0,0,1,1,0,0,0,1,0,0,1,0,0,0,0,0,1,0,0,0,0,0,0,0,1,0,0,0,0,0,0,0,0,0,0,0,1,0,0,0,0,0,0,0,0,0,0,0,0,0,0,0,0,0,0,0,0,0,0,1,0,0,0,0,0,1,0,0,0,0,1,0,0,0,0,0,0,0,0,0,0,0,0,0,0,0,0,0,1,0,0,0,0,0,0,0,0,0,0,0,0,0,0,1,0,0,0,0,0,1,0,0,0,2242,1121,196,8,186.83333333333331,1,0,2.0,0.3333333333333333,8.0,1,9,7,6,1,1,4,64,1,196,0,0.0,0,24,20,9,14,0.4997770842621489
201,201,202,20,75.0,10125,4,2,6,6,1977,1977,0.0,3,3,3,3,1,5,641,2,279,276,1196,2,1,4,1279,0,0,1279,0,1,2,0,3,1,3,6,7,473,2,238,83,0,0,0,0,2.0,0,0,2,2008,12.052344376474922,0,0,0,1,0,0,0,0,0,0,0,0,1,2.0,2,False,False,False,False,True,2.0,2.19722457733622,6,0,0,1,0,1,0,0,0,1,0,0,1,0,0,0,1,0,1,0,0,0,0,0,0,0,1,0,0,0,0,0,0,0,0,0,0,0,0,0,0,0,1,0,0,0,0,0,0,0,0,0,0,0,0,0,0,0,0,0,0,1,0,0,0,0,0,1,0,0,0,0,1,0,0,0,0,0,0,0,0,0,0,0,0,0,0,1,0,0,0,0,0,0,0,0,0,0,0,0,0,0,1,0,0,0,0,0,0,0,1,0,0,0,0,2475,2199,321,10,182.7142857142857,1,0,2.5,0.3571428571428571,15.0,1,9,31,31,0,0,2,83,1,321,0,0.7685881370091896,1,18,36,9,14,0.5165589660743134
202,202,203,50,50.0,7000,4,2,6,6,1924,1950,0.0,3,4,2,3,1,2,617,1,0,0,617,3,1,4,865,445,0,1310,0,0,2,0,2,1,3,6,6,398,2,0,0,126,0,0,0,0.0,0,0,5,2006,11.6262630788088,0,0,0,1,0,0,0,0,0,0,0,0,0,2.0,1,True,False,False,False,False,0.0,0.0,6,0,0,1,0,1,0,0,0,1,0,0,1,0,0,0,0,0,0,0,0,0,0,0,0,0,1,0,0,0,0,0,0,0,0,0,0,0,0,0,0,0,0,0,0,0,0,0,1,0,0,0,0,0,0,0,0,0,0,0,0,0,0,0,0,0,0,1,0,0,0,0,1,0,0,0,0,0,0,0,0,0,0,0,0,0,1,0,0,0,0,0,0,0,0,0,0,0,0,0,1,0,0,0,0,0,0,0,0,0,0,0,0,0,0,1927,1927,126,9,187.14285714285717,2,1,2.0,0.2857142857142857,12.0,1,9,82,56,1,0,1,126,1,126,0,0.9983818770226536,1,12,36,12,15,0.6794605809128631
203,203,204,120,0.0,4438,4,2,6,5,2004,2004,205.0,4,3,4,3,3,6,662,1,0,186,848,4,1,4,848,0,0,848,1,0,1,0,1,1,4,3,7,420,2,149,0,0,0,0,0,0.0,0,0,1,2008,11.91170829631447,0,0,0,1,0,0,0,0,0,0,0,0,1,2.0,4,True,False,False,False,False,4.0,2.772588722239781,6,0,0,0,1,1,0,0,0,1,0,0,1,0,0,0,1,0,1,0,0,0,0,0,0,0,1,0,0,0,0,0,0,0,0,0,1,0,0,0,0,0,0,0,0,0,0,0,0,0,0,0,0,0,0,0,0,0,0,1,0,1,0,0,0,0,0,1,0,0,0,0,1,0,0,0,0,0,0,0,0,0,0,0,0,0,0,0,0,0,1,0,0,0,0,0,0,0,0,0,0,0,0,0,0,1,0,0,1,0,0,1,0,0,0,1696,1510,149,5,212.0,1,0,2.0,0.5,12.0,1,16,4,4,0,1,4,0,0,149,0,0.7797408716136631,1,48,30,12,18,0.4997053624042428
204,204,205,50,50.0,3500,4,2,5,7,1947,1950,0.0,3,3,3,3,1,2,312,1,0,408,720,2,1,4,720,564,0,1284,0,0,1,1,2,1,3,5,7,240,2,0,35,0,0,0,0,0.5,0,0,4,2009,11.60824473564232,0,0,0,1,0,0,0,0,0,0,0,0,1,2.0,1,False,False,False,False,True,0.0,0.0,6,0,0,0,1,1,0,0,0,1,0,0,1,0,0,0,1,0,1,0,0,0,0,0,0,0,1,0,0,0,0,0,0,0,0,0,0,0,0,0,0,0,0,0,0,0,0,0,1,0,0,0,0,0,0,0,0,0,0,0,0,0,0,0,0,0,0,1,0,0,0,0,1,0,0,0,0,0,0,0,0,0,0,0,0,0,0,0,0,0,0,0,0,0,0,0,0,0,0,0,0,0,0,0,0,0,0,0,0,0,1,0,0,0,0,2004,1596,35,8,214.0,2,1,1.5,0.25,7.5,1,9,62,59,1,0,1,35,1,35,0,0.4327323162274618,1,18,35,9,13,0.6403990024937656
205,205,206,20,99.0,11851,4,2,7,5,1990,1990,0.0,3,3,4,3,1,1,0,1,0,1424,1424,4,1,4,1442,0,0,1442,0,0,2,0,3,1,3,5,7,500,2,0,34,0,508,0,0,0.0,0,0,5,2009,12.103491596905933,0,0,0,1,0,0,0,0,0,0,0,0,1,2.0,3,True,False,False,False,False,0.0,0.0,6,0,0,1,0,1,0,0,0,1,0,0,1,0,0,0,0,0,1,0,0,0,0,0,0,0,1,0,0,0,0,0,0,0,0,0,0,0,0,1,0,0,0,0,0,0,0,0,0,0,0,0,0,0,0,0,0,0,0,0,0,1,0,0,0,0,0,1,0,0,0,0,1,0,0,0,0,0,0,0,0,0,0,0,1,0,0,0,0,0,0,0,0,0,0,0,0,0,1,0,0,0,0,0,0,0,0,0,0,0,0,1,0,0,0,2866,1442,542,9,240.33333333333331,1,0,2.0,0.3333333333333333,14.0,1,9,19,19,0,0,3,542,1,542,0,0.0,0,24,35,9,17,0.5029647715381932
206,206,207,20,40.0,13673,4,2,5,5,1962,1962,0.0,3,4,3,3,1,1,0,1,0,1140,1140,2,1,4,1696,0,0,1696,0,0,1,1,3,1,3,8,5,349,2,0,30,0,0,0,0,0.0,0,0,3,2007,11.87688084212164,0,0,0,1,0,0,0,0,0,0,0,0,1,2.0,2,True,False,False,False,False,3.0,2.079441541679836,6,0,0,1,0,1,0,0,0,0,0,0,1,1,0,0,0,0,0,0,0,1,0,0,0,0,1,0,0,0,0,0,0,0,0,0,0,0,0,0,0,0,0,0,0,0,0,0,0,0,1,0,0,0,0,0,0,0,0,0,0,1,0,0,0,0,0,1,0,0,0,0,1,0,0,0,0,0,0,0,0,0,0,0,1,0,0,0,0,0,0,0,0,0,0,0,0,0,1,0,0,0,0,0,0,0,0,0,0,0,1,0,0,0,0,2836,1696,30,12,188.44444444444449,1,0,1.5,0.1666666666666666,7.5,1,9,45,45,0,0,2,30,1,30,0,0.0,0,18,25,12,13,0.5978145928798027
207,207,208,20,0.0,12493,4,2,4,5,1960,1960,0.0,3,3,3,3,1,5,419,3,306,375,1100,2,1,4,1100,0,0,1100,1,0,1,0,3,1,3,6,7,312,2,355,0,0,0,0,0,1.0,0,0,4,2008,11.856522261533735,0,0,0,1,0,0,0,0,0,0,0,0,1,2.0,2,True,False,False,False,False,1.0,0.6931471805599453,6,0,0,1,0,1,0,0,0,0,0,0,1,0,0,0,1,0,1,0,0,0,0,0,0,0,1,0,0,0,0,0,0,0,0,0,0,0,0,0,0,0,0,1,0,0,0,0,0,0,0,0,0,0,0,0,0,0,0,0,0,1,0,0,0,0,0,1,0,0,0,0,1,0,0,0,0,0,0,0,0,0,0,0,0,0,0,0,0,0,0,1,0,0,0,0,0,0,0,0,0,0,0,0,0,0,1,0,0,0,0,1,0,0,0,2200,1825,355,10,157.14285714285714,1,0,2.0,0.2857142857142857,8.0,1,9,48,48,0,0,2,0,0,355,0,0.6584922797456857,1,18,20,9,12,0.4997728305315765
208,208,209,60,0.0,14364,4,1,7,5,1988,1989,128.0,4,3,4,3,4,6,1065,1,0,92,1157,4,1,4,1180,882,0,2062,1,0,2,1,3,1,3,7,7,454,2,60,55,0,0,154,0,0.0,0,0,4,2007,12.531776395271262,0,0,0,1,0,0,0,0,0,0,0,0,1,2.0,3,True,False,False,False,False,4.0,2.772588722239781,6,0,0,1,0,1,0,0,0,0,0,1,0,0,0,0,1,0,1,0,0,0,0,0,0,0,1,0,0,0,0,0,0,0,0,0,0,0,0,0,0,0,0,0,0,0,0,0,0,0,0,1,0,0,0,0,0,0,0,0,0,0,0,0,1,0,0,1,0,0,0,0,1,0,0,0,0,0,0,0,0,0,0,0,0,0,0,1,0,0,0,0,0,0,0,0,0,0,0,0,0,0,1,0,0,0,0,0,1,0,1,0,0,0,0,3219,3127,269,11,257.75,2,1,3.5,0.4375,24.5,1,9,19,18,1,0,3,209,1,269,0,0.9196891191709844,1,60,35,12,18,0.6403726708074534
209,209,210,20,75.0,8250,4,2,6,7,1964,1964,260.0,3,3,4,3,1,3,787,1,0,305,1092,4,1,4,1092,0,0,1092,1,0,1,0,3,1,3,6,7,504,2,0,0,0,0,0,0,2.0,0,0,7,2008,11.884495917930655,0,0,0,1,0,0,0,0,0,0,0,0,1,2.5,2,True,False,False,False,False,0.0,0.0,6,0,0,1,0,1,0,0,0,1,0,0,1,0,0,0,1,0,1,0,0,0,0,0,0,0,1,0,0,0,0,0,0,0,0,0,0,0,0,0,0,0,0,1,0,0,0,0,0,0,0,0,0,0,0,0,0,0,0,0,0,1,0,0,0,0,0,0,0,1,0,0,1,0,0,0,0,0,0,0,0,0,0,0,1,0,0,0,0,0,0,0,0,0,0,0,0,0,1,0,0,0,0,0,0,0,0,0,0,1,1,0,0,0,0,2184,1879,0,10,156.0,1,0,2.0,0.2857142857142857,12.0,1,9,44,44,0,0,2,0,0,0,0,0.7200365965233303,1,24,42,9,16,0.4997711670480549
210,210,211,30,67.0,5604,4,2,5,6,1925,1950,0.0,3,3,3,3,1,3,468,1,0,396,864,2,0,3,864,0,0,864,1,0,1,0,2,1,3,5,7,0,2,0,0,96,0,0,0,0.0,0,0,4,2008,11.49273296168228,0,0,0,1,0,0,0,0,0,0,0,0,1,0.0,0,False,False,False,False,False,0.0,0.0,6,0,0,1,0,1,0,0,0,1,0,0,1,0,0,0,1,0,1,0,0,0,0,0,0,0,1,0,0,0,0,0,0,0,0,0,0,0,1,0,0,0,0,0,0,0,0,0,0,0,0,0,0,0,0,0,0,0,0,0,0,1,0,0,0,0,0,1,0,0,0,0,1,0,0,0,0,0,0,0,0,0,0,0,0,0,0,0,0,1,0,0,0,0,0,0,0,0,0,0,0,0,0,0,1,0,0,0,0,0,1,0,0,0,0,1728,1332,96,8,144.0,1,0,2.0,0.3333333333333333,10.0,1,9,83,58,1,0,1,96,1,96,0,0.5410404624277456,1,18,30,9,13,0.4997108155002892
211,211,212,20,83.0,10420,4,2,6,5,2009,2009,0.0,3,3,4,3,2,6,36,1,0,1176,1212,4,1,4,1212,0,0,1212,0,0,2,0,3,1,4,6,7,460,2,100,22,0,0,0,0,0.0,0,0,3,2010,12.133507329024972,0,0,0,1,0,0,0,0,0,0,0,0,1,2.0,4,True,False,False,False,False,0.0,0.0,6,0,0,1,0,1,0,0,0,1,0,0,1,0,0,0,0,0,1,0,0,0,0,0,0,0,1,0,0,0,0,0,0,0,0,0,0,0,1,0,0,0,0,0,0,0,0,0,0,0,0,0,0,0,0,0,0,0,0,0,0,1,0,0,0,0,0,1,0,0,0,0,1,0,0,0,0,0,0,0,0,0,0,0,0,0,0,0,0,0,1,0,0,0,0,0,0,0,0,0,0,0,0,0,0,1,0,0,0,0,0,1,0,0,0,2424,1248,122,10,173.14285714285714,1,0,2.0,0.2857142857142857,12.0,1,16,1,1,0,1,4,22,1,122,0,0.0296784830997526,1,36,30,9,17,0.4997938144329897
212,212,213,60,72.0,8640,4,2,7,5,2009,2009,0.0,3,3,4,3,1,6,822,1,0,78,900,4,1,4,932,920,0,1852,1,0,2,1,3,1,4,7,7,644,2,168,108,0,0,0,0,0.0,0,0,7,2009,12.439875187430008,0,0,0,0,1,0,0,0,0,0,1,0,0,2.0,4,True,False,False,False,False,3.0,2.079441541679836,6,1,0,0,0,1,0,0,0,1,0,0,1,0,0,0,1,0,1,0,0,0,0,0,0,0,1,0,0,0,0,0,0,0,0,0,0,0,0,0,0,0,0,0,0,0,0,0,0,0,0,0,1,0,0,0,0,0,0,0,0,0,0,0,1,0,0,1,0,0,0,0,1,0,0,0,0,0,0,0,0,0,0,0,0,0,0,0,0,0,1,0,0,0,0,0,0,0,0,0,0,0,0,0,0,1,0,0,0,0,0,1,0,0,0,2752,2674,276,11,231.5,2,1,3.5,0.4375,24.5,1,16,0,0,0,1,4,108,1,276,0,0.9123196448390676,1,24,35,9,18,0.6727206683617871
213,213,214,20,43.0,13568,4,2,5,5,1995,1995,0.0,3,3,4,3,1,5,716,1,0,274,990,4,1,4,990,0,0,990,0,1,1,0,3,1,3,5,7,576,2,224,0,0,0,0,0,0.0,0,0,7,2006,11.95761769646754,0,0,0,1,0,0,0,0,0,0,0,0,1,2.0,3,True,False,False,False,False,0.0,0.0,6,0,0,1,0,1,0,1,0,0,0,0,1,1,0,0,0,0,1,0,0,0,0,0,0,0,1,0,0,0,0,0,0,0,0,0,1,0,0,0,0,0,0,0,0,0,0,0,0,0,0,0,0,0,0,0,0,0,0,0,0,1,0,0,0,0,0,1,0,0,0,0,1,0,0,0,0,0,0,0,0,0,0,0,0,0,0,0,0,0,1,0,0,0,0,0,0,0,0,0,0,0,0,0,0,1,0,0,0,0,0,1,0,0,0,1980,1706,224,9,165.0,1,0,1.5,0.25,7.5,1,9,11,11,0,0,3,0,0,224,0,0.722502522704339,1,24,25,9,15,0.4997476022211004
214,214,215,60,0.0,10900,4,2,6,7,1977,1977,153.0,3,3,4,3,1,6,378,1,0,311,689,4,1,4,689,703,0,1392,0,0,1,1,3,1,3,6,7,299,2,0,36,0,0,0,0,2.0,1,450,3,2010,11.993813394724253,0,0,0,1,0,0,0,0,0,0,0,0,1,2.0,2,True,False,False,False,False,0.0,0.0,6,0,0,1,0,1,0,0,0,0,0,0,1,0,1,0,0,0,1,0,0,0,0,0,0,0,1,0,0,0,0,0,0,0,0,0,1,0,0,0,0,0,0,0,0,0,0,0,0,0,0,0,0,0,0,0,0,0,0,0,0,0,0,0,1,0,0,1,0,0,0,0,1,0,0,0,0,0,0,0,0,0,0,0,1,0,0,0,0,0,0,0,0,0,0,0,0,0,1,0,0,0,0,0,0,0,0,0,1,0,1,0,0,0,0,2081,1770,36,10,198.8571428571429,2,1,1.5,0.2142857142857142,9.0,1,9,33,33,0,0,2,36,1,36,0,0.5478260869565217,1,24,42,9,16,0.6685878962536023
215,215,216,20,72.0,10011,4,2,5,6,1957,1996,64.0,3,3,3,3,1,4,360,1,0,710,1070,2,1,4,1236,0,0,1236,0,1,1,0,2,1,4,6,6,447,2,0,0,0,0,0,0,2.0,0,0,5,2006,11.808955099378537,0,0,0,1,0,0,0,0,0,0,0,0,1,2.0,2,True,False,False,False,False,2.0,1.3862943611198906,6,0,0,1,0,1,0,0,0,0,0,0,1,0,0,0,1,0,1,0,0,0,0,0,0,0,1,0,0,0,0,0,0,0,0,0,0,0,0,0,0,0,0,1,0,0,0,0,0,0,0,0,0,0,0,0,0,0,0,0,0,1,0,0,0,0,0,1,0,0,0,0,1,0,0,0,0,0,0,0,0,0,0,0,1,0,0,0,0,0,0,0,0,0,0,0,0,0,1,0,0,0,0,0,0,0,0,0,1,0,1,0,0,0,0,2306,1596,0,9,176.57142857142858,1,0,1.5,0.2142857142857142,7.5,1,16,49,10,1,1,2,0,0,0,0,0.3361344537815126,1,18,30,9,14,0.5357607282184655
216,216,217,20,65.0,8450,4,2,7,5,2004,2004,266.0,4,3,4,3,2,6,946,1,0,490,1436,4,1,4,1436,0,0,1436,1,0,2,0,3,1,4,8,7,484,2,139,98,0,0,0,0,0.0,0,0,4,2008,12.25486757159303,0,0,0,1,0,0,0,0,0,0,0,0,1,2.0,4,True,False,False,False,False,0.0,0.0,6,0,0,1,0,1,0,0,0,1,0,0,1,0,0,0,1,0,1,0,0,0,0,0,0,0,1,0,0,0,0,0,0,0,0,0,1,0,0,0,0,0,0,0,0,0,0,0,0,0,0,0,0,0,0,0,0,0,0,0,0,1,0,0,0,0,0,1,0,0,0,0,1,0,0,0,0,0,0,0,0,0,0,0,0,0,0,0,0,0,1,0,0,0,0,0,0,0,0,0,0,0,0,0,0,1,0,0,1,0,0,1,0,0,0,2872,2382,237,12,159.55555555555554,1,0,3.0,0.3333333333333333,21.0,1,16,4,4,0,1,4,98,1,237,0,0.6583159359777314,1,36,35,12,19,0.4998259658893143
217,217,218,70,57.0,9906,4,2,4,4,1925,1950,0.0,3,3,3,3,1,1,0,1,0,686,686,1,0,4,810,518,0,1328,0,0,1,0,3,1,3,8,7,210,2,0,172,60,0,0,0,0.0,0,0,9,2006,11.580593459194764,0,0,1,0,0,0,0,0,0,0,0,0,1,2.0,1,False,False,False,False,True,0.0,0.0,6,0,0,0,1,1,0,0,0,1,0,0,1,0,0,0,1,0,1,0,0,0,0,0,0,0,1,0,0,0,0,0,0,0,0,0,0,0,0,0,0,0,0,0,0,0,0,0,1,0,0,0,0,0,0,0,0,0,0,0,0,0,0,0,1,0,0,1,0,0,0,0,1,0,0,0,0,0,0,0,0,0,0,0,0,0,1,0,0,0,0,0,0,0,0,0,0,0,0,0,1,0,0,0,0,0,0,0,0,0,1,0,0,0,0,2014,1328,232,12,147.55555555555554,2,1,1.0,0.1111111111111111,4.0,1,9,81,56,1,0,1,232,1,232,0,0.0,0,18,16,9,11,0.6590570719602977
218,218,219,50,0.0,15660,4,2,7,9,1939,2006,312.0,4,4,3,3,1,4,341,1,0,457,798,4,1,4,1137,817,0,1954,0,1,1,1,3,1,4,8,7,431,2,0,119,150,0,0,0,0.0,0,0,5,2008,12.649157827477366,0,0,0,1,0,0,0,0,0,0,0,0,1,2.0,1,True,False,False,False,False,3.0,3.295836866004329,6,0,0,1,0,1,0,0,0,0,0,0,1,0,0,0,0,0,1,0,0,0,0,0,0,0,1,0,0,0,0,0,0,0,0,0,0,1,0,0,0,0,0,0,0,0,0,0,0,0,0,0,0,0,0,0,0,0,0,0,0,0,0,0,0,0,0,1,0,0,0,0,1,0,0,0,0,0,0,0,0,0,0,0,0,0,0,0,0,0,1,0,0,0,0,0,0,0,0,0,0,0,0,0,0,1,0,0,1,0,1,0,0,0,0,2752,2295,269,12,217.11111111111111,2,1,2.0,0.2222222222222222,14.0,1,16,69,2,1,1,1,269,1,269,0,0.4267834793491865,1,18,63,16,19,0.7097711587359244
219,219,220,120,43.0,3010,4,2,7,5,2005,2006,16.0,4,3,4,3,3,6,16,1,0,1232,1248,4,1,4,1248,0,0,1248,0,0,2,0,2,1,4,5,7,438,2,108,0,0,0,0,0,0.0,0,0,3,2006,12.027191164883384,0,0,0,0,1,0,0,0,0,0,1,0,0,2.0,4,True,False,False,False,False,0.0,0.0,6,0,0,1,0,1,0,0,0,1,0,0,1,0,0,0,1,0,1,0,0,0,0,0,0,0,1,0,0,0,0,0,0,0,0,0,0,0,0,0,0,0,0,0,0,0,0,0,0,0,0,0,0,0,0,0,0,0,0,1,0,1,0,0,0,0,0,1,0,0,0,0,1,0,0,0,0,0,0,0,0,0,0,0,0,0,0,0,0,0,1,0,0,0,0,0,0,0,0,0,0,0,0,0,0,1,0,0,1,0,0,1,0,0,0,2496,1264,108,8,208.0,1,0,2.0,0.3333333333333333,14.0,1,16,1,0,1,1,4,0,0,108,0,0.0128102481985588,1,48,35,12,19,0.4997997597116539
220,220,221,20,73.0,8990,4,2,7,5,2006,2006,0.0,4,3,4,3,2,1,0,1,0,1498,1498,4,1,4,1498,0,0,1498,0,0,2,0,2,1,4,5,7,675,2,351,33,0,0,0,0,0.0,0,0,4,2006,12.23028221464456,0,0,0,0,1,0,0,0,0,0,1,0,0,2.0,4,True,False,False,False,False,0.0,0.0,6,0,0,1,0,1,0,0,0,0,0,0,1,0,0,0,1,0,1,0,0,0,0,0,0,0,1,0,0,0,0,0,0,0,0,0,1,0,0,0,0,0,0,0,0,0,0,0,0,0,0,0,0,0,0,0,0,0,0,0,0,1,0,0,0,0,0,1,0,0,0,0,1,0,0,0,0,0,0,0,0,0,0,0,0,0,0,0,0,0,1,0,0,0,0,0,0,0,0,0,0,0,0,0,0,1,0,0,0,0,0,1,0,0,0,2996,1498,384,8,249.66666666666663,1,0,2.0,0.3333333333333333,14.0,1,16,0,0,0,1,4,33,1,384,0,0.0,0,36,35,12,19,0.4998331664998331
221,221,222,60,0.0,8068,4,2,6,5,2002,2002,0.0,4,3,4,3,1,1,0,1,0,1010,1010,4,1,4,1010,1257,0,2267,0,0,2,1,4,1,4,8,7,390,2,120,46,0,0,0,0,0.0,0,0,12,2009,12.206077645517674,0,0,0,1,0,0,0,0,1,0,0,0,0,2.0,4,False,False,True,False,False,3.0,2.079441541679836,6,0,0,1,0,1,0,0,0,0,0,0,1,0,0,0,1,0,1,0,0,0,0,0,0,0,1,0,0,0,0,0,0,0,0,0,0,0,0,1,0,0,0,0,0,0,0,0,0,0,0,0,0,0,0,0,0,0,0,0,0,0,0,0,1,0,0,1,0,0,0,0,1,0,0,0,0,0,0,0,0,0,0,0,0,0,0,0,0,0,1,0,0,0,0,0,0,0,0,0,0,0,0,0,0,1,0,0,0,0,0,1,0,0,0,3277,2267,166,13,251.88888888888889,2,1,2.5,0.2777777777777778,15.0,1,16,7,7,0,1,4,46,1,166,0,0.0,0,24,30,12,18,0.6915802318486882
222,222,223,60,85.0,11475,4,2,6,6,1975,1975,0.0,3,3,4,3,1,5,550,1,0,163,713,2,1,4,811,741,0,1552,1,0,2,1,3,1,3,6,7,434,2,209,208,0,0,0,0,2.0,0,0,2,2006,12.100161978566868,0,0,0,1,0,0,0,0,0,0,0,0,1,2.0,2,True,False,False,False,False,3.0,2.079441541679836,6,0,0,1,0,1,0,0,0,1,0,0,1,0,0,0,1,0,0,0,0,0,1,0,0,0,1,0,0,0,0,0,0,0,0,0,0,0,0,0,0,0,0,0,0,1,0,0,0,0,0,0,0,0,0,0,0,0,0,0,0,0,0,0,1,0,0,1,0,0,0,0,1,0,0,0,0,0,0,0,0,0,0,0,0,0,0,0,0,0,1,0,0,0,0,0,0,0,0,0,0,0,0,0,0,1,0,0,0,0,1,0,0,0,0,2265,2102,417,10,221.7142857142857,2,1,3.5,0.5,21.0,1,9,31,31,0,0,2,208,1,417,0,0.7703081232492998,1,24,36,9,14,0.6849073256840247
223,223,224,20,70.0,10500,4,2,4,6,1971,1971,0.0,3,3,3,3,1,5,524,2,180,160,864,3,1,4,864,0,0,864,0,0,1,0,2,1,3,4,7,576,2,216,0,0,0,0,0,0.0,0,0,3,2009,11.48247656671073,0,0,0,0,0,0,0,0,0,0,0,0,1,2.0,3,False,False,False,False,True,0.0,0.0,6,0,0,1,0,1,0,0,0,1,0,0,1,0,1,0,0,0,1,0,0,0,0,0,0,0,1,0,0,0,0,0,0,0,0,0,0,0,0,0,0,0,0,1,0,0,0,0,0,0,0,0,0,0,0,0,0,0,0,0,0,1,0,0,0,0,0,1,0,0,0,0,1,0,0,0,0,0,0,0,0,0,0,0,1,0,0,0,0,0,0,0,0,0,0,0,0,0,1,0,0,0,0,0,0,0,0,0,0,0,1,0,0,0,0,1728,1568,216,7,172.8,1,0,1.0,0.2,4.0,1,9,38,38,0,0,2,0,0,216,0,0.8138728323699422,1,18,24,9,13,0.4997108155002892
224,224,225,20,103.0,13472,4,2,10,5,2003,2003,922.0,5,3,5,3,4,6,56,1,0,2336,2392,4,1,4,2392,0,0,2392,0,0,2,0,3,1,5,8,7,968,2,248,105,0,0,0,0,0.0,0,0,6,2009,12.864242696187503,0,0,0,1,0,0,0,0,0,0,0,0,1,2.0,4,True,False,False,False,False,5.0,3.4657359027997265,6,0,0,1,0,1,0,0,0,1,0,0,1,0,0,0,1,0,1,0,0,0,0,0,0,0,1,0,0,0,0,0,0,0,0,0,0,0,0,0,0,0,0,0,0,0,0,1,0,0,0,0,0,0,0,0,0,0,0,0,0,1,0,0,0,0,0,0,0,1,0,0,1,0,0,0,0,0,0,0,0,0,0,0,0,0,0,0,0,0,1,0,0,0,0,0,0,0,0,0,0,0,0,0,0,1,0,0,1,0,0,1,0,0,0,4784,2448,353,12,265.77777777777777,1,0,2.0,0.2222222222222222,20.0,1,25,6,6,0,1,4,105,1,353,0,0.0234015879648976,1,75,50,15,24,0.4998955067920585
225,225,226,160,21.0,1680,4,2,5,5,1971,1971,142.0,3,3,3,3,1,1,0,1,0,630,630,2,1,4,630,672,0,1302,0,0,2,1,3,1,3,6,7,280,2,0,0,0,0,0,0,0.0,0,0,5,2009,11.6262630788088,0,0,0,0,0,0,0,0,0,0,0,0,0,2.0,3,False,False,False,False,True,0.0,0.0,6,0,0,0,1,1,0,0,0,1,0,0,1,0,0,0,1,0,1,0,0,0,0,0,0,0,1,0,0,0,0,0,0,1,0,0,0,0,0,0,0,0,0,0,0,0,0,0,0,0,0,0,0,0,0,0,0,0,1,0,0,0,0,0,1,0,0,1,0,0,0,0,1,0,0,0,0,0,0,0,0,0,0,0,1,0,0,0,0,0,0,0,0,0,0,0,0,0,1,0,0,0,0,0,0,0,0,0,1,0,1,0,0,0,0,1932,1302,0,10,186.0,2,1,2.5,0.3571428571428571,12.5,1,9,38,38,0,0,2,0,0,0,0,0.0,0,18,25,9,13,0.6735644076564925
226,226,227,60,82.0,9950,4,2,7,5,1995,1995,290.0,4,3,4,3,1,6,565,1,0,638,1203,4,1,4,1214,1306,0,2520,0,0,2,1,4,1,4,9,7,721,2,224,114,0,0,0,0,0.0,0,0,6,2007,12.577639650232571,0,0,0,0,0,0,0,0,0,0,0,0,1,2.0,3,True,False,False,False,False,3.0,2.079441541679836,6,0,0,1,0,1,0,0,0,0,0,0,1,0,0,0,1,0,1,0,0,0,0,0,0,0,1,0,0,0,0,0,0,0,0,0,0,0,0,0,0,0,0,0,0,0,1,0,0,0,0,0,0,0,0,0,0,0,0,0,0,0,0,0,1,0,0,1,0,0,0,0,1,0,0,0,0,0,0,0,0,0,0,0,0,0,0,0,0,0,1,0,0,0,0,0,0,0,0,0,0,0,0,0,0,1,0,0,1,0,0,1,0,0,0,3723,3085,338,14,252.0,2,1,2.5,0.25,17.5,1,16,12,12,0,0,3,114,1,338,0,0.4692691029900332,1,24,35,12,19,0.6766917293233082
227,227,228,160,21.0,1869,4,2,6,6,1970,1970,127.0,3,3,3,3,1,3,321,1,0,162,483,2,1,4,483,504,0,987,0,0,1,1,2,1,3,5,7,280,2,0,0,0,0,0,0,0.0,0,0,9,2008,11.571203807011967,0,0,0,1,0,0,0,0,0,0,0,0,1,2.0,3,False,False,False,False,True,0.0,0.0,6,0,0,0,1,1,0,0,0,1,0,0,1,0,0,0,1,0,1,0,0,0,0,0,0,0,1,0,0,0,0,0,0,1,0,0,0,0,0,0,0,0,0,0,0,0,0,0,0,0,0,0,0,0,0,0,0,0,1,0,0,0,0,0,1,0,0,1,0,0,0,0,1,0,0,0,0,0,0,0,0,0,0,0,1,0,0,0,0,0,0,0,0,0,0,0,0,0,1,0,0,0,0,0,0,0,0,0,1,0,1,0,0,0,0,1470,1308,0,8,164.5,2,1,1.5,0.25,9.0,1,9,38,38,0,0,2,0,0,0,0,0.6632231404958677,1,18,36,9,14,0.6709721278042148
228,228,229,20,70.0,8521,4,2,5,5,1967,1967,0.0,3,3,3,3,1,5,842,1,0,70,912,2,1,4,912,0,0,912,0,0,1,0,3,1,3,5,7,336,2,0,0,0,0,0,0,2.0,0,0,5,2010,11.736077016252436,0,0,0,1,0,0,0,0,0,0,0,0,1,2.0,2,False,False,False,False,True,2.0,1.3862943611198906,6,0,0,1,0,1,0,0,0,1,0,0,1,0,1,0,0,1,0,0,0,0,0,0,0,0,1,0,0,0,0,0,0,0,0,0,0,0,0,0,0,0,0,0,0,0,0,0,0,0,1,0,0,0,0,0,0,0,0,0,0,1,0,0,0,0,0,1,0,0,0,0,1,0,0,0,0,0,0,0,0,0,0,0,1,0,0,0,0,0,0,0,0,0,0,0,0,0,1,0,0,0,0,0,0,0,0,0,0,0,1,0,0,0,0,1824,1754,0,9,152.0,1,0,1.0,0.1666666666666666,5.0,1,9,43,43,0,0,2,0,0,0,0,0.9222343921139102,1,18,25,9,13,0.4997260273972603
229,229,230,120,43.0,3182,4,2,7,5,2005,2006,16.0,4,3,4,3,3,6,16,1,0,1357,1373,4,1,4,1555,0,0,1555,0,0,2,0,2,1,4,7,7,430,2,143,20,0,0,0,0,0.0,0,0,5,2009,12.167856627501678,0,0,0,1,0,0,0,0,0,0,0,0,1,2.0,4,True,False,False,False,False,3.0,2.079441541679836,6,0,0,1,0,1,0,0,0,1,0,0,1,0,0,0,1,0,1,0,0,0,0,0,0,0,1,0,0,0,0,0,0,0,0,0,0,0,0,0,0,0,0,0,0,0,0,0,0,0,0,0,0,0,0,0,0,0,0,1,0,1,0,0,0,0,0,1,0,0,0,0,1,0,0,0,0,0,0,0,0,0,0,0,0,0,0,0,0,0,1,0,0,0,0,0,0,0,0,0,0,0,0,0,0,1,0,0,1,0,0,1,0,0,0,2928,1571,163,10,194.375,1,0,2.0,0.25,14.0,1,16,4,3,1,1,4,20,1,163,0,0.0116448326055312,1,48,35,12,19,0.5308979173779447
230,230,231,20,73.0,8760,4,2,6,6,1959,1959,220.0,3,3,3,3,1,1,0,1,0,1194,1194,2,1,4,1194,0,0,1194,1,0,1,0,3,1,3,6,7,312,2,0,0,120,0,0,0,0.0,0,0,4,2010,11.904974309480185,0,0,0,1,0,0,0,0,0,0,0,0,1,2.0,2,True,False,False,False,False,0.0,0.0,6,0,0,1,0,1,0,0,0,1,0,0,1,0,0,0,1,0,1,0,0,0,0,0,0,0,1,0,0,0,0,0,0,0,0,0,0,0,0,0,0,0,0,1,0,0,0,0,0,0,0,0,0,0,0,0,0,0,0,0,0,1,0,0,0,0,0,0,0,1,0,0,1,0,0,0,0,0,0,0,0,0,0,0,0,0,1,0,0,0,0,0,0,0,0,0,0,0,0,0,1,0,0,0,0,0,0,0,1,0,1,0,0,0,0,2388,1194,120,10,170.57142857142858,1,0,2.0,0.2857142857142857,12.0,1,9,51,51,0,0,2,120,1,120,0,0.0,0,18,36,9,14,0.4997907074089577
231,231,232,60,174.0,15138,4,2,8,5,1995,1996,506.0,4,3,4,3,1,6,689,1,0,773,1462,4,1,4,1490,1304,0,2794,1,0,2,1,4,1,5,9,7,810,2,0,146,202,0,0,0,0.0,0,0,7,2009,12.90669432231532,0,0,0,1,0,0,0,0,0,0,0,0,1,2.0,3,True,False,False,False,False,3.0,2.079441541679836,6,0,0,1,0,1,0,0,0,0,0,0,1,0,0,0,1,0,1,0,0,0,0,0,0,0,1,0,0,0,0,0,0,0,0,0,0,0,0,0,0,0,0,0,0,0,1,0,0,0,0,0,0,0,0,0,0,0,0,0,0,0,0,0,1,0,0,1,0,0,0,0,1,0,0,0,0,0,0,0,0,0,0,0,0,0,0,0,0,0,1,0,0,0,0,0,0,0,0,0,0,0,0,0,0,1,0,0,1,0,0,1,0,0,0,4256,3483,348,14,279.4,2,1,3.5,0.35,28.0,1,25,14,13,1,0,3,348,1,348,0,0.4709501025290499,1,24,40,12,21,0.6563307493540051
232,232,233,160,21.0,1680,4,2,6,5,1972,1972,297.0,3,3,3,3,1,1,0,1,0,483,483,2,1,4,483,504,0,987,0,0,1,1,2,1,3,5,7,288,2,0,0,0,0,0,0,0.0,0,0,6,2006,11.456365695436428,0,0,0,1,0,0,0,0,0,0,0,0,1,2.0,2,True,False,False,False,False,1.0,0.6931471805599453,6,0,0,0,1,1,0,0,0,1,0,0,1,0,0,0,1,0,1,0,0,0,0,0,0,0,1,0,0,0,0,0,0,1,0,0,0,0,0,0,0,0,0,0,0,0,0,0,0,0,0,0,0,0,0,0,0,0,1,0,0,0,0,0,1,0,0,1,0,0,0,0,1,0,0,0,0,0,0,0,0,0,0,0,1,0,0,0,0,0,0,0,0,0,0,0,0,0,1,0,0,0,0,0,0,0,0,0,1,0,1,0,0,0,0,1470,987,0,8,164.5,2,1,1.5,0.25,9.0,1,9,34,34,0,0,2,0,0,0,0,0.0,0,18,30,9,14,0.6709721278042148
233,233,234,20,75.0,10650,4,2,5,6,1976,1976,0.0,3,3,3,4,3,2,182,5,712,0,894,2,1,4,894,0,0,894,1,0,1,0,3,1,3,5,7,308,2,365,0,0,0,0,0,2.0,0,0,2,2010,11.761354623750297,0,0,0,1,0,0,0,0,0,0,0,0,1,2.0,2,True,False,False,False,False,0.0,0.0,6,0,0,1,0,1,0,0,0,1,0,0,1,0,0,0,0,0,1,0,0,0,0,0,0,0,1,0,0,0,0,0,0,0,0,0,1,0,0,0,0,0,0,0,0,0,0,0,0,0,0,0,0,0,0,0,0,0,0,0,0,1,0,0,0,0,0,1,0,0,0,0,1,0,0,0,0,0,0,0,0,0,0,0,1,0,0,0,0,0,0,0,0,0,0,0,0,0,1,0,0,0,0,0,0,0,0,0,0,0,1,0,0,0,0,1788,1788,365,9,149.0,1,0,2.0,0.3333333333333333,10.0,1,9,34,34,0,0,2,0,0,365,0,0.9988826815642458,1,48,30,9,13,0.499720514253773
234,234,235,60,0.0,7851,4,2,6,5,2002,2002,0.0,4,3,4,3,1,6,625,1,0,235,860,4,1,4,860,1100,0,1960,1,0,2,1,4,1,4,8,7,440,2,288,48,0,0,0,0,0.0,0,0,5,2010,12.28535044535166,0,0,0,1,0,0,0,0,0,0,0,0,1,2.0,4,False,False,True,False,False,3.0,3.295836866004329,6,0,0,1,0,1,0,0,0,1,0,0,1,0,0,0,1,0,1,0,0,0,0,0,0,0,1,0,0,0,0,0,0,0,0,0,0,0,0,1,0,0,0,0,0,0,0,0,0,0,0,0,0,0,0,0,0,0,0,0,0,0,0,0,1,0,0,1,0,0,0,0,1,0,0,0,0,0,0,0,0,0,0,0,0,0,0,0,0,0,1,0,0,0,0,0,0,0,0,0,0,0,0,0,0,1,0,0,0,0,0,1,0,0,0,2820,2585,336,13,217.77777777777777,2,1,3.5,0.3888888888888889,21.0,1,16,8,8,0,1,4,48,1,336,0,0.7259001161440186,1,24,30,12,18,0.6947890818858561
235,235,236,160,21.0,1680,4,2,6,3,1971,1971,604.0,3,3,3,3,1,5,358,1,0,125,483,2,1,4,483,504,0,987,0,0,1,1,2,1,3,5,7,264,2,0,0,0,0,0,0,0.0,0,0,8,2008,11.402005077384883,0,0,0,1,0,0,0,0,0,0,0,0,1,2.0,2,False,False,False,False,True,0.0,0.0,6,0,0,0,1,1,0,0,0,1,0,0,1,0,0,0,1,0,1,0,0,0,0,0,0,0,1,0,0,0,0,0,0,1,0,0,0,0,0,0,0,0,0,0,0,0,0,0,0,0,0,0,0,0,0,0,0,0,0,1,0,0,0,0,1,0,0,1,0,0,0,0,1,0,0,0,0,0,0,0,0,0,0,0,1,0,0,0,0,0,0,0,0,0,0,0,0,0,1,0,0,0,0,0,0,0,0,0,1,0,1,0,0,0,0,1470,1345,0,8,164.5,2,1,1.5,0.25,9.0,1,9,37,37,0,0,2,0,0,0,0,0.7396694214876033,1,18,18,9,14,0.6709721278042148
236,236,237,20,65.0,8773,4,2,7,5,2004,2004,98.0,4,3,4,3,3,6,24,1,0,1390,1414,4,1,4,1414,0,0,1414,0,0,2,0,3,1,4,6,7,494,2,132,105,0,0,0,0,0.0,0,0,5,2010,12.130815551850676,0,0,0,1,0,0,0,0,0,0,0,0,1,2.0,4,True,False,False,False,False,0.0,0.0,6,0,0,1,0,1,0,0,0,1,0,0,1,0,1,0,0,0,1,0,0,0,0,0,0,0,1,0,0,0,0,0,0,0,0,0,1,0,0,0,0,0,0,0,0,0,0,0,0,0,0,0,0,0,0,0,0,0,0,0,0,1,0,0,0,0,0,1,0,0,0,0,1,0,0,0,0,0,0,0,0,0,0,0,0,0,0,0,0,0,1,0,0,0,0,0,0,0,0,0,0,0,0,0,0,1,0,0,1,0,0,1,0,0,0,2828,1438,237,10,202.0,1,0,2.0,0.2857142857142857,14.0,1,16,6,6,0,1,4,105,1,237,0,0.0169611307420494,1,48,35,12,19,0.4998232591021562
237,237,238,60,0.0,9453,4,2,7,7,1993,2003,0.0,4,3,4,3,1,4,402,1,0,594,996,4,1,4,1014,730,0,1744,0,0,2,1,3,1,4,7,7,457,2,370,70,0,238,0,0,0.0,0,0,2,2010,12.178192583415596,0,0,0,1,0,0,0,0,0,0,0,0,1,2.0,3,True,False,False,False,False,0.0,0.0,6,0,0,1,0,1,0,0,0,0,0,0,1,1,0,0,0,0,0,0,0,0,0,1,0,0,1,0,0,0,0,0,0,0,0,0,0,0,0,0,0,0,0,0,0,0,0,0,0,0,0,1,0,0,0,0,0,0,0,0,0,0,0,0,1,0,0,1,0,0,0,0,1,0,0,0,0,0,0,0,0,0,0,0,1,0,0,0,0,0,0,0,0,0,0,0,0,0,1,0,0,0,0,0,0,0,0,0,0,0,0,1,0,0,0,2740,2146,678,11,218.0,2,1,2.5,0.3125,17.5,1,16,17,7,1,1,3,308,1,678,0,0.4032096288866599,1,24,49,12,19,0.6362641371762131
238,238,239,20,93.0,12030,4,2,8,5,2007,2007,254.0,5,3,5,3,1,1,0,1,0,1694,1694,4,1,4,1694,0,0,1694,0,0,2,0,3,1,4,7,7,818,2,168,228,0,0,0,0,0.0,0,0,12,2007,12.669809806411456,0,0,0,0,1,0,0,0,0,0,1,0,0,2.0,4,True,False,False,False,False,0.0,0.0,6,0,0,1,0,1,0,0,0,1,0,0,1,0,0,0,1,0,1,0,0,0,0,0,0,0,1,0,0,0,0,0,0,0,0,0,0,0,0,0,0,0,0,0,0,0,0,1,0,0,0,0,0,0,0,0,0,0,0,0,0,1,0,0,0,0,0,0,0,1,0,0,1,0,0,0,0,0,0,0,0,0,0,0,0,0,0,0,0,0,1,0,0,0,0,0,0,0,0,0,0,0,0,0,0,1,0,0,1,0,0,1,0,0,0,3388,1694,396,11,211.75,1,0,2.0,0.25,16.0,1,16,0,0,0,1,4,228,1,396,0,0.0,0,30,40,15,21,0.4998524638536441
239,239,240,50,52.0,8741,4,2,6,4,1945,1950,0.0,3,3,3,2,1,2,94,1,0,641,735,2,1,3,798,689,0,1487,0,0,1,1,3,1,3,7,7,220,2,0,140,0,0,0,0,2.0,0,0,4,2010,11.635151947212842,0,0,0,1,0,0,0,0,0,0,0,0,1,2.0,1,False,False,False,False,True,4.0,2.772588722239781,6,0,0,1,0,1,0,0,0,1,0,0,1,0,0,0,1,0,1,0,0,0,0,0,0,0,1,0,0,0,0,0,0,0,0,0,0,0,1,0,0,0,0,0,0,0,0,0,0,0,0,0,0,0,0,0,0,0,0,0,0,0,0,0,0,0,0,1,0,0,0,0,1,0,0,0,0,0,0,0,0,0,0,0,0,0,0,0,0,0,1,0,0,0,0,0,0,0,0,0,0,0,0,0,0,1,0,0,0,0,1,0,0,0,0,2222,1581,140,11,185.875,2,1,1.5,0.1875,9.0,1,9,65,60,1,0,1,140,1,140,0,0.1277173913043478,1,12,24,9,14,0.6689158794421952
240,240,241,20,75.0,9000,4,2,8,5,2008,2008,36.0,4,3,4,3,3,6,1078,1,0,488,1566,4,1,4,1566,0,0,1566,1,0,2,0,3,1,4,7,7,750,2,144,168,0,0,0,0,0.0,0,0,4,2010,12.47801017053037,0,0,0,1,0,0,0,0,0,0,0,0,1,2.0,4,True,False,False,False,False,0.0,0.0,6,1,0,0,0,1,0,0,0,1,0,0,1,0,0,0,1,0,1,0,0,0,0,0,0,0,1,0,0,0,0,0,0,0,0,0,0,0,0,0,0,0,0,0,0,0,0,0,0,0,0,0,1,0,0,0,0,0,0,0,0,1,0,0,0,0,0,1,0,0,0,0,1,0,0,0,0,0,0,0,0,0,0,0,0,0,0,0,0,0,1,0,0,0,0,0,0,0,0,0,0,0,0,0,0,1,0,0,0,1,0,1,0,0,0,3132,2644,312,11,195.75,1,0,3.0,0.375,24.0,1,16,2,2,0,1,4,168,1,312,0,0.6879387364390556,1,48,40,12,20,0.4998404085541015
241,241,242,30,40.0,3880,4,2,5,9,1945,1997,0.0,3,4,3,3,1,5,329,1,0,357,686,3,1,4,866,0,0,866,0,0,1,0,2,1,4,4,7,0,2,58,42,0,0,0,0,0.0,0,0,8,2007,11.612779849672751,0,0,0,1,0,0,0,0,0,0,0,0,1,0.0,0,False,False,False,False,False,0.0,0.0,6,0,0,0,1,1,0,0,0,1,0,0,1,0,0,0,1,0,1,0,0,0,0,0,0,0,1,0,0,0,0,0,0,0,0,0,0,0,0,0,0,0,0,0,0,0,0,0,1,0,0,0,0,0,0,0,0,0,0,0,0,1,0,0,0,0,0,1,0,0,0,0,1,0,0,0,0,0,0,0,0,0,0,0,0,0,0,0,0,0,1,0,0,0,0,0,0,0,0,0,0,0,0,0,0,1,0,0,0,0,1,0,0,0,0,1552,1195,100,7,173.2,1,0,1.0,0.2,5.0,1,16,62,10,1,1,1,42,1,100,0,0.4788937409024745,1,18,45,12,15,0.557630392788152
242,242,243,50,63.0,5000,4,2,5,4,1900,1950,0.0,3,3,3,3,1,1,0,1,0,540,540,3,0,3,889,551,0,1440,0,0,1,0,3,1,3,6,7,352,2,0,0,77,0,0,0,0.0,0,0,4,2006,11.277215789596893,0,0,0,1,0,0,0,0,0,0,0,0,1,2.0,1,True,False,False,False,False,0.0,0.0,6,0,0,0,1,1,0,0,0,1,0,0,1,0,0,0,0,0,1,0,0,0,0,0,0,0,1,0,0,0,0,0,0,0,0,0,0,0,0,0,0,0,0,0,0,0,0,0,1,0,0,0,0,0,0,0,0,0,0,0,0,0,0,0,0,0,0,1,0,0,0,0,1,0,0,0,0,0,0,0,0,0,0,0,0,0,0,0,0,0,0,1,0,0,0,0,0,0,0,0,0,0,0,0,0,0,1,0,0,0,0,0,0,0,0,1980,1440,77,10,205.7142857142857,2,1,1.0,0.1428571428571428,5.0,1,9,106,56,1,0,1,77,1,77,0,0.0,0,18,20,9,14,0.7269056032306915
243,243,244,160,75.0,10762,4,2,6,6,1980,1980,0.0,3,3,4,3,1,1,0,1,0,626,626,2,1,4,626,591,0,1217,0,0,1,1,3,1,3,6,7,288,2,0,28,0,0,0,0,0.0,0,0,4,2009,11.695255355062796,0,0,0,1,0,0,0,0,0,0,0,0,1,2.0,2,True,False,False,False,False,3.0,2.079441541679836,6,0,0,1,0,1,0,0,0,1,0,0,1,0,0,0,0,0,1,0,0,0,0,0,0,0,1,0,0,0,0,0,0,0,0,0,0,0,0,0,0,0,0,0,0,0,0,0,0,0,0,1,0,0,0,0,0,0,0,1,0,0,0,0,1,0,0,1,0,0,0,0,1,0,0,0,0,0,0,0,0,0,0,0,0,0,0,1,0,0,0,0,0,0,0,0,0,0,0,0,0,0,1,0,0,0,0,0,0,0,1,0,0,0,0,1843,1217,28,10,173.85714285714286,2,1,1.5,0.2142857142857142,9.0,1,9,29,29,0,0,3,28,1,28,0,0.0,0,24,36,9,14,0.6599783080260304
244,244,245,60,0.0,8880,4,2,7,5,1994,2002,0.0,4,3,4,3,1,6,695,1,0,253,948,4,1,4,1222,888,0,2110,1,0,2,1,3,1,4,8,7,463,2,0,130,0,0,0,0,0.0,0,0,5,2010,12.230770136157428,0,0,0,1,0,0,0,0,0,0,0,0,1,2.0,3,True,False,False,False,False,2.0,2.19722457733622,6,0,0,1,0,1,0,0,0,0,0,0,1,0,0,0,1,0,1,0,0,0,0,0,0,0,1,0,0,0,0,0,0,0,0,0,0,0,0,0,0,0,0,0,0,0,0,0,0,0,0,1,0,0,0,0,0,0,0,0,0,0,0,0,1,0,0,1,0,0,0,0,1,0,0,0,0,0,0,0,0,0,0,0,0,0,0,0,0,0,1,0,0,0,0,0,0,0,0,0,0,0,0,0,0,1,0,0,0,0,0,1,0,0,0,3058,2805,130,12,234.44444444444449,2,1,3.5,0.3888888888888889,24.5,1,16,16,8,1,1,3,130,1,130,0,0.7323498419388831,1,24,35,12,19,0.6897678980058842
245,245,246,20,80.0,10400,4,2,7,5,1988,1988,102.0,3,3,4,3,3,6,929,1,0,916,1845,3,1,4,1872,0,0,1872,0,1,2,0,3,1,3,6,7,604,2,197,39,0,0,0,0,0.0,0,0,6,2006,12.39462889285294,0,0,0,1,0,0,0,0,0,0,0,0,1,2.0,3,True,False,False,False,False,3.0,2.079441541679836,6,0,0,1,0,1,0,0,0,1,0,0,1,0,0,0,1,0,1,0,0,0,0,0,0,0,1,0,0,0,0,0,0,0,0,0,0,0,0,0,0,0,0,0,0,1,0,0,0,0,0,0,0,0,0,0,0,0,0,0,0,1,0,0,0,0,0,1,0,0,0,0,1,0,0,0,0,0,0,0,0,0,0,0,0,0,0,0,0,0,0,1,0,0,0,0,0,0,0,0,0,0,0,0,0,0,1,0,1,0,1,0,0,0,0,3717,2801,236,10,267.42857142857144,1,0,2.5,0.3571428571428571,17.5,1,9,18,18,0,0,3,39,1,236,0,0.5032502708559047,1,48,35,9,16,0.5034965034965035
246,246,247,190,69.0,9142,4,2,6,8,1910,1950,0.0,3,2,2,3,1,1,0,1,0,1020,1020,3,0,1,908,1020,0,1928,0,0,2,0,4,2,2,9,7,440,2,0,60,112,0,0,0,0.0,0,0,4,2006,11.827743504053696,0,0,0,1,0,0,0,0,0,0,0,0,1,1.0,1,False,False,False,False,True,0.0,0.0,6,0,0,0,1,1,0,0,0,1,0,0,1,0,0,0,1,0,1,0,0,0,0,0,0,0,1,0,0,0,0,0,0,0,0,0,0,0,0,0,0,0,0,0,0,0,0,0,1,0,0,0,0,0,0,0,1,0,0,0,0,0,0,0,1,0,0,1,0,0,0,0,1,0,0,0,0,0,0,0,0,0,0,0,0,0,0,0,0,0,0,0,0,0,0,0,0,0,0,0,0,0,0,0,0,0,0,0,0,0,0,0,0,1,0,2948,1928,172,15,192.8,2,1,2.0,0.2,12.0,2,4,96,56,1,0,1,172,1,172,0,0.0,0,12,48,6,14,0.6537809426924381
247,247,248,20,75.0,11310,4,2,6,5,1954,1954,0.0,3,3,3,3,1,1,0,1,0,1367,1367,4,1,4,1375,0,0,1375,0,0,1,0,2,1,3,5,7,451,2,0,30,0,0,0,0,0.0,0,0,6,2006,11.849404844423074,0,0,0,1,0,0,0,0,0,0,0,0,1,2.0,2,True,False,False,False,False,3.0,2.079441541679836,6,0,0,1,0,1,0,0,0,1,0,0,1,0,0,0,1,0,1,0,0,0,0,0,0,0,1,0,0,0,0,0,0,0,0,0,0,0,0,0,0,0,0,1,0,0,0,0,0,0,0,0,0,0,0,0,0,0,0,0,0,1,0,0,0,0,0,0,0,1,0,0,1,0,0,0,0,0,0,0,0,0,0,0,0,0,0,0,0,0,0,1,0,0,0,1,0,0,0,0,0,0,0,0,0,0,0,0,0,0,1,0,0,0,0,2742,1375,30,8,229.16666666666663,1,0,1.0,0.1666666666666666,6.0,1,9,52,52,0,0,2,30,1,30,0,0.0,0,18,30,9,16,0.5012759752096245
248,248,249,60,72.0,11317,4,2,7,5,2003,2003,101.0,4,3,4,3,1,1,0,1,0,840,840,4,1,4,840,828,0,1668,0,0,2,1,3,1,4,8,7,500,2,144,68,0,0,0,0,0.0,0,0,9,2007,12.100717685412471,0,0,0,1,0,0,0,0,0,0,0,0,1,2.0,4,True,False,False,False,False,0.0,0.0,6,0,0,1,0,1,0,0,0,1,0,0,1,0,0,0,1,0,1,0,0,0,0,0,0,0,1,0,0,0,0,0,0,0,0,0,1,0,0,0,0,0,0,0,0,0,0,0,0,0,0,0,0,0,0,0,0,0,0,0,0,0,0,0,1,0,0,1,0,0,0,0,1,0,0,0,0,0,0,0,0,0,0,0,0,0,0,0,0,0,1,0,0,0,0,0,0,0,0,0,0,0,0,0,0,1,0,0,1,0,0,1,0,0,0,2508,1668,212,12,185.33333333333331,2,1,2.5,0.2777777777777778,17.5,1,16,4,4,0,1,4,68,1,212,0,0.0,0,24,35,12,19,0.6648066958947788
249,249,250,50,0.0,159000,4,0,6,7,1958,2006,472.0,4,3,4,3,4,3,697,1,0,747,1444,3,1,4,1444,700,0,2144,0,1,2,0,4,1,4,7,7,389,2,0,98,0,0,0,0,0.0,1,500,6,2007,12.531776395271262,0,0,0,1,0,0,0,0,0,0,0,0,1,2.0,2,True,False,False,False,False,3.0,3.295836866004329,6,0,0,1,0,1,0,1,0,0,0,1,0,1,0,0,0,0,1,0,0,0,0,0,0,0,1,0,0,0,0,0,0,0,0,1,0,0,0,0,0,0,0,0,0,0,0,0,0,0,0,0,0,0,0,0,0,0,0,0,0,0,0,0,0,0,0,1,0,0,0,0,1,0,0,0,0,0,0,0,0,0,0,0,0,0,0,0,0,0,0,1,0,0,0,0,0,0,1,0,0,0,0,0,0,0,0,0,0,0,1,0,0,0,0,3588,2841,98,12,268.0,2,1,2.5,0.3125,15.0,1,16,49,1,1,1,2,98,1,98,0,0.4823529411764706,1,60,42,12,17,0.5973808860406798
250,250,251,30,55.0,5350,4,2,3,2,1940,1966,0.0,3,1,3,3,1,1,0,1,0,728,728,4,1,4,1306,0,0,1306,0,0,1,0,3,1,2,6,4,0,2,263,0,0,0,0,0,1.0,1,450,5,2010,11.245059091624617,0,0,0,1,0,0,0,0,0,0,0,0,1,0.0,0,False,False,False,False,False,0.0,0.0,6,0,0,1,0,1,0,0,0,0,0,0,1,0,0,0,1,0,1,0,0,0,0,0,0,0,1,0,0,0,0,0,0,0,1,0,0,0,0,0,0,0,0,0,0,0,0,0,0,0,0,0,0,0,0,0,0,0,0,0,0,1,0,0,0,0,0,1,0,0,0,0,1,0,0,0,0,0,0,0,0,0,0,0,0,0,0,0,0,0,0,1,0,0,0,0,0,0,0,0,0,0,1,0,0,0,0,0,0,0,1,0,0,0,0,2034,1306,263,10,186.57142857142856,1,0,1.0,0.1428571428571428,3.0,1,4,70,44,1,0,1,0,0,263,0,0.0,0,18,6,3,12,0.6417690417690418
251,251,252,120,44.0,4750,4,1,8,5,2006,2007,481.0,4,3,4,3,4,6,1573,1,0,0,1573,4,1,4,1625,0,0,1625,1,1,2,0,2,1,4,5,7,538,2,123,0,0,0,153,0,0.0,0,0,12,2007,12.367345048436391,0,0,1,0,0,0,0,0,0,0,0,0,1,2.0,4,True,False,False,False,False,4.0,2.772588722239781,6,0,0,0,1,1,0,0,0,0,1,0,0,0,0,0,1,0,1,0,0,0,0,0,0,0,1,0,0,0,0,0,0,0,0,0,0,1,0,0,0,0,0,0,0,0,0,0,0,0,0,0,0,0,0,0,0,0,0,1,0,1,0,0,0,0,0,0,0,1,0,0,1,0,0,0,0,0,0,0,0,0,0,0,0,0,0,0,0,0,1,0,0,0,0,0,0,0,0,0,0,0,0,0,0,1,0,0,0,1,0,1,0,0,0,3198,3198,276,8,270.8333333333333,1,0,3.5,0.5833333333333334,28.0,1,16,1,0,1,1,4,153,1,276,0,0.9993646759847522,1,60,40,12,20,0.5079712410128165
252,252,253,60,65.0,8366,4,2,6,5,2004,2004,0.0,4,3,4,3,1,1,0,1,0,798,798,4,1,4,798,842,0,1640,0,0,2,1,3,1,4,6,7,520,2,138,45,0,0,0,0,0.0,0,0,12,2008,12.06105265381003,0,0,0,1,0,0,0,0,0,0,0,0,1,2.0,4,True,False,False,False,False,0.0,0.0,6,0,0,1,0,1,0,0,0,0,0,0,1,0,0,0,1,0,1,0,0,0,0,0,0,0,1,0,0,0,0,0,0,0,0,0,0,0,0,0,0,0,0,0,0,0,0,0,0,0,0,1,0,0,0,0,0,0,0,0,0,0,0,0,1,0,0,1,0,0,0,0,1,0,0,0,0,0,0,0,0,0,0,0,0,0,0,0,0,0,1,0,0,0,0,0,0,0,0,0,0,0,0,0,0,1,0,0,0,0,0,1,0,0,0,2438,1640,183,10,234.28571428571428,2,1,2.5,0.3571428571428571,15.0,1,16,4,4,0,1,4,45,1,183,0,0.0,0,24,30,12,18,0.6724067240672407
253,253,254,80,85.0,9350,4,2,6,7,1964,1991,108.0,3,3,4,3,4,2,270,5,580,452,1302,4,1,4,1302,0,0,1302,0,1,2,0,3,1,4,7,6,309,2,333,0,0,0,0,0,2.0,0,0,10,2007,11.970356641103,0,0,0,1,0,1,0,0,0,0,0,0,0,2.0,2,True,False,False,False,False,0.0,0.0,6,0,0,1,0,1,0,0,0,1,0,0,1,0,0,0,1,0,1,0,0,0,0,0,0,0,1,0,0,0,0,0,0,0,0,0,0,0,0,0,0,0,0,1,0,0,0,0,0,0,0,0,0,0,0,0,0,0,0,0,0,0,0,0,0,0,1,0,0,1,0,0,1,0,0,0,0,0,0,0,0,0,0,0,1,0,0,0,0,0,0,0,0,0,0,0,0,0,1,0,0,0,0,0,0,0,0,0,1,0,1,0,0,0,0,2604,2152,333,11,162.75,1,0,2.5,0.3125,15.0,1,16,43,16,1,0,2,0,0,333,0,0.6523407521105142,1,60,42,9,17,0.4998080614203455
254,254,255,20,70.0,8400,4,2,5,6,1957,1957,0.0,3,4,3,3,1,3,922,1,0,392,1314,2,1,4,1314,0,0,1314,1,0,1,0,3,1,3,5,7,294,2,250,0,0,0,0,0,0.0,0,0,6,2010,11.884495917930655,0,0,0,1,0,0,0,0,0,0,0,0,1,2.0,2,True,False,False,False,False,0.0,0.0,6,0,0,1,0,1,0,0,0,1,0,0,1,0,0,0,1,0,1,0,0,0,0,0,0,0,1,0,0,0,0,0,0,0,0,0,0,0,0,0,0,0,0,1,0,0,0,0,0,0,0,0,0,0,0,0,0,0,0,0,0,1,0,0,0,0,0,1,0,0,0,0,1,0,0,0,0,0,0,0,0,0,0,0,0,0,1,0,0,0,0,0,0,0,0,0,0,0,0,0,1,0,0,0,0,0,0,0,0,0,1,0,0,0,0,2628,2236,250,9,219.0,1,0,2.0,0.3333333333333333,10.0,1,9,53,53,0,0,2,0,0,250,0,0.7011406844106464,1,18,30,12,13,0.499809813617345
255,255,256,60,66.0,8738,4,2,7,5,1999,1999,302.0,4,3,4,3,1,1,0,1,0,975,975,4,1,4,1005,1286,0,2291,0,0,2,1,4,1,4,8,7,429,2,192,0,0,0,0,0,0.0,0,0,2,2006,12.345838935721968,0,0,0,1,0,0,0,0,0,0,0,0,1,2.0,3,False,False,True,False,False,3.0,2.079441541679836,6,0,0,1,0,1,0,0,0,0,0,0,1,0,0,0,1,0,1,0,0,0,0,0,0,0,1,0,0,0,0,0,0,0,0,0,0,0,0,1,0,0,0,0,0,0,0,0,0,0,0,0,0,0,0,0,0,0,0,0,0,0,0,0,1,0,0,1,0,0,0,0,1,0,0,0,0,0,0,0,0,0,0,0,0,0,0,0,0,0,1,0,0,0,0,0,0,0,0,0,0,0,0,0,0,1,0,0,1,0,0,1,0,0,0,3266,2291,192,13,254.55555555555557,2,1,2.5,0.2777777777777778,17.5,1,16,7,7,0,1,4,0,0,192,0,0.0,0,24,35,12,19,0.7012549739822467
256,256,257,60,64.0,8791,4,2,6,5,2003,2003,0.0,4,3,4,3,1,3,503,1,0,361,864,4,1,4,864,864,0,1728,0,0,2,1,3,1,4,7,7,673,2,216,56,0,0,0,0,0.0,0,0,5,2008,12.242891437918386,0,0,0,1,0,0,0,0,0,0,0,0,1,2.0,4,True,False,False,False,False,0.0,0.0,6,1,0,0,0,1,0,0,0,0,0,0,1,0,0,0,1,0,1,0,0,0,0,0,0,0,1,0,0,0,0,0,0,0,0,0,0,0,0,0,0,0,0,0,0,0,0,0,0,0,0,0,1,0,0,0,0,0,0,0,0,0,0,0,1,0,0,1,0,0,0,0,1,0,0,0,0,0,0,0,0,0,0,0,0,0,0,0,0,0,1,0,0,0,0,0,0,0,0,0,0,0,0,0,0,1,0,0,0,0,0,1,0,0,0,2592,2231,272,11,216.0,2,1,2.5,0.3125,15.0,1,16,5,5,0,1,4,56,1,272,0,0.5815028901734104,1,24,30,12,18,0.6664095642113382
257,257,258,20,68.0,8814,4,2,7,5,2006,2006,180.0,4,3,4,3,1,6,1334,1,0,270,1604,4,1,4,1604,0,0,1604,1,0,2,1,3,1,4,8,7,660,2,123,110,0,0,0,0,0.0,0,0,3,2009,12.301387370778713,0,0,0,0,0,0,0,0,0,0,0,0,1,2.0,4,True,False,False,False,False,4.0,2.772588722239781,6,0,0,1,0,1,0,0,0,1,0,0,1,0,0,0,1,0,1,0,0,0,0,0,0,0,1,0,0,0,0,0,0,0,0,0,1,0,0,0,0,0,0,0,0,0,0,0,0,0,0,0,0,0,0,0,0,0,0,0,0,1,0,0,0,0,0,1,0,0,0,0,1,0,0,0,0,0,0,0,0,0,0,0,0,0,0,0,0,0,1,0,0,0,0,0,0,0,0,0,0,0,0,0,0,1,0,0,0,1,0,1,0,0,0,3208,2938,233,12,178.22222222222223,1,0,3.5,0.3888888888888889,24.5,1,16,3,3,0,1,4,110,1,233,0,0.8311526479750779,1,24,35,12,19,0.4998441882206295
258,258,259,60,80.0,12435,4,2,7,5,2001,2001,172.0,4,3,4,3,1,6,361,1,0,602,963,4,1,4,963,829,0,1792,0,0,2,1,3,1,4,7,7,564,2,0,96,0,245,0,0,0.0,0,0,5,2008,12.352339472153524,0,0,0,1,0,0,0,0,0,0,0,0,1,2.0,4,True,False,False,False,False,3.0,2.079441541679836,6,0,0,1,0,1,0,0,0,1,0,0,1,0,0,0,1,0,1,0,0,0,0,0,0,0,1,0,0,0,0,0,0,0,0,0,1,0,0,0,0,0,0,0,0,0,0,0,0,0,0,0,0,0,0,0,0,0,0,0,0,0,0,0,1,0,0,1,0,0,0,0,1,0,0,0,0,0,0,0,0,0,0,0,0,0,0,0,0,0,1,0,0,0,0,0,0,0,0,0,0,0,0,0,0,1,0,0,1,0,0,1,0,0,0,2755,2153,341,11,224.0,2,1,2.5,0.3125,17.5,1,16,7,7,0,1,4,341,1,341,0,0.3744813278008299,1,24,35,12,19,0.6502177068214804
259,259,260,20,70.0,12702,4,2,5,5,1956,1956,0.0,3,3,0,0,0,0,0,0,0,0,0,3,1,3,882,0,0,882,0,0,1,0,2,1,3,4,7,308,2,0,45,0,0,0,0,0.0,0,0,12,2008,11.48247656671073,0,0,0,1,0,0,0,0,0,0,0,0,1,2.0,2,False,False,False,False,True,0.0,0.0,6,0,0,0,1,1,0,0,0,1,0,0,1,0,0,0,1,0,1,0,0,0,0,0,0,0,1,0,0,0,0,0,0,0,0,0,0,0,0,0,0,0,0,0,0,0,0,0,1,0,0,0,0,0,0,0,0,0,0,0,0,1,0,0,0,0,0,1,0,0,0,0,1,0,0,0,0,0,0,0,0,1,0,0,0,0,0,0,0,0,0,0,0,0,0,1,0,0,0,0,0,0,0,0,0,0,0,0,0,0,0,1,0,0,0,882,882,45,7,176.4,1,0,1.0,0.2,5.0,1,9,52,52,0,0,2,45,1,45,0,0.0,0,0,25,9,14,0.9988674971687428
260,260,261,80,120.0,19296,4,2,6,5,1962,1962,399.0,3,3,3,3,4,3,672,5,690,0,1362,2,1,4,1382,0,0,1382,1,0,1,0,3,1,3,6,7,884,2,0,0,252,0,0,0,1.0,0,0,5,2009,12.07824495582233,0,0,0,1,0,0,0,0,0,0,0,0,1,2.0,3,True,False,False,False,False,3.0,2.079441541679836,6,0,0,1,0,1,0,0,0,1,0,0,1,0,0,0,0,0,0,0,0,0,0,0,0,0,1,0,0,0,0,0,0,0,0,0,0,0,0,0,0,0,0,1,0,0,0,0,0,0,0,0,0,0,0,0,0,0,0,0,0,0,0,0,0,0,1,1,0,0,0,0,1,0,0,0,0,0,0,0,0,0,0,0,0,0,0,0,0,0,0,1,0,0,0,0,0,0,0,0,0,0,0,0,0,0,1,0,1,0,1,0,0,0,0,2744,2744,252,10,197.42857142857144,1,0,2.0,0.2857142857142857,12.0,1,9,47,47,0,0,2,252,1,252,0,0.9992663242846662,1,45,30,9,14,0.5034608378870674
261,261,262,60,69.0,9588,4,2,8,5,2007,2007,270.0,4,3,5,3,1,1,0,1,0,1482,1482,4,1,4,1482,1092,0,2574,0,0,2,1,3,1,5,10,7,868,2,0,148,0,0,0,0,0.0,0,0,11,2007,12.52815976788113,0,0,0,0,1,0,0,0,0,0,1,0,0,2.0,4,False,False,True,False,False,4.0,2.772588722239781,6,0,0,1,0,1,0,0,0,0,0,0,1,0,0,0,1,0,1,0,0,0,0,0,0,0,1,0,0,0,0,0,0,0,0,0,1,0,0,0,0,0,0,0,0,0,0,0,0,0,0,0,0,0,0,0,0,0,0,0,0,0,0,0,1,0,0,1,0,0,0,0,1,0,0,0,0,0,0,0,0,0,0,1,0,0,0,0,0,0,0,0,0,0,0,0,0,1,0,0,0,0,0,0,0,0,0,0,0,1,0,1,0,0,0,4056,2574,148,14,234.0,2,1,2.5,0.2272727272727272,20.0,1,25,0,0,0,1,4,148,1,148,0,0.0,0,30,40,12,21,0.634458959822529
262,262,263,80,88.0,8471,4,2,6,7,1977,1995,46.0,3,3,4,4,3,5,506,1,0,0,506,2,1,4,1212,0,0,1212,1,0,1,0,3,1,3,6,7,492,2,292,12,0,0,0,0,1.0,0,0,7,2006,11.92504173829169,0,0,0,1,0,0,0,0,0,0,0,0,1,2.0,2,True,False,False,False,False,3.0,2.079441541679836,6,0,0,1,0,1,0,0,0,0,0,0,1,0,0,0,0,0,1,0,0,0,0,0,0,0,1,0,0,0,0,0,0,0,0,0,0,0,0,0,0,0,0,0,0,0,0,0,0,0,1,0,0,0,0,0,0,0,0,0,0,0,0,0,0,0,1,1,0,0,0,0,1,0,0,0,0,0,0,0,0,0,0,0,1,0,0,0,0,0,0,0,0,0,0,0,0,0,0,0,0,0,1,0,0,0,0,0,1,0,1,0,0,0,0,1718,1718,304,10,173.14285714285714,1,0,2.0,0.2857142857142857,12.0,1,9,29,11,1,0,3,12,1,304,0,0.9980276134122288,1,64,42,9,14,0.7050610820244329
263,263,264,50,50.0,5500,4,2,5,7,1929,2001,0.0,3,3,3,3,1,2,234,5,692,0,926,2,1,4,926,0,390,1316,1,0,1,0,3,1,3,6,7,484,2,0,0,0,0,0,0,0.0,0,0,4,2010,11.775297421715829,0,0,0,1,0,0,0,0,0,0,0,0,1,2.0,2,False,False,False,False,True,0.0,0.0,6,0,0,0,1,1,0,0,0,1,0,0,1,0,0,0,0,0,1,0,0,0,0,0,0,0,1,0,0,0,0,0,0,0,0,0,0,0,0,0,0,0,0,0,0,0,0,0,1,0,0,0,0,0,0,0,0,0,0,0,0,0,0,0,0,0,0,1,0,0,0,0,1,0,0,0,0,0,0,0,0,0,0,0,0,0,0,0,0,0,0,1,0,0,0,0,0,0,0,0,0,0,0,0,0,0,1,0,0,0,0,0,0,0,0,1852,1852,0,10,188.0,1,0,2.0,0.2857142857142857,10.0,1,9,81,9,1,1,1,0,0,0,0,0.9989212513484358,1,18,35,9,13,0.7101996762007555
264,264,265,30,30.0,5232,4,2,5,5,1925,2004,0.0,3,3,2,3,1,1,0,1,0,680,680,3,0,1,764,0,0,764,0,0,1,0,2,1,3,4,7,504,0,0,0,0,0,0,0,0.0,0,0,6,2008,11.19822841866684,0,0,0,1,0,0,0,0,0,0,0,0,1,2.0,2,False,False,False,False,True,0.0,0.0,6,0,0,0,1,1,0,0,1,0,0,0,0,0,0,0,1,0,0,0,0,0,0,0,0,0,1,0,0,0,0,0,0,0,0,0,0,0,0,0,0,0,0,0,0,0,0,0,1,0,0,0,0,0,0,0,0,0,0,0,0,1,0,0,0,0,0,1,0,0,0,0,1,0,0,0,0,0,0,0,0,0,0,0,0,0,0,0,0,0,0,1,0,0,0,0,0,0,0,0,0,0,0,0,0,0,1,0,0,0,0,0,0,0,0,1444,764,0,7,152.8,1,0,1.0,0.2,5.0,1,9,83,4,1,1,1,0,0,0,0,0.0,0,12,25,9,14,0.528719723183391
265,265,266,20,78.0,12090,4,2,6,6,1981,1981,210.0,3,4,4,3,1,6,588,2,228,606,1422,2,1,4,1422,0,0,1422,0,0,2,0,3,1,4,7,7,576,2,276,0,0,0,0,0,3.0,0,0,6,2008,12.075400019877522,0,0,0,1,0,0,0,0,0,0,0,0,1,2.0,3,True,False,False,False,False,3.0,2.079441541679836,6,0,0,1,0,1,0,0,0,0,0,0,1,0,0,0,1,0,1,0,0,0,0,0,0,0,1,0,0,0,0,0,0,0,0,0,0,0,0,0,0,0,0,0,0,1,0,0,0,0,0,0,0,0,0,0,0,0,0,0,0,1,0,0,0,0,0,1,0,0,0,0,1,0,0,0,0,0,0,0,0,0,0,0,0,0,1,0,0,0,0,0,0,0,0,0,0,0,0,0,1,0,0,0,0,0,0,0,1,0,1,0,0,0,0,2844,2238,276,11,177.75,1,0,2.0,0.25,12.0,1,16,27,27,0,0,3,0,0,276,0,0.573436401967674,1,24,36,12,15,0.4998242530755711
266,266,267,60,70.0,11207,4,2,6,5,1997,1997,0.0,3,3,4,3,3,6,714,1,0,88,802,3,1,4,802,709,0,1511,1,0,2,1,3,1,3,8,7,413,2,95,75,0,0,0,0,0.0,0,0,6,2006,12.128116509451258,0,0,0,1,0,0,0,0,0,0,0,0,1,2.0,3,True,False,False,False,False,3.0,2.079441541679836,6,0,0,1,0,1,0,0,0,0,1,0,0,0,1,0,0,0,1,0,0,0,0,0,0,0,1,0,0,0,0,0,0,0,0,0,0,0,0,1,0,0,0,0,0,0,0,0,0,0,0,0,0,0,0,0,0,0,0,0,0,0,0,0,1,0,0,1,0,0,0,0,1,0,0,0,0,0,0,0,0,0,0,0,0,0,0,0,0,0,1,0,0,0,0,0,0,0,0,0,0,0,0,0,0,1,0,0,0,0,0,1,0,0,0,2313,2225,170,12,167.88888888888889,2,1,3.5,0.3888888888888889,21.0,1,9,9,9,0,1,4,75,1,170,0,0.8891656288916563,1,48,30,9,15,0.6529818496110631
267,267,268,75,60.0,8400,4,1,5,8,1939,1997,0.0,3,3,3,3,1,2,378,1,0,342,720,4,1,4,1052,720,420,2192,0,0,2,1,4,1,4,8,7,240,2,262,24,0,0,0,0,0.0,0,0,7,2008,12.097936057925594,0,0,0,1,0,0,0,0,0,0,0,0,1,2.0,1,False,False,False,False,True,4.0,2.772588722239781,6,0,0,1,0,1,0,0,0,1,0,0,0,0,0,0,1,0,1,0,0,0,0,0,0,0,1,0,0,0,0,0,0,0,0,0,0,0,0,0,0,0,0,0,0,0,0,0,0,1,0,0,0,0,0,0,0,0,0,0,0,0,1,0,0,0,0,1,0,0,0,0,1,0,0,0,0,0,0,0,0,0,0,0,0,0,0,0,0,0,0,1,0,0,0,0,0,0,0,0,0,0,0,0,0,0,1,0,0,0,0,1,0,0,0,2492,2150,286,13,243.55555555555557,2,1,2.5,0.2777777777777778,12.5,1,16,69,11,1,0,1,24,1,286,0,0.5242718446601942,1,18,40,9,16,0.879261933413558
268,268,269,30,71.0,6900,4,2,5,6,1940,1955,0.0,3,3,3,3,1,5,403,3,125,212,740,4,1,4,778,0,0,778,0,0,1,0,2,1,3,4,7,924,2,0,25,0,0,0,0,0.0,0,0,2,2008,11.6994133306336,0,0,0,1,0,0,0,0,0,0,0,0,1,4.0,2,False,False,False,False,True,4.0,2.772588722239781,6,0,0,0,1,1,0,0,0,1,0,0,1,0,0,0,1,0,1,0,0,0,0,0,0,0,1,0,0,0,0,0,0,0,0,0,0,0,0,0,1,0,0,0,0,0,0,0,0,0,0,0,0,0,0,0,0,0,0,0,0,1,0,0,0,0,0,1,0,0,0,0,1,0,0,0,0,0,0,0,0,0,0,0,0,0,0,0,0,0,1,0,0,0,0,0,0,0,0,0,0,0,0,0,0,1,0,0,0,0,1,0,0,0,0,1518,1306,25,7,155.6,1,0,1.0,0.2,5.0,1,9,68,53,1,0,1,25,1,25,0,0.7125506072874493,1,18,30,9,15,0.5121790651744569
269,269,270,20,0.0,7917,4,2,6,7,1976,1976,174.0,3,4,3,4,1,4,751,1,0,392,1143,2,1,4,1113,0,0,1113,1,0,1,1,3,1,3,6,7,504,2,370,30,0,0,0,0,3.0,0,0,5,2007,11.904974309480185,0,0,0,1,0,0,0,0,0,0,0,0,1,2.5,3,True,False,False,False,False,2.0,1.3862943611198906,6,0,0,1,0,1,0,0,0,0,0,0,1,0,0,0,0,0,1,0,0,0,0,0,0,0,1,0,0,0,0,0,0,0,0,0,0,0,1,0,0,0,0,0,0,0,0,0,0,0,0,0,0,0,0,0,0,0,0,0,0,1,0,0,0,0,0,0,0,1,0,0,1,0,0,0,0,0,0,0,0,0,0,0,1,0,0,0,0,0,0,0,0,0,0,0,0,0,1,0,0,0,0,0,0,0,0,0,1,0,1,0,0,0,0,2256,1864,400,10,159.0,1,0,2.5,0.3571428571428571,15.0,1,9,31,31,0,0,2,30,1,400,0,0.6564685314685315,1,24,42,12,14,0.4931324767390341
270,270,271,60,84.0,10728,4,2,8,5,2006,2006,0.0,4,3,4,3,2,1,0,1,0,1095,1095,3,1,4,1095,844,0,1939,0,0,2,1,3,1,4,8,7,1053,2,192,51,0,0,0,0,0.0,0,0,8,2006,12.491255347155263,0,0,0,0,1,0,0,0,0,0,1,0,0,2.0,4,True,False,False,False,False,4.0,2.772588722239781,6,1,0,0,0,1,0,0,0,1,0,0,1,0,0,0,1,0,1,0,0,0,0,0,0,0,1,0,0,0,0,0,0,0,0,0,0,0,0,0,0,0,0,0,0,0,0,0,0,0,0,0,1,0,0,0,0,0,0,0,0,0,0,0,1,0,0,1,0,0,0,0,1,0,0,0,0,0,0,0,0,0,0,0,0,0,0,0,0,0,1,0,0,0,0,0,0,0,0,0,0,0,0,0,0,1,0,0,0,0,0,1,0,0,0,3034,1939,243,12,215.44444444444449,2,1,2.5,0.2777777777777778,20.0,1,16,0,0,0,1,4,51,1,243,0,0.0,0,36,40,12,19,0.6388797364085668
271,271,272,20,73.0,39104,4,0,7,7,1954,2005,0.0,3,3,4,3,4,2,226,6,1063,96,1385,4,1,4,1363,0,0,1363,1,0,1,0,2,1,3,5,4,439,2,81,0,0,0,0,0,0.0,0,0,4,2008,12.39462889285294,0,0,0,1,0,0,0,0,0,0,0,0,1,2.0,2,True,False,False,False,False,3.0,3.295836866004329,6,0,0,1,0,1,0,0,0,0,0,1,0,1,0,0,0,0,1,0,0,0,0,0,0,0,1,0,0,0,0,0,0,0,0,1,0,0,0,0,0,0,0,0,0,0,0,0,0,0,0,0,0,0,0,0,0,0,0,0,0,1,0,0,0,0,0,0,0,0,0,0,0,1,0,0,0,0,0,0,0,0,0,0,0,0,0,1,0,0,0,0,0,0,0,0,0,0,0,0,0,0,1,0,0,0,0,0,0,0,1,0,0,0,0,2748,2652,81,8,227.16666666666663,1,0,2.0,0.3333333333333333,14.0,1,9,54,3,1,1,2,0,0,81,0,0.93001443001443,1,60,49,9,17,0.4958166606038559
272,272,273,60,92.0,11764,4,2,8,7,1999,2007,348.0,4,3,4,3,1,6,524,1,0,628,1152,4,1,4,1164,1106,0,2270,0,0,2,1,4,1,4,9,7,671,2,132,57,0,0,0,0,0.0,0,0,4,2010,12.577639650232571,0,0,0,1,0,0,0,0,0,0,0,0,1,2.0,3,True,False,False,False,False,4.0,2.772588722239781,6,0,0,1,0,1,0,0,0,0,0,0,1,1,0,0,0,0,1,0,0,0,0,0,0,0,1,0,0,0,0,0,0,0,0,0,0,0,0,0,0,0,0,0,0,0,1,0,0,0,0,0,0,0,0,0,0,0,0,0,0,0,0,0,1,0,0,1,0,0,0,0,1,0,0,0,0,0,0,0,0,0,0,0,0,0,0,0,0,0,1,0,0,0,0,0,0,0,0,0,0,0,0,0,0,1,0,0,1,0,0,1,0,0,0,3422,2794,189,14,227.0,2,1,2.5,0.25,20.0,1,16,11,3,1,1,3,57,1,189,0,0.4544666088464874,1,24,56,12,20,0.6631609699094362
273,273,274,20,80.0,9600,4,2,6,6,1958,1988,183.0,3,3,3,3,1,3,620,2,620,0,1240,3,1,4,1632,0,0,1632,1,0,2,0,3,1,3,6,6,338,2,289,0,0,0,0,0,2.0,0,0,4,2009,11.842236406331557,0,0,0,1,0,0,0,0,0,0,0,0,1,2.0,2,True,False,False,False,False,4.0,2.772588722239781,6,0,0,1,0,1,0,0,0,1,0,0,1,0,0,0,1,1,0,0,0,0,0,0,0,0,1,0,0,0,0,0,0,0,0,0,0,0,0,0,0,0,0,1,0,0,0,0,0,0,0,0,0,0,0,0,0,0,0,0,0,1,0,0,0,0,0,0,0,1,0,0,1,0,0,0,0,0,0,0,0,0,0,0,0,0,0,0,0,0,0,1,0,0,0,0,0,0,0,0,0,0,0,0,0,0,1,0,0,0,1,0,0,0,0,2872,2872,289,10,233.14285714285717,1,0,3.0,0.4285714285714285,18.0,1,9,51,21,1,0,2,0,0,289,0,0.999194198227236,1,18,36,9,15,0.5680473372781065
274,274,275,20,76.0,8314,4,2,5,7,1982,1982,0.0,3,3,3,3,4,5,546,1,0,270,816,2,1,4,816,0,0,816,0,0,1,0,2,1,3,5,7,264,2,168,0,0,0,0,0,0.0,0,0,6,2007,11.732069026983156,0,0,0,1,0,0,0,0,0,0,0,0,1,2.0,3,True,False,False,False,False,0.0,0.0,6,0,0,1,0,1,0,0,0,1,0,0,1,0,0,0,0,0,1,0,0,0,0,0,0,0,1,0,0,0,0,0,0,0,0,0,0,0,0,0,0,0,1,0,0,0,0,0,0,0,0,0,0,0,0,0,0,0,0,0,0,1,0,0,0,0,0,1,0,0,0,0,1,0,0,0,0,0,0,0,0,0,0,0,1,0,0,0,0,0,0,0,0,0,0,0,0,0,0,1,0,0,0,0,0,0,0,0,0,0,1,0,0,0,0,1632,1362,168,8,136.0,1,0,1.0,0.1666666666666666,5.0,1,9,25,25,0,0,3,0,0,168,0,0.6682986536107711,1,45,35,9,13,0.4996938150642988
275,275,276,50,55.0,7264,4,2,7,7,1925,2007,0.0,4,4,3,3,1,1,0,1,0,952,952,3,0,4,952,596,0,1548,0,0,2,1,3,1,5,5,7,672,2,74,0,0,0,144,0,0.0,0,0,10,2009,12.230770136157428,0,0,0,1,0,0,0,0,0,0,0,0,1,2.0,2,False,False,False,False,True,0.0,0.0,5,0,0,1,0,1,0,0,0,1,0,0,1,0,0,0,1,0,1,0,0,0,0,0,0,0,1,0,0,0,0,0,0,0,1,0,0,0,0,0,0,0,0,0,0,0,0,0,0,0,0,0,0,0,0,0,0,0,0,0,0,0,0,0,0,0,0,1,0,0,0,0,1,0,0,0,0,0,0,0,0,0,0,0,0,0,0,0,0,0,0,1,0,0,0,0,0,0,0,0,0,0,0,0,0,0,1,0,0,0,0,0,0,0,0,2500,1548,218,9,258.0,2,1,2.5,0.4166666666666667,17.5,1,25,84,2,1,1,1,144,1,218,0,0.0,0,18,49,16,19,0.6189524190323871
276,276,277,20,129.0,9196,4,2,7,5,2003,2003,0.0,4,3,5,3,1,1,0,1,0,1560,1560,4,1,4,1560,0,0,1560,0,0,2,0,3,1,4,7,7,573,2,100,150,0,0,0,0,0.0,0,0,4,2010,12.211065162153217,0,0,0,1,0,0,0,0,0,0,0,0,1,2.0,4,True,False,False,False,False,0.0,0.0,6,0,0,1,0,1,0,0,0,0,0,0,1,0,0,0,1,0,1,0,0,0,0,0,0,0,1,0,0,0,0,0,0,0,0,0,0,0,0,0,0,0,1,0,0,0,0,0,0,0,0,0,0,0,0,0,0,0,0,0,0,1,0,0,0,0,0,1,0,0,0,0,1,0,0,0,0,0,0,0,0,0,0,0,0,0,0,0,0,0,1,0,0,0,0,0,0,0,0,0,0,0,0,0,0,1,0,0,0,0,0,1,0,0,0,3120,1560,250,11,195.0,1,0,2.0,0.25,14.0,1,16,7,7,0,1,4,150,1,250,0,0.0,0,30,35,12,19,0.49983979493752
277,277,278,20,140.0,19138,4,2,4,5,1951,1951,0.0,3,3,3,3,1,2,120,1,0,744,864,4,1,4,864,0,0,864,0,0,1,0,2,1,3,4,7,400,2,0,0,0,0,0,0,0.0,0,0,6,2010,11.856522261533735,0,0,0,1,0,0,0,0,0,0,0,0,1,2.0,2,False,False,False,False,True,0.0,0.0,6,0,0,1,0,1,0,0,0,1,0,0,1,0,0,0,0,0,1,0,0,0,0,0,0,0,1,0,0,0,0,0,0,0,0,0,0,0,0,1,0,0,0,0,0,0,0,0,0,0,0,0,0,0,0,0,0,0,0,0,0,1,0,0,0,0,0,1,0,0,0,0,1,0,0,0,0,0,0,0,0,0,0,0,0,0,0,0,0,0,1,0,0,0,0,0,0,0,0,0,0,0,0,0,0,1,0,0,0,0,1,0,0,0,0,1728,984,0,7,172.8,1,0,1.0,0.2,4.0,1,9,59,59,0,0,2,0,0,0,0,0.1387283236994219,1,18,20,9,14,0.4997108155002892
278,278,279,20,107.0,14450,4,2,9,5,2006,2007,315.0,5,3,5,3,4,1,0,1,0,2121,2121,4,1,4,2121,0,0,2121,0,0,2,1,3,1,5,8,7,732,2,124,98,0,0,142,0,0.0,0,0,5,2007,12.93675402171804,0,0,0,0,1,0,0,0,0,0,1,0,0,2.0,4,True,False,False,False,False,5.0,3.4657359027997265,6,0,0,1,0,1,0,0,0,1,0,0,1,0,0,0,1,0,1,0,0,0,0,0,0,0,1,0,0,0,0,0,0,0,0,0,0,0,0,0,0,0,0,0,0,0,0,1,0,0,0,0,0,0,0,0,0,0,0,0,0,1,0,0,0,0,0,1,0,0,0,0,1,0,0,0,0,0,0,0,0,0,0,1,0,0,0,0,0,0,0,0,0,0,0,0,0,1,0,0,0,0,0,0,0,0,0,0,1,0,0,1,0,0,0,4242,2121,364,12,235.66666666666663,1,0,2.5,0.2777777777777778,22.5,1,25,1,0,1,1,4,240,1,364,0,0.0,0,75,45,15,23,0.4998821588498703
279,279,280,60,83.0,10005,4,2,7,5,1977,1977,299.0,3,3,4,3,1,4,392,1,0,768,1160,4,1,4,1156,866,0,2022,0,0,2,1,4,1,3,8,7,505,2,288,117,0,0,0,0,0.0,0,0,3,2008,12.165255859329688,0,0,0,1,0,0,0,0,0,0,0,0,1,2.0,2,True,False,False,False,False,3.0,2.079441541679836,6,0,0,1,0,1,0,0,0,1,0,0,1,0,0,0,1,0,1,0,0,0,0,0,0,0,1,0,0,0,0,0,0,0,0,1,0,0,0,0,0,0,0,0,0,0,0,0,0,0,0,0,0,0,0,0,0,0,0,0,0,0,0,0,1,0,0,0,0,1,0,0,1,0,0,0,0,0,0,0,0,0,0,0,0,0,0,1,0,0,0,0,0,0,0,0,0,0,0,0,0,0,1,0,0,0,0,0,1,0,1,0,0,0,0,3182,2414,405,13,224.66666666666663,2,1,2.5,0.2777777777777778,17.5,1,9,31,31,0,0,2,117,1,405,0,0.3376399655469423,1,24,35,9,17,0.6352497643732328
280,280,281,60,82.0,11287,4,2,7,6,1989,1989,340.0,4,3,4,3,3,6,421,1,0,386,807,3,1,4,1175,807,0,1982,0,0,2,1,3,1,4,7,7,575,2,0,84,0,196,0,0,0.0,0,0,1,2007,12.339295865674435,0,0,0,1,0,0,0,0,0,0,0,0,1,2.0,3,True,False,False,False,False,3.0,2.079441541679836,6,0,0,1,0,1,0,0,0,1,0,0,1,0,0,0,1,0,1,0,0,0,0,0,0,0,1,0,0,0,0,0,0,0,0,0,0,0,0,0,0,0,0,0,0,0,0,0,0,0,0,1,0,0,0,0,0,0,0,0,0,0,0,0,1,0,0,1,0,0,0,0,1,0,0,0,0,0,0,0,0,0,0,0,0,0,0,1,0,0,0,0,0,0,0,0,0,0,0,0,0,0,1,0,0,0,0,0,1,0,1,0,0,0,0,2789,2403,280,11,247.75,2,1,2.5,0.3125,17.5,1,16,18,18,0,0,3,280,1,280,0,0.5210396039603961,1,48,42,12,18,0.7103942652329749
281,281,282,20,60.0,7200,4,2,6,5,2006,2006,68.0,4,3,4,3,1,6,905,1,0,357,1262,3,1,4,1262,0,0,1262,0,0,2,0,2,1,4,5,7,572,2,0,120,0,0,0,0,0.0,0,0,5,2006,12.128116509451258,0,0,0,0,1,0,0,0,0,0,1,0,0,2.0,4,True,False,False,False,False,0.0,0.0,6,1,0,0,0,1,1,0,0,1,0,0,1,0,0,0,1,0,1,0,0,0,0,0,0,0,1,0,0,0,0,0,0,0,0,0,0,0,0,0,0,0,0,0,0,0,0,0,0,0,0,0,1,0,0,0,0,0,0,0,0,1,0,0,0,0,0,1,0,0,0,0,1,0,0,0,0,0,0,0,0,0,0,0,0,0,0,0,0,0,1,0,0,0,0,0,0,0,0,0,0,0,0,0,0,1,0,0,0,1,0,1,0,0,0,2524,2167,120,8,210.33333333333331,1,0,2.0,0.3333333333333333,12.0,1,16,0,0,0,1,4,120,1,120,0,0.716547901821061,1,24,30,12,17,0.4998019801980198
282,282,283,120,34.0,5063,4,2,7,5,2007,2008,166.0,4,3,4,3,1,6,904,1,0,410,1314,4,1,4,1314,0,0,1314,1,0,2,0,2,1,4,6,7,626,2,172,62,0,0,0,0,0.0,0,0,4,2009,12.242891437918386,0,0,0,1,0,0,0,0,0,1,0,0,0,2.0,4,True,False,False,False,False,4.0,2.772588722239781,6,0,0,1,0,1,0,0,0,1,0,0,1,0,0,0,1,0,1,0,0,0,0,0,0,0,1,0,0,0,0,0,0,0,0,0,0,0,0,0,0,0,0,0,0,0,0,1,0,0,0,0,0,0,0,0,0,0,1,0,0,1,0,0,0,0,0,1,0,0,0,0,1,0,0,0,0,0,0,0,0,0,0,0,0,0,0,0,0,0,1,0,0,0,0,0,0,0,0,0,0,0,0,0,0,1,0,0,0,1,0,1,0,0,0,2628,2218,234,9,187.7142857142857,1,0,3.0,0.4285714285714285,21.0,1,16,2,1,1,1,4,62,1,234,0,0.6874524714828897,1,24,35,12,19,0.499809813617345
283,283,284,20,74.0,9612,4,2,8,5,2008,2009,72.0,4,3,4,3,1,1,0,1,0,1468,1468,4,1,4,1468,0,0,1468,0,0,2,0,3,1,4,6,7,898,2,210,150,0,0,0,0,0.0,0,0,12,2009,12.407383590534293,0,0,0,0,1,0,0,0,0,0,1,0,0,2.0,4,True,False,False,False,False,4.0,2.772588722239781,6,0,0,1,0,1,0,0,0,1,0,0,1,0,0,0,1,1,0,0,0,0,0,0,0,0,1,0,0,0,0,0,0,0,0,0,0,0,0,0,0,0,0,0,0,0,0,0,0,0,0,0,1,0,0,0,0,0,0,0,0,1,0,0,0,0,0,1,0,0,0,0,1,0,0,0,0,0,0,0,0,0,0,0,0,0,0,0,0,0,1,0,0,0,0,0,0,0,0,0,0,0,0,0,0,1,0,0,0,1,0,1,0,0,0,2936,1468,360,10,209.7142857142857,1,0,2.0,0.2857142857142857,16.0,1,16,1,0,1,1,4,150,1,360,0,0.0,0,24,40,12,20,0.4998297582567245
284,284,285,120,50.0,8012,4,2,6,5,1992,1992,0.0,4,3,4,3,1,6,430,1,0,1145,1575,3,1,4,1575,0,0,1575,1,0,2,0,2,1,4,5,7,529,2,0,0,52,0,0,0,0.0,0,0,7,2007,12.09626335986454,0,0,0,1,0,0,0,0,0,0,0,0,1,2.0,3,True,False,False,False,False,0.0,0.0,6,0,0,1,0,1,0,0,0,1,0,0,1,0,0,0,1,0,1,0,0,0,0,0,0,0,1,0,0,0,0,0,0,0,0,0,0,0,0,0,0,0,0,0,0,0,0,0,0,0,0,1,0,0,0,0,0,0,0,1,0,1,0,0,0,0,0,1,0,0,0,0,1,0,0,0,0,0,0,0,0,0,0,0,0,0,0,1,0,0,0,0,0,0,0,0,0,0,0,1,0,0,0,0,0,0,0,0,0,0,0,1,0,0,0,3150,2005,52,8,262.5,1,0,3.0,0.5,18.0,1,16,15,15,0,0,3,52,1,52,0,0.2728426395939086,1,24,30,12,17,0.4998413202158045
285,285,286,160,35.0,4251,4,2,7,5,2006,2007,0.0,4,3,4,3,1,1,0,1,0,625,625,4,1,4,625,625,0,1250,0,0,2,1,2,1,4,5,7,528,2,0,54,0,0,0,0,0.0,0,0,6,2007,12.011886987792716,0,0,0,0,1,0,0,0,0,0,1,0,0,2.0,4,False,False,False,False,True,0.0,0.0,6,1,0,0,0,1,1,0,0,0,0,0,1,0,0,0,1,0,1,0,0,0,0,0,0,0,1,0,0,0,0,0,0,0,0,0,0,0,0,0,0,0,0,0,0,0,0,0,0,0,0,0,1,0,0,0,0,0,0,1,0,0,0,0,1,0,0,1,0,0,0,0,1,0,0,0,0,0,0,0,0,0,0,0,0,0,1,0,0,0,0,0,0,0,0,0,0,0,0,0,1,0,0,0,0,0,0,0,0,0,0,1,0,0,0,1875,1250,54,8,208.33333333333331,2,1,2.5,0.4166666666666667,17.5,1,16,1,0,1,1,4,54,1,54,0,0.0,0,24,35,12,19,0.6663113006396588
286,286,287,50,77.0,9786,4,2,6,7,1962,1981,0.0,3,3,3,3,1,3,600,1,0,312,912,2,1,4,1085,649,0,1734,0,0,1,1,3,1,4,7,7,440,2,0,0,0,0,128,0,3.0,0,0,6,2006,11.976665770490769,0,0,0,1,0,0,0,0,0,0,0,0,1,2.0,2,True,False,False,False,False,4.0,2.772588722239781,6,0,0,1,0,1,0,0,0,0,0,0,0,0,0,0,1,0,1,0,0,0,0,0,0,0,1,0,0,0,0,0,0,0,0,0,0,0,0,0,0,0,0,1,0,0,0,0,0,0,0,0,0,0,0,0,0,0,0,0,0,0,0,0,0,0,0,1,0,0,0,0,1,0,0,0,0,0,0,0,0,0,0,0,0,0,0,0,0,0,0,1,0,0,0,0,0,0,0,0,0,0,0,0,0,0,1,0,0,0,1,0,0,0,0,2646,2334,128,11,216.75,2,1,1.5,0.1875,9.0,1,16,44,25,1,0,2,128,1,128,0,0.6571741511500547,1,18,42,9,15,0.6550812240272006
287,287,288,20,0.0,8125,4,2,4,4,1971,1971,0.0,3,3,3,3,1,4,614,1,0,244,858,2,1,4,858,0,0,858,0,0,1,0,3,1,3,5,7,0,2,0,0,0,0,0,0,0.0,0,0,6,2006,11.38510345703214,0,0,0,1,0,0,0,0,0,0,0,0,1,0.0,0,False,False,False,False,False,0.0,0.0,6,0,0,1,0,1,0,0,0,0,0,0,1,0,0,0,0,0,1,0,0,0,0,0,0,0,1,0,0,0,0,0,0,0,0,0,0,0,0,0,0,0,0,1,0,0,0,0,0,0,0,0,0,0,0,0,0,0,0,0,0,1,0,0,0,0,0,1,0,0,0,0,1,0,0,0,0,0,0,0,0,0,0,0,1,0,0,0,0,0,0,0,0,0,0,0,0,0,1,0,0,0,0,0,0,0,0,0,0,0,1,0,0,0,0,1716,1472,0,9,143.0,1,0,1.0,0.1666666666666666,4.0,1,9,35,35,0,0,2,0,0,0,0,0.7147846332945286,1,18,16,9,12,0.4997087944088526
288,288,289,20,0.0,9819,4,2,5,5,1967,1967,31.0,3,4,3,3,1,4,450,1,0,432,882,2,1,4,900,0,0,900,0,0,1,0,3,1,3,5,7,280,2,0,0,0,0,0,0,2.0,0,0,2,2010,11.711784520403112,0,0,0,1,0,0,0,0,0,0,0,0,1,2.0,2,False,False,False,False,True,0.0,0.0,6,0,0,1,0,1,0,0,0,0,0,0,1,0,0,0,1,0,1,0,0,0,0,0,0,0,1,0,0,0,0,0,0,0,0,0,0,0,0,0,0,0,0,0,0,0,0,0,0,0,1,0,0,0,0,0,0,0,0,0,0,1,0,0,0,0,0,1,0,0,0,0,1,0,0,0,0,0,0,0,0,0,0,0,0,0,1,0,0,0,0,0,0,0,0,0,0,0,0,0,1,0,0,0,0,0,0,0,1,0,1,0,0,0,0,1782,1350,0,9,150.0,1,0,1.0,0.1666666666666666,5.0,1,9,43,43,0,0,2,0,0,0,0,0.5096262740656852,1,18,25,12,13,0.5047672462142456
289,289,290,70,60.0,8730,4,2,6,7,1915,2003,0.0,3,3,3,3,1,1,0,1,0,698,698,4,1,3,698,698,0,1396,0,0,1,0,3,1,3,7,7,384,2,0,0,0,0,259,0,0.0,0,0,7,2007,11.941950837487406,0,0,0,1,0,0,0,0,0,0,0,0,1,2.0,4,False,False,False,False,True,0.0,0.0,6,0,0,1,0,1,0,0,0,1,0,0,1,0,0,0,1,0,0,0,0,0,1,0,0,0,1,0,0,0,0,0,0,0,1,0,0,0,0,0,0,0,0,0,0,0,0,0,0,0,0,0,0,0,0,0,0,0,0,0,0,0,0,0,1,0,0,1,0,0,0,0,1,0,0,0,0,0,0,0,0,0,0,0,0,0,0,0,0,0,0,1,0,0,0,0,0,0,0,0,0,0,0,0,0,0,1,0,0,0,0,0,0,0,0,2094,1396,259,11,174.5,2,1,1.0,0.125,6.0,1,9,92,4,1,1,1,259,1,259,0,0.0,0,18,42,9,16,0.6663484486873509
290,290,291,60,120.0,15611,4,2,8,5,2006,2006,0.0,4,3,4,3,3,1,0,1,0,1079,1079,4,1,4,1079,840,0,1919,0,0,2,1,3,1,4,8,7,685,2,0,51,0,0,0,0,0.0,0,0,7,2006,12.359784657728284,0,0,0,0,1,0,0,0,0,0,1,0,0,2.5,4,True,False,False,False,False,4.0,2.772588722239781,6,0,0,1,0,1,0,0,0,1,0,0,1,0,0,0,1,0,1,0,0,0,0,0,0,0,1,0,0,0,0,0,0,0,0,0,1,0,0,0,0,0,0,0,0,0,0,0,0,0,0,0,0,0,0,0,0,0,0,0,0,0,0,0,1,0,0,1,0,0,0,0,1,0,0,0,0,0,0,0,0,0,0,0,0,0,0,0,0,0,1,0,0,0,0,0,0,0,0,0,0,0,0,0,0,1,0,0,0,0,0,1,0,0,0,2998,1919,51,12,213.22222222222223,2,1,2.5,0.2777777777777778,20.0,1,16,0,0,0,1,4,51,1,51,0,0.0,0,48,40,12,20,0.6398799599866623
291,291,292,190,55.0,5687,4,2,5,6,1912,2000,0.0,3,2,3,2,1,3,210,1,0,570,780,4,0,4,936,780,0,1716,1,0,2,0,6,1,2,9,7,0,0,0,184,0,0,0,0,0.0,0,0,3,2008,11.819681958463892,0,0,0,1,0,0,0,0,0,0,0,0,1,0.0,0,False,False,False,False,False,0.0,0.0,6,0,0,1,0,1,0,0,0,1,0,0,0,0,0,0,1,0,1,0,0,0,0,0,0,0,1,0,0,0,0,0,0,0,0,0,0,0,0,0,0,0,0,0,0,0,0,0,0,1,0,0,0,0,0,0,1,0,0,0,0,0,0,0,1,0,0,1,0,0,0,0,1,0,0,0,0,0,0,0,0,0,0,0,0,0,0,0,0,0,1,0,0,0,0,0,0,0,0,0,0,0,0,0,0,1,0,0,0,0,0,1,0,0,0,2496,1926,184,16,171.6,2,1,3.0,0.3,15.0,1,4,96,8,1,1,1,184,1,184,0,0.2688860435339308,1,12,30,6,14,0.6872246696035242
292,292,293,50,60.0,11409,4,2,5,4,1949,2008,0.0,3,3,3,3,1,2,292,1,0,476,768,3,1,4,1148,568,0,1716,0,0,1,1,3,1,3,8,5,281,2,0,0,0,0,160,0,0.0,0,0,1,2009,11.78296023574194,0,0,0,1,0,0,0,0,0,0,0,0,1,2.0,1,True,False,False,False,False,4.0,2.772588722239781,6,0,0,1,0,1,0,0,0,1,0,0,1,0,0,0,1,0,1,0,0,0,0,0,0,0,1,0,0,0,0,0,0,0,0,0,0,0,1,0,0,0,0,0,0,0,0,0,0,0,0,0,0,0,0,0,0,0,0,0,0,0,0,0,0,0,0,1,0,0,0,0,1,0,0,0,0,0,0,0,0,0,0,0,0,0,0,0,0,0,0,1,0,0,0,0,0,0,0,0,0,0,0,0,0,0,1,0,0,0,1,0,0,0,0,2484,2008,160,12,190.66666666666663,2,1,1.5,0.1666666666666666,7.5,1,9,60,1,1,1,2,160,1,160,0,0.3797139141742522,1,18,20,9,14,0.6905432595573441
293,293,294,60,0.0,16659,4,2,7,7,1977,1994,34.0,3,3,3,3,1,5,795,1,0,0,795,1,1,4,1468,795,0,2263,1,0,2,1,3,1,4,9,7,539,2,0,250,0,0,0,0,0.0,0,0,3,2006,12.367345048436391,0,0,0,1,0,0,0,0,0,0,0,0,1,2.0,2,True,False,False,False,False,3.0,2.079441541679836,6,0,0,1,0,1,0,0,0,0,0,0,1,0,0,0,0,0,0,1,0,0,0,0,0,0,1,0,0,0,0,0,0,0,0,0,0,0,0,0,0,0,0,0,0,1,0,0,0,0,0,0,0,0,0,0,0,0,0,0,0,0,0,0,1,0,0,1,0,0,0,0,1,0,0,0,0,0,0,0,0,0,0,0,0,0,0,1,0,0,0,0,0,0,0,0,0,0,0,0,0,0,1,0,0,0,0,0,1,0,1,0,0,0,0,3058,3058,250,13,226.3,2,1,3.5,0.35,24.5,1,16,29,12,1,0,3,250,1,250,0,0.9987437185929648,1,18,49,9,15,0.7397842432167375
294,294,295,20,80.0,9600,4,2,6,5,1953,1953,238.0,3,3,3,3,1,6,1285,1,0,131,1416,2,1,4,1644,0,0,1644,1,0,1,0,3,1,3,7,7,418,2,110,0,0,0,0,0,0.0,0,0,10,2009,12.025755079404917,0,0,0,1,0,0,0,0,0,0,0,0,1,2.0,2,True,False,False,False,False,4.0,4.394449154672439,6,0,0,1,0,1,0,0,0,1,0,0,1,0,0,0,1,0,1,0,0,0,0,0,0,0,1,0,0,0,0,0,0,0,0,0,0,0,0,0,0,0,0,1,0,0,0,0,0,0,0,0,0,0,0,0,0,0,0,0,0,1,0,0,0,0,0,0,0,1,0,0,1,0,0,0,0,0,0,0,0,0,0,0,1,0,0,0,0,0,0,0,0,0,0,0,0,0,1,0,0,0,0,0,0,0,0,0,0,1,1,0,0,0,0,3060,2929,110,11,205.5,1,0,2.0,0.25,12.0,1,9,56,56,0,0,2,0,0,110,0,0.9068454481298518,1,18,30,9,14,0.537079385821627
295,295,296,80,37.0,7937,4,2,6,6,1984,1984,0.0,3,3,3,3,3,6,819,1,0,184,1003,2,1,4,1003,0,0,1003,1,0,1,0,3,1,3,6,7,588,2,120,0,0,0,0,0,3.0,0,0,3,2006,11.86710429621008,0,0,0,1,0,0,0,0,0,0,0,0,1,2.0,3,False,False,False,False,True,0.0,0.0,6,0,0,1,0,1,0,0,0,0,0,0,1,1,0,0,0,0,1,0,0,0,0,0,0,0,1,0,0,0,0,0,0,0,0,0,0,0,0,0,0,0,1,0,0,0,0,0,0,0,0,0,0,0,0,0,0,0,0,0,0,0,0,0,0,0,1,1,0,0,0,0,1,0,0,0,0,0,0,0,0,0,0,0,1,0,0,0,0,0,0,0,0,0,0,0,0,0,1,0,0,0,0,0,0,0,0,0,0,0,1,0,0,0,0,2006,1822,120,10,143.28571428571428,1,0,2.0,0.2857142857142857,12.0,1,9,22,22,0,0,3,0,0,120,0,0.8157370517928287,1,36,36,9,14,0.4997508719481813
296,296,297,50,75.0,13710,4,2,5,5,1950,1950,0.0,3,3,3,3,1,4,420,1,0,490,910,2,1,3,910,648,0,1558,0,0,1,1,4,1,3,6,7,282,2,289,0,0,0,0,0,2.0,0,0,6,2007,11.93164237875414,0,0,0,1,0,0,0,0,0,0,0,0,1,2.0,1,True,False,False,False,False,0.0,0.0,6,0,0,0,1,1,0,0,0,1,0,0,1,0,0,0,1,0,1,0,0,0,0,0,0,0,1,0,0,0,0,0,0,0,0,0,0,0,0,0,1,0,0,0,0,0,0,0,0,0,0,0,0,0,0,0,0,0,0,0,0,0,0,0,0,0,0,1,0,0,0,0,1,0,0,0,0,0,0,0,0,0,0,0,0,0,0,0,0,0,0,1,0,0,0,0,0,0,0,0,0,0,0,0,0,0,1,0,0,0,1,0,0,0,0,2468,1978,289,11,222.57142857142856,2,1,1.5,0.2142857142857142,7.5,1,9,57,57,0,0,2,0,0,289,0,0.4610318331503842,1,18,25,9,13,0.6310247063588498
297,297,298,60,66.0,7399,4,2,7,5,1997,1998,1600.0,4,3,4,3,1,4,649,1,0,326,975,4,1,4,975,975,0,1950,0,0,2,1,3,1,4,7,7,576,2,0,10,0,0,198,0,0.0,0,0,6,2007,12.384223015005311,0,0,0,1,0,0,0,0,0,0,0,0,1,2.0,3,False,False,False,False,True,3.0,2.079441541679836,6,1,0,0,0,1,1,0,0,0,0,0,1,0,0,0,1,0,1,0,0,0,0,0,0,0,1,0,0,0,0,0,0,0,0,0,0,0,0,0,0,0,0,0,0,0,0,0,0,0,0,0,1,0,0,0,0,0,0,0,0,0,0,0,1,0,0,0,0,1,0,0,1,0,0,0,0,0,0,0,0,0,0,0,0,0,0,0,0,0,1,0,0,0,0,0,0,0,0,0,0,0,0,0,0,1,0,0,1,0,0,1,0,0,0,2925,2599,208,11,243.75,2,1,2.5,0.3125,17.5,1,16,10,9,1,1,4,208,1,208,0,0.6649590163934426,1,24,35,12,19,0.6664388243335612
298,298,299,60,90.0,11700,4,2,6,6,1968,1968,365.0,4,3,3,3,1,5,384,3,175,143,702,3,1,4,1041,702,0,1743,0,1,1,2,3,1,3,7,7,539,2,224,0,0,0,0,0,0.0,0,0,6,2007,12.07254696717504,0,0,0,1,0,0,0,0,0,0,0,0,1,2.0,2,True,False,False,False,False,4.0,2.772588722239781,6,0,0,1,0,1,0,0,0,1,0,0,1,0,0,0,1,0,1,0,0,0,0,0,0,0,1,0,0,0,0,0,0,0,0,0,0,0,0,0,0,0,0,0,0,1,0,0,0,0,0,0,0,0,0,0,0,0,0,0,0,0,0,0,1,0,0,0,0,0,1,0,1,0,0,0,0,0,0,0,0,0,0,0,1,0,0,0,0,0,0,0,0,1,0,0,0,0,0,0,0,0,0,0,0,0,0,0,1,0,1,0,0,0,0,2445,2302,224,11,217.875,2,1,2.5,0.3125,15.0,1,9,39,39,0,0,2,0,0,224,0,0.7951635846372689,1,18,36,12,16,0.7125919869174162
299,299,300,20,80.0,14000,4,2,6,8,1950,2004,0.0,3,4,3,3,1,1,0,1,0,1092,1092,4,1,4,1152,0,0,1152,0,1,1,0,3,1,4,6,7,300,2,0,36,0,0,0,0,3.0,0,0,8,2009,11.973516181427836,0,0,1,0,0,0,0,0,0,0,0,0,1,2.0,1,True,False,False,False,False,4.0,2.772588722239781,6,0,0,1,0,1,0,0,0,1,0,0,1,0,0,0,1,0,1,0,0,0,0,0,0,0,1,0,0,0,0,0,0,0,0,0,0,1,0,0,0,0,0,0,0,0,0,0,0,0,0,0,0,0,0,0,0,0,0,0,0,1,0,0,0,0,0,1,0,0,0,0,1,0,0,0,0,0,0,0,0,0,0,0,1,0,0,0,0,0,0,0,0,0,0,0,0,0,1,0,0,0,0,0,0,0,0,0,0,0,1,0,0,0,0,2244,1152,36,10,164.57142857142858,1,0,1.5,0.2142857142857142,9.0,1,16,59,5,1,1,2,36,1,36,0,0.0,0,18,48,12,17,0.5131403118040089
300,300,301,190,90.0,15750,4,2,5,5,1953,1953,56.0,3,3,3,3,2,4,841,1,0,324,1165,2,1,4,1336,0,0,1336,1,0,1,0,2,1,3,5,7,375,2,0,0,0,0,0,0,0.0,0,0,6,2006,11.964007453736912,0,0,0,1,0,0,0,0,0,0,0,0,1,2.0,2,True,False,False,False,False,4.0,4.394449154672439,6,0,0,1,0,1,0,0,0,1,0,0,1,0,0,0,0,0,1,0,0,0,0,0,0,0,1,0,0,0,0,0,0,0,0,0,0,1,0,0,0,0,0,0,0,0,0,0,0,0,0,0,0,0,0,0,1,0,0,0,0,1,0,0,0,0,0,0,0,1,0,0,1,0,0,0,0,0,0,0,0,0,0,0,0,0,1,0,0,0,0,0,0,0,0,0,0,0,0,0,1,0,0,0,0,0,0,0,1,0,1,0,0,0,0,2501,2177,0,8,222.66666666666663,1,0,2.0,0.3333333333333333,10.0,1,9,53,53,0,0,2,0,0,0,0,0.7212692967409948,1,27,25,9,13,0.533972821742606
301,301,302,60,66.0,16226,4,2,8,5,1998,1999,0.0,4,3,4,3,1,6,281,1,0,747,1028,4,1,4,1210,1242,0,2452,0,0,2,1,4,1,4,9,7,683,2,208,50,0,0,0,0,0.0,0,0,5,2007,12.495007682693725,0,0,0,1,0,0,0,0,0,0,0,0,1,2.0,3,False,False,True,False,False,3.0,2.079441541679836,6,0,0,1,0,1,0,0,1,0,0,0,1,0,0,0,1,0,1,0,0,0,0,0,0,0,1,0,0,0,0,0,0,0,0,0,1,0,0,0,0,0,0,0,0,0,0,0,0,0,0,0,0,0,0,0,0,0,0,0,0,0,0,0,1,0,0,1,0,0,0,0,1,0,0,0,0,0,0,0,0,0,0,0,0,0,0,0,0,0,1,0,0,0,0,0,0,0,0,0,0,0,0,0,0,1,0,0,0,0,0,1,0,0,0,3480,2733,258,14,245.2,2,1,2.5,0.25,20.0,1,16,9,8,1,1,4,50,1,258,0,0.2730806608357629,1,24,40,12,20,0.7043952887101408
302,302,303,20,118.0,13704,4,2,7,5,2001,2002,150.0,4,3,4,3,1,1,0,1,0,1541,1541,4,1,4,1541,0,0,1541,0,0,2,0,3,1,4,6,7,843,2,468,81,0,0,0,0,0.0,0,0,1,2006,12.230770136157428,0,0,0,1,0,0,0,0,0,0,0,0,1,2.0,4,True,False,False,False,False,3.0,2.079441541679836,6,0,0,1,0,1,0,0,0,0,0,0,1,0,0,0,0,0,1,0,0,0,0,0,0,0,1,0,0,0,0,0,0,0,0,0,1,0,0,0,0,0,0,0,0,0,0,0,0,0,0,0,0,0,0,0,0,0,0,0,0,1,0,0,0,0,0,1,0,0,0,0,1,0,0,0,0,0,0,0,0,0,0,0,0,0,0,0,0,0,1,0,0,0,0,0,0,0,0,0,0,0,0,0,0,1,0,0,1,0,0,1,0,0,0,3082,1541,549,10,220.14285714285717,1,0,2.0,0.2857142857142857,14.0,1,16,5,4,1,1,4,81,1,549,0,0.0,0,24,35,12,19,0.4998378203048978
303,303,304,20,70.0,9800,4,2,5,7,1972,1972,0.0,3,3,3,3,1,5,894,1,0,0,894,2,1,4,894,0,0,894,1,0,1,0,3,1,3,5,7,552,2,256,0,0,0,0,0,1.0,0,0,7,2006,11.917730355182512,0,0,0,0,0,0,0,0,0,0,0,0,1,2.0,2,True,False,False,False,False,0.0,0.0,6,0,0,1,0,1,0,0,0,1,0,0,1,0,0,0,0,0,1,0,0,0,0,0,0,0,1,0,0,0,0,0,0,0,0,0,1,0,0,0,0,0,0,0,0,0,0,0,0,0,0,0,0,0,0,0,0,0,0,0,0,1,0,0,0,0,0,1,0,0,0,0,1,0,0,0,0,0,0,0,0,0,0,0,0,0,0,0,0,0,1,0,0,0,0,0,0,0,0,0,0,0,0,0,0,1,0,0,0,0,0,1,0,0,0,1788,1788,256,9,149.0,1,0,2.0,0.3333333333333333,10.0,1,9,34,34,0,0,2,0,0,256,0,0.9988826815642458,1,18,35,9,13,0.499720514253773
304,304,305,75,87.0,18386,4,2,7,9,1880,2002,0.0,3,3,3,3,1,1,0,1,0,1470,1470,4,1,4,1675,1818,0,3493,0,0,3,0,3,1,4,10,7,870,2,302,0,0,0,0,0,0.0,0,0,5,2008,12.59473402514672,0,0,0,1,0,0,0,0,0,0,0,0,1,2.0,4,True,False,False,False,False,5.0,3.4657359027997265,6,0,0,0,1,1,0,0,0,1,0,0,1,0,0,0,1,0,1,0,0,0,0,0,0,0,1,0,0,0,0,0,0,0,0,0,0,0,0,0,0,0,0,0,0,0,0,0,1,0,0,0,0,0,0,0,0,0,0,0,0,0,1,0,0,0,0,1,0,0,0,0,1,0,0,0,0,0,0,0,0,0,0,1,0,0,0,0,0,0,0,0,0,0,0,0,0,1,0,0,0,0,0,0,0,0,0,0,0,0,0,0,0,0,0,4963,3493,302,14,317.54545454545456,2,1,3.0,0.2727272727272727,21.0,1,16,128,6,1,1,1,0,0,302,0,0.0,0,18,63,9,18,0.7036663980660758
305,305,306,20,80.0,10386,4,2,8,5,2004,2005,246.0,4,3,4,3,1,6,1464,1,0,536,2000,4,1,4,2000,0,0,2000,1,0,2,0,3,1,4,8,7,888,2,168,0,0,0,0,0,0.0,0,0,7,2007,12.63101679917582,0,0,0,1,0,0,0,0,0,0,0,0,1,2.0,4,True,False,False,False,False,0.0,0.0,6,0,0,1,0,1,0,0,0,1,0,0,1,0,0,0,1,0,1,0,0,0,0,0,0,0,1,0,0,0,0,0,0,0,0,0,1,0,0,0,0,0,0,0,0,0,0,0,0,0,0,0,0,0,0,0,0,0,0,0,0,1,0,0,0,0,0,1,0,0,0,0,1,0,0,0,0,0,0,0,0,0,0,1,0,0,0,0,0,0,0,0,0,0,0,0,0,1,0,0,0,0,0,0,0,0,0,0,0,1,0,1,0,0,0,4000,3464,168,12,222.22222222222223,1,0,3.0,0.3333333333333333,24.0,1,16,3,2,1,1,4,0,0,168,0,0.7316341829085458,1,24,40,12,20,0.4998750312421894
306,306,307,60,116.0,13474,4,2,7,5,1990,1991,246.0,4,3,4,3,1,5,700,1,0,0,700,3,1,4,1122,1121,0,2243,1,0,2,1,4,1,4,8,7,746,2,127,44,224,0,0,0,0.0,0,0,6,2007,12.323860125621126,0,0,0,1,0,0,0,0,0,0,0,0,1,2.0,3,True,False,False,False,False,3.0,2.079441541679836,6,0,0,1,0,1,0,0,0,1,0,0,1,0,0,0,1,1,0,0,0,0,0,0,0,0,1,0,0,0,0,0,0,0,0,0,0,0,0,0,0,0,0,0,0,0,0,0,0,0,0,1,0,0,0,0,0,0,0,0,0,0,0,0,1,0,0,1,0,0,0,0,1,0,0,0,0,0,0,0,0,0,0,0,1,0,0,0,0,0,0,0,0,0,0,0,0,0,0,0,0,0,1,0,0,0,0,0,1,0,1,0,0,0,0,2943,2943,395,13,249.22222222222223,2,1,3.5,0.3888888888888889,24.5,1,16,17,16,1,0,3,268,1,395,0,0.9985734664764622,1,24,35,12,18,0.7618885869565217
307,307,308,50,0.0,7920,4,2,6,7,1920,1950,0.0,3,2,3,3,1,1,0,1,0,319,319,2,1,3,1035,371,0,1406,0,0,1,0,3,1,2,6,7,0,0,0,144,0,0,0,0,2.0,0,0,3,2008,11.402005077384883,0,0,0,1,0,0,0,0,0,0,0,0,1,0.0,0,False,False,False,False,False,0.0,0.0,6,0,0,0,1,1,0,0,0,0,0,0,1,0,0,0,1,0,0,0,0,0,0,0,0,0,1,0,0,0,0,0,0,0,0,0,0,0,0,0,1,0,0,0,0,0,0,0,0,0,0,0,0,0,0,0,0,0,0,0,0,0,0,0,0,0,0,1,0,0,0,0,1,0,0,0,0,0,0,0,0,0,0,0,0,0,1,0,0,0,0,0,0,0,0,0,0,0,0,0,1,0,0,0,0,0,0,0,0,0,1,0,0,0,0,1725,1406,144,10,200.8571428571429,2,1,1.0,0.1428571428571428,6.0,1,4,88,58,1,0,1,144,1,144,0,0.0,0,18,42,6,13,0.8146002317497103
308,308,309,30,0.0,12342,4,2,4,5,1940,1950,0.0,3,3,3,3,1,4,262,1,0,599,861,4,1,4,861,0,0,861,0,0,1,0,1,1,3,4,7,539,2,158,0,0,0,0,0,0.0,0,0,3,2009,11.320565693461432,0,0,0,1,0,0,0,0,0,0,0,0,1,2.0,2,False,False,False,False,True,0.0,0.0,6,0,0,1,0,1,0,0,0,0,0,0,1,0,0,0,1,0,1,0,0,0,0,0,0,0,1,0,0,0,0,0,0,0,0,0,0,0,1,0,0,0,0,0,0,0,0,0,0,0,0,0,0,0,0,0,0,0,0,0,0,1,0,0,0,0,0,1,0,0,0,0,1,0,0,0,0,0,0,0,0,0,0,0,0,0,0,0,0,0,1,0,0,0,0,0,0,0,0,0,0,0,0,0,0,1,0,0,0,0,1,0,0,0,0,1722,1123,158,6,172.2,1,0,1.0,0.2,4.0,1,9,69,59,1,0,1,0,0,158,0,0.3039443155452436,1,18,20,9,14,0.4997098084735926
309,309,310,20,90.0,12378,4,2,9,5,2003,2004,0.0,4,3,5,3,4,6,1274,1,0,622,1896,4,1,4,1944,0,0,1944,1,0,2,0,3,1,5,8,7,708,2,208,175,0,0,0,0,0.0,0,0,11,2006,12.793862088206213,0,0,0,1,0,0,0,0,0,0,0,0,1,2.0,4,True,False,False,False,False,5.0,6.931471805599453,6,0,0,1,0,1,0,0,0,0,0,0,1,0,0,0,1,0,1,0,0,0,0,0,0,0,1,0,0,0,0,0,0,0,0,0,0,0,0,0,0,0,0,0,0,0,0,1,0,0,0,0,0,0,0,0,0,0,0,0,0,1,0,0,0,0,0,1,0,0,0,0,1,0,0,0,0,0,0,0,0,0,0,0,0,0,0,0,0,0,1,0,0,0,0,0,0,0,0,0,0,0,0,0,0,1,0,0,0,0,0,1,0,0,0,3840,3218,383,12,216.0,1,0,3.0,0.3333333333333333,27.0,1,25,3,2,1,1,4,175,1,383,0,0.6715867158671587,1,75,45,12,22,0.506118198385837
310,310,311,60,0.0,7685,4,2,6,5,1993,1994,112.0,3,3,4,3,1,5,518,1,0,179,697,3,1,4,697,804,0,1501,0,0,2,1,3,1,4,6,7,420,2,190,63,0,0,0,0,0.0,0,0,5,2006,12.017336559562407,0,0,0,1,0,0,0,0,0,0,0,0,1,2.0,3,True,False,False,False,False,3.0,2.079441541679836,6,0,0,1,0,1,0,0,0,0,0,0,1,0,0,0,1,0,1,0,0,0,0,0,0,0,1,0,0,0,0,0,0,0,0,0,0,0,0,1,0,0,0,0,0,0,0,0,0,0,0,0,0,0,0,0,0,0,0,0,0,0,0,0,1,0,0,1,0,0,0,0,1,0,0,0,0,0,0,0,0,0,0,0,1,0,0,0,0,0,0,0,0,0,0,0,0,0,1,0,0,0,0,0,0,0,0,0,1,0,0,1,0,0,0,2198,2019,253,10,214.42857142857144,2,1,2.5,0.3571428571428571,15.0,1,16,13,12,1,0,3,63,1,253,0,0.7421203438395415,1,24,30,9,16,0.6825829922692133
311,311,312,20,50.0,8000,4,2,6,6,1948,2002,0.0,3,4,3,3,1,5,680,1,0,292,972,4,1,4,972,0,0,972,1,0,1,0,2,1,3,5,7,240,2,0,0,0,0,0,0,0.0,0,0,5,2009,11.790564777297387,0,0,0,1,0,0,0,0,0,0,0,0,1,2.0,1,False,False,False,False,True,4.0,2.772588722239781,6,0,0,1,0,1,0,0,0,1,0,0,1,0,0,0,1,0,1,0,0,0,0,0,0,0,1,0,0,0,0,0,0,0,0,0,0,0,0,0,0,0,0,1,0,0,0,0,0,0,0,0,0,0,0,0,0,0,0,0,0,1,0,0,0,0,0,1,0,0,0,0,1,0,0,0,0,0,0,0,0,0,0,0,0,0,0,0,0,0,1,0,0,0,0,0,0,0,0,0,0,0,0,0,0,1,0,0,0,0,1,0,0,0,0,1944,1652,0,8,162.0,1,0,2.0,0.3333333333333333,12.0,1,9,61,7,1,1,1,0,0,0,0,0.6988694758478932,1,18,36,12,16,0.4997429305912596
312,312,313,190,65.0,7800,4,2,5,7,1939,1950,0.0,3,3,4,3,2,3,507,1,0,286,793,2,1,4,793,325,0,1118,1,0,1,0,3,1,3,5,7,410,2,0,0,0,0,271,0,2.0,0,0,5,2006,11.694421681264394,0,0,0,1,0,0,0,0,0,0,0,0,1,2.0,1,False,False,False,False,True,4.0,2.772588722239781,6,0,0,0,1,1,0,0,0,1,0,0,1,0,0,0,1,0,0,0,0,0,0,0,0,0,1,0,0,0,0,0,0,0,0,0,0,0,0,0,0,0,0,0,0,0,0,0,1,0,0,0,0,0,0,0,1,0,0,0,0,0,0,0,0,0,0,1,0,0,0,0,1,0,0,0,0,0,0,0,0,0,0,0,0,0,1,0,0,0,0,0,0,0,0,0,0,0,0,0,1,0,0,0,0,0,0,0,0,0,1,0,0,0,0,1911,1625,271,9,186.33333333333331,2,1,2.0,0.3333333333333333,10.0,1,9,67,56,1,0,1,271,1,271,0,0.6385390428211587,1,36,35,9,13,0.5847280334728033
313,313,314,20,150.0,215245,4,0,7,5,1965,1965,0.0,3,3,4,3,4,5,1236,3,820,80,2136,2,1,4,2036,0,0,2036,2,0,2,0,3,1,3,8,7,513,2,0,0,0,0,0,0,0.0,0,0,6,2009,12.83468397161566,0,0,0,1,0,0,0,0,0,0,0,0,1,2.0,2,True,False,False,False,False,4.0,4.394449154672439,5,0,0,1,0,1,0,0,1,0,0,1,0,0,0,0,1,0,1,0,0,0,0,0,0,0,1,0,0,0,0,0,0,0,0,0,0,0,0,0,0,0,0,0,0,0,0,0,0,0,0,0,0,0,1,0,0,0,0,0,0,1,0,0,0,0,0,0,0,1,0,0,1,0,0,0,0,0,0,0,0,1,0,0,0,0,0,0,0,0,0,0,0,0,0,1,0,0,0,0,0,0,0,0,0,0,0,0,0,0,1,0,0,0,0,4172,4092,0,12,226.22222222222223,1,0,4.0,0.4444444444444444,28.0,1,9,44,44,0,0,2,0,0,0,0,0.9620963968179692,1,60,35,9,15,0.4878983944404505
314,314,315,70,60.0,9600,4,2,7,7,1925,1990,0.0,3,3,3,4,1,2,16,1,0,712,728,4,1,4,832,809,0,1641,0,1,1,1,3,1,5,6,7,546,2,0,0,234,0,0,0,0.0,0,0,8,2006,12.08954444723597,0,0,0,1,0,0,0,0,0,0,0,0,1,2.0,1,False,False,False,False,True,4.0,2.772588722239781,6,0,0,0,1,1,0,0,0,1,0,0,1,0,0,0,1,0,1,0,0,0,0,0,0,0,1,0,0,0,0,0,0,0,0,0,0,0,0,0,0,0,0,0,0,0,0,0,1,0,0,0,0,0,0,0,0,0,0,0,0,0,0,0,1,0,0,1,0,0,0,0,1,0,0,0,0,0,0,0,0,0,0,0,0,0,0,0,0,0,0,1,0,0,0,0,0,0,0,0,0,0,0,0,0,0,1,0,0,0,0,0,0,0,0,2369,1657,234,10,234.42857142857144,2,1,2.0,0.2857142857142857,14.0,1,25,81,16,1,0,1,234,1,234,0,0.0219478737997256,1,24,49,9,19,0.6924050632911393
315,315,316,60,71.0,7795,4,2,7,5,2004,2005,0.0,4,3,4,3,1,6,425,1,0,291,716,4,1,4,716,716,0,1432,1,0,2,1,3,1,4,6,7,432,2,100,51,0,0,0,0,0.0,0,0,7,2009,12.14685859089592,0,0,0,1,0,0,0,0,0,0,0,0,1,2.0,4,True,False,False,False,False,4.0,2.772588722239781,6,0,0,1,0,1,0,0,0,0,0,0,1,0,0,0,1,0,1,0,0,0,0,0,0,0,1,0,0,0,0,0,0,0,0,0,0,0,0,1,0,0,0,0,0,0,0,0,0,0,0,0,0,0,0,0,0,0,0,0,0,0,0,0,1,0,0,1,0,0,0,0,1,0,0,0,0,0,0,0,0,0,0,0,0,0,0,0,0,0,1,0,0,0,0,0,0,0,0,0,0,0,0,0,0,1,0,0,0,0,0,1,0,0,0,2148,1857,151,10,204.57142857142856,2,1,3.5,0.5,24.5,1,16,5,4,1,1,4,51,1,151,0,0.592747559274756,1,24,35,12,19,0.6663564448580735
316,316,317,60,94.0,13005,4,2,7,7,1980,1980,278.0,4,3,4,3,1,6,692,1,0,153,845,2,1,4,1153,1200,0,2353,1,0,2,1,4,1,5,10,7,484,2,288,195,0,0,0,0,3.0,0,0,8,2009,12.468440756144114,0,0,0,1,0,0,0,0,0,0,0,0,1,2.0,3,True,False,False,False,False,3.0,2.079441541679836,6,0,0,1,0,1,0,0,0,0,0,0,1,0,0,0,0,0,1,0,0,0,0,0,0,0,1,0,0,0,0,0,0,0,0,0,0,0,0,0,0,0,0,0,0,1,0,0,0,0,0,0,0,0,0,0,0,0,0,0,0,0,0,0,1,0,0,1,0,0,0,0,1,0,0,0,0,0,0,0,0,0,0,1,0,0,0,0,0,0,0,0,0,0,0,0,0,1,0,0,0,0,0,0,0,0,0,0,1,0,1,0,0,0,0,3198,3045,483,15,213.9090909090909,2,1,3.5,0.3181818181818182,24.5,1,25,29,29,0,0,3,195,1,483,0,0.817966903073286,1,24,49,12,18,0.7355423569865583
317,317,318,60,75.0,9000,4,2,8,5,2006,2006,0.0,4,3,4,3,3,1,0,1,0,1088,1088,4,1,4,1088,871,0,1959,0,0,2,1,3,1,4,8,7,1025,2,208,46,0,0,0,0,0.0,0,0,12,2007,12.506180941677355,0,0,0,1,0,0,0,0,0,0,0,0,1,2.0,4,True,False,False,False,False,4.0,2.772588722239781,6,1,0,0,0,1,0,0,0,1,0,0,1,0,0,0,1,0,1,0,0,0,0,0,0,0,1,0,0,0,0,0,0,0,0,0,0,0,0,0,0,0,0,0,0,0,0,0,0,0,0,0,1,0,0,0,0,0,0,0,0,0,0,0,1,0,0,1,0,0,0,0,1,0,0,0,0,0,0,0,0,0,0,0,0,0,0,0,0,0,1,0,0,0,0,0,0,0,0,0,0,0,0,0,0,1,0,0,0,0,0,1,0,0,0,3047,1959,254,12,217.66666666666663,2,1,2.5,0.2777777777777778,20.0,1,16,1,1,0,1,4,46,1,254,0,0.0,0,48,40,12,20,0.6427165354330708
318,318,319,60,90.0,9900,4,1,7,5,1993,1993,256.0,4,3,4,3,4,6,987,1,0,360,1347,4,1,4,1372,1274,0,2646,1,0,2,1,4,1,4,9,7,656,2,340,60,144,0,0,0,0.0,0,0,4,2009,12.468440756144114,0,0,0,1,0,0,0,0,0,0,0,0,1,2.0,3,True,False,False,False,False,3.0,2.079441541679836,6,0,0,1,0,1,0,0,0,1,0,1,0,0,0,0,1,0,1,0,0,0,0,0,0,0,1,0,0,0,0,0,0,0,0,0,0,0,0,0,0,0,0,0,0,0,1,0,0,0,0,0,0,0,0,0,0,0,0,0,0,0,0,0,1,0,0,1,0,0,0,0,1,0,0,0,0,0,0,0,0,0,0,0,1,0,0,0,0,0,0,0,0,0,0,0,0,0,1,0,0,0,0,0,0,0,0,0,1,0,0,1,0,0,0,3993,3633,544,14,264.6,2,1,3.5,0.35,24.5,1,16,16,16,0,0,3,204,1,544,0,0.7321958456973294,1,60,35,12,19,0.6624937406109164
319,319,320,80,0.0,14115,4,2,7,5,1980,1980,225.0,3,3,4,3,3,6,1036,1,0,336,1372,2,1,4,1472,0,0,1472,1,0,2,0,3,1,3,6,7,588,2,233,48,0,0,0,0,0.0,0,0,6,2009,12.141539457711714,0,0,0,1,0,0,0,0,0,0,0,0,1,2.0,2,True,False,False,False,False,3.0,3.295836866004329,6,0,0,1,0,1,0,0,0,1,0,0,1,0,0,0,1,0,1,0,0,0,0,0,0,0,1,0,0,0,0,0,0,0,0,0,0,0,0,0,0,0,0,0,0,1,0,0,0,0,0,0,0,0,0,0,0,0,0,0,0,0,0,0,0,0,1,1,0,0,0,0,1,0,0,0,0,0,0,0,0,0,0,0,0,0,0,1,0,0,0,0,0,0,0,0,0,0,0,0,0,0,1,0,0,0,0,0,1,0,1,0,0,0,0,2844,2508,281,10,210.28571428571428,1,0,3.0,0.4285714285714285,21.0,1,9,29,29,0,0,3,48,1,281,0,0.7545520757465404,1,48,35,9,15,0.5173989455184534
320,320,321,60,111.0,16259,4,2,9,5,2006,2006,370.0,3,3,5,4,3,1,0,1,0,1249,1249,4,1,4,1249,1347,0,2596,0,0,3,1,4,1,4,9,7,840,2,240,154,0,0,0,0,0.0,0,0,9,2006,12.74444728628135,0,0,0,0,1,0,0,0,0,0,1,0,0,2.0,4,True,False,False,False,False,0.0,0.0,6,0,0,1,0,1,0,0,0,1,0,0,1,0,0,0,0,0,1,0,0,0,0,0,0,0,1,0,0,0,0,0,0,0,0,0,0,0,0,0,0,0,0,0,0,0,0,1,0,0,0,0,0,0,0,0,0,0,0,0,0,0,0,0,1,0,0,1,0,0,0,0,1,0,0,0,0,0,0,0,0,0,0,0,0,0,0,0,0,0,1,0,0,0,0,0,0,0,0,0,0,0,0,0,0,1,0,0,0,1,0,1,0,0,0,3845,2596,394,14,259.6,2,1,3.5,0.35,31.5,1,16,0,0,0,1,4,154,1,394,0,0.0,0,80,45,9,20,0.6749869994799792
321,321,322,60,99.0,12099,4,2,8,5,2004,2004,388.0,4,3,5,3,3,6,970,1,0,166,1136,4,1,4,1136,1332,0,2468,1,0,2,1,4,1,4,10,7,872,2,184,154,0,0,0,0,0.0,0,0,6,2007,12.777055016970678,0,0,0,1,0,0,0,0,0,0,0,0,1,2.0,4,False,False,True,False,False,4.0,2.772588722239781,6,0,0,1,0,1,0,0,0,0,0,0,1,0,0,0,1,0,1,0,0,0,0,0,0,0,1,0,0,0,0,0,0,0,0,0,0,0,0,0,0,0,0,0,0,0,0,1,0,0,0,0,0,0,0,0,0,0,0,0,0,0,0,0,1,0,0,1,0,0,0,0,1,0,0,0,0,0,0,0,0,0,0,0,0,0,0,0,0,0,1,0,0,0,0,0,0,0,0,0,0,0,0,0,0,1,0,0,1,0,0,1,0,0,0,3604,3438,338,15,224.3636363636364,2,1,3.5,0.3181818181818182,28.0,1,16,3,3,0,1,4,154,1,338,0,0.8531222515391381,1,60,40,12,20,0.6846047156726769
322,322,323,60,86.0,10380,4,2,7,5,1986,1987,172.0,4,3,3,3,4,2,28,5,1474,0,1502,4,1,4,1553,1177,0,2730,1,0,2,1,4,1,4,8,7,576,2,201,96,0,0,0,0,2.0,0,0,8,2007,12.614868865984633,0,0,0,1,0,0,0,0,0,0,0,0,1,2.0,3,True,False,False,False,False,3.0,2.079441541679836,6,0,0,1,0,1,0,0,0,0,0,0,1,0,0,0,1,0,1,0,0,0,0,0,0,0,1,0,0,0,0,0,0,0,0,0,0,0,0,0,0,0,0,0,0,0,0,0,0,0,0,1,0,0,0,0,0,0,0,0,0,0,0,0,1,0,0,1,0,0,0,0,1,0,0,0,0,0,0,0,0,0,0,0,0,0,0,1,0,0,0,0,0,0,0,0,0,0,0,0,0,0,1,0,0,0,0,0,1,0,1,0,0,0,0,4232,4232,297,13,303.3333333333333,2,1,3.5,0.3888888888888889,24.5,1,16,21,20,1,0,3,96,1,297,0,0.9993346640053228,1,45,35,12,19,0.6449326718639263
323,323,324,20,49.0,5820,4,2,3,8,1955,2005,0.0,3,4,3,3,1,5,256,1,0,906,1162,4,1,4,1163,0,0,1163,1,0,1,0,3,1,3,6,7,220,2,142,98,0,0,0,0,0.0,0,0,7,2006,11.745433036677351,0,0,0,1,0,0,0,0,0,0,0,0,1,2.0,2,True,False,False,False,False,0.0,0.0,6,0,0,0,1,1,0,0,0,1,0,0,1,0,0,0,1,0,1,0,0,0,0,0,0,0,1,0,0,0,0,0,0,0,0,0,0,0,0,0,0,0,0,0,0,0,0,0,1,0,0,0,0,0,0,0,0,0,0,0,0,1,0,0,0,0,0,1,0,0,0,0,1,0,0,0,0,0,0,0,0,0,0,0,0,0,0,0,0,0,1,0,0,0,0,0,0,0,0,0,0,0,0,0,0,1,0,0,0,0,1,0,0,0,0,2325,1419,240,10,166.14285714285714,1,0,2.0,0.2857142857142857,6.0,1,9,51,1,1,1,2,98,1,240,0,0.2201203783319002,1,18,24,12,13,0.5
324,324,325,80,96.0,11275,4,2,7,7,1967,2007,300.0,4,4,4,3,1,1,0,1,0,710,710,4,1,4,1898,1080,0,2978,0,0,2,1,5,1,4,11,7,564,2,240,0,0,0,0,0,0.0,0,0,6,2010,12.396697137361691,0,0,0,1,0,0,0,0,0,0,0,0,1,2.0,2,False,False,True,False,False,4.0,2.772588722239781,6,0,0,1,0,1,0,0,0,1,0,0,1,0,0,0,0,0,0,0,1,0,0,0,0,0,1,0,0,0,0,0,0,0,0,0,0,0,0,0,0,0,0,1,0,0,0,0,0,0,0,0,0,0,0,0,0,0,0,0,0,0,0,0,0,0,1,0,0,0,1,0,0,0,0,0,0,1,0,0,0,0,0,0,0,0,0,0,0,0,0,1,0,0,0,0,0,0,0,0,0,0,0,0,0,0,1,0,1,0,1,0,0,0,0,3688,2978,240,17,248.16666666666663,2,1,2.5,0.2083333333333333,17.5,1,16,43,3,1,1,2,0,0,240,0,0.0,0,24,49,16,19,0.8072648414204392
325,325,326,45,50.0,5000,4,2,5,6,1941,1950,0.0,3,3,3,3,3,4,116,1,0,604,720,0,0,2,803,0,0,803,0,0,1,0,2,1,3,5,7,360,2,0,0,244,0,0,0,0.0,0,0,12,2007,11.373674891823535,0,0,0,1,0,0,0,0,0,0,0,0,1,2.0,1,False,False,False,False,True,0.0,0.0,6,0,0,0,1,1,0,0,0,1,0,0,1,0,0,0,1,0,0,0,0,1,0,0,0,0,1,0,0,0,0,0,0,0,0,0,0,0,0,0,1,0,0,0,0,0,0,0,0,0,0,0,0,0,0,0,0,0,0,0,1,0,0,0,0,0,0,1,0,0,0,0,1,0,0,0,0,0,0,0,0,0,0,0,0,0,1,0,0,0,0,0,0,0,0,0,0,0,0,0,1,0,0,0,0,0,0,0,0,0,1,0,0,0,0,1523,919,244,8,133.83333333333334,1,0,1.0,0.1666666666666666,5.0,1,9,66,57,1,0,1,244,1,244,0,0.1608876560332871,1,36,30,9,11,0.5269028871391076
326,326,327,120,32.0,10846,4,2,8,5,1993,1993,0.0,4,3,4,3,4,6,1619,1,0,100,1719,4,1,4,1719,0,0,1719,2,0,1,1,1,1,4,6,7,473,2,122,30,0,0,0,0,0.0,0,0,5,2008,12.688501881189456,0,0,0,1,0,0,1,0,0,0,0,0,0,2.0,3,True,False,False,False,False,4.0,4.394449154672439,6,0,0,1,0,1,0,0,0,0,0,0,1,1,0,0,0,0,1,0,0,0,0,0,0,0,1,0,0,0,0,0,0,0,0,0,0,0,0,0,0,0,0,0,0,0,0,0,0,0,0,0,0,0,0,1,0,0,0,1,0,1,0,0,0,0,0,1,0,0,0,0,1,0,0,0,0,0,0,0,0,1,0,0,0,0,0,0,0,0,0,0,0,0,0,1,0,0,0,0,0,0,0,0,0,0,0,0,0,0,0,1,0,0,0,3438,3338,152,8,245.57142857142856,1,0,3.5,0.5,28.0,1,16,15,15,0,0,3,30,1,152,0,0.941279069767442,1,60,40,12,20,0.4998546088979354
327,327,328,20,80.0,11600,4,2,6,5,1960,1960,175.0,3,3,3,3,1,3,565,1,0,818,1383,2,1,4,1383,0,0,1383,0,0,1,1,3,1,3,7,7,292,2,0,45,0,0,0,0,0.0,0,0,4,2006,11.886218559372042,0,0,0,1,0,0,0,0,0,0,0,0,1,2.0,2,True,False,False,False,False,0.0,0.0,6,0,0,1,0,1,0,0,0,1,0,0,1,0,0,0,1,0,1,0,0,0,0,0,0,0,1,0,0,0,0,0,0,0,0,0,0,0,0,0,0,0,0,1,0,0,0,0,0,0,0,0,0,0,0,0,0,0,0,0,0,1,0,0,0,0,0,0,0,1,0,0,1,0,0,0,0,0,0,0,0,0,0,0,0,0,0,0,0,0,0,1,0,0,0,0,0,0,0,0,0,0,0,0,0,0,1,0,1,0,1,0,0,0,0,2766,1948,45,11,172.875,1,0,1.5,0.1875,9.0,1,9,46,46,0,0,2,45,1,45,0,0.4082369942196532,1,18,30,9,14,0.499819298879653
328,328,329,75,0.0,11888,4,2,6,6,1916,1994,0.0,3,3,3,3,1,1,0,1,0,844,844,3,0,3,1445,689,0,2134,0,0,2,0,5,1,4,10,7,441,2,0,60,268,0,0,0,0.0,0,0,7,2009,12.276069679344005,0,0,0,1,0,0,0,0,0,0,0,0,1,2.0,1,False,False,False,False,True,0.0,0.0,6,0,0,1,0,1,1,0,0,0,0,0,0,0,0,0,1,0,0,0,1,0,0,0,0,0,1,0,0,0,0,0,0,0,1,0,0,0,0,0,0,0,0,0,0,0,0,0,0,0,0,0,0,0,0,0,0,0,0,0,0,0,0,1,0,0,0,1,0,0,0,0,1,0,0,0,0,0,0,0,0,0,0,0,0,0,0,0,0,0,0,1,0,0,0,0,0,0,0,0,0,0,0,0,0,0,0,1,0,0,0,0,0,0,0,2978,2134,328,16,194.0,2,1,2.0,0.1818181818181818,12.0,1,16,93,15,1,0,1,328,1,328,0,0.0,0,18,36,9,16,0.7163477677072844
329,329,330,70,60.0,6402,4,2,5,5,1920,1950,0.0,3,3,3,3,2,1,0,1,0,596,596,2,0,4,596,596,0,1192,0,0,1,0,3,1,3,6,7,189,0,0,0,137,0,0,0,1.0,0,0,7,2009,11.264476926102368,0,0,0,1,0,0,0,0,0,0,0,0,1,2.0,1,False,False,False,False,True,0.0,0.0,6,0,0,0,1,1,0,0,0,1,0,0,1,0,0,0,0,0,1,0,0,0,0,0,0,0,1,0,0,0,0,0,0,0,0,0,0,0,0,0,1,0,0,0,0,0,0,0,0,0,0,0,0,0,0,0,0,0,0,0,0,0,0,0,1,0,0,1,0,0,0,0,1,0,0,0,0,0,0,0,0,0,0,0,0,0,0,0,0,0,0,1,0,0,0,0,0,0,0,0,0,0,0,0,0,0,0,1,0,0,0,1,0,0,0,1788,1192,137,10,170.28571428571428,2,1,1.0,0.1428571428571428,5.0,1,9,89,59,1,0,1,137,1,137,0,0.0,0,27,25,9,13,0.6662940190050307
330,330,331,90,0.0,10624,4,2,5,4,1964,1964,84.0,3,3,3,3,1,6,40,3,264,1424,1728,2,1,4,1728,0,0,1728,0,1,2,0,6,2,3,10,7,352,2,155,0,0,0,0,0,0.0,0,0,11,2007,11.686887175419702,0,0,0,1,0,0,0,0,0,0,0,0,1,2.0,4,False,False,False,False,True,0.0,0.0,6,0,0,1,0,1,0,0,0,0,0,0,1,0,0,0,1,0,1,0,0,0,0,0,0,0,1,0,0,0,0,0,0,0,0,0,0,0,0,0,0,0,0,1,0,0,0,0,0,0,0,0,0,0,0,0,0,1,0,0,0,1,0,0,0,0,0,1,0,0,0,0,1,0,0,0,0,0,0,0,0,0,0,0,1,0,0,0,0,0,0,0,0,0,0,0,0,0,1,0,0,0,0,0,0,0,0,0,1,0,1,0,0,0,0,3456,2032,155,18,157.0909090909091,1,0,2.5,0.2272727272727272,12.5,2,9,43,43,0,0,2,0,0,155,0,0.1758241758241758,1,18,20,9,13,0.4998553659242117
331,331,332,20,70.0,8176,4,2,5,6,1958,1992,0.0,3,3,3,3,1,3,846,1,0,210,1056,1,1,4,1056,0,0,1056,1,0,1,0,3,1,3,6,7,308,2,0,0,0,0,0,0,0.0,0,0,8,2007,11.842236406331557,0,0,0,1,0,0,0,0,0,0,0,0,1,2.0,2,True,False,False,False,False,0.0,0.0,6,0,0,1,0,1,0,0,0,1,0,0,1,0,0,0,1,0,1,0,0,0,0,0,0,0,1,0,0,0,0,0,0,0,0,0,0,0,0,0,0,0,0,1,0,0,0,0,0,0,0,0,0,0,0,0,0,0,0,0,0,1,0,0,0,0,0,1,0,0,0,0,1,0,0,0,0,0,0,0,0,0,0,0,0,0,0,0,0,0,0,1,0,0,0,0,0,0,0,0,0,0,0,0,0,0,1,0,0,0,1,0,0,0,0,2112,1902,0,10,150.85714285714286,1,0,2.0,0.2857142857142857,10.0,1,9,49,15,1,0,2,0,0,0,0,0.8003784295175024,1,18,30,9,12,0.4997633696166588
332,332,333,20,85.0,10655,4,2,8,5,2003,2004,296.0,4,3,4,3,1,6,1124,0,479,1603,3206,4,1,4,1629,0,0,1629,1,0,2,0,3,1,4,7,7,880,2,0,0,0,0,0,0,0.0,0,0,10,2009,12.556733038263904,0,0,0,1,0,0,0,0,0,0,0,0,1,2.0,4,True,False,False,False,False,4.0,2.772588722239781,6,0,0,1,0,1,0,0,0,0,0,0,1,0,0,0,1,0,1,0,0,0,0,0,0,0,1,0,0,0,0,0,0,0,0,0,0,0,0,0,0,0,0,0,0,0,0,1,0,0,0,0,0,0,0,0,0,0,0,0,0,1,0,0,0,0,0,1,0,0,0,0,1,0,0,0,0,0,0,0,0,0,0,0,0,0,0,0,0,0,1,0,0,0,0,0,0,0,0,0,0,0,0,0,0,1,0,0,1,0,0,1,0,0,0,4835,3232,0,11,203.625,1,0,3.0,0.375,24.0,1,16,6,5,1,1,4,0,0,0,0,0.4998440910508263,1,24,40,12,20,0.336848635235732
333,333,334,120,59.0,8198,4,2,7,5,2004,2004,146.0,4,3,4,3,3,6,720,1,0,638,1358,4,1,4,1358,0,0,1358,1,0,2,0,2,1,4,6,7,484,2,192,30,0,0,0,0,0.0,0,0,7,2008,12.240478903153711,0,0,0,1,0,0,0,0,0,0,0,0,1,2.0,4,True,False,False,False,False,4.0,2.772588722239781,6,0,0,0,1,1,0,0,0,1,0,0,1,0,0,1,0,0,1,0,0,0,0,0,0,0,1,0,0,0,0,0,0,0,0,0,0,0,0,0,0,0,0,0,0,0,0,1,0,0,0,0,0,0,0,0,0,0,0,1,0,1,0,0,0,0,0,1,0,0,0,0,1,0,0,0,0,0,0,0,0,0,0,0,0,0,0,0,0,0,1,0,0,0,0,0,0,0,0,0,0,0,0,0,0,1,0,0,0,1,0,1,0,0,0,2716,2078,222,9,194.0,1,0,3.0,0.4285714285714285,21.0,1,16,4,4,0,1,4,30,1,222,0,0.5298013245033113,1,48,35,12,19,0.499815973500184
334,334,335,60,59.0,9042,4,2,6,5,1998,1998,0.0,3,3,4,3,4,6,828,1,0,115,943,3,1,4,943,695,0,1638,1,0,2,1,3,1,3,7,7,472,2,100,38,0,0,0,0,0.0,0,0,7,2008,12.165255859329688,0,0,0,1,0,0,0,0,0,0,0,0,1,2.0,3,True,False,False,False,False,3.0,3.295836866004329,6,0,0,1,0,1,0,0,0,0,0,0,1,0,0,0,1,0,1,0,0,0,0,0,0,0,1,0,0,0,0,0,0,0,0,0,0,0,0,1,0,0,0,0,0,0,0,0,0,0,0,0,0,0,0,0,0,0,0,0,0,0,0,0,1,0,0,1,0,0,0,0,1,0,0,0,0,0,0,0,0,0,0,0,0,0,0,0,0,0,1,0,0,0,0,0,0,0,0,0,0,0,0,0,0,1,0,0,0,0,0,1,0,0,0,2581,2466,138,11,204.75,2,1,3.5,0.4375,21.0,1,9,10,10,0,1,4,38,1,138,0,0.8771186440677966,1,60,30,9,15,0.6343919442292796
335,335,336,190,0.0,164660,4,0,5,6,1965,1965,0.0,3,3,3,3,4,5,1249,4,147,103,1499,4,1,4,1619,167,0,1786,2,0,2,0,3,1,3,7,7,529,2,670,0,0,0,0,0,0.0,1,700,8,2008,12.34126328584159,0,0,0,1,0,0,0,0,0,0,0,0,1,2.0,2,True,False,False,False,False,4.0,4.394449154672439,6,0,0,1,0,0,0,0,0,0,1,0,0,0,0,0,0,0,1,0,0,0,0,0,0,0,1,0,0,0,0,0,0,0,0,0,0,0,0,0,0,0,0,0,0,0,0,0,0,0,0,0,0,0,1,0,1,0,0,0,0,0,0,0,0,0,0,1,0,0,0,0,1,0,0,0,0,0,0,0,0,0,0,0,0,0,0,1,0,0,0,0,0,0,0,0,0,0,0,0,0,0,1,0,0,0,0,0,0,0,1,0,0,0,0,3285,3182,670,11,223.25,2,1,4.0,0.5,20.0,1,9,43,43,0,0,2,0,0,670,0,0.9306666666666666,1,45,30,9,15,0.5435179549604382
336,336,337,20,86.0,14157,4,2,9,5,2005,2006,200.0,4,3,5,3,4,6,1249,1,0,673,1922,4,1,4,1922,0,0,1922,1,0,2,0,3,1,4,8,7,676,2,178,51,0,0,0,0,0.0,0,0,7,2007,12.841132451487937,0,0,0,1,0,0,0,0,0,0,0,0,1,2.0,4,True,False,False,False,False,4.0,2.772588722239781,6,0,0,1,0,1,0,0,0,0,1,0,0,0,0,0,0,0,1,0,0,0,0,0,0,0,1,0,0,0,0,0,0,0,0,0,0,0,0,0,0,0,0,0,0,0,0,0,0,0,0,0,0,1,0,0,0,0,0,0,0,1,0,0,0,0,0,0,0,1,0,0,1,0,0,0,0,0,0,0,0,0,0,0,0,0,0,0,0,0,1,0,0,0,0,0,0,0,0,0,0,0,0,0,0,1,0,0,0,1,0,1,0,0,0,3844,3171,229,12,213.55555555555557,1,0,3.0,0.3333333333333333,27.0,1,16,2,1,1,1,4,51,1,229,0,0.6495059802392096,1,75,45,12,21,0.4998699609882965
337,337,338,20,70.0,9135,4,2,7,5,2002,2003,113.0,4,3,4,3,3,6,810,1,0,726,1536,4,1,4,1536,0,0,1536,1,0,2,0,3,1,4,7,7,532,2,192,74,0,0,0,0,0.0,0,0,12,2008,12.273735966890268,0,0,0,1,0,0,0,0,0,0,0,0,1,2.0,4,True,False,False,False,False,0.0,0.0,6,0,0,1,0,1,0,0,0,1,0,0,1,0,0,0,1,0,1,0,0,0,0,0,0,0,1,0,0,0,0,0,0,0,0,0,1,0,0,0,0,0,0,0,0,0,0,0,0,0,0,0,0,0,0,0,0,0,0,0,0,1,0,0,0,0,0,1,0,0,0,0,1,0,0,0,0,0,0,0,0,0,0,0,0,0,0,0,0,0,1,0,0,0,0,0,0,0,0,0,0,0,0,0,0,1,0,0,1,0,0,1,0,0,0,3072,2346,266,11,192.0,1,0,3.0,0.375,21.0,1,16,6,5,1,1,4,74,1,266,0,0.5270006506180872,1,48,35,12,19,0.4998372925479987
338,338,339,20,91.0,14145,4,2,7,7,1984,1998,0.0,4,3,4,3,2,5,213,1,0,995,1208,4,1,4,1621,0,0,1621,1,0,2,0,3,1,4,8,7,440,2,108,45,0,0,0,0,0.0,1,400,5,2006,12.218500103788145,0,0,0,1,0,0,0,0,0,0,0,0,1,2.0,3,True,False,False,False,False,0.0,0.0,6,0,0,1,0,1,0,0,0,1,0,0,1,0,0,0,0,0,1,0,0,0,0,0,0,0,1,0,0,0,0,0,0,0,0,0,0,0,0,0,0,0,0,0,0,1,0,0,0,0,0,0,0,0,0,0,0,0,0,0,0,1,0,0,0,0,0,1,0,0,0,0,1,0,0,0,0,0,0,0,0,0,0,0,0,0,0,0,0,0,0,1,0,0,0,0,0,0,0,0,0,0,0,0,0,0,1,0,0,0,1,0,0,0,0,2829,1834,153,12,180.11111111111111,1,0,3.0,0.3333333333333333,21.0,1,16,22,8,1,1,3,45,1,153,0,0.1761786600496278,1,36,49,12,19,0.572791519434629
339,339,340,20,66.0,12400,4,2,6,7,1958,1998,176.0,3,3,3,2,1,3,585,1,0,630,1215,2,1,3,1215,0,0,1215,0,0,1,0,3,1,3,6,7,297,2,0,0,0,0,234,0,0.0,0,0,6,2009,11.951186847493476,0,0,0,1,0,0,0,0,0,0,0,0,1,2.0,2,True,False,False,False,False,0.0,0.0,6,0,0,1,0,1,0,0,0,0,0,0,1,0,0,0,1,1,0,0,0,0,0,0,0,0,1,0,0,0,0,0,0,0,0,0,0,0,0,0,0,0,0,1,0,0,0,0,0,0,0,0,0,0,0,0,0,0,0,0,0,1,0,0,0,0,0,0,0,1,0,0,1,0,0,0,0,0,0,0,0,0,0,0,0,0,0,0,0,0,0,1,0,0,0,0,0,0,0,0,0,0,0,0,0,0,1,0,1,0,1,0,0,0,0,2430,1800,234,10,173.57142857142858,1,0,1.0,0.1428571428571428,6.0,1,9,51,11,1,0,2,234,1,234,0,0.4810855263157895,1,12,42,9,14,0.4997943233237351
340,340,341,60,85.0,14191,4,2,8,5,2002,2002,0.0,4,3,4,3,1,1,0,1,0,967,967,4,1,4,993,915,0,1908,0,0,2,1,4,1,4,9,7,431,2,135,0,0,0,0,0,0.0,0,0,4,2010,12.220473454337986,0,0,0,1,0,0,0,0,0,0,0,0,1,2.0,4,True,False,False,False,False,0.0,0.0,6,0,0,1,0,1,0,0,0,1,0,0,1,0,0,0,1,0,1,0,0,0,0,0,0,0,1,0,0,0,0,0,0,0,0,0,0,0,0,0,0,0,0,0,0,0,0,0,0,0,0,0,0,0,1,0,0,0,0,0,0,0,0,0,1,0,0,1,0,0,0,0,1,0,0,0,0,0,0,0,0,0,0,0,0,0,0,0,0,0,1,0,0,0,0,0,0,0,0,0,0,0,0,0,0,1,0,0,0,0,0,1,0,0,0,2875,1908,135,14,190.8,2,1,2.5,0.25,20.0,1,16,8,8,0,1,4,0,0,135,0,0.0,0,24,40,12,20,0.6634214186369958
341,341,342,20,60.0,8400,4,2,4,4,1950,1950,0.0,2,2,3,2,1,1,0,1,0,721,721,3,1,4,841,0,0,841,0,0,1,0,2,1,3,4,7,294,0,250,0,24,0,0,0,0.0,0,0,9,2009,11.31448672129398,0,0,0,1,0,0,0,0,0,0,0,0,1,2.0,1,False,False,False,True,False,0.0,0.0,6,0,1,0,0,1,0,0,0,1,0,0,1,0,0,0,1,1,0,0,0,0,0,0,0,0,1,0,0,0,0,0,0,0,0,0,0,0,0,0,0,0,0,0,0,0,0,0,0,0,0,1,0,0,0,0,0,0,0,0,0,1,0,0,0,0,0,1,0,0,0,0,1,0,0,0,0,0,0,0,0,0,0,0,0,0,0,0,0,0,0,1,0,0,0,0,0,0,0,0,0,0,0,0,0,0,0,0,0,0,1,0,0,0,0,1562,841,274,7,168.2,1,0,1.0,0.2,4.0,1,9,59,59,0,0,2,24,1,274,0,0.0,0,12,16,4,12,0.5380678182981445
342,342,343,90,0.0,8544,4,2,3,4,1949,1950,340.0,3,3,0,0,0,0,0,0,0,0,0,1,0,3,1040,0,0,1040,0,0,2,0,2,2,3,6,7,400,2,0,0,0,0,0,0,0.0,0,0,5,2006,11.37940550085183,0,0,0,1,0,0,0,0,0,0,0,0,1,2.0,1,False,False,False,False,True,0.0,0.0,3,0,0,1,0,1,0,0,0,1,0,0,1,0,0,0,1,0,1,0,0,0,0,0,0,0,1,0,0,0,0,0,0,0,0,0,0,0,0,0,0,0,0,1,0,0,0,0,0,0,0,0,0,0,0,0,0,1,0,0,0,1,0,0,0,0,0,1,0,0,0,0,1,0,0,0,0,0,0,0,0,0,0,0,0,0,0,0,0,1,0,0,0,0,0,0,0,0,0,0,0,0,0,0,1,0,0,0,1,0,0,0,1,0,0,1040,1040,0,10,148.57142857142858,1,0,2.0,0.2857142857142857,6.0,2,9,57,56,1,0,2,0,0,0,0,0.0,0,0,12,9,10,0.999039385206532
343,343,344,120,63.0,8849,4,2,9,5,2005,2005,616.0,5,3,5,3,1,6,28,1,0,1656,1684,4,1,4,1684,0,0,1684,0,0,2,0,2,1,5,6,7,564,2,495,72,0,0,0,0,0.0,0,0,7,2008,12.491255347155263,0,0,0,1,0,0,0,0,0,0,0,0,1,2.0,4,True,False,False,False,False,5.0,3.4657359027997265,6,0,0,1,0,1,0,0,0,0,0,0,1,0,0,0,1,0,1,0,0,0,0,0,0,0,1,0,0,0,0,0,0,0,0,0,0,0,0,0,0,0,0,0,0,0,0,1,0,0,0,0,0,0,0,0,0,0,0,1,0,1,0,0,0,0,0,0,0,1,0,0,1,0,0,0,0,0,0,0,0,0,0,0,0,0,1,0,0,0,0,0,0,0,0,0,0,0,0,0,1,0,0,0,0,0,0,0,1,0,0,1,0,0,0,3368,1712,567,9,240.57142857142856,1,0,2.0,0.2857142857142857,18.0,1,25,3,3,0,1,4,72,1,567,0,0.0166172106824925,1,30,45,15,23,0.4998515880083111
344,344,345,160,36.0,2592,4,2,5,3,1976,1976,0.0,3,3,4,3,1,3,129,4,232,175,536,2,1,4,536,576,0,1112,0,0,1,1,3,1,3,4,7,336,2,182,0,0,0,0,0,0.0,0,0,4,2010,11.350418300109132,0,0,0,1,0,0,0,0,0,0,0,0,1,2.0,2,True,False,False,False,False,0.0,0.0,6,0,0,0,1,1,0,0,0,1,0,0,1,0,0,0,1,0,1,0,0,0,0,0,0,0,1,0,0,0,0,0,0,0,0,0,0,0,0,0,0,1,0,0,0,0,0,0,0,0,0,0,0,0,0,0,0,0,0,1,0,0,0,0,1,0,0,1,0,0,0,0,1,0,0,0,0,0,0,0,0,0,0,1,0,0,0,0,0,0,0,0,0,0,0,0,0,1,0,0,0,0,0,0,0,0,0,0,0,0,1,0,0,0,0,1648,1473,182,8,222.4,2,1,1.5,0.3,7.5,1,9,34,34,0,0,2,0,0,182,0,0.6722532588454376,1,24,15,9,13,0.6743480897513645
345,345,346,50,65.0,6435,4,2,6,5,1939,1950,0.0,3,3,3,3,1,1,0,1,0,972,972,3,1,4,972,605,0,1577,0,0,1,0,3,1,2,6,7,312,2,0,0,0,0,0,0,0.0,0,0,10,2006,11.850832386224807,0,0,0,1,0,0,0,0,0,0,0,0,1,2.0,1,False,False,False,False,True,4.0,2.772588722239781,6,0,0,1,0,1,0,0,0,1,0,0,1,0,0,0,1,0,0,0,0,0,1,0,0,0,1,0,0,0,0,0,0,0,1,0,0,0,0,0,0,0,0,0,0,0,0,0,0,0,0,0,0,0,0,0,0,0,0,0,0,0,0,0,0,0,0,1,0,0,0,0,1,0,0,0,0,0,0,0,0,0,0,0,0,0,1,0,0,0,0,0,0,0,0,0,0,0,0,0,1,0,0,0,0,0,0,0,0,0,0,0,0,0,0,2549,1577,0,10,225.28571428571428,2,1,1.0,0.1428571428571428,6.0,1,4,67,56,1,0,1,0,0,0,0,0.0,0,18,30,9,14,0.6184313725490196
346,346,347,20,0.0,12772,4,2,6,8,1960,1998,0.0,3,4,3,3,2,4,498,1,0,460,958,2,1,4,958,0,0,958,0,0,1,0,2,1,3,5,7,301,2,0,0,0,0,0,0,0.0,2,15500,4,2007,11.928347504569842,0,0,0,1,0,0,0,0,0,0,0,0,1,2.0,2,True,False,False,False,False,0.0,0.0,6,0,0,1,0,1,0,0,0,0,0,0,1,1,0,0,0,0,1,0,0,0,0,0,0,0,1,0,0,0,0,0,0,0,0,0,0,0,0,0,0,0,0,1,0,0,0,0,0,0,0,0,0,0,0,0,0,0,0,0,0,1,0,0,0,0,0,0,0,1,0,0,1,0,0,0,0,0,0,0,0,0,0,0,0,0,1,0,0,0,0,0,0,0,0,0,0,0,0,0,1,0,0,0,0,0,0,0,0,0,1,0,0,0,0,1916,1456,0,8,159.66666666666666,1,0,1.0,0.1666666666666666,6.0,1,9,47,9,1,1,2,0,0,0,0,0.5192909280500522,1,27,48,12,14,0.4997391757955138
347,347,348,20,0.0,17600,4,2,6,5,1960,1960,30.0,3,3,3,3,1,4,1270,1,0,208,1478,4,1,3,1478,0,0,1478,1,0,2,0,3,1,3,6,7,498,2,0,40,0,0,0,0,0.0,0,0,12,2009,11.967187086434018,0,0,0,1,0,0,0,0,0,0,0,0,1,2.0,2,True,False,False,False,False,4.0,4.394449154672439,6,0,0,1,0,1,0,0,0,0,0,0,1,0,0,0,1,0,1,0,0,0,0,0,0,0,1,0,0,0,0,0,0,0,0,0,0,0,0,0,0,0,0,1,0,0,0,0,0,0,0,0,0,0,0,0,0,0,0,0,0,1,0,0,0,0,0,1,0,0,0,0,1,0,0,0,0,0,0,0,0,0,0,0,0,0,0,0,0,0,0,1,0,0,0,0,0,0,0,0,0,0,0,0,0,0,1,0,1,0,1,0,0,0,0,2956,2748,40,10,211.14285714285717,1,0,3.0,0.4285714285714285,18.0,1,9,49,49,0,0,2,40,1,40,0,0.8586883029073699,1,18,30,9,16,0.4998309097057828
348,348,349,160,36.0,2448,4,2,7,5,2003,2004,106.0,4,3,4,3,1,6,573,1,0,191,764,4,1,4,764,862,0,1626,1,0,2,1,2,1,4,6,7,474,2,0,27,0,0,0,0,0.0,0,0,10,2008,11.944714374881176,0,0,0,1,0,0,0,0,0,0,0,0,1,2.0,4,False,False,True,False,False,0.0,0.0,6,0,0,1,0,1,0,0,0,1,0,0,1,0,0,0,1,0,1,0,0,0,0,0,0,0,1,0,0,0,0,0,0,0,0,0,0,0,0,0,0,0,0,0,0,0,0,1,0,0,0,0,0,0,0,0,0,0,1,0,0,0,0,0,1,0,0,1,0,0,0,0,1,0,0,0,0,0,0,0,0,0,0,0,0,0,0,0,0,0,1,0,0,0,0,0,0,0,0,0,0,0,0,0,0,0,0,1,0,1,0,1,0,0,0,2390,2199,27,9,232.28571428571428,2,1,3.5,0.5,24.5,1,16,5,4,1,1,4,27,1,27,0,0.7490196078431373,1,24,35,12,19,0.6800501882057717
349,349,350,60,56.0,20431,4,2,9,5,2005,2006,870.0,5,3,5,3,1,6,1410,1,0,438,1848,4,1,4,1848,880,0,2728,1,0,2,1,4,1,5,10,7,706,2,0,0,0,0,0,0,0.0,0,0,4,2006,12.988043102265232,0,0,0,0,1,0,0,0,0,0,1,0,0,2.0,4,True,False,False,False,False,5.0,5.493061443340549,6,0,0,1,0,1,0,1,0,0,0,0,1,0,0,0,1,0,1,0,0,0,0,0,0,0,1,0,0,0,0,0,0,0,0,0,0,0,0,0,0,0,0,0,0,0,0,1,0,0,0,0,0,0,0,0,0,0,0,0,0,0,0,0,1,0,0,0,0,1,0,0,1,0,0,0,0,0,0,0,0,0,0,1,0,0,0,0,0,0,0,0,0,0,0,0,0,1,0,0,0,0,0,0,0,0,0,0,1,0,0,1,0,0,0,4576,4138,0,15,248.0,2,1,3.5,0.3181818181818182,31.5,1,25,1,0,1,1,4,0,0,0,0,0.7625743645213628,1,30,45,15,23,0.59602359624208
350,350,351,120,68.0,7820,4,2,9,5,2007,2007,362.0,5,3,5,3,1,1,0,1,0,1869,1869,4,1,4,1869,0,0,1869,0,0,2,0,2,1,5,6,7,617,2,210,54,0,0,0,0,0.0,0,0,12,2007,12.670001611311877,0,0,0,0,1,0,0,0,0,0,1,0,0,2.0,4,True,False,False,False,False,4.0,2.772588722239781,6,0,0,1,0,1,0,0,0,0,0,0,1,0,0,0,1,0,1,0,0,0,0,0,0,0,1,0,0,0,0,0,0,0,0,0,0,0,0,0,0,0,0,0,0,0,0,1,0,0,0,0,0,0,0,0,0,0,0,1,0,1,0,0,0,0,0,0,0,1,0,0,1,0,0,0,0,0,0,0,0,0,0,0,0,0,1,0,0,0,0,0,0,0,0,0,0,0,0,0,1,0,0,0,0,0,0,0,1,0,0,1,0,0,0,3738,1869,264,9,267.0,1,0,2.0,0.2857142857142857,18.0,1,25,0,0,0,1,4,54,1,264,0,0.0,0,30,45,15,23,0.4998662744049211
351,351,352,120,0.0,5271,4,1,7,5,1986,1986,0.0,3,3,4,3,4,6,1082,1,0,371,1453,3,1,4,1453,0,0,1453,1,0,1,1,2,1,4,6,7,445,2,0,80,0,0,184,0,0.0,0,0,12,2006,12.154784614286667,0,0,0,0,0,0,0,0,0,0,0,0,1,2.0,3,True,False,False,False,False,3.0,2.079441541679836,6,0,0,1,0,1,0,0,0,0,0,1,0,0,0,0,1,0,1,0,0,0,0,0,0,0,1,0,0,0,0,0,0,0,0,1,0,0,0,0,0,0,0,0,0,0,0,0,0,0,0,0,0,0,0,0,0,0,0,0,0,1,0,0,0,0,0,1,0,0,0,0,1,0,0,0,0,0,0,0,0,0,0,0,0,0,0,0,0,0,0,1,0,0,0,0,0,0,0,0,0,0,0,0,0,0,1,0,0,0,0,1,0,0,0,2906,2535,264,9,207.57142857142856,1,0,2.5,0.3571428571428571,17.5,1,16,20,20,0,0,3,264,1,264,0,0.7441540577716643,1,60,35,9,17,0.499828001375989
352,352,353,50,60.0,9084,4,2,5,6,1941,1950,0.0,3,3,3,2,2,2,236,3,380,0,616,2,0,4,616,495,0,1111,0,1,1,0,3,1,3,5,7,200,2,48,0,0,0,0,0,0.0,0,0,3,2008,11.461642696843066,0,0,0,1,0,0,0,0,0,1,0,0,0,2.0,1,False,False,False,False,True,0.0,0.0,6,0,0,1,0,1,0,0,0,1,0,0,1,0,0,0,1,0,0,0,0,0,0,0,0,0,1,0,0,0,0,0,0,0,0,0,0,0,1,0,0,0,0,0,0,0,0,0,0,0,0,0,0,0,0,0,0,0,0,0,0,0,0,0,0,0,0,1,0,0,0,0,1,0,0,0,0,0,0,0,0,0,0,0,0,0,0,0,0,0,1,0,0,0,0,0,0,0,0,0,0,0,0,0,0,1,0,0,0,0,1,0,0,0,0,1727,1727,48,9,185.16666666666663,2,1,1.5,0.25,7.5,1,9,67,58,1,0,1,0,0,48,0,0.9983792544570502,1,18,30,9,13,0.6429398148148148
353,353,354,30,60.0,8520,4,2,6,8,1928,2003,0.0,3,4,3,3,1,1,0,1,0,624,624,3,1,4,720,0,0,720,0,0,1,0,2,1,3,5,7,484,2,106,0,0,0,0,0,0.0,0,0,5,2010,11.570259974415547,0,0,0,1,0,0,0,0,0,0,0,0,1,2.0,4,False,False,False,False,True,0.0,0.0,6,0,0,0,1,1,0,0,0,1,0,0,1,0,0,0,1,0,1,0,0,0,0,0,0,0,1,0,0,0,0,0,0,0,0,0,0,0,0,0,0,0,0,0,0,0,0,0,1,0,0,0,0,0,0,0,0,0,0,0,0,1,0,0,0,0,0,1,0,0,0,0,1,0,0,0,0,0,0,0,0,0,0,0,0,0,0,0,0,0,1,0,0,0,0,0,0,0,0,0,0,0,0,0,0,1,0,0,0,0,0,0,0,0,0,1344,720,106,8,120.0,1,0,1.0,0.1666666666666666,6.0,1,9,82,7,1,1,1,0,0,106,0,0.0,0,18,48,12,15,0.5353159851301115
354,354,355,50,60.0,8400,4,2,6,5,1940,2000,0.0,3,3,3,3,1,2,388,1,0,552,940,4,1,4,1192,403,0,1595,0,0,1,0,2,1,3,6,7,240,2,0,0,108,0,0,0,0.0,0,0,6,2006,11.849404844423074,0,0,0,1,0,0,0,0,0,0,0,0,1,2.0,1,True,False,False,False,False,4.0,4.394449154672439,6,0,0,1,0,1,0,0,0,1,0,0,0,0,0,0,1,0,1,0,0,0,0,0,0,0,1,0,0,0,0,0,0,0,0,0,0,0,0,0,0,0,0,0,0,0,0,0,0,1,0,0,0,0,0,0,0,0,0,0,0,0,0,0,0,0,0,1,0,0,0,0,1,0,0,0,0,0,0,0,0,0,0,0,0,0,0,0,0,0,0,1,0,0,0,0,0,0,0,0,1,0,0,0,0,0,0,0,0,0,1,0,0,0,0,2535,1983,108,9,227.8571428571429,2,1,1.0,0.1428571428571428,6.0,1,9,66,6,1,1,1,108,1,108,0,0.412327311370882,1,18,30,9,16,0.6289432176656151
355,355,356,20,105.0,11249,4,2,6,5,1995,1995,0.0,4,4,4,4,1,5,334,4,544,322,1200,4,1,4,1200,0,0,1200,1,0,2,0,3,1,4,6,7,521,2,0,26,0,0,0,0,0.0,0,0,8,2007,12.086731521684555,0,0,0,1,0,0,0,0,0,0,0,0,1,2.0,3,True,False,False,False,False,0.0,0.0,6,0,0,1,0,1,0,1,0,0,0,0,1,0,0,0,1,0,1,0,0,0,0,0,0,0,1,0,0,0,0,0,0,0,0,0,1,0,0,0,0,0,0,0,0,0,0,0,0,0,0,0,0,0,0,0,0,0,0,0,0,1,0,0,0,0,0,1,0,0,0,0,1,0,0,0,0,0,0,0,0,0,0,0,0,0,0,0,0,0,1,0,0,0,0,0,0,0,0,0,0,0,0,0,0,1,0,0,0,0,0,1,0,0,0,2400,2078,26,10,171.42857142857142,1,0,3.0,0.4285714285714285,18.0,1,16,12,12,0,0,3,26,1,26,0,0.7310574521232306,1,32,30,16,18,0.4997917534360683
356,356,357,20,0.0,9248,4,2,6,6,1992,1992,106.0,3,3,4,3,1,6,560,1,0,598,1158,3,1,4,1167,0,0,1167,1,0,2,0,3,1,4,6,7,400,2,120,26,0,0,0,0,0.0,0,0,7,2009,12.06105265381003,0,0,0,1,0,0,0,0,0,0,0,0,1,2.0,3,True,False,False,False,False,0.0,0.0,6,0,0,1,0,1,0,0,0,0,0,0,1,0,0,0,1,0,1,0,0,0,0,0,0,0,1,0,0,0,0,0,0,0,0,0,0,0,0,1,0,0,0,0,0,0,0,0,0,0,0,0,0,0,0,0,0,0,0,0,0,1,0,0,0,0,0,1,0,0,0,0,1,0,0,0,0,0,0,0,0,0,0,0,1,0,0,0,0,0,0,0,0,0,0,0,0,0,1,0,0,0,0,0,0,0,0,0,1,0,0,1,0,0,0,2325,1727,146,10,166.71428571428572,1,0,3.0,0.4285714285714285,18.0,1,16,17,17,0,0,3,26,1,146,0,0.4831751509922347,1,24,36,9,16,0.501719690455718
357,357,358,120,44.0,4224,4,2,5,5,1976,1976,0.0,3,3,4,3,1,5,874,1,0,268,1142,2,1,4,1142,0,0,1142,1,0,1,1,3,1,3,6,7,528,2,536,90,0,0,0,0,2.0,0,0,8,2007,11.80560254159177,0,0,0,1,0,0,0,0,0,0,0,0,1,2.0,2,True,False,False,False,False,1.0,0.6931471805599453,6,0,0,0,1,1,0,0,0,1,0,0,1,0,0,0,1,0,1,0,0,0,0,0,0,0,1,0,0,0,0,0,0,0,0,0,0,0,0,0,0,1,0,0,0,0,0,0,0,0,0,0,0,0,0,0,0,0,0,1,0,1,0,0,0,0,0,1,0,0,0,0,1,0,0,0,0,0,0,0,0,0,0,1,0,0,0,0,0,0,0,0,0,0,0,0,0,1,0,0,0,0,0,0,0,0,0,0,0,0,0,1,0,0,0,2284,2016,626,10,163.14285714285714,1,0,2.5,0.3571428571428571,12.5,1,9,31,31,0,0,2,90,1,626,0,0.7646544181977253,1,24,25,9,13,0.499781181619256
358,358,359,80,92.0,6930,4,2,5,4,1958,1958,120.0,3,3,3,3,3,4,300,3,294,468,1062,4,1,2,1352,0,0,1352,0,1,1,0,3,1,4,6,5,288,2,168,0,294,0,0,0,0.0,0,0,7,2006,11.775297421715829,0,0,0,0,0,0,0,0,0,0,0,0,1,2.0,2,False,False,True,False,False,0.0,0.0,6,0,0,1,0,1,0,0,0,0,0,0,1,0,0,0,1,0,1,0,0,0,0,0,0,0,1,0,0,0,0,0,0,0,0,1,0,0,0,0,0,0,0,0,0,0,0,0,0,0,0,0,0,0,0,0,0,0,0,0,0,0,0,0,0,0,1,0,0,1,0,0,1,0,0,0,0,0,0,0,0,0,0,0,0,0,0,0,0,0,0,1,0,0,0,0,0,0,0,1,0,0,0,0,0,0,0,0,1,0,1,0,0,0,0,2414,1946,462,10,193.14285714285717,1,0,1.5,0.2142857142857142,7.5,1,16,48,48,0,0,2,294,1,462,0,0.5587958607714016,1,36,20,9,16,0.5598343685300207
359,359,360,60,78.0,12011,4,2,8,5,1998,1998,530.0,4,3,4,3,3,6,956,1,0,130,1086,4,1,4,1086,838,0,1924,1,0,2,1,3,1,4,7,7,592,2,208,75,0,0,374,0,0.0,0,0,6,2006,12.54254845357358,0,0,0,1,0,0,0,0,0,0,0,0,1,2.0,3,True,False,False,False,False,3.0,2.079441541679836,6,0,0,1,0,1,0,0,0,0,0,0,1,1,0,0,0,0,1,0,0,0,0,0,0,0,1,0,0,0,0,0,0,0,0,0,0,0,0,0,0,0,0,0,0,0,1,0,0,0,0,0,0,0,0,0,0,0,0,0,0,0,0,0,1,0,0,1,0,0,0,0,1,0,0,0,0,0,0,0,0,0,0,0,0,0,0,0,0,0,1,0,0,0,0,0,0,0,0,0,0,0,0,0,0,1,0,0,1,0,0,1,0,0,0,3010,2880,657,11,240.5,2,1,3.5,0.4375,28.0,1,16,8,8,0,1,4,449,1,657,0,0.8794848206071757,1,48,40,12,20,0.6389903686482896
360,360,361,85,0.0,7540,4,2,6,6,1978,1978,0.0,3,3,4,3,3,6,773,1,0,115,888,4,1,4,912,0,0,912,1,0,1,0,2,1,3,5,7,470,2,0,0,0,0,192,0,2.0,0,0,6,2007,11.95761769646754,0,0,0,1,0,0,0,0,0,0,0,0,1,2.0,2,True,False,False,False,False,3.0,2.079441541679836,6,0,0,1,0,1,0,0,0,0,0,0,1,1,0,0,0,0,1,0,0,0,0,0,0,0,1,0,0,0,0,0,0,0,0,0,0,0,0,0,0,0,1,0,0,0,0,0,0,0,0,0,0,0,0,0,0,0,0,0,0,0,0,0,0,1,0,1,0,0,0,0,1,0,0,0,0,0,0,0,0,0,0,0,0,0,0,0,0,0,1,0,0,0,0,0,0,0,0,0,0,0,0,0,0,1,0,0,0,0,1,0,0,0,0,1800,1685,192,8,152.0,1,0,2.0,0.3333333333333333,12.0,1,9,29,29,0,0,3,192,1,192,0,0.8695163104611924,1,48,36,9,16,0.5063853414769572
361,361,362,50,0.0,9144,4,2,5,5,1940,1982,0.0,3,3,3,3,1,3,399,1,0,484,883,3,1,4,988,517,0,1505,1,0,1,0,3,1,3,8,7,240,0,0,0,0,0,0,0,0.0,0,0,7,2008,11.884495917930655,0,0,0,1,0,0,0,0,0,0,0,0,1,2.0,1,False,False,False,False,True,0.0,0.0,6,0,0,1,0,1,1,0,0,1,0,0,1,0,0,0,1,0,1,0,0,0,0,0,0,0,1,0,0,0,0,0,0,0,1,0,0,0,0,0,0,0,0,0,0,0,0,0,0,0,0,0,0,0,0,0,0,0,0,0,0,0,0,0,0,0,0,1,0,0,0,0,1,0,0,0,0,0,0,0,0,0,0,0,0,0,1,0,0,0,0,0,0,0,0,0,0,0,0,0,1,0,0,0,0,0,0,0,0,0,1,0,0,0,0,2388,1904,0,12,167.22222222222223,2,1,2.0,0.2222222222222222,10.0,1,9,68,26,1,0,1,0,0,0,0,0.4513574660633484,1,18,25,9,14,0.6299706990372541
362,362,363,85,64.0,7301,4,2,7,5,2003,2003,500.0,4,3,0,0,0,0,0,0,0,0,0,4,1,4,495,1427,0,1922,0,0,3,0,4,1,4,7,7,672,2,0,0,177,0,0,0,0.0,0,0,7,2009,12.198549416880068,0,0,0,1,0,0,0,1,0,0,0,0,0,2.0,4,False,False,True,False,False,5.0,3.4657359027997265,6,0,0,1,0,1,0,0,0,1,0,0,1,0,0,0,0,0,1,0,0,0,0,0,0,0,1,0,0,0,0,0,0,0,0,0,0,0,1,0,0,0,0,0,0,0,0,0,0,0,0,0,0,0,0,0,0,0,0,0,0,0,0,0,0,1,0,1,0,0,0,0,1,0,0,0,0,0,0,0,0,0,0,0,1,0,0,0,0,0,0,0,0,0,0,0,0,0,1,0,0,0,0,0,0,0,0,0,1,0,0,0,1,0,0,1922,1922,177,12,240.25,2,1,3.0,0.375,21.0,1,16,6,6,0,1,4,177,1,177,0,0.0,0,0,35,12,19,0.999479979199168
363,363,364,160,21.0,1680,4,2,6,8,1972,2007,510.0,3,3,3,3,1,5,162,1,0,321,483,3,1,4,483,504,0,987,0,0,1,1,2,1,4,5,7,264,2,250,0,0,0,0,0,0.0,0,0,5,2009,11.678448377988165,0,0,0,1,0,0,0,0,0,0,0,0,1,2.0,2,False,False,False,False,True,0.0,0.0,6,0,0,0,1,1,0,0,0,1,0,0,1,0,0,0,1,0,1,0,0,0,0,0,0,0,1,0,0,0,0,0,0,1,0,0,0,0,0,0,0,0,0,0,0,0,0,0,0,0,0,0,0,0,0,0,0,0,1,0,0,0,0,0,1,0,0,1,0,0,0,0,1,0,0,0,0,0,0,0,0,0,0,0,1,0,0,0,0,0,0,0,0,0,0,0,0,0,1,0,0,0,0,0,0,0,0,0,1,0,1,0,0,0,0,1470,1149,250,8,164.5,2,1,1.5,0.25,9.0,1,16,37,2,1,1,2,0,0,250,0,0.3347107438016529,1,18,48,9,16,0.6709721278042148
364,364,365,60,0.0,18800,4,2,6,5,1976,1976,120.0,3,3,4,3,2,6,712,1,0,84,796,2,1,4,790,784,0,1574,1,0,2,1,3,1,3,6,7,566,2,306,111,0,0,0,0,0.0,0,0,7,2006,12.154784614286667,0,0,0,1,0,0,0,0,0,0,0,0,1,2.0,2,True,False,False,False,False,3.0,2.079441541679836,6,0,0,1,0,1,0,0,0,0,0,0,1,0,1,0,0,0,1,0,0,0,0,0,0,0,1,0,0,0,0,0,0,0,0,0,0,0,0,0,0,0,0,0,0,1,0,0,0,0,0,0,0,0,0,0,0,0,0,0,0,0,0,0,1,0,0,1,0,0,0,0,1,0,0,0,0,0,0,0,0,0,0,0,1,0,0,0,0,0,0,0,0,0,0,0,0,0,1,0,0,0,0,0,0,0,0,0,1,0,0,1,0,0,0,2370,2286,417,10,224.8571428571429,2,1,3.5,0.5,21.0,1,9,30,30,0,0,3,111,1,417,0,0.8933500627352572,1,36,30,9,14,0.6638549135385913
365,365,366,70,59.0,10690,4,2,5,7,1920,1997,0.0,3,4,3,2,1,3,456,1,0,216,672,3,1,3,672,672,0,1344,0,0,1,0,3,1,3,6,7,468,2,0,128,218,0,0,0,0.0,0,0,7,2009,11.898194668458824,0,0,0,1,0,0,0,0,0,0,0,0,1,2.0,2,False,False,False,False,True,0.0,0.0,6,0,0,0,1,1,0,0,0,1,0,0,1,0,0,0,1,0,1,0,0,0,0,0,0,0,1,0,0,0,0,0,0,0,0,0,0,0,0,0,1,0,0,0,0,0,0,0,0,0,0,0,0,0,0,0,0,0,0,0,0,0,0,0,1,0,0,0,0,1,0,0,1,0,0,0,0,0,0,0,0,0,0,0,0,0,0,0,0,0,1,0,0,0,0,0,0,0,0,0,0,0,0,0,0,1,0,0,0,0,1,0,0,0,0,2016,1800,346,10,192.0,2,1,1.0,0.1428571428571428,5.0,1,9,89,12,1,0,1,346,1,346,0,0.6775631500742942,1,12,35,12,14,0.6663361427863164
366,366,367,20,0.0,9500,4,2,6,5,1963,1963,247.0,3,3,4,3,1,4,609,1,0,785,1394,3,1,4,1394,0,0,1394,1,0,1,1,3,1,3,6,7,514,2,0,76,0,0,185,0,0.0,0,0,7,2009,11.976665770490769,0,0,0,1,0,0,0,0,0,0,0,0,1,2.0,2,True,False,False,False,False,4.0,4.394449154672439,6,0,0,1,0,1,0,0,0,0,0,0,1,0,0,0,1,0,1,0,0,0,0,0,0,0,1,0,0,0,0,0,0,0,0,0,0,0,0,0,0,0,0,1,0,0,0,0,0,0,0,0,0,0,0,0,0,0,0,0,0,1,0,0,0,0,0,1,0,0,0,0,1,0,0,0,0,0,0,0,0,0,0,0,0,0,0,1,0,0,0,0,0,0,0,0,0,0,0,0,0,0,1,0,0,0,0,0,1,0,1,0,0,0,0,2788,2003,261,10,199.14285714285717,1,0,2.5,0.3571428571428571,15.0,1,9,46,46,0,0,2,261,1,261,0,0.4365591397849462,1,24,30,9,15,0.4998207242739333
367,367,368,80,101.0,9150,4,2,6,5,1962,1962,305.0,3,3,4,3,4,6,371,1,0,728,1099,3,1,4,1431,0,0,1431,0,1,1,0,3,1,3,6,7,296,2,64,110,0,0,0,0,0.0,0,0,12,2008,12.013706813470414,0,0,0,1,0,0,0,0,0,0,0,0,1,2.0,2,False,True,False,False,False,4.0,2.772588722239781,6,0,0,1,0,1,0,0,0,0,0,0,1,0,0,0,0,0,1,0,0,0,0,0,0,0,1,0,0,0,0,0,0,0,0,0,0,0,0,0,0,0,0,1,0,0,0,0,0,0,0,0,0,0,0,0,0,0,0,0,0,0,0,0,0,0,1,1,0,0,0,0,0,0,0,0,1,0,0,0,0,0,0,0,0,0,0,1,0,0,0,0,0,0,0,0,0,0,0,0,0,0,1,0,0,0,0,0,1,0,1,0,0,0,0,2530,1802,174,10,204.42857142857144,1,0,1.5,0.2142857142857142,9.0,1,9,46,46,0,0,2,110,1,174,0,0.3372727272727273,1,60,30,9,15,0.565389174239431
368,368,369,20,78.0,7800,4,2,5,6,1954,1954,200.0,3,3,3,3,1,2,540,1,0,728,1268,3,1,4,1268,0,0,1268,0,0,1,0,2,1,3,7,7,244,2,0,98,0,0,0,0,0.0,0,0,3,2010,11.790564777297387,0,0,0,1,0,0,0,0,0,0,0,0,1,2.0,2,True,False,False,False,False,4.0,2.772588722239781,6,0,0,1,0,1,0,0,0,1,0,0,1,0,0,0,1,0,1,0,0,0,0,0,0,0,1,0,0,0,0,0,0,0,0,0,0,0,0,0,0,0,0,1,0,0,0,0,0,0,0,0,0,0,0,0,0,0,0,0,0,1,0,0,0,0,0,1,0,0,0,0,1,0,0,0,0,0,0,0,0,0,0,0,1,0,0,0,0,0,0,0,0,0,0,0,0,0,1,0,0,0,0,0,0,0,0,0,1,0,0,1,0,0,0,2536,1808,98,10,158.5,1,0,1.0,0.125,5.0,1,9,56,56,0,0,2,98,1,98,0,0.425531914893617,1,18,30,9,14,0.4998029168309026
369,369,370,20,0.0,9830,4,2,5,7,1959,2006,0.0,3,4,3,3,1,5,72,3,258,733,1063,4,1,4,1287,0,0,1287,1,0,1,0,3,1,4,7,7,576,2,364,17,0,0,182,0,0.0,0,0,3,2010,11.995357787034976,0,0,0,1,0,0,0,0,0,0,0,0,1,2.0,3,False,False,False,False,True,4.0,2.772588722239781,6,0,0,1,0,1,0,0,0,0,0,0,1,0,0,0,0,0,1,0,0,0,0,0,0,0,1,0,0,0,0,0,0,0,0,0,0,0,0,0,0,0,0,1,0,0,0,0,0,0,0,0,0,0,0,0,0,0,0,0,0,1,0,0,0,0,0,1,0,0,0,0,1,0,0,0,0,0,0,0,0,0,0,0,0,0,0,0,0,0,0,1,0,0,0,0,0,0,0,0,0,0,0,0,0,0,1,0,0,0,1,0,0,0,0,2350,1617,563,11,160.875,1,0,2.0,0.25,10.0,1,16,51,4,1,1,2,199,1,563,0,0.3101503759398496,1,18,35,12,16,0.547426626967248
370,370,371,60,0.0,8121,4,2,6,5,2000,2000,0.0,3,3,4,3,1,1,0,1,0,953,953,4,1,4,953,711,0,1664,0,0,2,1,3,1,3,7,7,460,2,100,40,0,0,0,0,0.0,0,0,1,2006,12.057578437658943,0,0,0,1,0,0,0,0,0,0,0,0,1,2.0,3,True,False,False,False,False,3.0,2.079441541679836,6,0,0,1,0,1,0,0,0,0,0,0,1,0,0,0,1,0,1,0,0,0,0,0,0,0,1,0,0,0,0,0,0,0,0,0,0,0,0,1,0,0,0,0,0,0,0,0,0,0,0,0,0,0,0,0,0,0,0,0,0,0,0,0,1,0,0,1,0,0,0,0,1,0,0,0,0,0,0,0,0,0,0,0,0,0,0,0,0,0,1,0,0,0,0,0,0,0,0,0,0,0,0,0,0,1,0,0,0,0,0,1,0,0,0,2617,1664,140,11,208.0,2,1,2.5,0.3125,15.0,1,9,6,6,0,1,4,40,1,140,0,0.0,0,24,30,9,16,0.6355996944232238
371,371,372,50,80.0,17120,4,2,4,4,1959,1959,0.0,3,3,0,0,0,0,0,0,0,0,0,2,1,4,1120,468,0,1588,0,0,2,0,4,1,3,7,5,680,0,0,59,0,0,0,0,0.0,0,0,7,2008,11.808821212646512,0,0,0,1,0,0,0,0,0,0,0,0,1,2.0,3,False,False,False,False,True,4.0,2.772588722239781,6,0,0,1,0,1,0,0,0,1,0,0,1,0,0,0,1,1,0,0,0,0,0,0,0,0,1,0,0,0,0,0,0,0,0,1,0,0,0,0,0,0,0,0,0,0,0,0,0,0,0,0,0,0,0,0,0,0,0,0,0,0,0,0,0,0,0,1,0,0,0,0,1,0,0,0,0,0,0,0,0,0,0,0,0,0,0,0,0,0,0,0,1,0,0,0,0,0,0,0,0,0,1,0,0,0,0,0,0,0,1,0,0,0,0,1588,1588,59,12,198.5,2,1,2.0,0.25,8.0,1,9,49,49,0,0,2,59,1,59,0,0.0,0,0,16,9,12,0.999370673379484
372,372,373,120,50.0,7175,4,2,6,5,1984,1984,0.0,3,3,4,3,1,5,623,2,121,0,744,2,1,4,752,0,0,752,1,0,1,0,2,1,3,4,7,264,2,353,0,0,0,90,0,2.0,0,0,2,2010,11.736077016252436,0,0,0,1,0,0,0,0,0,0,0,0,1,2.0,3,True,False,False,False,False,0.0,0.0,6,0,0,1,0,1,0,0,0,1,0,0,1,0,0,0,1,0,1,0,0,0,0,0,0,0,1,0,0,0,0,0,0,0,0,0,0,0,0,0,0,0,0,0,0,0,0,0,0,0,0,1,0,0,0,0,0,0,0,1,0,1,0,0,0,0,0,1,0,0,0,0,1,0,0,0,0,0,0,0,0,0,0,0,0,0,0,1,0,0,0,0,0,0,0,0,0,0,0,0,0,0,1,0,0,0,0,0,0,0,1,0,0,0,0,1496,1496,443,7,150.4,1,0,2.0,0.4,12.0,1,9,26,26,0,0,3,90,1,443,0,0.9986577181208054,1,24,30,9,14,0.5023380093520374
373,373,374,20,79.0,10634,4,2,5,6,1953,1953,0.0,3,3,3,3,1,4,428,2,180,0,608,2,1,4,1319,0,0,1319,1,0,1,0,3,1,3,5,5,270,2,66,0,0,0,0,0,1.0,0,0,11,2009,11.719947764402807,0,0,0,1,0,0,0,0,0,0,0,0,1,2.0,2,True,False,False,False,False,0.0,0.0,6,0,0,1,0,1,0,0,0,1,0,0,1,0,0,0,1,0,1,0,0,0,0,0,0,0,1,0,0,0,0,0,0,0,0,0,0,0,0,0,0,0,0,1,0,0,0,0,0,0,0,0,0,0,0,0,0,0,0,0,0,1,0,0,0,0,0,1,0,0,0,0,1,0,0,0,0,0,0,0,0,0,0,0,0,0,1,0,0,0,0,0,0,0,0,0,0,0,0,0,1,0,0,0,0,0,0,0,0,0,0,1,0,0,0,1927,1927,66,9,219.83333333333331,1,0,2.0,0.3333333333333333,10.0,1,9,56,56,0,0,2,0,0,66,0,0.9983579638752051,1,18,30,9,13,0.6841286307053942
374,374,375,60,65.0,8200,4,2,7,5,2003,2004,0.0,4,3,4,3,1,1,0,1,0,847,847,4,1,4,847,1081,0,1928,0,0,2,1,4,1,4,8,7,434,2,100,48,0,0,0,0,0.0,0,0,7,2007,12.299112067295642,0,0,0,1,0,0,0,0,0,0,0,0,1,2.0,4,False,False,True,False,False,4.0,2.772588722239781,6,0,0,1,0,1,0,0,0,1,0,0,1,0,0,0,1,0,1,0,0,0,0,0,0,0,1,0,0,0,0,0,0,0,0,0,1,0,0,0,0,0,0,0,0,0,0,0,0,0,0,0,0,0,0,0,0,0,0,0,0,0,0,0,1,0,0,1,0,0,0,0,1,0,0,0,0,0,0,0,0,0,0,0,0,0,0,0,0,0,1,0,0,0,0,0,0,0,0,0,0,0,0,0,0,1,0,0,0,0,0,1,0,0,0,2775,1928,148,13,214.22222222222223,2,1,2.5,0.2777777777777778,17.5,1,16,4,3,1,1,4,48,1,148,0,0.0,0,24,35,12,19,0.6945244956772334
375,375,376,30,0.0,10020,4,0,1,1,1922,1950,0.0,2,2,2,1,4,4,350,1,0,333,683,3,0,3,904,0,0,904,1,0,0,1,1,1,2,4,3,0,2,0,0,0,0,0,0,0.0,0,0,3,2009,11.0186455364637,0,0,0,1,0,0,0,0,0,0,0,0,1,0.0,0,False,False,False,False,False,0.0,0.0,6,0,0,1,0,1,0,0,0,0,0,1,0,0,0,0,1,0,1,0,0,0,0,0,0,0,1,0,0,0,0,0,0,0,0,0,0,0,1,0,0,0,0,0,0,0,0,0,0,0,0,0,0,0,0,0,0,0,0,0,0,1,0,0,0,0,0,1,0,0,0,0,1,0,0,0,0,0,0,0,0,0,0,0,0,0,0,0,0,0,0,1,0,0,0,0,0,0,0,0,0,0,0,0,0,0,1,0,0,0,0,0,0,0,0,1587,1254,0,6,180.8,1,0,1.5,0.3,1.5,1,4,87,59,1,0,1,0,0,0,0,0.5116959064327485,1,10,1,4,8,0.5692695214105793
376,376,377,85,57.0,8846,4,2,5,5,1996,1996,0.0,4,3,4,3,3,6,298,1,0,572,870,4,1,4,914,0,0,914,0,0,1,0,2,1,3,5,7,576,2,0,0,0,0,0,0,0.0,0,0,7,2006,11.904974309480185,0,0,0,1,0,0,0,0,0,0,0,0,1,2.0,3,False,False,False,False,True,0.0,0.0,6,0,0,1,0,1,0,0,0,0,0,0,1,1,0,0,0,0,1,0,0,0,0,0,0,0,1,0,0,0,0,0,0,0,0,0,1,0,0,0,0,0,0,0,0,0,0,0,0,0,0,0,0,0,0,0,0,0,0,0,0,0,0,0,0,1,0,1,0,0,0,0,1,0,0,0,0,0,0,0,0,0,0,0,0,0,0,0,0,0,1,0,0,0,0,0,0,0,0,0,0,0,0,0,0,1,0,0,0,0,0,1,0,0,0,1784,1212,0,8,152.33333333333334,1,0,1.0,0.1666666666666666,5.0,1,9,10,10,0,1,4,0,0,0,0,0.3421354764638347,1,48,25,12,16,0.5120448179271708
377,377,378,60,102.0,11143,4,2,8,5,2004,2005,0.0,4,3,4,3,1,1,0,1,0,1580,1580,4,1,4,1580,886,0,2466,0,0,3,0,4,1,4,8,7,610,2,159,214,0,0,0,0,0.0,0,0,12,2007,12.73670383776449,0,0,0,1,0,0,0,0,0,0,0,0,1,2.0,4,True,False,False,False,False,4.0,2.772588722239781,6,1,0,0,0,1,0,0,0,0,0,0,1,0,0,0,0,0,1,0,0,0,0,0,0,0,1,0,0,0,0,0,0,0,0,0,0,0,0,0,0,0,0,0,0,0,0,0,0,0,0,0,1,0,0,0,0,0,0,0,0,0,0,0,1,0,0,1,0,0,0,0,1,0,0,0,0,0,0,0,0,0,0,1,0,0,0,0,0,0,0,0,0,0,0,0,0,1,0,0,0,0,0,0,0,0,0,0,0,0,0,1,0,0,0,4046,2466,373,13,274.0,2,1,3.0,0.3333333333333333,24.0,1,16,3,2,1,1,4,214,1,373,0,0.0,0,24,40,12,20,0.609340252038547
378,378,379,20,88.0,11394,4,2,9,2,2010,2010,350.0,4,3,5,3,3,6,1445,1,0,411,1856,4,1,4,1856,0,0,1856,1,0,1,1,1,1,5,8,7,834,2,113,0,0,0,0,0,0.0,0,0,6,2010,12.885204569609956,0,0,0,0,1,0,0,0,0,0,1,0,0,2.0,4,True,False,False,False,False,5.0,3.4657359027997265,6,0,0,1,0,1,0,0,0,1,0,0,1,0,0,0,0,0,1,0,0,0,0,0,0,0,1,0,0,0,0,0,0,0,0,0,0,0,0,0,0,0,0,0,0,0,0,0,0,0,0,0,0,1,0,0,0,0,0,0,0,1,0,0,0,0,0,0,0,1,0,0,1,0,0,0,0,0,0,0,0,0,0,0,0,0,0,0,0,0,1,0,0,0,0,0,0,0,0,0,0,0,0,0,0,1,0,0,0,1,0,1,0,0,0,3712,3301,113,10,206.22222222222223,1,0,2.5,0.2777777777777778,22.5,1,25,0,0,0,1,4,0,0,113,0,0.7781367797522887,1,60,18,12,22,0.4998653380016159
379,379,380,60,60.0,8123,4,2,6,5,2000,2000,16.0,3,3,4,3,1,1,0,1,0,982,982,4,1,4,1007,793,0,1800,0,0,2,1,3,1,3,7,7,463,2,100,63,0,0,0,0,0.0,0,0,6,2009,12.095146671399466,0,0,0,1,0,0,0,0,0,0,0,0,1,2.0,3,True,False,False,False,False,3.0,2.079441541679836,6,0,0,1,0,1,0,0,0,0,0,0,1,0,0,0,1,0,0,0,0,0,1,0,0,0,1,0,0,0,0,0,0,0,0,0,0,0,0,1,0,0,0,0,0,0,0,0,0,0,0,0,0,0,0,0,0,0,0,0,0,0,0,0,1,0,0,1,0,0,0,0,1,0,0,0,0,0,0,0,0,0,0,0,0,0,0,0,0,0,1,0,0,0,0,0,0,0,0,0,0,0,0,0,0,1,0,0,1,0,0,1,0,0,0,2782,1800,163,11,225.0,2,1,2.5,0.3125,15.0,1,9,9,9,0,1,4,63,1,163,0,0.0,0,24,30,9,16,0.6467840459935321
380,380,381,50,50.0,5000,4,2,5,6,1924,1950,0.0,3,3,3,3,1,2,218,1,0,808,1026,2,1,4,1026,665,0,1691,0,0,2,0,3,1,4,6,7,308,2,0,0,242,0,0,0,0.0,0,0,5,2010,11.751950239425476,0,0,0,1,0,0,0,0,0,0,0,0,1,2.0,1,False,False,False,False,True,4.0,2.772588722239781,6,0,0,1,0,1,1,0,0,1,0,0,1,0,0,0,1,0,1,0,0,0,0,0,0,0,1,0,0,0,0,0,0,0,0,0,0,0,0,0,0,0,0,0,0,0,0,0,0,1,0,0,0,0,0,0,0,0,0,0,0,0,0,0,0,0,0,1,0,0,0,0,1,0,0,0,0,0,0,0,0,1,0,0,0,0,0,0,0,0,0,0,0,0,0,0,0,0,0,0,0,0,0,0,0,0,1,0,0,0,0,0,0,0,0,2717,1909,242,10,241.57142857142856,2,1,2.0,0.2857142857142857,10.0,1,16,86,60,1,0,1,242,1,242,0,0.2122687439143135,1,18,30,9,14,0.6221486387049301
381,381,382,20,60.0,7200,4,2,7,5,2006,2006,0.0,4,3,4,4,1,1,0,1,0,1293,1293,4,1,4,1301,0,0,1301,1,0,2,0,2,1,4,5,7,572,2,216,121,0,0,0,0,0.0,0,0,8,2006,12.142871895843887,0,0,0,0,1,0,0,0,0,0,1,0,0,2.0,4,True,False,False,False,False,4.0,2.772588722239781,6,1,0,0,0,1,1,0,0,1,0,0,1,0,0,0,1,0,1,0,0,0,0,0,0,0,1,0,0,0,0,0,0,0,0,0,0,0,0,0,0,0,0,0,0,0,0,0,0,0,0,0,1,0,0,0,0,0,0,0,0,1,0,0,0,0,0,1,0,0,0,0,1,0,0,0,0,0,0,0,0,0,0,0,0,0,0,0,0,0,1,0,0,0,0,0,0,0,0,0,0,0,0,0,0,1,0,0,0,0,0,1,0,0,0,2594,1301,337,8,216.83333333333331,1,0,3.0,0.5,21.0,1,16,0,0,0,1,4,121,1,337,0,0.0,0,32,35,12,19,0.5013487475915221
382,382,383,60,79.0,9245,4,2,7,5,2006,2006,0.0,4,3,4,3,3,1,0,1,0,939,939,4,1,4,939,858,0,1797,0,0,2,1,3,1,4,8,7,639,2,144,53,0,0,0,0,0.0,0,0,4,2007,12.271396795480596,0,0,0,1,0,0,0,0,0,0,0,0,1,2.0,4,True,False,False,False,False,0.0,0.0,6,0,0,1,0,1,0,0,0,0,0,0,1,0,0,0,1,0,1,0,0,0,0,0,0,0,1,0,0,0,0,0,0,0,0,0,1,0,0,0,0,0,0,0,0,0,0,0,0,0,0,0,0,0,0,0,0,0,0,0,0,0,0,0,1,0,0,1,0,0,0,0,1,0,0,0,0,0,0,0,0,0,0,0,0,0,0,0,0,0,1,0,0,0,0,0,0,0,0,0,0,0,0,0,0,1,0,0,0,0,0,1,0,0,0,2736,1797,197,12,199.66666666666663,2,1,2.5,0.2777777777777778,17.5,1,16,1,1,0,1,4,53,1,197,0,0.0,0,48,35,12,19,0.6565582754841067
383,383,384,45,60.0,9000,4,2,6,3,1928,1950,0.0,3,3,2,2,1,1,0,1,0,784,784,2,0,3,784,0,0,784,0,0,1,0,2,1,3,5,7,360,0,0,0,91,0,0,0,0.0,0,0,10,2009,11.23850177707664,0,0,0,1,0,0,0,0,0,0,0,0,1,2.0,1,False,False,False,False,True,0.0,0.0,6,0,1,0,0,1,0,0,0,1,0,0,1,0,0,0,0,0,1,0,0,0,0,0,0,0,1,0,0,0,0,0,0,0,0,0,0,0,0,0,0,0,0,0,0,0,0,0,0,0,0,1,0,0,0,0,0,0,0,0,1,0,0,0,0,0,0,1,0,0,0,0,1,0,0,0,0,0,0,0,0,0,0,0,0,0,0,0,0,0,0,1,0,0,0,0,0,0,0,0,0,0,0,0,0,0,1,0,0,0,0,0,0,0,0,1568,784,91,8,130.66666666666666,1,0,1.0,0.1666666666666666,6.0,1,9,81,59,1,0,1,91,1,91,0,0.0,0,8,18,9,14,0.4996813256851498
384,384,385,60,0.0,53107,4,1,6,5,1992,1992,0.0,4,3,4,3,3,6,985,1,0,595,1580,4,1,4,1079,874,0,1953,1,0,2,1,3,1,4,9,7,501,2,216,231,0,0,0,0,0.0,0,0,6,2007,12.388398368982116,0,0,0,1,0,0,0,0,0,0,0,0,1,2.0,3,True,False,False,False,False,2.0,2.19722457733622,6,0,0,1,0,1,0,1,0,0,0,1,0,0,0,0,0,1,0,0,0,0,0,0,0,0,1,0,0,0,0,0,0,0,0,1,0,0,0,0,0,0,0,0,0,0,0,0,0,0,0,0,0,0,0,0,0,0,0,0,0,0,0,0,1,0,0,1,0,0,0,0,1,0,0,0,0,0,0,0,0,0,0,0,1,0,0,0,0,0,0,0,0,0,0,0,0,0,1,0,0,0,0,0,0,0,0,0,0,0,0,1,0,0,0,3533,2938,447,13,195.3,2,1,3.5,0.35,21.0,1,16,15,15,0,0,3,231,1,447,0,0.6230234029095509,1,48,30,12,18,0.5526315789473685
385,385,386,120,43.0,3182,4,2,8,5,2004,2005,16.0,4,3,4,3,1,6,24,1,0,1232,1256,4,1,4,1269,0,0,1269,0,0,2,0,2,1,4,6,7,430,2,146,20,0,0,144,0,0.0,0,0,4,2010,12.165255859329688,0,0,0,1,0,0,0,0,0,0,0,0,1,2.0,4,True,False,False,False,False,3.0,2.079441541679836,6,0,0,1,0,1,0,0,0,1,0,0,1,0,0,0,1,0,1,0,0,0,0,0,0,0,1,0,0,0,0,0,0,0,0,0,0,0,0,0,0,0,0,0,0,0,0,0,0,0,0,0,0,0,0,0,0,0,0,1,0,1,0,0,0,0,0,1,0,0,0,0,1,0,0,0,0,0,0,0,0,0,0,0,0,0,0,0,0,0,1,0,0,0,0,0,0,0,0,0,0,0,0,0,0,1,0,0,1,0,0,1,0,0,0,2525,1293,310,9,181.28571428571428,1,0,2.0,0.2857142857142857,16.0,1,16,6,5,1,1,4,164,1,310,0,0.0190930787589498,1,24,40,12,20,0.502375296912114
386,386,387,50,58.0,8410,4,2,5,3,1910,1996,0.0,3,2,3,3,1,1,0,1,0,658,658,2,1,4,658,526,0,1184,0,0,1,0,5,1,3,8,7,0,0,0,151,0,0,0,0,0.0,0,0,5,2006,11.302216779257382,1,0,0,0,0,0,0,0,0,0,0,0,1,0.0,0,False,False,False,False,False,0.0,0.0,6,0,0,1,0,1,0,0,0,1,0,0,1,0,1,0,0,1,0,0,0,0,0,0,0,0,1,0,0,0,0,0,0,0,0,0,0,0,1,0,0,0,0,0,0,0,0,0,0,0,0,0,0,0,0,0,0,0,0,0,0,0,0,0,0,0,0,0,1,0,0,0,1,0,0,0,0,0,0,0,0,0,0,0,0,0,0,0,0,0,0,1,0,0,0,0,0,0,0,0,0,0,0,0,0,1,0,0,0,0,0,1,0,0,0,1842,1184,151,14,131.55555555555554,2,1,1.0,0.1111111111111111,5.0,1,9,96,10,1,1,1,151,1,151,0,0.0,0,18,15,6,13,0.6424308193163321
387,387,388,80,72.0,7200,4,2,6,6,1976,1976,255.0,3,3,3,3,3,5,631,1,0,410,1041,4,1,4,1125,0,0,1125,1,0,1,0,3,1,3,6,7,352,2,296,0,0,0,0,0,1.0,0,0,10,2009,11.736077016252436,0,0,0,0,0,0,0,0,0,0,0,0,1,2.0,2,False,False,False,False,True,2.0,1.3862943611198906,6,0,0,1,0,1,0,0,0,1,0,0,1,0,0,0,1,0,1,0,0,0,0,0,0,0,1,0,0,0,0,0,0,0,0,0,0,0,1,0,0,0,0,0,0,0,0,0,0,0,0,0,0,0,0,0,0,0,0,0,0,0,0,0,0,0,1,0,0,1,0,0,1,0,0,0,0,0,0,0,0,0,0,0,0,0,1,0,0,0,0,0,0,0,0,0,0,0,0,0,1,0,0,0,0,0,0,0,1,0,1,0,0,0,0,2166,1756,296,10,160.71428571428572,1,0,2.0,0.2857142857142857,12.0,1,9,33,33,0,0,2,0,0,296,0,0.6055662188099808,1,36,36,9,16,0.5191508998615597
388,388,389,20,93.0,9382,4,2,7,5,1999,2000,125.0,4,3,4,3,1,1,0,1,0,1468,1468,4,1,4,1479,0,0,1479,0,0,2,0,3,1,4,6,7,577,2,120,25,0,0,0,0,0.0,0,0,7,2008,12.160033942617156,0,0,0,1,0,0,0,0,0,0,0,0,1,2.0,3,True,False,False,False,False,0.0,0.0,6,0,0,1,0,1,0,0,0,0,0,0,1,1,0,0,0,0,1,0,0,0,0,0,0,0,1,0,0,0,0,0,0,0,0,0,1,0,0,0,0,0,0,0,0,0,0,0,0,0,0,0,0,0,0,0,0,0,0,0,0,1,0,0,0,0,0,1,0,0,0,0,1,0,0,0,0,0,0,0,0,0,0,0,0,0,0,0,0,0,1,0,0,0,0,0,0,0,0,0,0,0,0,0,0,1,0,0,1,0,0,1,0,0,0,2947,1479,145,10,211.28571428571428,1,0,2.0,0.2857142857142857,14.0,1,16,9,8,1,1,4,25,1,145,0,0.0,0,24,35,12,19,0.501696065128901
389,389,390,60,96.0,12474,4,2,10,5,2007,2008,272.0,5,3,5,3,3,6,1280,1,0,402,1682,4,1,4,1742,590,0,2332,1,0,2,1,3,1,5,9,7,846,2,196,134,0,0,0,0,0.0,0,0,8,2008,12.962196972666591,0,0,0,0,1,0,0,0,0,0,1,0,0,2.0,4,False,False,True,False,False,5.0,3.4657359027997265,6,0,0,1,0,1,0,0,0,1,0,0,1,0,0,0,1,0,1,0,0,0,0,0,0,0,1,0,0,0,0,0,0,0,0,0,0,0,0,0,0,0,0,0,0,0,0,1,0,0,0,0,0,0,0,0,0,0,0,0,0,0,0,0,1,0,0,1,0,0,0,0,1,0,0,0,0,0,0,0,0,0,0,0,0,0,0,0,0,0,1,0,0,0,0,0,0,0,0,0,0,0,0,0,0,1,0,0,0,1,0,1,0,0,0,4014,3612,330,13,233.2,2,1,3.5,0.35,35.0,1,25,1,0,1,1,4,134,1,330,0,0.7605466428995841,1,60,50,15,24,0.5808219178082191
390,390,391,50,50.0,8405,4,2,5,8,1900,1950,0.0,3,3,3,4,1,3,241,4,391,229,861,4,1,4,961,406,0,1367,1,0,1,0,4,1,3,7,7,384,2,0,130,112,0,0,0,2.0,0,0,4,2008,11.686887175419702,0,0,0,1,0,0,0,0,0,0,0,0,1,2.0,2,False,False,False,False,True,0.0,0.0,6,0,0,1,0,1,0,0,0,1,0,0,1,0,0,0,1,0,1,0,0,0,0,0,0,0,1,0,0,0,0,0,0,0,0,0,0,0,1,0,0,0,0,0,0,0,0,0,0,0,0,0,0,0,0,0,0,0,0,0,0,0,0,0,0,0,0,1,0,0,0,0,1,0,0,0,0,0,0,0,0,0,0,0,0,0,1,0,0,0,0,0,0,0,0,0,0,0,0,0,1,0,0,0,0,0,0,0,0,0,0,0,0,0,0,2228,1999,242,12,170.875,2,1,2.0,0.25,10.0,1,9,108,58,1,0,1,242,1,242,0,0.7331786542923434,1,24,40,9,15,0.6132794975325258
391,391,392,60,71.0,12209,4,2,6,5,2001,2002,0.0,3,3,5,3,1,5,690,1,0,114,804,4,1,4,804,1157,0,1961,1,0,2,1,3,1,4,7,7,560,2,125,192,0,0,0,0,0.0,0,0,6,2009,12.278397958261774,0,0,0,1,0,0,0,0,0,0,0,0,1,2.0,4,False,False,True,False,False,3.0,2.079441541679836,6,0,0,1,0,1,0,0,0,0,0,0,1,1,0,0,0,0,1,0,0,0,0,0,0,0,1,0,0,0,0,0,0,0,0,0,0,0,0,0,0,0,1,0,0,0,0,0,0,0,0,0,0,0,0,0,0,0,0,0,0,0,0,0,1,0,0,1,0,0,0,0,1,0,0,0,0,0,0,0,0,0,0,0,0,0,0,0,0,0,1,0,0,0,0,0,0,0,0,0,0,0,0,0,0,1,0,0,0,0,0,1,0,0,0,2765,2651,317,11,245.125,2,1,3.5,0.4375,21.0,1,16,8,7,1,1,4,192,1,317,0,0.8571428571428571,1,30,30,9,17,0.7089660159074476
392,392,393,20,0.0,8339,4,2,5,7,1959,1959,0.0,3,3,0,0,0,0,0,0,0,0,0,2,1,4,882,0,0,882,0,0,1,0,3,1,3,5,7,294,2,0,0,0,0,0,0,2.0,1,1200,7,2007,11.575909653758895,0,0,0,1,0,0,0,0,0,0,0,0,1,2.0,2,True,False,False,False,False,0.0,0.0,6,0,0,1,0,1,0,0,0,0,0,0,1,0,0,0,1,0,1,0,0,0,0,0,0,0,1,0,0,0,0,0,0,0,0,0,0,0,0,0,0,0,0,1,0,0,0,0,0,0,0,0,0,0,0,0,0,0,0,0,0,1,0,0,0,0,0,1,0,0,0,0,1,0,0,0,0,0,0,0,0,0,0,0,0,0,1,0,0,0,0,0,0,0,0,0,0,0,0,0,1,0,0,0,0,0,0,0,0,0,0,0,1,0,0,882,882,0,9,147.0,1,0,1.0,0.1666666666666666,5.0,1,9,48,48,0,0,2,0,0,0,0,0.0,0,0,35,9,13,0.9988674971687428
393,393,394,30,0.0,7446,4,2,4,5,1941,1950,0.0,3,3,3,3,1,3,266,1,0,522,788,2,1,3,788,0,0,788,0,0,1,0,2,1,3,4,7,0,2,0,0,0,0,0,0,1.0,0,0,4,2006,11.51293546492023,0,0,0,0,0,0,0,0,0,0,0,0,1,0.0,0,False,False,False,False,False,3.0,3.295836866004329,6,0,0,1,0,1,0,0,0,1,0,0,1,0,0,0,0,1,0,0,0,0,0,0,0,0,1,0,0,0,0,0,0,0,1,0,0,0,0,0,0,0,0,0,0,0,0,0,0,0,0,0,0,0,0,0,0,0,0,0,0,1,0,0,0,0,0,1,0,0,0,0,1,0,0,0,0,0,0,0,0,0,0,0,0,0,0,0,0,0,0,0,1,0,0,0,0,0,0,0,0,0,0,0,0,0,0,1,0,0,1,0,0,0,0,1576,1054,0,7,157.6,1,0,1.0,0.2,4.0,1,9,65,56,1,0,1,0,0,0,0,0.3371356147021546,1,18,20,9,12,0.4996829422954977
394,394,395,50,60.0,10134,4,2,5,6,1940,1950,0.0,3,3,3,3,1,1,0,1,0,735,735,3,1,3,735,299,0,1034,0,0,1,0,2,1,3,5,7,240,2,0,39,0,0,0,0,0.0,0,0,7,2007,11.599112335481124,0,0,0,1,0,0,0,0,0,0,0,0,1,2.0,1,False,False,False,False,True,0.0,0.0,6,0,0,1,0,1,0,0,0,1,0,0,1,0,0,0,1,0,1,0,0,0,0,0,0,0,1,0,0,0,0,0,0,0,0,0,0,0,0,0,0,0,0,0,0,0,0,0,1,0,0,0,0,0,0,0,0,0,0,0,0,0,0,0,0,0,0,1,0,0,0,0,1,0,0,0,0,0,0,0,0,0,0,0,0,0,1,0,0,0,0,0,0,0,0,0,0,0,0,0,1,0,0,0,0,0,0,0,0,0,1,0,0,0,0,1769,1034,39,8,172.33333333333334,2,1,1.0,0.1666666666666666,5.0,1,9,67,57,1,0,1,39,1,39,0,0.0,0,18,30,9,14,0.584180790960452
395,395,396,20,68.0,9571,4,2,5,6,1956,1956,0.0,3,3,3,3,3,4,739,1,0,405,1144,2,1,4,1144,0,0,1144,1,0,1,0,3,1,3,6,7,596,2,44,0,0,0,0,0,0.0,0,0,6,2010,11.767575435251748,0,0,0,1,0,0,0,0,0,0,0,0,1,2.0,2,True,False,False,False,False,0.0,0.0,6,0,0,1,0,1,0,0,0,1,0,0,1,0,0,0,1,0,1,0,0,0,0,0,0,0,1,0,0,0,0,0,0,0,0,0,0,0,1,0,0,0,0,0,0,0,0,0,0,0,0,0,0,0,0,0,0,0,0,0,0,1,0,0,0,0,0,1,0,0,0,0,1,0,0,0,0,0,0,0,0,0,0,0,0,0,0,0,0,0,0,1,0,0,0,0,0,0,0,0,0,0,0,0,0,0,1,0,0,0,1,0,0,0,0,2288,1883,44,10,163.42857142857142,1,0,2.0,0.2857142857142857,10.0,1,9,54,54,0,0,2,0,0,44,0,0.645414847161572,1,36,30,9,13,0.4997815640017475
396,396,397,20,60.0,7200,4,2,5,5,1972,1972,0.0,3,3,3,3,3,3,777,1,0,117,894,2,1,4,894,0,0,894,0,0,1,0,2,1,3,6,7,600,2,215,0,0,0,0,0,0.0,0,0,9,2009,11.719947764402807,0,0,0,1,0,0,0,0,0,0,0,0,1,2.0,3,False,False,False,False,True,0.0,0.0,6,0,0,1,0,1,0,0,0,1,0,1,0,0,0,0,1,0,1,0,0,0,0,0,0,0,1,0,0,0,0,0,0,0,0,0,1,0,0,0,0,0,0,0,0,0,0,0,0,0,0,0,0,0,0,0,0,0,0,0,0,1,0,0,0,0,0,0,0,1,0,0,1,0,0,0,0,0,0,0,0,0,0,0,0,0,1,0,0,0,0,0,0,0,0,0,0,0,0,0,1,0,0,0,0,0,0,0,0,0,1,0,0,0,0,1788,1671,215,9,127.71428571428572,1,0,1.0,0.1428571428571428,5.0,1,9,37,37,0,0,2,0,0,215,0,0.8681564245810056,1,36,25,9,13,0.499720514253773
397,397,398,60,69.0,7590,4,2,5,5,1962,1962,288.0,3,3,3,3,1,5,540,1,0,324,864,2,1,4,876,936,0,1812,0,0,2,0,4,1,3,8,7,264,2,0,168,0,0,0,0,0.0,0,0,7,2007,12.040614105490253,0,0,0,1,0,0,0,0,0,0,0,0,1,2.0,2,True,False,False,False,False,3.0,2.079441541679836,6,0,0,1,0,1,0,0,0,1,0,0,1,0,0,0,1,0,0,0,1,0,0,0,0,0,1,0,0,0,0,0,0,0,0,0,0,0,0,0,0,0,0,1,0,0,0,0,0,0,0,0,0,0,0,0,0,0,0,0,0,0,0,0,1,0,0,1,0,0,0,0,1,0,0,0,0,0,0,0,0,0,0,0,0,0,0,0,0,0,1,0,0,0,0,0,0,0,0,0,0,0,0,0,0,1,0,0,1,0,1,0,0,0,0,2676,2352,168,13,201.33333333333331,2,1,2.0,0.2222222222222222,10.0,1,9,45,45,0,0,2,168,1,168,0,0.6242774566473989,1,18,25,9,13,0.6768771012327232
398,398,399,30,60.0,8967,4,2,5,2,1920,1950,0.0,3,2,2,1,1,1,0,1,0,961,961,3,1,2,1077,0,0,1077,0,0,1,0,2,1,3,6,2,338,0,0,0,0,0,0,0,0.0,0,0,11,2007,11.112462823634855,0,0,0,0,0,0,0,0,0,0,0,0,1,1.0,1,False,False,False,False,True,0.0,0.0,6,0,0,0,1,1,0,0,0,1,0,0,1,0,0,0,0,0,1,0,0,0,0,0,0,0,1,0,0,0,0,0,0,0,0,0,0,0,0,0,1,0,0,0,0,0,0,0,0,0,0,0,0,0,0,0,0,0,0,0,0,1,0,0,0,0,0,1,0,0,0,0,1,0,0,0,0,0,0,0,0,0,0,0,0,0,1,0,0,0,0,0,0,0,0,0,0,0,0,0,1,0,0,0,0,0,0,0,0,0,0,0,0,0,0,2038,1077,0,9,153.85714285714286,1,0,1.0,0.1428571428571428,5.0,1,9,87,57,1,0,1,0,0,0,0,0.0,0,4,10,6,14,0.5282000980872977
399,399,400,60,65.0,8125,4,2,7,5,2006,2007,100.0,4,3,4,3,1,6,812,1,0,280,1092,4,1,4,1112,438,0,1550,1,0,2,0,2,1,4,7,7,438,2,0,168,0,0,0,0,0.0,0,0,10,2009,12.392556361841775,0,0,0,1,0,0,0,0,0,0,0,0,1,2.0,4,True,False,False,False,False,0.0,0.0,6,1,0,0,0,1,0,0,0,1,0,0,1,0,0,0,1,0,1,0,0,0,0,0,0,0,1,0,0,0,0,0,0,0,0,0,0,0,0,0,0,0,0,0,0,0,0,0,0,0,0,0,1,0,0,0,0,0,0,0,0,0,0,0,1,0,0,1,0,0,0,0,1,0,0,0,0,0,0,0,0,0,0,1,0,0,0,0,0,0,0,0,0,0,0,0,0,1,0,0,0,0,0,0,0,0,0,0,0,1,0,1,0,0,0,2642,2362,168,10,193.75,2,1,3.0,0.375,21.0,1,16,3,2,1,1,4,168,1,168,0,0.7429094236047575,1,24,35,12,19,0.5864547862277715
400,400,401,120,38.0,14963,4,2,8,5,1996,1996,0.0,4,3,4,3,1,6,786,1,0,474,1260,4,1,4,1288,0,0,1288,1,0,1,1,1,1,5,4,7,500,2,120,30,0,0,224,0,0.0,0,0,12,2008,12.411056299528171,0,0,0,1,0,0,0,0,0,0,0,0,1,2.0,3,True,False,False,False,False,4.0,4.394449154672439,6,0,0,1,0,1,0,1,0,0,0,0,1,0,0,0,1,0,1,0,0,0,0,0,0,0,1,0,0,0,0,0,0,0,0,0,0,0,0,0,0,0,0,0,0,0,0,0,0,0,0,0,0,0,0,1,0,0,0,1,0,1,0,0,0,0,0,1,0,0,0,0,1,0,0,0,0,0,0,0,0,1,0,0,0,0,0,0,0,0,0,0,0,0,0,1,0,0,0,0,0,0,0,0,0,0,0,0,0,0,0,1,0,0,0,2548,2074,374,6,257.6,1,0,2.5,0.5,20.0,1,25,12,12,0,0,3,254,1,374,0,0.6233148295003965,1,24,40,12,21,0.5052961945861122
401,401,402,20,65.0,8767,4,2,7,5,2005,2005,0.0,4,3,4,3,3,6,24,1,0,1286,1310,4,1,4,1310,0,0,1310,0,0,2,0,3,1,4,6,7,400,2,0,0,0,0,0,0,0.0,0,0,7,2006,12.013646205940514,0,0,0,0,1,0,0,0,0,0,1,0,0,2.0,4,True,False,False,False,False,4.0,2.772588722239781,6,0,0,1,0,1,0,0,0,0,0,0,1,0,0,0,1,0,1,0,0,0,0,0,0,0,1,0,0,0,0,0,0,0,0,0,1,0,0,0,0,0,0,0,0,0,0,0,0,0,0,0,0,0,0,0,0,0,0,0,0,1,0,0,0,0,0,1,0,0,0,0,1,0,0,0,0,0,0,0,0,0,0,0,0,0,0,0,0,0,1,0,0,0,0,0,0,0,0,0,0,0,0,0,0,1,0,0,0,0,0,1,0,0,0,2620,1334,0,10,187.14285714285717,1,0,2.0,0.2857142857142857,14.0,1,16,1,1,0,1,4,0,0,0,0,0.0183066361556064,1,48,35,12,19,0.4998092331171309
402,402,403,30,60.0,10200,4,2,5,8,1940,1997,0.0,3,3,3,3,1,1,0,1,0,672,672,4,1,4,672,0,0,672,0,0,1,0,2,1,3,4,7,240,0,168,0,0,0,0,0,3.0,0,0,8,2008,11.58989576532275,0,0,0,1,0,0,0,0,0,0,0,0,1,2.0,1,False,False,False,False,True,0.0,0.0,6,0,0,1,0,1,0,0,0,1,0,0,1,0,0,0,1,0,1,0,0,0,0,0,0,0,1,0,0,0,0,0,0,0,0,0,0,0,0,0,0,0,0,0,0,0,0,0,0,0,1,0,0,0,0,0,0,0,0,0,0,1,0,0,0,0,0,1,0,0,0,0,1,0,0,0,0,0,0,0,0,0,0,0,0,0,0,0,0,0,0,1,0,0,0,0,0,0,0,0,0,0,0,0,0,0,1,0,0,0,0,1,0,0,0,1344,672,168,7,134.4,1,0,1.0,0.2,5.0,1,9,68,11,1,0,1,0,0,168,0,0.0,0,18,40,9,15,0.4996282527881041
403,403,404,60,93.0,12090,4,2,8,5,1998,1998,650.0,4,3,4,3,1,1,0,1,0,1141,1141,3,1,4,1165,1098,0,2263,0,0,2,1,4,1,4,10,7,420,2,144,123,0,0,0,0,0.0,0,0,7,2006,12.460718739865236,0,0,0,0,0,0,0,0,0,0,0,0,1,2.0,3,False,False,True,False,False,3.0,2.079441541679836,6,0,0,1,0,1,0,0,0,1,0,0,1,0,0,0,0,0,1,0,0,0,0,0,0,0,1,0,0,0,0,0,0,0,0,0,0,0,0,0,0,0,0,0,0,0,1,0,0,0,0,0,0,0,0,0,0,0,0,0,0,0,0,0,1,0,0,0,0,1,0,0,1,0,0,0,0,0,0,0,0,0,0,0,0,0,0,0,0,0,1,0,0,0,0,0,0,0,0,0,0,0,0,0,0,1,0,0,1,0,0,1,0,0,0,3404,2263,267,15,205.72727272727272,2,1,2.5,0.2272727272727272,20.0,1,16,8,8,0,1,4,123,1,267,0,0.0,0,24,40,12,19,0.664610866372981
404,404,405,60,0.0,10364,4,2,6,5,1995,1996,0.0,3,3,4,3,1,1,0,1,0,806,806,3,1,4,806,766,0,1572,0,0,2,1,3,1,3,7,7,373,2,0,40,0,0,0,0,0.0,0,0,5,2007,12.031725210748633,0,0,0,1,0,0,0,0,0,0,0,0,1,2.0,3,False,False,True,False,False,3.0,2.079441541679836,6,0,0,1,0,1,0,0,0,0,0,0,1,0,0,0,1,0,1,0,0,0,0,0,0,0,1,0,0,0,0,0,0,0,0,0,0,0,0,1,0,0,0,0,0,0,0,0,0,0,0,0,0,0,0,0,0,0,0,0,0,0,0,0,1,0,0,1,0,0,0,0,1,0,0,0,0,0,0,0,0,0,0,0,0,0,1,0,0,0,0,0,0,0,0,0,0,0,0,0,1,0,0,0,0,0,0,0,0,0,0,1,0,0,0,2378,1572,40,11,196.5,2,1,2.5,0.3125,15.0,1,9,12,11,1,0,3,40,1,40,0,0.0,0,24,30,9,15,0.6607818411097099
405,405,406,20,0.0,9991,4,2,4,4,1976,1993,0.0,3,3,3,3,1,4,1116,1,0,165,1281,4,1,4,1620,0,0,1620,1,0,2,0,3,1,3,8,6,490,2,120,78,0,0,0,0,1.0,0,0,6,2009,11.918397239722838,0,0,0,1,0,0,0,0,0,0,0,0,1,2.0,3,True,False,False,False,False,3.0,2.079441541679836,6,0,0,1,0,1,0,0,0,0,0,0,1,0,0,0,0,1,0,0,0,0,0,0,0,0,1,0,0,0,0,0,0,0,0,0,0,0,0,0,0,0,0,0,0,0,0,0,0,0,1,0,0,0,0,0,0,0,0,0,0,1,0,0,0,0,0,1,0,0,0,0,1,0,0,0,0,0,0,0,0,0,0,0,0,0,0,1,0,0,0,0,0,0,0,0,0,0,0,0,0,0,1,0,0,0,0,0,0,0,1,0,0,0,0,2901,2736,198,12,180.0,1,0,3.0,0.3333333333333333,12.0,1,9,33,16,1,0,2,78,1,198,0,0.8705148205928237,1,18,16,9,14,0.5582356995175741
406,406,407,50,51.0,10480,4,2,6,5,1936,1950,0.0,3,3,3,3,1,1,0,1,0,1064,1064,4,1,3,1166,0,473,1639,0,0,1,0,3,1,3,6,2,240,2,0,0,0,0,0,0,0.0,0,0,3,2008,11.652696102959752,0,0,0,1,0,0,0,0,0,0,0,0,1,2.0,1,False,False,False,False,True,0.0,0.0,6,0,0,1,0,1,0,0,0,1,0,0,1,0,0,0,1,0,1,0,0,0,0,0,0,0,1,0,0,0,0,0,0,0,0,0,0,0,0,0,0,0,0,0,0,0,0,0,0,1,0,0,0,0,0,0,0,0,0,0,0,0,0,0,0,0,0,1,0,0,0,0,1,0,0,0,0,0,0,0,0,0,0,0,0,0,1,0,0,0,0,0,0,0,0,0,0,0,0,0,1,0,0,0,0,0,0,0,0,0,0,0,0,0,0,2230,1166,0,10,234.14285714285717,1,0,1.0,0.1428571428571428,6.0,1,9,72,58,1,0,1,0,0,0,0,0.0,0,18,30,9,16,0.734648139847602
407,407,408,70,63.0,15576,4,2,6,7,1915,1976,0.0,3,3,4,3,1,1,0,1,0,840,840,4,1,4,840,840,0,1680,0,0,2,0,4,1,3,8,7,308,2,0,0,160,0,0,0,0.0,0,0,3,2008,12.08391066125752,0,0,0,1,0,0,0,0,0,0,0,0,1,2.0,2,True,False,False,False,False,0.0,0.0,6,0,0,1,0,1,0,0,0,1,0,0,1,0,0,0,1,0,1,0,0,0,0,0,0,0,1,0,0,0,0,0,0,0,0,0,0,1,0,0,0,0,0,0,0,0,0,0,0,0,0,0,0,0,0,0,0,0,0,0,0,0,0,0,1,0,0,1,0,0,0,0,1,0,0,0,0,0,0,0,0,0,0,0,0,0,0,0,0,0,0,1,0,0,0,0,0,0,0,0,0,0,1,0,0,0,0,0,0,0,0,0,0,0,0,2520,1680,160,13,186.66666666666663,2,1,2.0,0.2222222222222222,12.0,1,9,93,32,1,0,1,160,1,160,0,0.0,0,24,42,9,16,0.6664022213407378
408,408,409,60,109.0,14154,4,2,7,5,2006,2006,350.0,4,3,5,4,1,1,0,1,0,1063,1063,4,1,4,1071,1101,0,2172,0,0,2,1,3,1,4,9,7,947,2,192,62,0,0,0,0,0.0,0,0,8,2007,12.54254845357358,0,0,0,0,1,0,0,0,0,0,1,0,0,2.0,4,True,False,False,False,False,4.0,2.772588722239781,6,0,0,1,0,1,0,0,0,1,0,0,1,0,0,0,0,0,1,0,0,0,0,0,0,0,1,0,0,0,0,0,0,0,0,0,0,0,0,0,0,0,0,0,0,0,0,1,0,0,0,0,0,0,0,0,0,0,0,0,0,0,0,0,1,0,0,1,0,0,0,0,1,0,0,0,0,0,0,0,0,0,0,0,0,0,0,0,0,0,1,0,0,0,0,0,0,0,0,0,0,0,0,0,0,1,0,0,1,0,0,1,0,0,0,3235,2172,254,13,217.2,2,1,2.5,0.25,17.5,1,16,1,1,0,1,4,62,1,254,0,0.0,0,40,35,12,19,0.6711990111248455
409,409,410,60,85.0,10800,4,2,8,5,2007,2008,100.0,4,3,5,3,1,6,789,1,0,245,1034,4,1,4,1050,1028,0,2078,1,0,2,1,3,1,5,8,7,836,2,0,102,0,0,0,0,0.0,0,0,4,2008,12.73596827534975,0,0,0,0,1,0,0,0,0,0,1,0,0,2.0,4,True,False,False,False,False,4.0,2.772588722239781,6,1,0,0,0,1,0,0,0,1,0,0,1,0,0,0,1,0,1,0,0,0,0,0,0,0,1,0,0,0,0,0,0,0,0,0,0,0,0,0,0,0,0,0,0,0,0,0,0,0,0,0,1,0,0,0,0,0,0,0,0,0,0,0,1,0,0,1,0,0,0,0,1,0,0,0,0,0,0,0,0,0,0,0,0,0,0,0,0,0,1,0,0,0,0,0,0,0,0,0,0,0,0,0,0,1,0,0,0,1,0,1,0,0,0,3112,2867,102,12,230.88888888888889,2,1,3.5,0.3888888888888889,28.0,1,25,1,0,1,1,4,102,1,102,0,0.7623188405797101,1,30,40,12,21,0.6675232894314166
410,410,411,20,68.0,9571,4,2,5,3,1958,1958,0.0,3,2,3,2,1,1,0,1,0,1276,1276,2,1,3,1276,0,0,1276,0,0,1,0,3,1,3,5,4,350,2,0,0,0,0,0,0,0.0,0,0,6,2009,11.002116507732016,0,0,0,0,0,0,0,0,0,0,0,0,0,2.0,2,True,False,False,False,False,0.0,0.0,6,0,0,1,0,1,0,0,0,1,0,0,1,0,0,0,1,0,1,0,0,0,0,0,0,0,1,0,0,0,0,0,0,0,0,0,0,0,1,0,0,0,0,0,0,0,0,0,0,0,0,0,0,0,0,0,0,0,0,0,0,1,0,0,0,0,0,1,0,0,0,0,1,0,0,0,0,0,0,0,1,0,0,0,0,0,0,0,0,0,0,0,0,0,1,0,0,0,0,0,0,0,0,0,0,0,0,0,0,0,1,0,0,0,0,2552,1276,0,9,212.66666666666663,1,0,1.0,0.1666666666666666,5.0,1,9,51,51,0,0,2,0,0,0,0,0.0,0,12,15,6,13,0.499804151978065
411,411,412,190,100.0,34650,4,2,5,5,1955,1955,0.0,3,3,3,3,2,3,1056,1,0,0,1056,2,0,4,1056,0,0,1056,1,0,1,0,3,1,3,5,7,572,2,264,0,0,0,0,0,0.0,0,0,1,2006,11.884495917930655,0,0,0,1,0,0,0,0,0,0,0,0,1,2.0,2,True,False,False,False,False,0.0,0.0,6,0,0,1,0,1,0,0,0,1,0,0,0,0,0,0,1,0,1,0,0,0,0,0,0,0,1,0,0,0,0,0,0,0,0,0,0,0,0,1,0,0,0,0,0,0,0,0,0,0,0,0,0,0,0,0,1,0,0,0,0,1,0,0,0,0,0,0,0,1,0,0,1,0,0,0,0,0,0,0,0,0,0,0,0,0,0,0,0,0,0,1,0,0,0,0,0,0,0,0,0,0,0,0,0,0,1,0,0,0,1,0,0,0,0,2112,2112,264,9,176.0,1,0,2.0,0.3333333333333333,10.0,1,9,51,51,0,0,2,0,0,264,0,0.999053926206244,1,27,25,9,13,0.4997633696166588
412,412,413,20,0.0,4403,4,2,7,5,2009,2009,432.0,5,3,5,3,3,6,578,1,0,892,1470,4,1,4,1478,0,0,1478,1,0,2,1,2,1,4,7,7,484,2,0,144,0,0,0,0,0.0,0,0,6,2010,12.310437165348777,0,0,0,0,1,0,0,0,0,0,1,0,0,2.0,4,True,False,False,False,False,4.0,2.772588722239781,6,1,0,0,0,1,0,1,0,0,0,0,1,0,0,0,1,0,1,0,0,0,0,0,0,0,1,0,0,0,0,0,0,0,0,0,0,0,0,0,0,0,0,0,0,0,0,0,0,0,0,0,1,0,0,0,0,0,0,0,0,1,0,0,0,0,0,1,0,0,0,0,1,0,0,0,0,0,0,0,0,0,0,0,0,0,1,0,0,0,0,0,0,0,0,0,0,0,0,0,1,0,0,0,0,0,0,0,0,1,0,1,0,0,0,2948,2056,144,10,184.75,1,0,3.5,0.4375,24.5,1,16,1,1,0,1,4,144,1,144,0,0.3929299796057104,1,60,35,15,20,0.5011868429976263
413,413,414,30,56.0,8960,4,2,5,6,1927,1950,0.0,3,3,3,3,1,1,0,1,0,1008,1008,3,1,3,1028,0,0,1028,0,0,1,0,2,1,3,5,7,360,2,0,0,130,0,0,0,0.0,0,0,3,2010,11.652696102959752,0,0,0,1,0,0,0,0,0,0,0,0,1,2.0,1,False,False,False,False,True,4.0,2.772588722239781,6,0,0,0,1,1,0,0,0,1,0,0,1,0,0,0,1,0,0,0,0,0,0,0,0,0,1,0,0,0,0,0,0,0,0,0,0,0,0,0,0,0,0,0,0,0,0,0,1,0,0,0,0,0,0,0,0,0,0,0,0,1,0,0,0,0,0,1,0,0,0,0,1,0,0,0,0,0,0,0,0,0,0,0,0,0,0,0,0,0,0,0,1,0,0,0,0,0,0,0,0,0,0,0,0,0,0,1,0,0,1,0,0,0,0,2036,1028,130,8,171.33333333333334,1,0,1.0,0.1666666666666666,5.0,1,9,83,60,1,0,1,130,1,130,0,0.0,0,18,30,9,14,0.5046637211585665
414,414,415,60,59.0,11228,4,2,7,5,1993,1993,0.0,4,3,4,3,1,4,50,6,531,499,1080,4,1,4,1080,1017,0,2097,0,1,2,1,3,1,4,9,7,678,2,196,187,0,0,0,0,0.0,0,0,12,2008,12.337105293891872,0,0,0,1,0,0,0,0,0,0,0,0,1,2.0,3,True,False,False,False,False,3.0,2.079441541679836,6,0,0,1,0,1,0,1,0,0,0,0,1,1,0,0,0,0,1,0,0,0,0,0,0,0,1,0,0,0,0,0,0,0,0,0,0,0,0,0,0,0,0,0,0,0,0,0,0,0,0,1,0,0,0,0,0,0,0,0,0,0,0,0,1,0,0,1,0,0,0,0,1,0,0,0,0,0,0,0,0,0,0,0,0,0,0,0,0,0,1,0,0,0,0,0,0,0,0,0,0,0,0,0,0,1,0,0,0,0,0,1,0,0,0,3177,2678,383,13,209.7,2,1,3.0,0.3,21.0,1,16,15,15,0,0,3,187,1,383,0,0.5374653098982424,1,24,35,12,19,0.6598489616110762
415,415,416,20,73.0,8899,4,2,7,5,2007,2007,0.0,4,3,4,3,3,6,24,1,0,1316,1340,4,1,4,1340,0,0,1340,0,0,2,0,3,1,4,6,7,396,2,100,30,0,0,0,0,0.0,0,0,8,2007,12.106997888588934,0,0,0,0,1,0,0,0,0,0,1,0,0,2.0,4,True,False,False,False,False,0.0,0.0,6,0,0,1,0,1,0,0,0,0,0,0,1,0,0,0,1,0,1,0,0,0,0,0,0,0,1,0,0,0,0,0,0,0,0,0,0,0,0,1,0,0,0,0,0,0,0,0,0,0,0,0,0,0,0,0,0,0,0,0,0,1,0,0,0,0,0,1,0,0,0,0,1,0,0,0,0,0,0,0,0,0,0,0,0,0,0,0,0,0,1,0,0,0,0,0,0,0,0,0,0,0,0,0,0,1,0,0,0,0,0,1,0,0,0,2680,1364,130,10,191.42857142857144,1,0,2.0,0.2857142857142857,14.0,1,16,0,0,0,1,4,30,1,130,0,0.017897091722595,1,48,35,12,19,0.4998135024244685
416,416,417,60,74.0,7844,4,2,6,7,1978,1978,203.0,3,3,3,3,1,5,209,1,0,463,672,2,1,4,672,728,0,1400,0,0,1,1,3,1,3,6,7,440,2,0,0,0,0,0,0,0.0,0,0,3,2006,11.91505836075372,0,0,0,1,0,0,0,0,0,0,0,0,1,2.0,2,True,False,False,False,False,3.0,2.079441541679836,6,0,0,1,0,1,0,0,0,1,0,0,1,0,0,0,1,0,1,0,0,0,0,0,0,0,1,0,0,0,0,0,0,0,0,0,0,0,0,0,0,0,0,0,0,0,0,0,0,0,1,0,0,0,0,0,0,0,0,0,0,0,0,0,1,0,0,0,0,1,0,0,1,0,0,0,0,0,0,0,0,0,0,0,1,0,0,0,0,0,0,0,0,0,0,0,0,0,1,0,0,0,0,0,0,0,0,0,1,0,1,0,0,0,0,2072,1609,0,10,200.0,2,1,1.5,0.2142857142857142,9.0,1,9,28,28,0,0,3,0,0,0,0,0.3105497771173848,1,18,42,9,14,0.6753497346840328
417,417,418,70,86.0,22420,4,2,6,6,1918,1950,0.0,3,3,4,3,1,4,1128,1,0,242,1370,2,0,3,1370,1254,0,2624,1,0,2,1,4,1,3,10,7,864,0,0,0,0,0,0,0,0.0,0,0,11,2007,12.384223015005311,0,0,0,1,0,0,0,0,0,0,0,0,1,2.0,1,False,False,False,False,True,4.0,2.772588722239781,5,0,0,1,0,1,0,0,0,0,0,0,1,0,0,0,1,1,0,0,0,0,0,0,0,0,1,0,0,0,0,0,0,0,0,0,0,1,0,0,0,0,0,0,0,0,0,0,0,0,0,0,0,0,0,0,0,0,0,0,0,0,0,0,1,0,0,0,0,1,0,0,1,0,0,0,0,0,0,0,0,0,0,0,0,0,0,0,0,0,0,1,0,0,0,0,0,0,0,0,0,0,0,0,1,0,0,0,0,0,0,0,0,0,0,3994,3752,0,15,238.54545454545453,2,1,3.5,0.3181818181818182,21.0,1,9,89,57,1,0,1,0,0,0,0,0.8227571115973742,1,24,36,9,14,0.6568210262828535
418,418,419,50,60.0,8160,4,2,5,6,1940,1950,0.0,3,3,3,3,1,5,312,1,0,444,756,1,0,2,756,378,0,1134,1,0,1,1,3,1,3,7,7,240,1,0,0,0,0,0,0,0.0,0,0,4,2007,11.744045122410055,1,0,0,0,0,0,0,0,0,0,0,0,1,2.0,1,False,False,False,False,True,0.0,0.0,6,0,0,1,0,1,0,0,0,1,0,0,1,0,0,0,1,0,1,0,0,0,0,0,0,0,1,0,0,0,0,0,0,0,0,0,0,0,1,0,0,0,0,0,0,0,0,0,0,0,0,0,0,0,0,0,0,0,0,0,0,0,0,0,0,0,0,1,0,0,0,0,1,0,0,0,0,0,0,0,0,0,0,0,0,0,1,0,0,0,0,0,0,0,0,0,0,0,0,0,1,0,0,0,0,0,0,0,0,0,0,0,0,0,0,1890,1446,0,11,141.75,2,1,2.5,0.3125,12.5,1,9,67,57,1,0,1,0,0,0,0,0.4121532364597093,1,18,30,9,12,0.5996827075621365
419,419,420,20,65.0,8450,4,2,5,6,1968,1968,0.0,3,3,3,3,1,4,775,1,0,281,1056,4,1,4,1056,0,0,1056,1,0,1,0,3,1,3,6,7,304,2,0,85,184,0,0,0,0.0,0,0,7,2010,11.863589378812122,0,0,0,1,0,0,0,0,0,0,0,0,1,2.0,2,True,False,False,False,False,2.0,1.3862943611198906,6,0,0,1,0,1,0,0,0,1,0,0,1,0,0,0,1,0,1,0,0,0,0,0,0,0,1,0,0,0,0,0,0,0,0,0,0,0,0,0,0,0,0,1,0,0,0,0,0,0,0,0,0,0,0,0,0,0,0,0,0,1,0,0,0,0,0,1,0,0,0,0,1,0,0,0,0,0,0,0,0,0,0,0,0,0,0,0,0,0,1,0,0,0,0,0,0,0,0,0,0,0,0,0,0,1,0,0,0,0,1,0,0,0,0,2112,1831,269,10,150.85714285714286,1,0,2.0,0.2857142857142857,10.0,1,9,42,42,0,0,2,269,1,269,0,0.7332071901608326,1,18,30,9,15,0.4997633696166588
420,420,421,90,78.0,7060,4,2,7,5,1997,1998,200.0,3,4,4,4,4,6,1309,1,0,35,1344,4,1,4,1344,0,0,1344,2,0,2,0,2,2,3,8,7,784,2,0,0,0,0,0,0,0.0,0,0,11,2008,12.237091546357338,0,1,0,0,0,0,0,0,0,0,0,0,1,2.0,3,True,False,False,False,False,0.0,0.0,6,0,0,0,1,1,0,0,0,1,0,0,1,0,0,0,1,0,1,0,0,0,0,0,0,0,1,0,0,0,0,0,0,0,0,0,0,0,0,0,0,0,1,0,0,0,0,0,0,0,0,0,0,0,0,0,0,1,0,0,0,0,0,0,0,1,0,1,0,0,0,0,1,0,0,0,0,0,0,0,0,0,0,0,0,0,0,0,0,0,1,0,0,0,0,0,0,0,0,0,0,0,0,0,0,1,0,0,1,0,0,1,0,0,0,2688,2653,0,12,149.33333333333334,1,0,4.0,0.4444444444444444,28.0,2,9,11,10,1,1,3,0,0,0,0,0.9732342007434944,1,80,35,12,17,0.4998140572703607
421,421,422,20,0.0,16635,4,2,6,7,1977,2000,126.0,4,3,4,3,1,5,1246,1,0,356,1602,3,1,4,1602,0,0,1602,0,1,2,0,3,1,4,8,7,529,2,240,0,0,0,0,0,0.0,0,0,6,2009,12.278397958261774,0,0,0,1,0,0,0,0,0,0,0,0,1,2.0,2,True,False,False,False,False,3.0,2.079441541679836,6,0,0,1,0,1,0,0,0,0,0,0,1,0,1,0,0,0,1,0,0,0,0,0,0,0,1,0,0,0,0,0,0,0,0,0,0,0,0,0,0,0,0,0,0,1,0,0,0,0,0,0,0,0,0,0,0,0,0,0,0,1,0,0,0,0,0,1,0,0,0,0,1,0,0,0,0,0,0,0,0,0,0,1,0,0,0,0,0,0,0,0,0,0,0,0,0,1,0,0,0,0,0,0,0,0,0,0,0,1,1,0,0,0,0,3204,2848,240,12,178.0,1,0,2.5,0.2777777777777778,15.0,1,16,32,9,1,1,2,0,0,240,0,0.777292576419214,1,24,42,12,17,0.4998439937597504
422,422,423,20,100.0,21750,4,1,5,5,1954,1954,0.0,3,3,3,3,1,1,0,1,0,988,988,4,1,3,988,0,0,988,0,0,1,0,2,1,3,4,7,520,0,0,0,0,0,0,0,0.0,0,0,2,2008,11.635151947212842,0,0,0,1,0,0,0,0,0,0,0,0,1,2.0,2,True,False,False,False,False,0.0,0.0,6,0,0,1,0,1,0,0,0,1,1,0,0,0,0,0,1,0,0,0,0,0,0,0,0,0,1,0,0,0,0,0,0,0,0,0,0,0,0,0,0,0,1,0,0,0,0,0,0,0,0,0,0,0,0,0,0,0,0,0,0,1,0,0,0,0,0,0,0,1,0,0,1,0,0,0,0,0,0,0,0,0,0,0,1,0,0,0,0,0,0,0,0,0,0,0,0,0,1,0,0,0,0,0,0,0,0,0,0,0,1,0,0,0,0,1976,988,0,7,197.6,1,0,1.0,0.2,5.0,1,9,54,54,0,0,2,0,0,0,0,0.0,0,18,25,9,15,0.4997470915528578
423,423,424,60,80.0,9200,4,2,8,5,1998,1998,473.0,4,3,4,3,1,6,986,1,0,484,1470,3,1,4,1470,1160,0,2630,1,0,2,1,4,1,4,8,7,696,2,0,66,0,0,0,0,0.0,0,0,6,2008,12.660331092405906,0,0,0,1,0,0,0,0,0,0,0,0,1,2.0,3,True,False,False,False,False,3.0,2.079441541679836,6,0,0,1,0,1,0,0,0,1,0,0,1,0,0,0,1,0,1,0,0,0,0,0,0,0,1,0,0,0,0,0,0,0,0,0,0,0,0,0,0,0,0,0,0,0,1,0,0,0,0,0,0,0,0,0,0,0,0,0,0,0,0,0,1,0,0,1,0,0,0,0,1,0,0,0,0,0,0,0,0,0,0,0,0,0,0,0,0,0,1,0,0,0,0,0,0,0,0,0,0,0,0,0,0,1,0,0,1,0,0,1,0,0,0,4100,3616,66,13,292.22222222222223,2,1,3.5,0.3888888888888889,28.0,1,16,10,10,0,1,4,66,1,66,0,0.6702923181509177,1,24,40,12,19,0.6413069982930992
424,424,425,20,72.0,9000,4,2,6,5,1956,1956,74.0,3,3,4,3,1,2,616,1,0,580,1196,3,1,3,1196,0,0,1196,1,0,1,0,2,1,3,6,7,297,2,0,44,0,0,0,0,0.0,0,0,5,2008,11.842236406331557,0,0,0,1,0,0,0,0,0,0,0,0,1,2.0,2,True,False,False,False,False,4.0,2.772588722239781,6,0,0,1,0,1,0,0,0,1,0,0,1,0,0,0,1,0,1,0,0,0,0,0,0,0,1,0,0,0,0,0,0,0,0,0,0,0,0,0,0,0,0,1,0,0,0,0,0,0,0,0,0,0,0,0,0,0,0,0,0,1,0,0,0,0,0,1,0,0,0,0,1,0,0,0,0,0,0,0,0,0,0,0,0,0,0,0,0,0,0,1,0,0,0,0,0,0,0,0,0,0,0,0,0,0,1,0,1,0,1,0,0,0,0,2392,1812,44,9,170.85714285714286,1,0,2.0,0.2857142857142857,12.0,1,9,52,52,0,0,2,44,1,44,0,0.5146198830409356,1,24,30,9,15,0.4997910572503134
425,425,426,60,60.0,3378,4,2,7,8,1946,1992,0.0,3,4,3,3,1,1,0,1,0,651,651,3,1,4,707,682,0,1389,0,0,1,1,3,1,3,6,7,240,1,0,0,126,0,0,0,0.0,0,0,9,2009,11.81303746480054,0,0,0,1,0,0,0,0,0,0,0,0,1,2.0,1,False,False,False,False,True,4.0,4.394449154672439,6,0,0,0,1,1,0,0,0,1,1,0,0,0,0,0,1,0,1,0,0,0,0,0,0,0,1,0,0,0,0,0,0,0,0,0,0,0,0,0,0,0,0,0,0,0,0,0,1,0,0,0,0,0,0,0,0,0,0,0,0,0,0,0,1,0,0,1,0,0,0,0,1,0,0,0,0,0,0,0,0,0,0,0,1,0,0,0,0,0,0,0,0,0,0,0,0,0,1,0,0,0,0,0,0,0,0,0,0,0,1,0,0,0,0,2040,1389,126,10,198.42857142857144,2,1,1.5,0.2142857142857142,10.5,1,9,63,17,1,0,1,126,1,126,0,0.0,0,18,56,12,16,0.6805487506124449
426,426,427,80,0.0,12800,4,1,7,5,1989,1989,145.0,4,3,4,3,4,6,1518,1,0,0,1518,3,1,4,1644,0,0,1644,1,1,2,0,2,1,4,5,7,569,2,80,0,0,0,396,0,0.0,0,0,8,2009,12.524530013005734,0,0,0,1,0,0,0,0,0,0,0,0,1,2.0,3,True,False,False,False,False,3.0,2.079441541679836,6,0,0,1,0,1,0,0,0,1,0,1,0,0,0,0,1,0,1,0,0,0,0,0,0,0,1,0,0,0,0,0,0,0,0,0,0,0,0,0,0,0,0,0,0,0,0,0,0,0,0,1,0,0,0,0,0,0,0,0,0,0,0,0,0,0,1,1,0,0,0,0,1,0,0,0,0,0,0,0,0,0,0,0,0,0,0,0,0,0,0,1,0,0,0,0,0,0,0,0,0,0,0,0,0,0,1,0,1,0,0,1,0,0,0,3162,3162,476,8,274.0,1,0,3.5,0.5833333333333334,24.5,1,16,20,20,0,0,3,396,1,476,0,0.999341672152732,1,60,35,12,18,0.5197597217831172
427,427,428,20,77.0,8593,4,2,4,6,1957,1957,0.0,3,3,3,3,1,3,288,1,0,619,907,4,1,4,907,0,0,907,0,0,1,0,3,1,3,5,7,352,2,0,0,0,0,0,0,0.0,0,0,7,2008,11.599185726610004,0,0,0,1,0,0,0,0,0,0,0,0,1,2.0,2,False,False,False,False,True,0.0,0.0,6,0,0,1,0,1,0,0,0,0,0,0,1,0,0,0,1,0,1,0,0,0,0,0,0,0,1,0,0,0,0,0,0,0,0,0,0,0,0,0,0,0,0,1,0,0,0,0,0,0,0,0,0,0,0,0,0,0,0,0,0,1,0,0,0,0,0,0,0,1,0,0,1,0,0,0,0,0,0,0,0,0,0,0,0,0,1,0,0,0,0,0,0,0,0,0,0,0,0,0,1,0,0,0,0,0,0,0,0,0,1,0,0,0,0,1814,1195,0,9,151.16666666666666,1,0,1.0,0.1666666666666666,4.0,1,9,51,51,0,0,2,0,0,0,0,0.3171806167400881,1,18,24,9,14,0.4997245179063361
428,428,429,20,64.0,6762,4,2,7,5,2007,2007,108.0,4,3,4,3,1,6,664,1,0,544,1208,4,1,4,1208,0,0,1208,1,0,2,0,2,1,4,6,7,628,2,105,54,0,0,0,0,0.0,0,0,9,2007,12.182809136284993,0,0,0,0,1,0,0,0,0,0,1,0,0,2.0,4,True,False,False,False,False,0.0,0.0,6,0,0,1,0,1,0,0,0,1,0,0,1,0,0,0,1,0,1,0,0,0,0,0,0,0,1,0,0,0,0,0,0,0,0,0,1,0,0,0,0,0,0,0,0,0,0,0,0,0,0,0,0,0,0,0,0,0,0,0,0,1,0,0,0,0,0,1,0,0,0,0,1,0,0,0,0,0,0,0,0,0,0,0,0,0,0,0,0,0,1,0,0,0,0,0,0,0,0,0,0,0,0,0,0,1,0,0,1,0,0,1,0,0,0,2416,1872,159,9,172.57142857142858,1,0,3.0,0.4285714285714285,21.0,1,16,0,0,0,1,4,54,1,159,0,0.5492142266335814,1,24,35,12,19,0.4997931319817956
429,429,430,20,130.0,11457,4,2,6,5,1988,1988,0.0,3,3,4,3,2,6,1005,1,0,387,1392,2,1,4,1412,0,0,1412,1,0,2,0,3,1,4,6,7,576,2,0,0,169,0,0,0,0.0,0,0,3,2009,12.07254696717504,0,0,0,1,0,0,0,0,0,0,0,0,1,2.0,3,True,False,False,False,False,3.0,2.079441541679836,6,0,0,1,0,1,0,0,0,0,0,0,1,0,0,0,0,0,1,0,0,0,0,0,0,0,1,0,0,0,0,0,0,0,0,0,0,0,0,0,0,0,0,0,0,0,0,0,0,0,0,0,0,0,1,0,0,0,0,0,0,1,0,0,0,0,0,1,0,0,0,0,1,0,0,0,0,0,0,0,0,0,0,0,1,0,0,0,0,0,0,0,0,0,0,0,0,0,1,0,0,0,0,0,0,0,0,0,0,0,1,0,0,0,0,2804,2417,169,10,201.7142857142857,1,0,3.0,0.4285714285714285,18.0,1,16,21,21,0,0,3,169,1,169,0,0.7214644651830582,1,36,30,9,15,0.5033868092691622
430,430,431,160,21.0,1680,4,2,6,5,1971,1971,232.0,3,3,3,3,1,5,387,1,0,96,483,2,1,4,483,504,0,987,0,0,1,1,2,1,3,4,7,264,2,0,0,0,0,0,0,0.0,0,0,7,2008,11.355113089309976,0,0,0,0,0,0,0,0,0,0,0,0,0,2.0,2,False,False,False,False,True,0.0,0.0,6,0,0,0,1,1,0,0,0,1,0,0,1,0,0,0,1,0,1,0,0,0,0,0,0,0,1,0,0,0,0,0,0,1,0,0,0,0,0,0,0,0,0,0,0,0,0,0,0,0,0,0,0,0,0,0,0,0,1,0,0,0,0,0,1,0,0,1,0,0,0,0,1,0,0,0,0,0,0,0,0,0,0,0,1,0,0,0,0,0,0,0,0,0,0,0,0,0,1,0,0,0,0,0,0,0,0,0,1,0,1,0,0,0,0,1470,1374,0,7,197.4,2,1,1.5,0.3,9.0,1,9,37,37,0,0,2,0,0,0,0,0.7995867768595041,1,18,30,9,14,0.6709721278042148
431,431,432,50,60.0,5586,4,2,6,7,1920,1998,0.0,3,3,3,3,1,1,0,1,0,901,901,3,1,4,1088,110,0,1198,0,0,1,0,4,1,3,7,7,0,0,0,98,0,0,0,0,2.0,0,0,9,2008,11.2885436473206,0,0,0,0,0,0,0,1,0,0,0,0,0,0.0,0,False,False,False,False,False,0.0,0.0,6,0,0,0,1,1,0,0,0,0,0,0,0,0,0,0,1,1,0,0,0,0,0,0,0,0,1,0,0,0,0,0,0,0,0,0,0,0,0,0,0,0,0,0,0,0,0,0,1,0,0,0,0,0,0,0,0,0,0,0,0,0,0,0,0,0,0,1,0,0,0,0,1,0,0,0,0,0,0,0,0,0,0,0,0,0,1,0,0,0,0,0,0,0,0,0,0,0,0,0,1,0,0,0,0,0,0,0,0,0,0,0,0,0,0,2099,1198,98,12,149.75,2,1,1.0,0.125,6.0,1,9,88,10,1,1,1,98,1,98,0,0.0,0,18,42,9,15,0.5704761904761905
432,432,433,160,24.0,1920,4,2,5,5,1971,1971,376.0,3,3,3,3,1,5,471,1,0,294,765,4,1,4,765,600,0,1365,1,0,1,1,2,1,3,6,6,440,2,240,36,0,0,0,0,0.0,0,0,8,2007,11.715874472198903,0,0,0,1,0,0,0,0,0,0,0,0,1,2.0,2,False,False,False,False,True,0.0,0.0,6,0,0,0,1,1,0,0,0,1,0,0,1,0,0,0,1,0,1,0,0,0,0,0,0,0,1,0,0,0,0,0,0,1,0,0,0,0,0,0,0,0,0,0,0,0,0,0,0,0,0,0,0,0,0,0,0,0,0,1,0,0,0,0,1,0,0,1,0,0,0,0,1,0,0,0,0,0,0,0,0,0,0,0,1,0,0,0,0,0,0,0,0,0,0,0,0,0,1,0,0,0,0,0,0,0,0,0,1,0,1,0,0,0,0,2130,1836,276,9,195.0,2,1,2.5,0.3571428571428571,12.5,1,9,36,36,0,0,2,36,1,276,0,0.6148825065274152,1,18,25,9,15,0.640544345377757
433,433,434,60,100.0,10839,4,2,6,5,1997,1998,0.0,3,3,4,3,1,1,0,1,0,926,926,4,1,4,926,678,0,1604,0,0,2,1,3,1,3,7,7,470,2,0,36,0,0,0,0,0.0,0,0,7,2008,12.10625783509458,0,0,0,1,0,0,0,0,0,0,0,0,1,2.0,3,True,False,False,False,False,3.0,2.079441541679836,6,0,0,1,0,1,0,0,0,0,0,0,1,0,0,0,0,0,1,0,0,0,0,0,0,0,1,0,0,0,0,0,0,0,0,0,0,0,0,1,0,0,0,0,0,0,0,0,0,0,0,0,0,0,0,0,0,0,0,0,0,0,0,0,1,0,0,1,0,0,0,0,1,0,0,0,0,0,0,0,0,0,0,0,0,0,0,0,0,0,1,0,0,0,0,0,0,0,0,0,0,0,0,0,0,1,0,0,0,0,0,1,0,0,0,2530,1604,36,11,200.5,2,1,2.5,0.3125,15.0,1,9,11,10,1,1,3,36,1,36,0,0.0,0,24,30,9,16,0.6337416041090478
434,434,435,180,21.0,1890,4,2,4,7,1972,1972,0.0,3,4,4,3,3,5,495,1,0,135,630,3,1,4,630,0,0,630,1,0,1,0,1,1,3,3,7,0,2,88,0,0,0,0,0,0.0,0,0,6,2008,11.302216779257382,0,0,0,1,0,0,0,0,0,0,0,0,1,0.0,0,False,False,False,False,False,0.0,0.0,6,0,0,0,1,1,0,0,0,1,0,0,1,0,0,0,1,0,1,0,0,0,0,0,0,0,1,0,0,0,0,0,0,0,0,0,0,0,0,0,0,1,0,0,0,0,0,0,0,0,0,0,0,0,0,0,0,0,1,0,0,0,0,0,0,1,0,1,0,0,0,0,1,0,0,0,0,0,0,0,0,0,0,1,0,0,0,0,0,0,0,0,0,0,0,0,0,1,0,0,0,0,0,0,0,0,0,0,0,0,1,0,0,0,0,1260,1125,88,5,157.5,1,0,2.0,0.5,8.0,1,9,36,36,0,0,2,0,0,88,0,0.7844690966719493,1,48,28,12,13,0.4996034892942109
435,435,436,60,43.0,10667,4,2,7,6,1996,1996,0.0,4,3,4,3,3,6,385,5,344,70,799,4,1,4,827,834,0,1661,1,0,2,1,3,1,4,6,7,550,2,158,61,0,0,0,0,0.0,0,0,4,2009,12.264346270624156,0,0,0,1,0,0,0,0,0,1,0,0,0,2.0,3,True,False,False,False,False,3.0,2.079441541679836,6,0,0,1,0,1,0,1,0,0,0,0,1,1,0,0,0,0,0,0,1,0,0,0,0,0,1,0,0,0,0,0,0,0,0,0,1,0,0,0,0,0,0,0,0,0,0,0,0,0,0,0,0,0,0,0,0,0,0,0,0,0,0,0,1,0,0,1,0,0,0,0,1,0,0,0,0,0,0,0,0,0,0,0,0,0,0,0,0,0,1,0,0,0,0,0,0,0,0,0,0,0,0,0,0,1,0,0,0,0,0,1,0,0,0,2460,2390,219,10,237.28571428571428,2,1,3.5,0.5,24.5,1,16,13,13,0,0,3,61,1,219,0,0.91125,1,48,42,12,19,0.6749288906948395
436,436,437,50,40.0,4400,4,2,6,8,1920,1950,0.0,3,3,2,3,1,1,0,1,0,648,648,2,1,3,734,384,0,1118,0,0,1,0,2,1,3,6,7,440,2,0,0,0,0,0,0,0.0,0,0,10,2006,11.661354090741,0,0,0,1,0,0,0,0,0,0,0,0,1,2.0,3,False,False,False,False,True,0.0,0.0,6,0,0,0,1,1,0,0,0,1,0,0,1,0,0,0,1,0,1,0,0,0,0,0,0,0,1,0,0,0,0,0,0,0,0,0,0,0,0,0,0,0,0,0,0,0,0,0,1,0,0,0,0,0,0,0,0,0,0,0,0,0,0,0,0,0,0,1,0,0,0,0,1,0,0,0,0,0,0,0,0,0,0,0,0,0,0,0,0,1,0,0,0,0,0,0,0,0,0,0,0,0,0,0,1,0,0,0,0,0,0,0,0,0,0,1766,1118,0,9,159.71428571428572,2,1,1.0,0.1428571428571428,6.0,1,9,86,56,1,0,1,0,0,0,0,0.0,0,12,48,9,14,0.6327108092812677
437,437,438,45,50.0,6000,4,2,6,7,1926,2004,0.0,4,3,3,3,1,1,0,1,0,884,884,3,1,4,904,0,0,904,0,0,1,0,2,1,3,4,7,180,2,0,0,105,0,0,0,0.0,0,0,1,2009,11.686887175419702,0,0,0,1,0,0,0,0,0,0,0,0,1,2.0,1,False,False,False,False,True,0.0,0.0,6,0,0,0,1,1,0,0,0,1,0,0,1,0,0,0,1,0,1,0,0,0,0,0,0,0,1,0,0,0,0,0,0,0,1,0,0,0,0,0,0,0,0,0,0,0,0,0,0,0,0,0,0,0,0,0,0,0,0,0,1,0,0,0,0,0,0,1,0,0,0,0,1,0,0,0,0,0,0,0,0,0,0,0,0,0,0,0,0,0,0,1,0,0,0,0,0,0,0,0,0,0,0,0,0,0,1,0,0,0,0,1,0,0,0,1788,904,105,7,180.8,1,0,1.0,0.2,6.0,1,9,83,5,1,1,1,105,1,105,0,0.0,0,18,42,12,16,0.5053102291783119
438,438,439,30,40.0,4280,4,2,5,6,1913,2002,0.0,3,3,3,3,1,2,365,1,0,75,440,2,0,4,694,0,0,694,0,0,1,0,2,1,4,4,7,352,1,0,0,34,0,0,0,2.0,0,0,3,2007,11.411457364027743,0,0,0,1,0,0,0,0,0,0,0,0,1,2.5,3,False,False,False,False,True,4.0,2.772588722239781,6,0,0,1,0,1,0,0,0,1,0,0,1,0,0,0,1,0,1,0,0,0,0,0,0,0,1,0,0,0,0,0,0,0,0,0,0,1,0,0,0,0,0,0,0,0,0,0,0,0,0,0,0,0,0,0,0,0,0,0,0,1,0,0,0,0,0,1,0,0,0,0,1,0,0,0,0,0,0,0,0,0,0,0,0,0,0,0,0,0,0,0,1,0,0,0,0,0,0,0,0,0,0,0,1,0,0,0,0,0,0,1,0,0,0,1134,1059,34,7,138.8,1,0,1.0,0.2,5.0,1,16,94,5,1,1,1,34,1,34,0,0.8276643990929705,1,18,30,9,14,0.6114537444933921
439,439,440,50,67.0,12354,4,2,6,8,1920,2000,0.0,3,3,3,2,2,1,0,1,0,684,684,3,1,4,684,512,0,1196,0,0,1,0,3,1,4,7,7,528,2,0,46,0,0,0,0,3.0,1,800,8,2009,11.60824473564232,0,0,0,1,0,0,0,0,1,0,0,0,0,2.0,4,False,False,False,False,True,0.0,0.0,6,0,0,1,0,1,0,0,0,1,0,0,1,0,0,0,0,0,1,0,0,0,0,0,0,0,1,0,0,0,0,0,0,0,0,0,0,0,1,0,0,0,0,0,0,0,0,0,0,0,0,0,0,0,0,0,0,0,0,0,0,0,0,0,0,0,0,1,0,0,0,0,1,0,0,0,0,0,0,0,0,0,0,0,0,0,0,0,0,0,0,1,0,0,0,0,0,0,0,0,0,0,0,0,0,0,1,0,0,0,0,0,0,0,0,1880,1196,46,11,149.5,2,1,1.0,0.125,6.0,1,16,89,9,1,1,1,46,1,46,0,0.0,0,18,48,9,16,0.6358320042530569
440,440,441,20,105.0,15431,4,2,10,5,2008,2008,200.0,5,3,5,3,4,6,1767,5,539,788,3094,4,1,4,2402,0,0,2402,1,0,2,0,2,1,5,10,7,672,2,0,72,0,0,170,0,0.0,0,0,4,2009,13.22672519452875,0,0,0,1,0,0,0,0,0,0,0,0,1,2.0,4,True,False,False,False,False,4.0,4.394449154672439,6,0,0,1,0,1,0,0,0,1,0,0,1,0,0,0,1,0,1,0,0,0,0,0,0,0,1,0,0,0,0,0,0,0,0,0,0,0,0,0,0,0,0,0,0,0,0,1,0,0,0,0,0,0,0,0,0,0,0,0,0,1,0,0,0,0,0,0,0,1,0,0,1,0,0,0,0,0,0,0,0,0,0,0,0,0,0,0,0,0,1,0,0,0,0,0,0,0,0,0,0,0,0,0,0,1,0,0,0,1,0,1,0,0,0,5496,4708,242,13,218.3636363636364,1,0,3.0,0.2727272727272727,30.0,1,25,1,1,0,1,4,242,1,242,0,0.7450726978998384,1,75,50,15,24,0.4369656176096052
441,441,442,90,92.0,12108,4,2,4,4,1955,1955,270.0,3,3,3,3,1,5,133,1,0,1307,1440,2,0,2,1440,0,0,1440,0,0,2,0,4,2,2,8,7,0,2,0,0,0,0,0,0,0.0,0,0,9,2008,11.678448377988165,0,0,0,1,0,0,0,0,0,0,0,0,1,0.0,0,False,False,False,False,False,0.0,0.0,6,0,0,1,0,1,0,0,0,1,0,0,1,0,0,0,1,0,1,0,0,0,0,0,0,0,1,0,0,0,0,0,0,0,0,0,0,0,1,0,0,0,0,0,0,0,0,0,0,0,0,0,0,0,0,0,0,1,0,0,0,1,0,0,0,0,0,1,0,0,0,0,1,0,0,0,0,0,0,0,0,0,0,0,0,0,0,0,0,0,1,0,0,0,0,0,0,0,0,0,0,0,0,0,0,1,0,0,1,0,1,0,0,0,0,2880,1573,0,14,160.0,1,0,2.0,0.2222222222222222,8.0,2,4,53,53,0,0,2,0,0,0,0,0.0922970159611381,1,18,16,9,11,0.4998264491496008
442,442,443,50,52.0,6240,4,2,5,7,1930,1992,0.0,3,3,3,3,1,1,0,1,0,1078,1078,2,1,4,1128,445,0,1573,0,0,2,0,3,1,3,8,7,360,1,0,0,0,0,0,0,0.0,0,0,6,2008,12.000897933306716,0,0,0,1,0,0,0,0,0,0,0,0,1,2.0,1,False,False,False,False,True,4.0,2.772588722239781,6,0,0,0,1,1,0,0,0,1,0,0,1,0,0,0,1,0,1,0,0,0,0,0,0,0,1,0,0,0,0,0,0,0,1,0,0,0,0,0,0,0,0,0,0,0,0,0,0,0,0,0,0,0,0,0,0,0,0,0,0,0,0,0,0,0,0,1,0,0,0,0,1,0,0,0,0,0,0,0,0,0,0,0,0,0,1,0,0,0,0,0,0,0,0,0,0,0,0,0,1,0,0,0,0,0,0,0,0,0,0,1,0,0,0,2651,1573,0,12,174.77777777777777,2,1,2.0,0.2222222222222222,10.0,1,9,78,16,1,0,1,0,0,0,0,0.0,0,18,35,9,13,0.5931372549019608
443,443,444,120,53.0,3922,4,2,7,5,2006,2007,72.0,4,3,5,3,3,1,0,1,0,1258,1258,4,1,4,1258,0,0,1258,0,0,2,0,2,1,4,6,7,648,2,144,16,0,0,0,0,0.0,0,0,6,2007,12.058158312538197,0,0,0,0,1,0,0,0,0,0,1,0,0,2.0,4,True,False,False,False,False,4.0,2.772588722239781,6,0,0,1,0,1,0,0,0,1,0,0,1,0,0,0,1,0,1,0,0,0,0,0,0,0,1,0,0,0,0,0,0,0,0,0,0,0,0,0,0,0,0,0,0,0,0,0,0,0,0,0,0,0,0,0,0,0,0,1,0,1,0,0,0,0,0,1,0,0,0,0,1,0,0,0,0,0,0,0,0,0,0,0,0,0,0,0,0,0,0,0,1,0,0,0,0,0,0,0,0,0,0,0,0,0,0,1,1,0,0,1,0,0,0,2516,1258,160,9,179.71428571428572,1,0,2.0,0.2857142857142857,14.0,1,16,1,0,1,1,4,16,1,160,0,0.0,0,60,35,12,19,0.4998013508144616
444,444,445,60,70.0,8750,4,2,7,5,1994,1995,0.0,4,4,4,3,1,6,642,1,0,273,915,4,1,4,933,975,0,1908,1,0,2,1,4,1,4,8,7,493,2,144,133,0,0,0,0,0.0,0,0,7,2008,12.25486757159303,0,0,0,1,0,0,0,0,0,0,0,0,1,2.0,3,True,False,False,False,False,3.0,2.079441541679836,6,0,0,1,0,1,0,0,0,1,0,0,1,0,0,0,1,0,1,0,0,0,0,0,0,0,1,0,0,0,0,0,0,0,0,0,1,0,0,0,0,0,0,0,0,0,0,0,0,0,0,0,0,0,0,0,0,0,0,0,0,0,0,0,1,0,0,1,0,0,0,0,1,0,0,0,0,0,0,0,0,0,0,0,0,0,0,0,0,0,1,0,0,0,0,0,0,0,0,0,0,0,0,0,0,1,0,0,0,0,0,1,0,0,0,2823,2550,277,13,212.0,2,1,3.5,0.3888888888888889,24.5,1,16,14,13,1,0,3,133,1,277,0,0.7008733624454149,1,24,35,16,19,0.6756373937677054
445,445,446,20,73.0,9855,4,2,6,5,1956,1956,0.0,3,3,3,3,1,1,0,1,0,1436,1436,1,1,4,1689,0,0,1689,0,0,1,0,3,1,3,7,7,480,2,0,0,0,0,0,0,2.0,0,0,11,2009,11.755879486687116,0,0,0,1,0,0,0,0,0,0,0,0,0,2.0,2,True,False,False,False,False,4.0,2.772588722239781,6,0,0,1,0,1,0,0,0,1,0,0,1,0,0,0,0,0,1,0,0,0,0,0,0,0,1,0,0,0,0,0,0,0,0,0,0,0,1,0,0,0,0,0,0,0,0,0,0,0,0,0,0,0,0,0,0,0,0,0,0,1,0,0,0,0,0,0,0,1,0,0,1,0,0,0,0,0,0,0,0,0,0,0,0,0,0,0,0,0,0,1,0,0,0,0,0,0,0,0,0,0,0,0,0,0,1,0,0,0,1,0,0,0,0,3125,1689,0,11,211.125,1,0,1.0,0.125,6.0,1,9,53,53,0,0,2,0,0,0,0,0.0,0,18,30,9,13,0.5403071017274472
446,446,447,20,137.0,16492,4,2,6,6,1966,2002,0.0,4,3,3,3,1,5,247,3,713,557,1517,4,1,4,1888,0,0,1888,0,0,2,1,2,1,4,6,4,578,2,0,0,0,0,0,0,0.0,0,0,6,2010,12.154784614286667,0,0,0,1,0,0,0,0,0,0,0,0,1,2.0,2,True,False,False,False,False,4.0,2.772588722239781,6,0,0,1,0,1,0,0,0,0,0,0,1,0,0,0,0,0,0,1,0,0,0,0,0,0,1,0,0,0,0,0,0,0,0,0,0,0,0,0,0,0,0,1,0,0,0,0,0,0,0,0,0,0,0,0,0,0,0,0,0,1,0,0,0,0,0,1,0,0,0,0,1,0,0,0,0,0,0,0,0,1,0,0,0,0,0,0,0,0,0,0,0,0,0,0,0,0,0,0,0,0,1,0,0,0,0,0,0,0,1,0,0,0,0,3405,2848,0,9,269.7142857142857,1,0,2.5,0.3571428571428571,15.0,1,16,44,8,1,1,2,0,0,0,0,0.6324110671936759,1,18,36,12,18,0.5543159130945391
447,447,448,60,0.0,11214,4,2,7,5,1998,1999,0.0,4,3,4,3,1,1,0,1,0,930,930,3,1,4,956,930,0,1886,0,0,2,1,4,1,4,10,7,431,2,89,0,0,0,0,0,0.0,0,0,7,2006,12.20557752297723,0,0,0,1,0,0,0,0,0,0,0,0,1,2.0,3,True,False,False,False,False,3.0,2.079441541679836,6,0,0,1,0,1,0,0,0,0,0,0,1,0,0,0,0,0,1,0,0,0,0,0,0,0,1,0,0,0,0,0,0,0,0,0,0,0,0,1,0,0,0,0,0,0,0,0,0,0,0,0,0,0,0,0,0,0,0,0,0,0,0,0,1,0,0,1,0,0,0,0,1,0,0,0,0,0,0,0,0,0,0,0,0,0,0,0,0,0,1,0,0,0,0,0,0,0,0,0,0,0,0,0,0,1,0,0,0,0,0,1,0,0,0,2816,1886,89,15,171.45454545454547,2,1,2.5,0.2272727272727272,17.5,1,16,8,7,1,1,4,0,0,89,0,0.0,0,24,35,12,18,0.6695065672701456
448,448,449,50,50.0,8600,4,2,6,6,1937,1950,0.0,3,3,3,3,1,1,0,1,0,780,780,2,1,4,780,596,0,1376,0,0,2,0,3,1,3,7,7,198,0,0,0,0,0,0,0,0.0,0,0,6,2006,11.691080018519528,0,0,0,1,0,0,0,0,0,0,0,0,1,2.0,1,False,False,False,False,True,4.0,2.772588722239781,6,0,0,0,1,1,0,0,0,1,0,0,0,0,0,0,1,0,1,0,0,0,0,0,0,0,1,0,0,0,0,0,0,0,0,0,0,0,0,0,1,0,0,0,0,0,0,0,0,0,0,0,0,0,0,0,0,0,0,0,0,0,0,0,0,0,0,1,0,0,0,0,1,0,0,0,0,0,0,0,0,0,0,0,0,0,1,0,0,0,0,0,0,0,0,0,0,0,0,0,1,0,0,0,0,0,0,0,0,0,0,0,0,0,0,2156,1376,0,11,172.0,2,1,2.0,0.25,12.0,1,9,69,56,1,0,1,0,0,0,0,0.0,0,18,36,9,14,0.6379230412610106
449,449,450,50,50.0,6000,4,2,3,7,1948,2002,0.0,3,4,3,3,1,5,331,1,0,318,649,4,1,4,679,504,0,1183,0,0,1,1,2,1,3,6,7,308,2,0,176,0,0,0,0,0.0,0,0,6,2007,11.695255355062796,0,0,0,1,0,0,0,0,0,0,0,0,1,2.0,3,False,False,False,False,True,0.0,0.0,6,0,0,0,1,1,0,0,0,1,0,0,1,0,0,0,1,0,1,0,0,0,0,0,0,0,1,0,0,0,0,0,0,0,0,0,0,0,0,0,0,0,0,0,0,0,0,0,1,0,0,0,0,0,0,0,0,0,0,0,0,0,0,0,0,0,0,1,0,0,0,0,1,0,0,0,0,0,0,0,0,0,0,0,0,0,1,0,0,0,0,0,0,0,0,0,0,0,0,0,1,0,0,0,0,0,0,0,0,0,1,0,0,0,0,1832,1514,176,9,169.0,2,1,1.5,0.2142857142857142,4.5,1,9,59,5,1,1,2,176,1,176,0,0.5092307692307693,1,18,21,12,13,0.6453900709219859
450,450,451,30,70.0,5684,4,2,6,8,1930,2005,0.0,3,3,3,3,1,1,0,1,0,813,813,4,1,3,813,0,0,813,0,0,1,0,2,1,4,5,7,270,0,0,113,0,0,0,0,0.0,0,0,6,2006,11.60824473564232,0,0,0,1,0,0,0,0,0,0,0,0,1,2.0,1,False,False,False,False,True,0.0,0.0,6,0,0,0,1,1,0,0,0,1,0,0,1,0,0,0,1,0,1,0,0,0,0,0,0,0,1,0,0,0,0,0,0,0,0,0,0,0,0,0,0,0,0,0,0,0,0,0,1,0,0,0,0,0,0,0,0,0,0,0,0,1,0,0,0,0,0,0,0,1,0,0,1,0,0,0,0,0,0,0,0,0,0,0,0,0,0,0,0,0,0,1,0,0,0,0,0,0,0,0,0,0,0,0,0,0,1,0,0,0,0,0,0,0,0,1626,813,113,8,135.5,1,0,1.0,0.1666666666666666,6.0,1,16,76,1,1,1,1,113,1,113,0,0.0,0,18,48,9,17,0.4996926859250153
451,451,452,20,62.0,70761,4,1,7,5,1975,1975,0.0,3,3,4,3,4,5,655,1,0,878,1533,2,1,4,1533,0,0,1533,1,0,2,0,2,1,4,5,7,576,2,200,54,0,0,0,0,0.0,0,0,12,2006,12.54254845357358,0,0,0,1,0,0,0,0,0,0,0,0,1,2.0,2,True,False,False,False,False,3.0,3.295836866004329,6,0,0,1,0,1,0,0,0,0,0,1,0,0,0,0,1,0,1,0,0,0,0,0,0,0,1,0,0,0,0,0,0,0,0,1,0,0,0,0,0,0,0,0,0,0,0,0,0,0,0,0,0,0,0,0,0,0,0,0,0,1,0,0,0,0,0,1,0,0,0,0,0,0,0,0,0,0,1,0,0,0,0,0,0,0,0,1,0,0,0,0,0,0,0,0,0,0,0,0,0,0,1,0,0,0,0,0,0,0,1,0,0,0,0,3066,2188,254,8,255.5,1,0,3.0,0.5,21.0,1,16,31,31,0,0,2,54,1,254,0,0.4269882659713168,1,60,35,9,16,0.4998369742419302
452,452,453,60,0.0,9303,4,2,6,5,1996,1997,42.0,4,3,5,3,1,5,742,1,0,130,872,4,1,4,888,868,0,1756,1,0,2,1,3,1,3,7,7,422,2,144,122,0,0,0,0,0.0,0,0,7,2007,12.225880174775122,0,0,0,1,0,0,0,0,0,0,0,0,1,2.0,3,True,False,False,False,False,0.0,0.0,6,0,0,1,0,1,0,0,0,0,0,0,1,0,0,0,0,0,1,0,0,0,0,0,0,0,1,0,0,0,0,0,0,0,0,0,0,0,0,0,0,0,0,0,0,0,0,0,0,0,0,0,0,0,1,0,0,0,0,0,0,0,0,0,1,0,0,0,0,1,0,0,1,0,0,0,0,0,0,0,0,0,0,0,0,0,0,0,0,0,1,0,0,0,0,0,0,0,0,0,0,0,0,0,0,1,0,0,1,0,0,1,0,0,0,2628,2498,266,11,219.5,2,1,3.5,0.4375,21.0,1,9,11,10,1,1,3,122,1,266,0,0.849942726231386,1,30,30,12,17,0.6679345758843667
453,453,454,60,75.0,9000,4,2,8,5,2008,2008,0.0,4,3,4,3,1,1,0,1,0,768,768,4,1,4,786,804,0,1590,0,0,2,1,3,1,4,6,7,676,2,0,30,0,0,0,0,0.0,0,0,6,2009,12.25486757159303,0,0,0,1,0,0,0,0,0,0,0,0,1,2.0,4,True,False,False,False,False,0.0,0.0,6,1,0,0,0,1,0,0,0,1,0,0,1,0,0,0,1,0,1,0,0,0,0,0,0,0,1,0,0,0,0,0,0,0,0,0,0,0,0,0,0,0,0,0,0,0,0,0,0,0,0,0,1,0,0,0,0,0,0,0,0,0,0,0,1,0,0,1,0,0,0,0,1,0,0,0,0,0,0,0,0,0,0,0,0,0,0,0,0,0,1,0,0,0,0,0,0,0,0,0,0,0,0,0,0,1,0,0,0,0,0,1,0,0,0,2358,1590,30,10,227.14285714285717,2,1,2.5,0.3571428571428571,20.0,1,16,1,1,0,1,4,30,1,30,0,0.0,0,24,40,12,20,0.6740144128868164
454,454,455,90,63.0,9297,4,2,5,5,1976,1976,0.0,3,3,3,3,1,5,1606,1,0,122,1728,2,1,4,1728,0,0,1728,2,0,2,0,4,2,3,8,7,560,2,0,0,0,0,0,0,0.0,0,0,7,2006,12.144202560946876,0,0,1,0,0,0,0,0,0,0,0,0,1,2.0,2,False,False,False,False,True,0.0,0.0,6,0,0,1,0,1,0,0,0,1,0,0,1,0,0,0,1,0,1,0,0,0,0,0,0,0,1,0,0,0,0,0,0,0,0,0,0,0,0,0,0,0,1,0,0,0,0,0,0,0,0,0,0,0,0,0,0,1,0,0,0,1,0,0,0,0,0,1,0,0,0,0,1,0,0,0,0,0,0,0,0,0,0,0,0,0,0,1,0,0,0,0,0,0,0,0,0,0,0,0,0,0,1,0,0,0,0,0,0,0,1,0,0,0,0,3456,3334,0,14,192.0,1,0,4.0,0.4444444444444444,20.0,2,9,30,30,0,0,3,0,0,0,0,0.9288606130711394,1,18,25,9,13,0.4998553659242117
455,455,456,20,80.0,9600,4,2,7,6,1973,1973,320.0,3,3,3,3,1,5,916,1,0,326,1242,1,1,4,1242,0,0,1242,0,0,1,1,3,1,3,6,7,528,2,0,0,0,0,0,0,0.0,0,0,9,2007,12.075400019877522,0,0,0,1,0,0,0,0,0,0,0,0,1,2.0,2,True,False,False,False,False,3.0,2.079441541679836,6,0,0,1,0,1,0,0,0,1,0,0,1,0,0,0,1,0,1,0,0,0,0,0,0,0,1,0,0,0,0,0,0,0,0,0,0,0,0,0,0,0,0,0,0,1,0,0,0,0,0,0,0,0,0,0,0,0,0,0,0,1,0,0,0,0,0,0,0,1,0,0,1,0,0,0,0,0,0,0,0,0,0,0,1,0,0,0,0,0,0,0,0,0,0,0,0,0,1,0,0,0,0,0,0,0,0,0,1,0,1,0,0,0,0,2484,2158,0,10,177.42857142857142,1,0,1.5,0.2142857142857142,10.5,1,9,34,34,0,0,2,0,0,0,0,0.7369267900241352,1,18,42,9,14,0.4997987927565392
456,456,457,70,34.0,4571,4,2,5,5,1916,1950,0.0,3,3,3,3,1,1,0,1,0,624,624,1,0,4,624,720,0,1344,0,0,1,0,4,1,3,7,7,513,2,0,0,96,0,0,0,0.0,0,0,5,2008,11.49273296168228,0,0,0,0,0,0,0,0,0,0,0,0,0,2.0,1,False,False,False,False,True,0.0,0.0,6,0,0,0,1,1,0,0,0,1,0,0,1,0,0,0,1,0,1,0,0,0,0,0,0,0,1,0,0,0,0,0,0,0,0,0,0,0,0,0,0,0,0,0,0,0,0,0,1,0,0,0,0,0,0,0,0,0,0,0,0,0,0,0,1,0,0,1,0,0,0,0,1,0,0,0,0,0,0,0,0,0,0,0,0,0,0,0,0,0,0,0,0,0,0,0,0,0,0,0,0,0,0,0,0,0,0,0,0,0,0,0,0,0,0,1968,1344,96,12,168.0,2,1,1.0,0.125,5.0,1,9,92,58,1,0,1,96,1,96,0,0.0,0,18,25,9,12,0.6825799898425596
457,457,458,20,0.0,53227,4,1,4,6,1954,1994,0.0,3,3,4,3,4,4,1116,1,0,248,1364,4,1,4,1663,0,0,1663,1,0,1,0,2,1,4,6,6,529,2,224,137,0,0,0,0,0.0,0,0,3,2008,12.45293662970407,0,0,0,1,0,0,0,0,0,0,0,0,1,2.0,2,True,False,False,False,False,4.0,4.394449154672439,6,0,0,1,0,1,0,0,0,0,0,1,0,1,0,0,0,0,1,0,0,0,0,0,0,0,1,0,0,0,0,0,0,0,0,1,0,0,0,0,0,0,0,0,0,0,0,0,0,0,0,0,0,0,0,0,0,0,0,0,0,1,0,0,0,0,0,0,0,0,0,0,0,0,0,0,1,0,0,0,0,0,0,0,0,0,0,1,0,0,0,0,0,0,0,0,0,0,0,0,0,0,1,0,0,0,0,0,0,0,1,0,0,0,0,3027,2779,361,9,237.57142857142856,1,0,2.0,0.2857142857142857,8.0,1,16,54,14,1,0,2,137,1,361,0,0.8175824175824176,1,60,24,9,15,0.5492073976221928
458,458,459,70,0.0,5100,4,2,8,7,1925,1996,0.0,3,4,3,3,1,1,0,1,0,588,588,1,1,4,833,833,0,1666,0,0,1,0,3,1,4,7,7,228,2,192,63,0,0,0,0,2.0,0,0,6,2008,11.989165855127435,0,0,0,1,0,0,0,0,0,0,0,0,1,2.0,1,False,False,False,False,True,4.0,2.772588722239781,6,0,0,0,1,1,0,0,0,1,0,0,1,0,0,0,1,0,1,0,0,0,0,0,0,0,1,0,0,0,0,0,0,0,0,0,0,0,0,0,0,0,0,0,0,0,0,0,1,0,0,0,0,0,0,0,0,0,0,0,0,0,0,0,1,0,0,0,0,1,0,0,1,0,0,0,0,0,0,0,0,0,0,0,0,0,0,0,0,1,0,0,0,0,0,0,0,0,0,0,0,0,0,0,0,0,0,1,0,0,0,1,0,0,0,2254,1666,255,11,208.25,2,1,1.0,0.125,8.0,1,16,83,12,1,0,1,63,1,255,0,0.0,0,18,56,12,16,0.7388026607538802
459,459,460,50,0.0,7015,4,2,5,4,1950,1950,161.0,3,3,3,3,1,2,185,1,0,524,709,2,1,4,979,224,0,1203,1,0,1,0,3,1,4,5,7,352,2,0,0,248,0,0,0,0.0,0,0,7,2009,11.60824473564232,0,0,0,1,0,0,0,0,0,0,0,0,1,2.0,1,False,False,False,False,True,3.0,2.079441541679836,6,0,0,1,0,1,0,0,0,0,0,0,0,0,0,0,0,0,1,0,0,0,0,0,0,0,1,0,0,0,0,0,0,0,1,0,0,0,0,0,0,0,0,0,0,0,0,0,0,0,0,0,0,0,0,0,0,0,0,0,0,0,0,0,0,0,0,1,0,0,0,0,1,0,0,0,0,0,0,0,0,0,0,0,0,0,1,0,0,0,0,0,0,0,0,0,0,0,0,0,1,0,0,0,0,0,0,0,0,0,1,0,0,0,0,1912,1388,248,9,200.5,2,1,2.0,0.3333333333333333,10.0,1,16,59,59,0,0,2,248,1,248,0,0.2605633802816901,1,18,20,9,14,0.628855201254574
460,460,461,60,75.0,8004,4,2,8,5,2009,2009,110.0,4,3,4,3,1,6,544,1,0,288,832,4,1,4,832,1103,0,1935,1,0,2,1,3,1,3,8,7,552,2,0,150,0,0,0,0,0.0,0,0,12,2009,12.481565733211925,0,0,0,0,1,0,0,0,0,0,1,0,0,2.0,4,False,False,True,False,False,0.0,0.0,6,1,0,0,0,1,0,0,0,0,0,0,1,0,0,0,1,0,0,0,0,0,1,0,0,0,1,0,0,0,0,0,0,0,0,0,0,0,0,0,0,0,0,0,0,0,0,0,0,0,0,0,1,0,0,0,0,0,0,0,0,0,0,0,1,0,0,1,0,0,0,0,1,0,0,0,0,0,0,0,0,0,0,0,0,0,0,0,0,0,1,0,0,0,0,0,0,0,0,0,0,0,0,0,0,1,0,0,0,1,0,1,0,0,0,2767,2479,150,12,215.0,2,1,3.5,0.3888888888888889,28.0,1,9,0,0,0,1,4,150,1,150,0,0.6530612244897959,1,24,40,12,19,0.6990606936416185
461,461,462,70,60.0,7200,4,2,7,9,1936,2007,0.0,4,4,4,4,1,5,350,4,210,0,560,4,1,4,575,560,0,1135,1,0,1,0,3,1,4,6,7,576,2,256,0,0,0,0,0,2.0,0,0,4,2009,11.951186847493476,0,0,0,1,0,0,0,0,0,0,0,0,1,2.0,2,False,False,False,False,True,0.0,0.0,6,0,0,1,0,1,0,0,0,1,0,0,1,0,0,0,1,1,0,0,0,0,0,0,0,0,1,0,0,0,0,0,0,0,0,0,0,0,0,0,0,0,0,0,0,0,0,0,0,1,0,0,0,0,0,0,0,0,0,0,0,0,0,0,1,0,0,1,0,0,0,0,1,0,0,0,0,0,0,0,0,0,0,0,0,0,0,0,0,0,0,1,0,0,0,0,0,0,0,0,0,0,0,0,0,0,1,0,0,0,0,1,0,0,0,1695,1695,256,10,162.14285714285714,2,1,2.0,0.2857142857142857,14.0,1,16,73,2,1,1,1,0,0,256,0,0.998217468805704,1,32,63,16,19,0.6692216981132075
462,462,463,20,60.0,8281,4,2,5,5,1965,1965,0.0,3,3,3,3,1,3,553,4,311,0,864,3,1,4,864,0,0,864,0,0,1,0,3,1,3,5,7,360,2,0,0,236,0,0,0,1.0,0,0,12,2009,11.04106411122238,0,0,0,1,0,0,0,0,0,0,0,0,1,2.0,2,False,False,False,False,True,1.0,0.6931471805599453,6,0,0,1,0,1,0,0,0,0,0,0,1,0,0,0,1,0,1,0,0,0,0,0,0,0,1,0,0,0,0,0,0,0,0,0,0,0,0,0,0,0,0,0,0,0,0,0,0,0,1,0,0,0,0,0,0,0,0,0,0,1,0,0,0,0,0,1,0,0,0,0,1,0,0,0,0,0,0,0,0,0,0,0,0,0,1,0,0,0,0,0,0,0,0,0,0,0,0,0,1,0,0,0,0,0,0,0,0,0,1,0,0,0,0,1728,1728,236,9,144.0,1,0,1.0,0.1666666666666666,5.0,1,9,44,44,0,0,2,236,1,236,0,0.998843930635838,1,18,25,9,14,0.4997108155002892
463,463,464,70,74.0,11988,4,1,6,7,1934,1995,0.0,3,3,3,3,1,2,326,1,0,389,715,1,1,3,849,811,0,1660,0,0,1,1,3,1,3,6,7,240,2,0,0,0,0,0,0,0.0,0,0,8,2008,12.147919030759663,0,0,0,1,0,0,0,0,0,0,0,0,1,2.0,1,False,False,False,False,True,4.0,2.772588722239781,6,0,0,1,0,1,0,0,0,0,1,0,0,0,0,0,1,0,1,0,0,0,0,0,0,0,1,0,0,0,0,0,0,0,0,0,0,1,0,0,0,0,0,0,0,0,0,0,0,0,0,0,0,0,0,0,0,0,0,0,0,0,0,0,1,0,0,0,0,1,0,0,1,0,0,0,0,0,0,0,0,0,0,0,0,0,0,0,0,1,0,0,0,0,0,0,0,0,0,0,0,0,0,0,1,0,0,0,0,0,1,0,0,0,0,2375,1986,0,10,237.14285714285717,2,1,1.5,0.2142857142857142,9.0,1,9,74,13,1,0,1,0,0,0,0,0.4553072625698324,1,18,42,9,13,0.6986531986531986
464,464,465,20,60.0,8430,4,1,5,5,1978,1978,136.0,3,3,4,3,1,3,616,1,0,424,1040,2,1,4,1040,0,0,1040,0,0,2,0,3,1,3,5,7,0,2,0,0,0,0,0,0,0.0,0,0,8,2009,11.728044909070784,0,0,0,1,0,0,0,0,0,0,0,0,1,0.0,0,False,False,False,False,False,0.0,0.0,6,0,0,1,0,1,0,0,0,1,1,0,0,0,0,0,1,0,1,0,0,0,0,0,0,0,1,0,0,0,0,0,0,0,0,0,1,0,0,0,0,0,0,0,0,0,0,0,0,0,0,0,0,0,0,0,0,0,0,0,0,1,0,0,0,0,0,1,0,0,0,0,1,0,0,0,0,0,0,0,0,0,0,0,1,0,0,0,0,0,0,0,0,0,0,0,0,0,1,0,0,0,0,0,0,0,0,0,1,0,1,0,0,0,0,2080,1656,0,9,173.33333333333334,1,0,2.0,0.3333333333333333,10.0,1,9,31,31,0,0,2,0,0,0,0,0.5917387127761767,1,24,25,9,13,0.4997597308986064
465,465,466,120,0.0,3072,4,2,7,5,2004,2004,18.0,4,3,4,3,1,1,0,1,0,1375,1375,4,1,4,1414,0,0,1414,0,0,2,0,2,1,4,6,7,398,2,144,20,0,0,0,0,0.0,0,0,5,2006,12.093693109638318,0,0,0,1,0,0,0,0,0,0,0,0,1,2.0,4,True,False,False,False,False,3.0,2.079441541679836,6,0,0,0,1,1,0,0,0,1,0,0,1,0,0,0,1,0,1,0,0,0,0,0,0,0,1,0,0,0,0,0,0,0,0,0,0,0,0,0,0,0,0,0,0,0,0,0,0,0,0,0,0,0,0,0,0,0,0,1,0,1,0,0,0,0,0,0,0,1,0,0,1,0,0,0,0,0,0,0,0,0,0,0,0,0,0,0,0,0,1,0,0,0,0,0,0,0,0,0,0,0,0,0,0,1,0,0,1,0,0,1,0,0,0,2789,1414,164,9,202.0,1,0,2.0,0.2857142857142857,14.0,1,16,2,2,0,1,4,20,1,164,0,0.0,0,24,35,12,19,0.5068100358422939
466,466,467,20,85.0,10628,4,2,7,5,1970,1970,0.0,3,4,3,4,4,6,778,1,0,499,1277,2,1,4,1277,0,0,1277,1,0,1,0,2,1,3,5,7,526,2,0,0,0,0,176,0,1.0,0,0,4,2007,12.025755079404917,0,0,0,1,0,0,0,0,0,0,0,0,1,2.0,2,True,False,False,False,False,1.0,0.6931471805599453,6,0,0,1,0,1,0,0,0,1,0,0,1,0,0,0,1,0,1,0,0,0,0,0,0,0,1,0,0,0,0,0,0,0,0,0,0,0,0,0,0,0,0,1,0,0,0,0,0,0,0,0,0,0,0,0,0,0,0,0,0,1,0,0,0,0,0,0,0,0,0,0,0,0,0,0,1,0,0,0,0,0,0,0,0,0,0,1,0,0,0,0,0,0,0,0,0,0,0,0,0,0,1,0,0,0,0,0,0,0,1,0,0,0,0,2554,2055,176,8,212.83333333333331,1,0,2.0,0.3333333333333333,14.0,1,9,37,37,0,0,2,176,1,176,0,0.6087636932707355,1,60,35,12,15,0.4998043052837573
467,467,468,70,79.0,9480,4,2,5,7,1942,1995,224.0,3,3,3,3,1,2,386,1,0,342,728,4,1,4,888,756,0,1644,0,0,1,1,3,1,4,7,7,312,2,168,0,0,0,0,0,0.0,0,0,6,2007,11.89478753335453,0,0,0,1,0,0,0,0,0,0,0,0,1,2.0,1,True,False,False,False,False,4.0,4.394449154672439,6,0,0,1,0,1,0,0,0,1,0,0,1,0,0,0,1,0,0,0,0,0,0,0,0,0,1,0,0,0,0,0,0,0,0,0,0,0,0,0,0,0,0,1,0,0,0,0,0,0,0,0,0,0,0,0,0,0,0,0,0,0,0,0,1,0,0,1,0,0,0,0,1,0,0,0,0,0,0,0,0,0,0,0,0,0,1,0,0,0,0,0,0,0,0,0,0,0,0,0,1,0,0,0,0,0,0,0,0,1,1,0,0,0,0,2372,2030,168,11,205.5,2,1,1.5,0.1875,7.5,1,16,65,12,1,0,1,0,0,168,0,0.5294924554183813,1,18,35,9,16,0.6927939317319848
468,468,469,20,98.0,11428,4,2,8,5,2006,2006,248.0,4,3,4,3,1,1,0,1,0,1626,1626,4,1,4,1634,0,0,1634,0,0,2,0,3,1,4,7,7,866,2,0,44,0,0,0,0,0.0,0,0,5,2007,12.429220196836384,0,0,0,1,0,0,0,0,0,0,0,0,1,2.0,4,True,False,False,False,False,4.0,2.772588722239781,6,0,0,1,0,1,0,0,0,0,0,0,1,0,0,0,1,0,1,0,0,0,0,0,0,0,1,0,0,0,0,0,0,0,0,0,0,0,0,0,0,0,0,0,0,0,0,1,0,0,0,0,0,0,0,0,0,0,0,0,0,1,0,0,0,0,0,1,0,0,0,0,1,0,0,0,0,0,0,0,0,0,0,0,0,0,0,0,0,0,1,0,0,0,0,0,0,0,0,0,0,0,0,0,0,1,0,0,0,1,0,1,0,0,0,3260,1634,44,11,204.25,1,0,2.0,0.25,16.0,1,16,1,1,0,1,4,44,1,44,0,0.0,0,24,40,12,20,0.5010732904017172
469,469,470,60,76.0,9291,4,2,6,5,1993,1993,120.0,4,3,4,3,1,6,426,1,0,406,832,4,1,4,832,878,0,1710,0,0,2,1,3,1,4,7,7,506,2,144,70,0,0,0,0,0.0,0,0,6,2008,12.138869243416009,0,0,0,1,0,0,0,0,0,0,0,0,1,2.0,3,True,False,False,False,False,0.0,0.0,6,0,0,1,0,1,0,0,0,0,0,0,1,0,0,0,0,0,0,0,0,0,0,1,0,0,1,0,0,0,0,0,0,0,0,0,0,0,0,0,0,0,0,0,0,0,0,0,0,0,0,1,0,0,0,0,0,0,0,0,0,0,0,0,1,0,0,1,0,0,0,0,1,0,0,0,0,0,0,0,0,0,0,0,1,0,0,0,0,0,0,0,0,0,0,0,0,0,1,0,0,0,0,0,0,0,0,0,1,0,0,1,0,0,0,2542,2136,214,11,213.75,2,1,2.5,0.3125,15.0,1,16,15,15,0,0,3,70,1,214,0,0.5114045618247299,1,24,30,12,18,0.6724341329138812
470,470,471,120,0.0,6820,4,2,8,5,1985,1985,0.0,4,3,4,3,3,6,368,4,1120,0,1488,2,1,4,1502,0,0,1502,1,0,1,1,1,1,4,4,7,528,2,0,54,0,0,140,0,0.0,0,0,6,2010,12.264346270624156,0,0,0,1,0,0,0,0,0,0,0,0,1,2.0,3,True,False,False,False,False,0.0,0.0,6,0,0,1,0,1,0,0,0,0,0,0,1,0,0,0,0,0,1,0,0,0,0,0,0,0,1,0,0,0,0,0,0,0,0,0,0,0,0,0,0,0,0,0,0,0,0,0,0,0,0,0,0,1,0,0,0,0,0,1,0,1,0,0,0,0,0,1,0,0,0,0,1,0,0,0,0,0,0,0,0,0,0,0,1,0,0,0,0,0,0,0,0,0,0,0,0,0,1,0,0,0,0,0,0,0,0,0,0,0,0,1,0,0,0,2990,2990,194,6,300.4,1,0,2.5,0.5,20.0,1,16,25,25,0,0,3,194,1,194,0,0.9993284083277368,1,48,40,12,18,0.5021731862253427
471,471,472,60,92.0,11952,4,2,7,6,1977,1977,0.0,3,3,4,3,1,1,0,1,0,808,808,2,1,4,1161,808,0,1969,0,0,2,1,3,1,3,8,7,534,2,0,0,0,0,276,0,0.0,0,0,11,2007,12.154784614286667,0,0,0,1,0,0,0,0,0,0,0,0,1,2.0,2,True,False,False,False,False,4.0,2.772588722239781,6,0,0,1,0,1,0,0,0,1,0,0,1,0,0,0,1,0,0,1,0,0,0,0,0,0,1,0,0,0,0,0,0,0,0,0,0,0,0,0,0,0,0,0,0,1,0,0,0,0,0,0,0,0,0,0,0,0,0,0,0,0,0,0,1,0,0,0,0,0,1,0,0,0,0,0,0,1,0,0,0,0,0,0,0,0,0,0,0,0,0,0,1,0,0,0,0,0,0,0,0,0,1,0,0,0,0,0,0,0,1,0,0,0,0,2777,1969,276,12,218.77777777777777,2,1,2.5,0.2777777777777778,17.5,1,9,30,30,0,0,3,276,1,276,0,0.0,0,24,42,9,15,0.7087832973362131
472,472,473,180,35.0,3675,4,2,6,5,2005,2005,80.0,3,3,4,3,4,6,459,1,0,88,547,4,1,4,1072,0,0,1072,1,0,1,0,2,1,3,5,7,525,2,0,28,0,0,0,0,0.0,0,0,6,2008,11.904974309480185,0,0,0,1,0,0,0,0,0,0,0,0,1,2.0,4,False,True,False,False,False,0.0,0.0,6,0,0,0,1,1,0,0,0,1,0,0,1,0,0,0,1,0,1,0,0,0,0,0,0,0,1,0,0,0,0,0,0,0,0,0,0,0,1,0,0,0,0,0,0,0,0,0,0,0,0,0,0,0,0,0,0,0,0,1,0,0,0,0,0,0,1,1,0,0,0,0,1,0,0,0,0,0,0,0,0,0,0,0,0,0,0,0,0,0,1,0,0,0,0,0,0,0,0,0,0,0,0,0,0,1,0,0,1,0,0,1,0,0,0,1619,1531,28,8,178.66666666666666,1,0,2.0,0.3333333333333333,12.0,1,9,3,3,0,1,4,28,1,28,0,0.8375912408759124,1,60,30,9,16,0.6617283950617284
473,473,474,20,110.0,14977,4,2,8,5,2006,2007,304.0,4,3,5,3,4,6,1350,1,0,626,1976,4,1,4,1976,0,0,1976,1,0,2,0,2,1,4,7,7,908,2,250,63,0,0,0,0,0.0,0,0,7,2007,12.994532278619134,0,0,0,0,1,0,0,0,0,0,1,0,0,2.0,4,True,False,False,False,False,5.0,3.4657359027997265,6,0,0,1,0,1,0,0,0,0,0,0,1,0,0,0,1,0,1,0,0,0,0,0,0,0,1,0,0,0,0,0,0,0,0,0,0,0,0,0,0,0,0,0,0,0,0,1,0,0,0,0,0,0,0,0,0,0,0,0,0,1,0,0,0,0,0,1,0,0,0,0,1,0,0,0,0,0,0,0,0,0,0,0,0,0,0,0,0,0,1,0,0,0,0,0,0,0,0,0,0,0,0,0,0,1,0,0,1,0,0,1,0,0,0,3952,3326,313,10,247.0,1,0,3.0,0.375,24.0,1,16,1,0,1,1,4,63,1,313,0,0.6828528072837633,1,75,40,12,20,0.4998735137869972
474,474,475,120,41.0,5330,4,2,8,5,2000,2000,0.0,4,3,4,3,3,6,1196,1,0,298,1494,4,1,4,1652,0,0,1652,1,0,2,0,2,1,5,6,7,499,2,96,48,0,0,0,0,0.0,0,0,8,2007,12.433212202169727,0,0,0,1,0,0,0,0,0,0,0,0,1,2.0,3,True,False,False,False,False,0.0,0.0,6,0,0,1,0,1,0,0,0,1,0,0,1,0,0,0,1,0,1,0,0,0,0,0,0,0,1,0,0,0,0,0,0,0,0,0,0,0,0,0,0,0,0,0,0,0,0,0,0,0,0,0,0,1,0,0,0,0,0,1,0,1,0,0,0,0,0,1,0,0,0,0,1,0,0,0,0,0,0,0,0,0,0,1,0,0,0,0,0,0,0,0,0,0,0,0,0,1,0,0,0,0,0,0,0,0,0,0,0,0,0,1,0,0,0,3146,2848,144,9,236.0,1,0,3.0,0.4285714285714285,24.0,1,25,7,7,0,1,4,48,1,144,0,0.8,1,48,40,12,21,0.524944391483953
475,475,476,20,80.0,8480,4,2,5,6,1963,1963,0.0,3,3,3,3,1,6,630,1,0,340,970,2,1,4,970,0,0,970,1,0,1,0,2,1,3,5,7,624,2,0,24,0,0,192,0,0.0,0,0,7,2007,11.794345471549745,0,0,0,1,0,0,0,0,0,0,0,0,1,2.0,3,False,False,False,False,True,0.0,0.0,6,0,0,1,0,1,0,0,0,1,0,0,1,0,0,0,0,0,1,0,0,0,0,0,0,0,1,0,0,0,0,0,0,0,0,0,0,0,0,0,0,0,0,0,0,0,0,0,0,0,1,0,0,0,0,0,0,0,0,0,0,1,0,0,0,0,0,0,0,1,0,0,1,0,0,0,0,0,0,0,0,0,0,0,1,0,0,0,0,0,0,0,0,0,0,0,0,0,1,0,0,0,0,0,0,0,0,0,0,0,1,0,0,0,0,1940,1600,216,8,161.66666666666666,1,0,2.0,0.3333333333333333,10.0,1,9,44,44,0,0,2,216,1,216,0,0.6488156539649845,1,18,30,9,13,0.4997424008243173
476,476,477,20,75.0,13125,4,1,6,5,1997,1998,215.0,3,3,4,3,4,6,994,1,0,484,1478,4,1,4,1493,0,0,1493,1,0,2,0,3,1,4,7,7,508,2,140,39,0,0,0,0,0.0,0,0,4,2008,12.249615734512616,0,0,0,1,0,0,0,0,0,0,0,0,1,2.0,3,True,False,False,False,False,3.0,2.079441541679836,6,0,0,1,0,1,0,0,0,1,0,0,1,0,0,0,1,0,1,0,0,0,0,0,0,0,1,0,0,0,0,0,0,0,0,0,1,0,0,0,0,0,0,0,0,0,0,0,0,0,0,0,0,0,0,0,0,0,0,0,0,1,0,0,0,0,0,1,0,0,0,0,1,0,0,0,0,0,0,0,0,0,0,0,0,0,0,0,0,0,1,0,0,0,0,0,0,0,0,0,0,0,0,0,0,1,0,0,1,0,0,1,0,0,0,2971,2487,179,11,186.625,1,0,3.0,0.375,18.0,1,16,11,10,1,1,3,39,1,179,0,0.6720757268424611,1,60,30,9,17,0.5023553162853297
477,477,478,60,105.0,13693,4,2,9,5,2006,2006,772.0,5,3,4,3,3,1,0,1,0,2153,2153,4,1,4,2069,574,0,2643,0,0,2,1,3,1,5,9,7,694,2,414,84,0,0,0,0,0.0,0,0,3,2007,12.847929163278051,0,0,0,1,0,0,0,0,0,0,0,0,1,2.0,4,False,False,True,False,False,4.0,2.772588722239781,6,0,0,1,0,1,0,0,0,1,0,0,1,0,0,0,1,0,1,0,0,0,0,0,0,0,1,0,0,0,0,0,0,0,0,0,0,0,0,0,0,0,0,0,0,0,0,1,0,0,0,0,0,0,0,0,0,0,0,0,0,0,0,0,1,0,0,0,0,1,0,0,1,0,0,0,0,0,0,0,0,0,0,0,0,0,0,0,0,0,1,0,0,0,0,0,0,0,0,0,0,0,0,0,0,1,0,0,1,0,0,1,0,0,0,4796,2643,498,13,264.3,2,1,2.5,0.25,22.5,1,25,1,1,0,1,4,84,1,498,0,0.0,0,48,45,15,23,0.5509693558474046
478,478,479,20,79.0,10637,4,2,8,5,2007,2008,336.0,4,3,5,3,4,6,1288,1,0,417,1705,4,1,4,1718,0,0,1718,1,0,2,0,3,1,4,7,7,826,2,208,44,0,0,0,0,0.0,0,0,9,2009,12.601490784782536,0,0,0,1,0,0,0,0,0,0,0,0,1,2.0,4,True,False,False,False,False,4.0,2.772588722239781,6,0,0,1,0,1,0,0,0,1,0,0,1,0,0,0,1,0,1,0,0,0,0,0,0,0,1,0,0,0,0,0,0,0,0,0,1,0,0,0,0,0,0,0,0,0,0,0,0,0,0,0,0,0,0,0,0,0,0,0,0,1,0,0,0,0,0,0,0,1,0,0,1,0,0,0,0,0,0,0,0,0,0,0,0,0,0,0,0,0,1,0,0,0,0,0,0,0,0,0,0,0,0,0,0,1,0,0,0,1,0,1,0,0,0,3423,3006,252,11,214.75,1,0,3.0,0.375,24.0,1,16,2,1,1,1,4,44,1,252,0,0.7549824150058617,1,75,40,12,20,0.5017523364485982
479,479,480,30,50.0,5925,4,2,4,7,1937,2000,435.0,3,3,2,3,1,3,168,1,0,739,907,2,1,4,1131,0,0,1131,0,0,1,0,2,1,3,7,7,672,2,0,72,0,0,0,0,2.0,0,0,3,2007,11.401681006153428,0,1,0,0,0,0,0,0,0,0,0,0,1,2.0,3,False,False,False,False,True,0.0,0.0,6,0,0,0,1,1,0,0,0,1,0,0,0,0,0,0,1,0,1,0,0,0,0,0,0,0,1,0,0,0,0,0,0,0,0,0,0,0,0,0,0,0,0,0,0,0,0,0,1,0,0,0,0,0,0,0,0,0,0,0,0,1,0,0,0,0,0,0,0,1,0,0,1,0,0,0,0,0,0,0,0,0,0,0,0,0,0,0,0,1,0,0,0,0,0,0,0,0,0,0,0,0,0,0,1,0,0,0,0,0,0,0,0,0,0,2038,1299,72,10,141.375,1,0,1.0,0.125,4.0,1,9,70,7,1,1,1,72,1,72,0,0.185022026431718,1,12,28,9,12,0.5546836684649338
480,480,481,20,98.0,16033,4,2,9,5,2004,2005,378.0,4,3,5,3,4,6,1261,1,0,572,1833,4,1,4,1850,0,0,1850,1,0,2,0,3,1,4,8,7,772,2,519,112,0,0,0,0,0.0,0,0,3,2006,12.694655727828804,0,0,0,1,0,0,0,0,0,0,0,0,1,2.0,4,True,False,False,False,False,4.0,2.772588722239781,6,0,0,1,0,1,0,0,0,0,0,0,1,0,1,0,0,0,1,0,0,0,0,0,0,0,1,0,0,0,0,0,0,0,0,0,0,0,0,0,0,0,0,0,0,0,0,1,0,0,0,0,0,0,0,0,0,0,0,0,0,1,0,0,0,0,0,0,0,1,0,0,1,0,0,0,0,0,0,0,0,0,0,0,0,0,0,0,0,0,1,0,0,0,0,0,0,0,0,0,0,0,0,0,0,1,0,0,1,0,0,1,0,0,0,3683,3111,631,12,205.55555555555557,1,0,3.0,0.3333333333333333,27.0,1,16,2,1,1,1,4,112,1,631,0,0.6875681570338059,1,75,45,12,21,0.502171552660152
481,481,482,20,72.0,11846,4,2,9,5,2003,2004,562.0,4,3,5,3,4,6,1567,1,0,225,1792,4,1,4,1792,0,0,1792,1,0,2,0,2,1,5,6,7,874,2,206,49,0,0,0,0,0.0,0,0,8,2006,12.832013750189883,0,0,0,1,0,0,0,0,0,0,0,0,1,2.0,4,True,False,False,False,False,4.0,2.772588722239781,6,0,0,1,0,1,0,0,0,0,1,0,0,0,0,0,1,0,1,0,0,0,0,0,0,0,1,0,0,0,0,0,0,0,0,0,0,0,0,0,0,0,0,0,0,0,0,1,0,0,0,0,0,0,0,0,0,0,0,0,0,1,0,0,0,0,0,0,0,1,0,0,1,0,0,0,0,0,0,0,0,0,0,0,0,0,0,0,0,0,1,0,0,0,0,0,0,0,0,0,0,0,0,0,0,1,0,0,1,0,0,1,0,0,0,3584,3359,255,9,256.0,1,0,3.0,0.4285714285714285,27.0,1,25,3,2,1,1,4,49,1,255,0,0.8739542665923034,1,75,45,12,22,0.499860529986053
482,482,483,70,50.0,2500,4,2,7,8,1915,2005,0.0,4,3,3,3,1,5,299,1,0,611,910,4,1,4,916,910,0,1826,1,0,1,1,4,1,5,7,5,164,2,0,0,0,0,0,0,0.0,0,0,6,2009,11.951186847493476,0,0,0,1,0,0,0,0,0,0,0,0,1,2.0,1,True,False,False,False,False,4.0,2.772588722239781,6,0,0,0,1,1,1,0,0,1,0,0,1,0,0,0,0,0,1,0,0,0,0,0,0,0,1,0,0,0,0,0,0,0,0,0,0,0,0,0,0,0,0,0,0,0,0,0,1,0,0,0,0,0,0,0,0,0,0,0,0,0,0,0,1,0,0,1,0,0,0,0,1,0,0,0,0,0,0,0,0,0,0,0,0,0,0,0,0,1,0,0,0,0,0,0,0,0,0,0,0,0,0,0,1,0,0,0,0,0,0,1,0,0,0,2736,2125,0,12,228.25,2,1,2.5,0.3125,17.5,1,25,94,4,1,1,1,0,0,0,0,0.3282107574094401,1,18,56,12,20,0.6671538180489587
483,483,484,120,32.0,4500,4,2,6,5,1998,1998,116.0,3,3,5,3,1,6,897,1,0,319,1216,4,1,4,1216,0,0,1216,1,0,2,0,2,1,3,5,7,402,2,0,125,0,0,0,0,0.0,0,0,5,2006,12.00762780434872,0,0,0,1,0,0,0,0,0,0,0,0,1,2.0,3,True,False,False,False,False,0.0,0.0,6,0,0,0,1,1,0,0,0,1,0,0,1,0,1,0,0,0,1,0,0,0,0,0,0,0,1,0,0,0,0,0,0,0,0,0,0,0,0,0,0,0,1,0,0,0,0,0,0,0,0,0,0,0,0,0,0,0,1,0,0,1,0,0,0,0,0,0,0,1,0,0,1,0,0,0,0,0,0,0,0,0,0,0,0,0,0,0,0,0,1,0,0,0,0,0,0,0,0,0,0,0,0,0,0,1,0,0,1,0,0,1,0,0,0,2432,2113,125,8,202.66666666666663,1,0,3.0,0.5,18.0,1,9,8,8,0,1,4,125,1,125,0,0.7370583401807724,1,30,30,9,16,0.4997944923962186
484,484,485,20,0.0,7758,4,2,5,7,1962,2001,0.0,3,4,3,3,1,5,588,1,0,411,999,3,1,4,999,0,0,999,1,0,1,0,3,1,4,6,7,264,2,0,132,0,0,0,0,0.0,0,0,3,2007,11.794345471549745,0,0,0,1,0,0,0,0,0,0,0,0,1,2.0,2,False,False,False,False,True,0.0,0.0,6,0,0,1,0,1,0,0,0,0,0,0,1,0,0,0,0,0,1,0,0,0,0,0,0,0,1,0,0,0,0,0,0,0,0,0,0,0,0,0,0,0,0,0,0,0,0,0,0,0,1,0,0,0,0,0,0,0,0,0,0,1,0,0,0,0,0,1,0,0,0,0,1,0,0,0,0,0,0,0,0,0,0,0,1,0,0,0,0,0,0,0,0,0,0,0,0,0,0,0,0,0,1,0,0,0,0,0,0,0,1,0,0,0,0,1998,1587,132,10,142.71428571428572,1,0,2.0,0.2857142857142857,10.0,1,16,45,6,1,1,2,132,1,132,0,0.588,1,18,35,12,15,0.4997498749374687
485,485,486,20,80.0,9600,4,2,5,7,1950,2007,0.0,4,3,3,3,1,5,607,1,0,506,1113,3,1,4,1113,0,0,1113,0,0,1,0,3,1,4,5,7,264,2,0,80,120,0,0,0,0.0,0,0,7,2009,11.898194668458824,0,0,0,1,0,0,0,0,0,0,0,0,1,2.0,1,True,False,False,False,False,4.0,2.772588722239781,6,0,0,1,0,1,0,0,0,1,0,0,1,0,0,0,1,0,1,0,0,0,0,0,0,0,1,0,0,0,0,0,0,0,0,0,0,0,0,0,0,0,0,1,0,0,0,0,0,0,0,0,0,0,0,0,0,0,0,0,0,1,0,0,0,0,0,1,0,0,0,0,1,0,0,0,0,0,0,0,0,0,0,0,0,0,1,0,0,0,0,0,0,0,0,0,0,0,0,0,1,0,0,0,0,0,0,0,0,0,1,0,0,0,0,2226,1720,200,9,185.5,1,0,1.0,0.1666666666666666,5.0,1,16,59,2,1,1,2,200,1,200,0,0.5448833034111311,1,18,35,12,16,0.4997754827121688
486,486,487,20,79.0,10289,4,2,5,7,1965,1965,168.0,3,3,3,3,1,5,836,1,0,237,1073,2,1,4,1073,0,0,1073,1,0,1,1,3,1,3,6,7,515,2,0,0,0,0,0,0,0.0,0,0,6,2007,11.95761769646754,0,0,0,1,0,0,0,0,0,0,0,0,1,2.0,2,True,False,False,False,False,0.0,0.0,6,0,0,1,0,1,0,0,0,1,0,0,1,0,0,0,1,0,1,0,0,0,0,0,0,0,1,0,0,0,0,0,0,0,0,0,0,0,0,0,0,0,0,1,0,0,0,0,0,0,0,0,0,0,0,0,0,0,0,0,0,1,0,0,0,0,0,0,0,1,0,0,1,0,0,0,0,0,0,0,0,0,0,0,0,0,1,0,0,0,0,0,0,0,0,0,0,0,0,0,1,0,0,0,0,0,0,0,1,0,1,0,0,0,0,2146,1909,0,10,153.28571428571428,1,0,2.5,0.3571428571428571,12.5,1,9,42,42,0,0,2,0,0,0,0,0.7783985102420856,1,18,35,9,13,0.4997671169073125
487,487,488,20,70.0,12243,4,2,5,6,1971,1971,0.0,3,3,4,3,3,5,998,1,0,486,1484,3,1,4,1484,0,0,1484,0,0,2,0,3,1,3,7,7,487,2,224,0,0,0,180,0,0.0,0,0,2,2007,12.07254696717504,0,0,0,1,0,0,0,0,0,0,0,0,1,2.0,2,True,False,False,False,False,3.0,2.079441541679836,6,0,0,1,0,1,0,0,0,0,0,0,1,0,0,0,1,0,1,0,0,0,0,0,0,0,1,0,0,0,0,0,0,0,0,0,0,0,0,0,0,0,0,0,0,1,0,0,0,0,0,0,0,0,0,0,0,0,0,0,0,1,0,0,0,0,0,1,0,0,0,0,1,0,0,0,0,0,0,0,0,0,0,0,0,0,0,1,0,0,0,0,0,0,0,0,0,0,0,0,0,0,1,0,0,0,0,0,0,0,1,0,0,0,0,2968,2482,404,11,185.5,1,0,2.0,0.25,10.0,1,9,36,36,0,0,2,180,1,404,0,0.672053872053872,1,48,30,9,14,0.4998315931289996
488,488,489,190,60.0,10800,4,2,5,4,1900,1970,0.0,3,2,3,2,1,4,664,1,0,290,954,2,0,3,1766,648,0,2414,0,0,2,0,3,2,3,10,4,520,0,142,0,0,0,0,0,0.0,0,0,5,2006,11.982935344196433,0,0,0,1,0,0,0,1,0,0,0,0,0,2.0,2,True,False,False,False,False,4.0,2.772588722239781,6,0,0,1,0,1,0,0,0,1,0,0,1,0,0,0,0,0,1,0,0,0,0,0,0,0,1,0,0,0,0,0,0,0,0,0,0,0,0,0,0,0,0,0,0,0,0,0,1,0,0,0,0,0,0,0,1,0,0,0,0,0,0,0,0,0,0,1,0,0,0,0,1,0,0,0,0,0,0,0,0,0,0,0,0,0,0,0,0,0,0,1,0,0,0,0,0,0,0,0,0,0,0,0,0,0,1,0,0,0,1,0,0,0,0,3368,3078,142,15,219.45454545454547,2,1,2.0,0.1818181818181818,10.0,2,9,106,36,1,0,1,0,0,142,0,0.6952879581151833,1,12,20,6,13,0.7165330958741466
489,489,490,180,21.0,1526,4,2,4,8,1970,2002,0.0,3,4,4,3,3,6,515,1,0,115,630,2,1,4,630,0,0,630,1,0,1,0,1,1,4,3,7,286,2,0,0,0,0,0,0,0.0,0,0,5,2009,11.362114203075018,0,0,0,1,0,0,0,0,0,0,0,0,1,2.0,2,True,False,False,False,False,0.0,0.0,6,0,0,0,1,1,0,0,0,1,0,0,1,0,0,0,1,0,1,0,0,0,0,0,0,0,1,0,0,0,0,0,0,0,0,0,0,0,0,0,0,1,0,0,0,0,0,0,0,0,0,0,0,0,0,0,0,0,1,0,0,0,0,0,0,1,0,1,0,0,0,0,1,0,0,0,0,0,0,0,0,0,0,1,0,0,0,0,0,0,0,0,0,0,0,0,0,1,0,0,0,0,0,0,0,0,0,0,0,0,1,0,0,0,0,1260,1145,0,5,157.5,1,0,2.0,0.5,8.0,1,16,39,7,1,1,2,0,0,0,0,0.8161648177496038,1,48,32,12,13,0.4996034892942109
490,490,491,160,0.0,2665,4,2,5,6,1976,1976,0.0,3,3,4,3,2,1,0,1,0,264,264,2,1,4,616,688,0,1304,0,0,1,1,3,1,3,4,7,336,2,141,24,0,0,0,0,0.0,0,0,6,2008,11.652696102959752,0,0,0,1,0,0,0,0,0,0,0,0,1,2.0,2,False,False,True,False,False,4.0,2.772588722239781,6,0,0,0,1,1,0,0,0,1,0,0,1,0,0,0,1,0,1,0,0,0,0,0,0,0,1,0,0,0,0,0,0,0,0,0,0,0,0,0,0,1,0,0,0,0,0,0,0,0,0,0,0,0,0,0,0,0,0,1,0,0,0,0,1,0,0,1,0,0,0,0,1,0,0,0,0,0,0,0,0,0,0,1,0,0,0,0,0,0,0,0,0,0,0,0,0,1,0,0,0,0,0,0,0,0,0,0,0,0,0,1,0,0,0,1568,1304,165,8,260.8,2,1,1.5,0.3,7.5,1,9,32,32,0,0,2,24,1,165,0,0.0,0,36,30,9,13,0.8311026131293817
491,491,492,50,79.0,9490,4,2,6,7,1941,1950,0.0,3,3,3,3,1,4,403,3,165,238,806,2,1,3,958,620,0,1578,1,0,1,0,3,1,2,5,7,240,2,0,0,32,0,0,0,2.0,0,0,8,2006,11.798111925972618,0,0,0,1,0,0,0,0,0,0,0,0,1,2.0,1,True,False,False,False,False,3.0,3.295836866004329,6,0,0,1,0,1,0,0,0,1,0,0,1,0,0,0,1,0,0,0,0,0,0,0,0,0,1,0,0,0,0,0,0,0,0,0,0,0,0,0,0,0,0,1,0,0,0,0,0,0,0,0,0,0,0,0,0,0,0,0,0,0,0,0,0,0,0,1,0,0,0,0,1,0,0,0,0,0,0,0,0,0,0,0,0,0,0,0,0,0,0,1,0,0,0,0,0,0,0,0,0,0,0,0,0,0,1,0,0,0,1,0,0,0,0,2384,2146,32,9,263.0,2,1,2.0,0.3333333333333333,12.0,1,4,65,56,1,0,1,32,1,32,0,0.7038413878562577,1,18,42,9,13,0.6616352201257861
492,492,493,60,105.0,15578,4,2,6,5,2006,2006,0.0,4,3,4,3,1,1,0,1,0,728,728,3,1,4,728,728,0,1456,0,0,2,1,3,1,3,8,7,429,2,0,0,0,0,0,0,0.0,0,0,5,2006,12.059809113551395,0,0,0,0,1,0,0,0,0,0,1,0,0,2.0,4,True,False,False,False,False,0.0,0.0,6,0,0,1,0,1,0,0,0,0,0,0,1,0,0,0,0,0,1,0,0,0,0,0,0,0,1,0,0,0,0,0,0,0,0,0,0,0,0,1,0,0,0,0,0,0,0,0,0,0,0,0,0,0,0,0,0,0,0,0,0,0,0,0,1,0,0,1,0,0,0,0,1,0,0,0,0,0,0,0,0,0,0,0,0,0,0,0,0,0,1,0,0,0,0,0,0,0,0,0,0,0,0,0,0,1,0,0,0,0,0,1,0,0,0,2184,1456,0,12,161.77777777777777,2,1,2.5,0.2777777777777778,15.0,1,9,0,0,0,1,4,0,0,0,0,0.0,0,24,30,12,16,0.6663615560640732
493,493,494,20,70.0,7931,4,2,5,6,1960,1960,0.0,3,3,3,3,1,4,374,2,532,363,1269,2,1,3,1269,0,0,1269,0,0,1,1,3,1,3,6,7,308,2,0,0,0,0,0,0,0.0,0,0,6,2008,11.951186847493476,0,0,0,1,0,0,0,0,0,0,0,0,1,2.0,2,False,False,False,False,True,2.0,1.3862943611198906,6,0,0,1,0,1,0,0,0,1,0,0,1,0,0,0,1,0,1,0,0,0,0,0,0,0,1,0,0,0,0,0,0,0,0,0,0,0,0,0,0,0,0,1,0,0,0,0,0,0,0,0,0,0,0,0,0,0,0,0,0,1,0,0,0,0,0,1,0,0,0,0,1,0,0,0,0,0,0,0,0,1,0,0,0,0,0,0,0,0,0,0,0,0,0,0,0,0,0,0,0,0,0,0,0,0,1,0,0,0,1,0,0,0,0,2538,2175,0,10,181.28571428571428,1,0,1.5,0.2142857142857142,7.5,1,9,48,48,0,0,2,0,0,0,0,0.7133858267716535,1,18,30,9,13,0.4998030720756203
494,494,495,30,50.0,5784,4,2,5,8,1938,1996,0.0,3,3,2,3,1,1,0,1,0,190,190,3,1,3,886,0,0,886,0,0,1,0,2,1,3,4,7,273,2,144,20,80,0,0,0,0.0,0,0,12,2009,11.421917019425596,0,0,0,1,0,0,0,0,0,0,0,0,1,2.0,1,True,False,False,False,False,0.0,0.0,6,0,0,0,1,1,0,0,0,1,0,0,1,0,0,0,1,0,0,0,0,0,0,0,0,0,1,0,0,0,0,0,0,0,0,0,0,0,0,0,0,0,0,0,0,0,0,0,1,0,0,0,0,0,0,0,0,0,0,0,0,1,0,0,0,0,0,1,0,0,0,0,1,0,0,0,0,0,0,0,0,0,0,0,0,0,1,0,0,0,0,0,0,0,0,0,0,0,0,0,1,0,0,0,0,0,0,0,0,0,0,0,0,0,0,1076,886,244,7,177.2,1,0,1.0,0.2,5.0,1,9,71,13,1,0,1,100,1,244,0,0.0,0,12,40,9,14,0.8226555246053854
495,495,496,30,60.0,7879,4,2,4,5,1920,1950,0.0,3,3,3,3,1,3,495,1,0,225,720,2,0,3,720,0,0,720,0,0,1,0,2,1,3,4,7,0,0,0,523,115,0,0,0,1.0,0,0,11,2009,10.460270761075147,0,0,0,0,0,0,0,0,0,0,0,0,1,0.0,0,False,False,False,False,False,0.0,0.0,6,0,0,0,0,1,0,0,0,1,0,0,1,0,0,0,1,0,1,0,0,0,0,0,0,0,1,0,0,0,0,0,0,0,0,0,0,0,0,0,1,0,0,0,0,0,0,0,0,0,0,0,0,0,0,0,0,0,0,0,0,1,0,0,0,0,0,1,0,0,0,0,1,0,0,0,0,0,0,0,0,0,0,0,0,0,0,0,0,0,0,1,0,0,0,0,0,0,0,0,0,0,0,0,0,0,1,0,0,0,1,0,0,0,0,1440,1215,638,7,144.0,1,0,1.0,0.2,4.0,1,9,89,59,1,0,1,638,1,638,0,0.6865464632454924,1,18,20,9,12,0.4996530187369882
496,496,497,20,0.0,12692,4,2,8,5,1992,1993,0.0,4,3,4,3,1,6,1231,1,0,1969,3200,4,1,4,3228,0,0,3228,1,0,3,0,4,1,4,10,7,546,2,264,75,291,0,0,0,0.0,0,0,5,2007,12.971542813248435,0,0,0,1,0,0,0,0,0,0,0,0,1,2.0,3,True,False,False,False,False,4.0,2.772588722239781,6,0,0,1,0,1,0,0,0,0,0,0,1,0,0,0,1,0,1,0,0,0,0,0,0,0,1,0,0,0,0,0,0,0,0,0,0,0,0,0,0,0,0,0,0,0,1,0,0,0,0,0,0,0,0,0,0,0,0,0,0,1,0,0,0,0,0,0,0,1,0,0,1,0,0,0,0,0,0,0,0,1,0,0,0,0,0,0,0,0,0,0,0,0,0,1,0,0,0,0,0,0,0,0,0,0,0,0,0,0,0,1,0,0,0,6428,4459,630,15,293.45454545454544,1,0,4.0,0.3636363636363636,32.0,1,16,15,14,1,0,3,366,1,630,0,0.3845673227116526,1,24,40,12,20,0.5020998600093327
497,497,498,50,60.0,9120,4,2,7,6,1925,1950,0.0,3,4,3,3,1,3,329,1,0,697,1026,4,1,4,1133,687,0,1820,1,0,2,0,4,1,3,8,7,240,0,0,100,0,0,0,0,3.0,0,0,6,2008,12.122696471358964,0,0,0,1,0,0,0,0,0,0,0,0,1,2.0,1,False,False,False,False,True,0.0,0.0,6,0,0,1,0,1,1,0,0,1,0,0,1,0,0,0,1,0,1,0,0,0,0,0,0,0,1,0,0,0,0,0,0,0,1,0,0,0,0,0,0,0,0,0,0,0,0,0,0,0,0,0,0,0,0,0,0,0,0,0,0,0,0,0,0,0,0,1,0,0,0,0,1,0,0,0,0,0,0,0,0,0,0,0,0,0,0,0,0,0,0,1,0,0,0,0,0,0,0,0,0,0,0,0,0,0,1,0,0,0,0,1,0,0,0,2846,2149,100,13,202.22222222222223,2,1,3.0,0.3333333333333333,21.0,1,9,83,58,1,0,1,100,1,100,0,0.3203505355404089,1,18,42,12,17,0.639269406392694
498,498,499,20,65.0,7800,4,2,5,7,1967,2004,89.0,3,3,3,3,1,5,450,1,0,414,864,4,1,4,899,0,0,899,0,0,1,0,3,1,4,5,7,288,2,64,0,0,0,0,0,2.0,0,0,6,2009,11.775297421715829,0,0,0,1,0,0,0,0,0,0,0,0,1,2.0,2,True,False,False,False,False,0.0,0.0,6,0,0,1,0,1,0,0,0,1,0,0,1,0,0,0,1,0,1,0,0,0,0,0,0,0,1,0,0,0,0,0,0,0,0,0,0,0,0,0,0,0,0,0,0,0,0,0,0,0,1,0,0,0,0,0,0,0,0,0,0,1,0,0,0,0,0,0,0,1,0,0,1,0,0,0,0,0,0,0,0,0,0,0,1,0,0,0,0,0,0,0,0,0,0,0,0,0,1,0,0,0,0,0,0,0,0,0,1,0,0,1,0,0,0,1763,1349,64,9,149.83333333333334,1,0,1.0,0.1666666666666666,5.0,1,16,42,5,1,1,2,0,0,64,0,0.5202312138728323,1,18,35,9,16,0.5096371882086168
499,499,500,20,70.0,7535,4,2,5,7,1958,1985,0.0,3,3,3,3,1,4,111,2,279,522,912,1,1,4,912,0,0,912,0,1,1,0,2,1,3,5,7,297,2,12,285,0,0,0,0,0.5,1,480,6,2007,11.695255355062796,0,0,0,1,0,0,0,0,0,0,0,0,1,2.0,2,True,False,False,False,False,0.0,0.0,6,0,0,1,0,1,0,0,0,0,0,0,1,0,0,0,1,0,1,0,0,0,0,0,0,0,1,0,0,0,0,0,0,0,0,0,0,0,0,0,0,0,0,1,0,0,0,0,0,0,0,0,0,0,0,0,0,0,0,0,0,1,0,0,0,0,0,1,0,0,0,0,1,0,0,0,0,0,0,0,0,0,0,0,0,0,1,0,0,0,0,0,0,0,0,0,0,0,0,0,1,0,0,0,0,0,0,0,0,0,1,0,0,0,0,1824,1302,297,8,152.0,1,0,1.5,0.25,7.5,1,9,49,22,1,0,2,285,1,297,0,0.4271631982475355,1,18,35,9,12,0.4997260273972603
500,500,501,160,21.0,1890,4,2,6,5,1973,1973,285.0,3,3,3,3,1,4,356,1,0,316,672,2,1,4,672,546,0,1218,0,0,1,1,3,1,3,7,7,264,2,144,28,0,0,0,0,0.0,0,0,5,2007,11.635151947212842,0,0,0,1,0,0,0,0,0,0,0,0,1,2.0,2,False,False,False,False,True,0.0,0.0,6,0,0,0,1,1,0,0,0,1,0,0,1,0,0,0,1,0,1,0,0,0,0,0,0,0,1,0,0,0,0,0,0,1,0,0,0,0,0,0,0,0,0,0,0,0,0,0,0,0,0,0,0,0,0,0,0,0,1,0,0,0,0,0,1,0,0,1,0,0,0,0,1,0,0,0,0,0,0,0,0,0,0,0,1,0,0,0,0,0,0,0,0,0,0,0,0,0,1,0,0,0,0,0,0,0,0,0,1,0,1,0,0,0,0,1890,1574,172,11,152.25,2,1,1.5,0.1875,9.0,1,9,34,34,0,0,2,28,1,172,0,0.5289747399702823,1,18,30,9,14,0.6441036488630354
501,501,502,60,75.0,9803,4,2,7,5,2005,2005,0.0,4,3,4,3,1,6,400,1,0,466,866,3,1,4,866,902,0,1768,0,0,2,1,3,1,4,7,7,603,2,0,108,0,0,0,0,0.0,0,0,2,2008,12.331387247601905,0,0,0,1,0,0,0,0,0,0,0,0,1,2.0,4,True,False,False,False,False,0.0,0.0,6,1,0,0,0,1,0,0,0,1,0,0,1,0,0,0,1,0,1,0,0,0,0,0,0,0,1,0,0,0,0,0,0,0,0,0,0,0,0,0,0,0,0,0,0,0,0,0,0,0,0,0,1,0,0,0,0,0,0,0,0,0,0,0,1,0,0,1,0,0,0,0,1,0,0,0,0,0,0,0,0,0,0,0,0,0,0,0,0,0,1,0,0,0,0,0,0,0,0,0,0,0,0,0,0,1,0,0,0,0,0,1,0,0,0,2634,2168,108,11,221.0,2,1,2.5,0.3125,17.5,1,16,3,3,0,1,4,108,1,108,0,0.461361014994233,1,24,35,12,18,0.6709677419354839
502,502,503,20,70.0,9170,4,2,5,7,1965,1965,0.0,3,3,3,3,1,5,698,6,96,420,1214,4,1,4,1214,0,0,1214,1,0,1,0,2,1,3,6,7,461,2,0,0,184,0,0,0,3.0,1,400,4,2007,11.849404844423074,0,0,0,1,0,0,0,0,0,0,0,0,1,2.0,2,False,False,False,False,True,0.0,0.0,6,0,0,1,0,1,0,0,0,1,0,0,1,0,0,0,0,1,0,0,0,0,0,0,0,0,1,0,0,0,0,0,0,0,0,0,0,0,1,0,0,0,0,0,0,0,0,0,0,0,0,0,0,0,0,0,0,0,0,0,0,1,0,0,0,0,0,0,0,1,0,0,1,0,0,0,0,0,0,0,0,0,0,0,0,0,1,0,0,0,0,0,0,0,0,0,0,0,0,0,1,0,0,0,0,0,0,0,0,0,1,0,0,0,0,2428,2008,184,9,173.42857142857142,1,0,2.0,0.2857142857142857,10.0,1,9,42,42,0,0,2,184,1,184,0,0.6534979423868312,1,18,35,9,15,0.4997941539728283
503,503,504,20,100.0,15602,4,2,7,8,1959,1997,0.0,3,3,3,3,1,5,1247,1,0,254,1501,2,1,4,1801,0,0,1801,1,0,2,0,1,1,3,6,7,484,2,0,54,0,0,161,0,1.0,0,0,3,2010,12.574185427296197,0,0,0,1,0,0,0,0,0,0,0,0,1,2.0,2,True,False,False,False,False,3.0,3.295836866004329,6,0,0,1,0,1,0,0,0,0,0,0,1,0,0,0,1,0,1,0,0,0,0,0,0,0,1,0,0,0,0,0,0,0,0,0,0,1,0,0,0,0,0,0,0,0,0,0,0,0,0,0,0,0,0,0,0,0,0,0,0,1,0,0,0,0,0,1,0,0,0,0,1,0,0,0,0,0,0,0,0,1,0,0,0,0,0,0,0,0,0,0,0,0,0,0,0,0,0,0,0,0,0,0,0,0,1,0,0,0,1,0,0,0,0,3302,3048,215,8,257.2857142857143,1,0,3.0,0.4285714285714285,21.0,1,9,51,13,1,0,2,215,1,215,0,0.8302263648468708,1,18,56,9,15,0.5452618831365426
504,504,505,160,24.0,2308,4,2,6,5,1974,1974,0.0,3,3,3,3,1,5,257,3,495,103,855,2,1,4,855,467,0,1322,0,1,2,1,3,1,3,6,7,440,2,260,0,0,0,0,0,0.0,0,0,6,2009,11.898194668458824,0,0,0,1,0,0,0,0,0,0,0,0,1,2.0,2,True,False,False,False,False,2.0,1.3862943611198906,6,0,0,1,0,1,0,0,0,1,0,0,1,0,0,0,1,0,1,0,0,0,0,0,0,0,1,0,0,0,0,0,0,0,0,0,0,0,0,0,0,0,0,0,1,0,0,0,0,0,0,0,0,0,0,0,0,0,0,1,0,0,0,0,1,0,0,1,0,0,0,0,1,0,0,0,0,0,0,0,0,0,0,0,0,0,0,1,0,0,0,0,0,0,1,0,0,0,0,0,0,0,0,0,0,0,0,0,0,0,1,0,0,0,0,2177,2074,260,10,188.8571428571429,2,1,3.0,0.4285714285714285,18.0,1,9,35,35,0,0,2,0,0,260,0,0.8785046728971962,1,18,30,9,14,0.6069788797061524
505,505,506,90,60.0,7596,4,2,5,5,1952,1952,360.0,3,3,3,3,1,1,0,1,0,960,960,3,1,4,960,1000,0,1960,0,0,2,0,4,2,3,10,7,400,0,0,0,0,0,0,0,0.0,0,0,7,2009,11.732069026983156,0,0,0,1,0,0,0,0,0,0,0,0,0,2.0,2,False,False,False,False,True,0.0,0.0,6,0,0,0,1,1,0,0,0,1,0,0,1,0,0,0,1,0,0,0,0,0,0,0,0,0,1,0,0,0,0,0,0,0,0,0,0,0,0,0,0,0,0,0,0,0,0,0,1,0,0,0,0,0,0,0,0,1,0,0,0,0,0,0,1,0,0,0,0,1,0,0,1,0,0,0,0,0,0,0,0,0,0,0,0,0,0,0,0,0,0,1,0,0,0,0,0,0,0,0,0,0,0,0,0,0,1,0,1,0,1,0,0,0,0,2920,1960,0,16,178.1818181818182,2,1,2.0,0.1818181818181818,10.0,2,9,57,57,0,0,2,0,0,0,0,0.0,0,18,25,9,14,0.671003081136597
506,506,507,60,80.0,9554,4,2,8,5,1993,1994,125.0,4,3,4,3,1,6,380,1,0,397,777,4,1,4,1065,846,0,1911,0,0,2,1,3,1,4,8,7,471,2,182,81,0,0,0,0,0.0,0,0,9,2006,12.278397958261774,0,0,0,1,0,0,0,0,0,0,0,0,1,2.0,3,True,False,False,False,False,3.0,2.079441541679836,6,0,0,1,0,1,0,0,0,0,0,0,1,0,0,0,1,0,1,0,0,0,0,0,0,0,1,0,0,0,0,0,0,0,0,0,0,0,0,0,0,0,0,0,0,0,0,0,0,0,0,1,0,0,0,0,0,0,0,0,0,0,0,0,1,0,0,1,0,0,0,0,1,0,0,0,0,0,0,0,0,0,0,0,0,0,0,0,0,0,1,0,0,0,0,0,0,0,0,0,0,0,0,0,0,1,0,0,1,0,0,1,0,0,0,2688,2291,263,12,212.33333333333331,2,1,2.5,0.2777777777777778,20.0,1,16,13,12,1,0,3,81,1,263,0,0.4884318766066838,1,24,40,12,20,0.7106731126812942
507,507,508,20,75.0,7862,4,2,6,5,2009,2009,0.0,4,3,4,3,1,6,27,1,0,1191,1218,4,1,4,1218,0,0,1218,0,0,2,0,2,1,4,4,7,676,2,0,102,0,0,0,0,0.0,0,0,9,2009,12.246739428005665,0,0,0,0,1,0,0,0,0,0,1,0,0,2.0,4,True,False,False,False,False,0.0,0.0,6,1,0,0,0,1,0,0,0,0,0,0,1,0,0,0,1,0,1,0,0,0,0,0,0,0,1,0,0,0,0,0,0,0,0,0,0,0,0,0,0,0,0,0,0,0,0,0,0,0,0,0,1,0,0,0,0,0,0,0,0,1,0,0,0,0,0,1,0,0,0,0,1,0,0,0,0,0,0,0,0,0,0,0,0,0,0,0,0,0,1,0,0,0,0,0,0,0,0,0,0,0,0,0,0,1,0,0,0,0,0,1,0,0,0,2436,1245,102,7,243.6,1,0,2.0,0.4,12.0,1,16,0,0,0,1,4,102,1,102,0,0.0221493027071369,1,24,30,12,18,0.4997948297086582
508,508,509,70,60.0,9600,4,2,7,9,1928,2005,0.0,3,5,3,3,1,3,141,1,0,548,689,4,1,4,689,689,0,1378,0,0,2,0,3,1,4,7,7,360,0,0,0,116,0,0,0,0.0,0,0,10,2008,11.989165855127435,0,0,0,1,0,0,0,0,0,0,0,0,1,2.0,1,False,False,False,False,True,4.0,2.772588722239781,6,0,0,0,1,1,0,0,0,1,0,0,1,0,0,0,1,0,1,0,0,0,0,0,0,0,1,0,0,0,0,0,0,0,0,0,0,0,0,0,0,0,0,0,0,0,0,0,1,0,0,0,0,0,0,0,0,0,0,0,0,0,0,0,1,0,0,0,1,0,0,0,1,0,0,0,0,0,0,0,0,0,0,0,0,0,1,0,0,0,0,0,0,0,0,0,0,0,0,0,1,0,0,0,0,0,0,0,0,0,0,0,0,0,0,2067,1519,116,11,172.25,2,1,2.0,0.25,14.0,1,16,80,3,1,1,1,116,1,116,0,0.2043478260869565,1,18,63,15,18,0.6663442940038685
509,509,510,20,80.0,9600,4,2,5,6,1959,1959,132.0,3,3,3,3,1,5,991,1,0,50,1041,4,1,4,1041,0,0,1041,1,0,1,0,3,1,3,6,7,270,2,224,88,0,0,0,0,2.0,0,0,7,2009,11.732069026983156,0,0,0,1,0,0,0,0,0,0,0,0,1,2.0,2,True,False,False,False,False,0.0,0.0,6,0,0,1,0,1,0,0,0,1,0,0,1,0,0,0,0,0,1,0,0,0,0,0,0,0,1,0,0,0,0,0,0,0,0,0,0,0,0,0,0,0,0,1,0,0,0,0,0,0,0,0,0,0,0,0,0,0,0,0,0,1,0,0,0,0,0,1,0,0,0,0,1,0,0,0,0,0,0,0,0,0,0,0,0,0,1,0,0,0,0,0,0,0,0,0,0,0,0,0,1,0,0,0,0,0,0,0,1,0,1,0,0,0,0,2082,2032,312,10,148.71428571428572,1,0,2.0,0.2857142857142857,10.0,1,9,50,50,0,0,2,88,1,312,0,0.9510556621880998,1,18,30,9,15,0.499759961593855
510,510,511,20,75.0,14559,4,2,5,7,1951,2000,70.0,4,3,3,3,1,4,650,3,180,178,1008,4,1,4,1363,0,0,1363,1,0,1,0,2,1,3,6,6,288,2,324,42,0,0,168,0,0.0,1,2000,6,2009,12.013100572810686,0,0,0,1,0,0,0,0,0,0,0,0,1,2.0,2,False,False,False,True,False,3.0,3.295836866004329,6,0,0,1,0,1,0,0,0,1,0,0,1,0,0,0,1,0,1,0,0,0,0,0,0,0,1,0,0,0,0,0,0,0,0,0,0,0,0,0,0,0,0,1,0,0,0,0,0,0,0,0,0,0,0,0,0,0,0,0,0,1,0,0,0,0,0,0,0,1,0,0,1,0,0,0,0,0,0,0,0,0,0,0,0,0,0,0,0,0,0,1,0,0,0,0,0,0,0,0,0,0,0,0,0,0,1,0,0,0,1,0,0,0,0,2371,2193,534,9,194.7142857142857,1,0,2.0,0.2857142857142857,10.0,1,9,58,9,1,1,2,210,1,534,0,0.8225966303270565,1,18,35,12,16,0.5746205733558178
511,511,512,120,40.0,6792,4,2,7,5,2005,2006,94.0,4,3,4,3,1,1,0,1,0,1368,1368,4,1,4,1368,0,0,1368,0,0,2,0,2,1,4,6,7,474,2,132,35,0,0,0,0,0.0,0,0,3,2006,12.2193145828011,0,0,0,0,1,0,0,0,0,0,1,0,0,2.0,4,True,False,False,False,False,4.0,2.772588722239781,6,0,0,1,0,1,0,0,0,0,0,0,1,0,0,0,1,0,1,0,0,0,0,0,0,0,1,0,0,0,0,0,0,0,0,0,0,0,0,0,0,0,0,0,0,0,0,1,0,0,0,0,0,0,0,0,0,0,0,1,0,1,0,0,0,0,0,1,0,0,0,0,1,0,0,0,0,0,0,0,0,0,0,0,0,0,0,0,0,0,1,0,0,0,0,0,0,0,0,0,0,0,0,0,0,1,0,0,0,1,0,1,0,0,0,2736,1368,167,9,195.42857142857144,1,0,2.0,0.2857142857142857,14.0,1,16,1,0,1,1,4,35,1,167,0,0.0,0,24,35,12,19,0.4998173182316405
512,512,513,20,70.0,9100,4,2,5,5,1958,1958,0.0,3,3,3,3,1,4,521,2,174,169,864,2,1,4,864,0,0,864,1,0,1,0,3,1,3,5,7,624,2,0,0,0,0,0,0,0.0,0,0,7,2006,11.774527900858468,0,0,0,1,0,0,0,0,0,0,0,0,1,2.0,2,False,False,False,False,True,0.0,0.0,6,0,0,1,0,1,0,0,0,1,0,0,1,0,0,0,0,1,0,0,0,0,0,0,0,0,1,0,0,0,0,0,0,0,0,0,0,0,0,0,0,0,0,1,0,0,0,0,0,0,0,0,0,0,0,0,0,0,0,0,0,1,0,0,0,0,0,1,0,0,0,0,1,0,0,0,0,0,0,0,0,0,0,0,0,0,0,0,0,0,1,0,0,0,0,0,0,0,0,0,0,0,0,0,0,1,0,0,0,0,1,0,0,0,0,1728,1559,0,9,144.0,1,0,2.0,0.3333333333333333,10.0,1,9,48,48,0,0,2,0,0,0,0,0.8034682080924855,1,18,25,9,13,0.4997108155002892
513,513,514,20,71.0,9187,4,2,6,5,1983,1983,0.0,3,4,3,3,1,5,336,1,0,748,1084,2,1,4,1080,0,0,1080,0,0,1,1,3,1,3,5,7,484,2,120,0,158,0,0,0,0.0,0,0,6,2007,11.80560254159177,0,0,0,1,0,0,0,0,0,0,0,0,1,2.0,3,True,False,False,False,False,0.0,0.0,6,0,0,1,0,1,0,0,0,1,0,0,0,0,0,0,0,0,1,0,0,0,0,0,0,0,1,0,0,0,0,0,0,0,0,0,0,0,0,0,0,0,1,0,0,0,0,0,0,0,0,0,0,0,0,0,0,0,0,0,0,1,0,0,0,0,0,1,0,0,0,0,1,0,0,0,0,0,0,0,0,0,0,0,0,0,0,0,0,0,1,0,0,0,0,0,0,0,0,0,0,0,0,0,0,1,0,0,0,0,0,1,0,0,0,2164,1416,278,9,180.0,1,0,1.5,0.25,9.0,1,9,24,24,0,0,3,158,1,278,0,0.3096774193548387,1,18,30,12,14,0.4988452655889145
514,514,515,45,55.0,10594,4,2,5,5,1926,1950,0.0,3,3,3,3,1,1,0,1,0,768,768,1,0,4,789,0,0,789,0,0,1,0,2,1,3,5,7,200,2,0,0,112,0,0,0,2.0,0,0,6,2007,11.477308649967686,0,0,0,1,0,0,0,0,0,0,0,0,1,1.0,1,False,False,False,False,True,0.0,0.0,1,0,0,1,0,1,0,0,0,1,0,0,1,0,0,0,1,0,1,0,0,0,0,0,0,0,1,0,0,0,0,0,0,0,0,0,0,1,0,0,0,0,0,0,0,0,0,0,0,0,0,0,0,0,0,0,0,0,0,0,1,0,0,0,0,0,0,1,0,0,0,0,1,0,0,0,0,0,0,0,0,0,0,0,0,0,0,0,0,0,0,1,0,0,0,0,0,0,0,0,0,0,0,0,0,0,1,0,0,0,0,0,0,0,0,1557,789,112,8,131.5,1,0,1.0,0.1666666666666666,5.0,1,9,81,57,1,0,1,112,1,112,0,0.0,0,18,25,9,12,0.506418485237484
515,515,516,20,94.0,12220,4,2,10,5,2009,2009,305.0,5,3,5,3,1,6,1436,1,0,570,2006,4,1,4,2020,0,0,2020,1,0,2,1,3,1,5,9,7,900,2,156,54,0,0,0,0,0.0,0,0,9,2009,12.90634935052389,0,0,0,0,1,0,0,0,0,0,1,0,0,2.0,4,True,False,False,False,False,4.0,2.772588722239781,6,0,0,1,0,1,0,0,0,1,0,0,1,0,0,0,1,0,1,0,0,0,0,0,0,0,1,0,0,0,0,0,0,0,0,0,0,0,0,0,0,0,0,0,0,0,0,1,0,0,0,0,0,0,0,0,0,0,0,0,0,1,0,0,0,0,0,0,0,1,0,0,1,0,0,0,0,0,0,0,0,0,0,1,0,0,0,0,0,0,0,0,0,0,0,0,0,1,0,0,0,0,0,0,0,0,0,0,1,0,1,0,0,0,0,4026,3456,210,13,202.0,1,0,3.5,0.35,35.0,1,25,0,0,0,1,4,54,1,210,0,0.715495764823119,1,30,50,15,24,0.5016141047926496
516,516,517,80,0.0,10448,4,2,6,6,1972,1972,333.0,3,3,3,3,1,1,0,1,0,689,689,2,1,4,1378,741,0,2119,0,0,2,1,3,1,3,7,7,583,2,0,104,0,0,0,0,3.0,0,0,8,2009,11.970356641103,0,0,0,0,0,0,0,0,0,0,0,0,0,2.0,2,True,False,False,False,False,3.0,2.079441541679836,6,0,0,1,0,1,0,0,0,0,0,0,1,0,0,0,0,0,1,0,0,0,0,0,0,0,1,0,0,0,0,0,0,0,0,0,0,0,0,0,0,0,0,0,0,1,0,0,0,0,0,0,0,0,0,0,0,0,0,0,0,0,0,0,0,0,1,1,0,0,0,0,1,0,0,0,0,0,0,0,0,0,0,0,1,0,0,0,0,0,0,0,0,0,0,0,0,0,1,0,0,0,0,0,0,0,0,0,1,0,1,0,0,0,0,2808,2119,104,11,264.875,2,1,2.5,0.3125,15.0,1,9,37,37,0,0,2,104,1,104,0,0.0,0,18,36,9,14,0.7543609825560698
517,517,518,60,79.0,10208,4,2,7,5,1996,1997,921.0,4,3,4,3,1,1,0,1,0,1264,1264,4,1,4,1277,1067,0,2344,0,0,2,1,3,1,4,7,7,889,2,220,0,0,0,0,0,0.0,0,0,7,2009,12.487488878546143,0,0,0,1,0,0,0,0,0,0,0,0,1,2.0,3,True,False,False,False,False,3.0,2.079441541679836,6,0,0,1,0,1,0,0,0,0,0,0,1,0,0,0,1,0,1,0,0,0,0,0,0,0,1,0,0,0,0,0,0,0,0,0,0,0,0,0,0,0,0,0,0,0,1,0,0,0,0,0,0,0,0,0,0,0,0,0,0,0,0,0,1,0,0,1,0,0,0,0,1,0,0,0,0,0,0,0,0,0,0,0,0,0,0,0,0,0,1,0,0,0,0,0,0,0,0,0,0,0,0,0,0,1,0,0,1,0,0,1,0,0,0,3608,2344,220,11,293.0,2,1,2.5,0.3125,17.5,1,16,13,12,1,0,3,0,0,220,0,0.0,0,24,35,12,19,0.6494873926295373
518,518,519,60,0.0,9531,4,2,6,5,1998,1998,0.0,3,3,4,3,2,6,706,1,0,88,794,4,1,4,882,914,0,1796,1,0,2,1,3,1,3,7,7,546,2,0,36,0,0,0,0,2.0,0,0,5,2007,12.259618151783464,0,0,0,1,0,0,0,0,0,0,0,0,1,2.0,3,True,False,False,False,False,0.0,0.0,6,0,0,1,0,1,0,0,0,0,0,0,1,1,0,0,0,0,1,0,0,0,0,0,0,0,1,0,0,0,0,0,0,0,0,0,1,0,0,0,0,0,0,0,0,0,0,0,0,0,0,0,0,0,0,0,0,0,0,0,0,0,0,0,1,0,0,1,0,0,0,0,1,0,0,0,0,0,0,0,0,0,0,0,0,0,0,0,0,0,1,0,0,0,0,0,0,0,0,0,0,0,0,0,0,1,0,0,0,0,0,1,0,0,0,2590,2502,36,11,224.5,2,1,3.5,0.4375,21.0,1,9,9,9,0,1,4,36,1,36,0,0.8880503144654088,1,36,30,9,16,0.6931686607487456
519,519,520,70,53.0,10918,4,2,7,9,1926,2004,0.0,4,3,4,3,1,1,0,1,0,1276,1276,4,1,4,1276,804,0,2080,0,0,1,1,3,1,4,9,7,282,2,0,0,0,0,145,0,2.0,0,0,6,2009,12.36308066783498,0,0,0,1,0,0,0,0,0,0,0,0,1,2.0,1,False,False,False,False,True,4.0,4.394449154672439,6,0,0,1,0,1,0,0,0,1,0,0,1,0,0,0,1,0,1,0,0,0,0,0,0,0,1,0,0,0,0,0,0,0,0,0,0,1,0,0,0,0,0,0,0,0,0,0,0,0,0,0,0,0,0,0,0,0,0,0,0,0,0,0,1,0,0,0,1,0,0,0,1,0,0,0,0,0,0,0,0,0,0,0,0,0,1,0,0,0,0,0,0,0,0,0,0,0,0,0,1,0,0,0,0,0,0,0,0,0,0,0,0,0,0,3356,2080,145,13,208.0,2,1,1.5,0.15,10.5,1,16,83,5,1,1,1,145,1,145,0,0.0,0,24,63,12,19,0.6196008340780459
520,520,521,190,60.0,10800,4,2,4,7,1900,2000,0.0,3,3,0,0,0,0,0,0,0,0,0,2,0,3,694,600,0,1294,0,0,2,0,3,2,3,7,7,0,0,220,114,210,0,0,0,0.0,0,0,8,2008,11.57355949850708,0,0,0,1,0,0,0,0,0,0,0,0,1,0.0,0,False,False,False,False,False,0.0,0.0,6,0,0,1,0,1,0,0,0,1,0,0,1,0,0,0,1,0,1,0,0,0,0,0,0,0,1,0,0,0,0,0,0,0,0,0,0,0,0,0,0,0,0,0,0,0,0,0,1,0,0,0,0,0,0,0,1,0,0,0,0,0,0,0,1,0,0,1,0,0,0,0,1,0,0,0,0,0,0,0,0,0,0,0,0,0,1,0,0,0,0,0,0,0,0,0,0,0,0,0,1,0,0,0,0,0,0,0,0,0,0,0,0,0,0,1294,1294,544,12,161.75,2,1,2.0,0.25,8.0,2,9,108,8,1,1,1,324,1,544,0,0.0,0,0,28,9,12,0.9992277992277993
521,521,522,20,90.0,11988,4,2,6,6,1957,1957,0.0,3,3,3,3,1,3,777,1,0,467,1244,4,1,3,1244,0,0,1244,0,0,1,1,3,1,3,6,7,336,2,0,40,0,0,0,0,0.0,0,0,5,2007,11.918397239722838,0,0,0,1,0,0,0,0,0,0,0,0,1,2.0,2,True,False,False,False,False,4.0,4.394449154672439,6,0,0,1,0,1,0,0,0,0,0,0,1,0,0,0,0,1,0,0,0,0,0,0,0,0,1,0,0,0,0,0,0,0,0,0,0,0,0,0,0,0,0,1,0,0,0,0,0,0,0,0,0,0,0,0,0,0,0,0,0,1,0,0,0,0,0,1,0,0,0,0,1,0,0,0,0,0,0,0,0,0,0,0,0,0,0,0,0,0,1,0,0,0,0,0,0,0,0,0,0,0,0,0,0,1,0,0,0,0,1,0,0,0,0,2488,2021,40,10,177.71428571428572,1,0,1.5,0.2142857142857142,9.0,1,9,50,50,0,0,2,40,1,40,0,0.6240963855421687,1,18,36,9,16,0.4997991161108879
522,522,523,50,50.0,5000,4,2,6,7,1947,1950,0.0,3,4,3,3,1,5,399,1,0,605,1004,4,1,4,1004,660,0,1664,0,0,2,0,3,1,3,7,7,420,2,0,24,36,0,0,0,0.0,0,0,10,2006,11.976665770490769,0,0,0,1,0,0,0,0,0,0,0,0,1,2.0,1,False,False,False,False,True,4.0,4.394449154672439,6,0,0,0,1,1,0,0,0,1,0,0,1,0,0,0,0,1,0,0,0,0,0,0,0,0,1,0,0,0,0,0,0,0,1,0,0,0,0,0,0,0,0,0,0,0,0,0,0,0,0,0,0,0,0,0,0,0,0,0,0,0,0,0,0,0,0,1,0,0,0,0,1,0,0,0,0,0,0,0,0,0,0,1,0,0,0,0,0,0,0,0,0,0,0,0,0,1,0,0,0,0,0,0,0,0,0,0,0,0,1,0,0,0,0,2668,2063,60,11,208.0,2,1,2.0,0.25,12.0,1,9,59,56,1,0,2,60,1,60,0,0.3970149253731343,1,18,42,12,16,0.6234544773323342
523,523,524,60,130.0,40094,4,2,10,5,2007,2008,762.0,5,3,5,3,4,6,2260,1,0,878,3138,4,1,4,3138,1538,0,4676,1,0,3,1,3,1,5,11,7,884,2,208,406,0,0,0,0,0.0,0,0,10,2007,12.126764251515691,0,0,0,0,1,0,0,0,0,0,1,0,0,2.0,4,False,False,True,False,False,4.0,2.772588722239781,6,0,0,1,0,1,0,0,0,0,0,0,0,0,0,0,1,0,0,0,1,0,0,0,0,0,0,0,1,0,0,0,0,0,0,0,0,0,1,0,0,0,0,0,0,0,0,0,0,0,0,0,0,0,0,0,0,0,0,0,0,0,0,0,1,0,0,0,0,1,0,0,1,0,0,0,0,0,0,0,0,0,0,1,0,0,0,0,0,0,0,0,0,0,0,0,0,1,0,0,0,0,0,0,0,0,0,0,0,1,0,1,0,0,0,7814,6936,614,15,389.6666666666667,2,1,4.5,0.375,45.0,1,25,0,-1,1,1,4,406,1,614,0,0.7199745141764893,1,75,50,15,24,0.5983365323096609
524,524,525,60,95.0,11787,4,2,7,5,1996,1997,594.0,4,3,4,3,1,6,719,1,0,660,1379,4,1,4,1383,1015,0,2398,1,0,2,1,3,1,4,8,7,834,2,239,60,0,0,0,0,0.0,0,0,8,2007,12.662709207270272,0,0,0,1,0,0,0,0,0,0,0,0,1,2.0,3,True,False,False,False,False,3.0,2.079441541679836,6,0,0,1,0,1,0,0,0,0,0,0,1,0,0,0,1,0,1,0,0,0,0,0,0,0,1,0,0,0,0,0,0,0,0,0,0,0,0,0,0,0,0,0,0,0,1,0,0,0,0,0,0,0,0,0,0,0,0,0,0,0,0,0,1,0,0,1,0,0,0,0,1,0,0,0,0,0,0,0,0,0,0,0,0,0,0,0,0,0,1,0,0,0,0,0,0,0,0,0,0,0,0,0,0,1,0,0,1,0,0,1,0,0,0,3777,3117,299,12,266.44444444444446,2,1,3.5,0.3888888888888889,24.5,1,16,11,10,1,1,3,60,1,299,0,0.5210144927536232,1,24,35,12,19,0.6347273689782954
525,525,526,20,62.0,7500,4,2,7,5,2005,2005,0.0,4,3,4,3,1,1,0,1,0,1257,1257,4,1,4,1266,0,0,1266,0,0,2,0,3,1,4,6,7,453,2,38,144,0,0,0,0,0.0,0,0,4,2006,12.07824495582233,0,0,0,1,0,0,0,0,0,0,0,0,1,2.0,4,True,False,False,False,False,3.0,2.079441541679836,6,1,0,0,0,1,1,0,0,1,0,0,1,0,0,0,1,0,1,0,0,0,0,0,0,0,1,0,0,0,0,0,0,0,0,0,0,0,0,0,0,0,0,0,0,0,0,0,0,0,0,0,1,0,0,0,0,0,0,0,0,1,0,0,0,0,0,1,0,0,0,0,1,0,0,0,0,0,0,0,0,0,0,0,0,0,0,0,0,0,1,0,0,0,0,0,0,0,0,0,0,0,0,0,0,1,0,0,0,0,0,1,0,0,0,2523,1266,182,10,180.8571428571429,1,0,2.0,0.2857142857142857,14.0,1,16,1,1,0,1,4,144,1,182,0,0.0,0,24,35,12,19,0.5015847860538827
526,526,527,20,70.0,13300,4,2,5,7,1956,2000,0.0,3,3,4,3,1,3,377,1,0,551,928,2,1,4,928,0,0,928,0,0,1,0,2,1,3,4,7,252,2,261,0,156,0,0,0,0.0,0,0,6,2007,11.790564777297387,0,0,0,1,0,0,0,0,0,0,0,0,1,2.0,2,True,False,False,False,False,0.0,0.0,6,0,0,1,0,1,0,0,0,1,0,0,1,0,0,0,1,0,1,0,0,0,0,0,0,0,1,0,0,0,0,0,0,0,0,0,0,0,0,0,0,0,0,1,0,0,0,0,0,0,0,0,0,0,0,0,0,0,0,0,0,1,0,0,0,0,0,0,0,1,0,0,1,0,0,0,0,0,0,0,0,0,0,0,0,0,0,0,0,0,0,1,0,0,0,0,0,0,0,0,0,0,0,0,0,0,1,0,0,0,1,0,0,0,0,1856,1305,417,7,185.6,1,0,1.0,0.2,5.0,1,9,51,7,1,1,2,156,1,417,0,0.4058127018299246,1,24,35,9,13,0.4997307485191168
527,527,528,60,67.0,14948,4,2,9,5,2008,2008,268.0,5,3,5,3,3,6,1330,1,0,122,1452,4,1,4,1476,1237,0,2713,1,0,2,1,3,1,5,11,7,858,2,126,66,0,0,0,0,0.0,0,0,11,2008,13.00866150247074,0,0,0,0,1,0,0,0,0,0,1,0,0,2.0,4,True,False,False,False,False,4.0,2.772588722239781,6,0,0,1,0,1,0,0,0,0,0,0,1,0,0,0,1,0,1,0,0,0,0,0,0,0,1,0,0,0,0,0,0,0,0,0,0,0,0,0,0,0,0,0,0,0,0,1,0,0,0,0,0,0,0,0,0,0,0,0,0,0,0,0,1,0,0,0,0,1,0,0,1,0,0,0,0,0,0,0,0,0,0,0,0,0,0,0,0,0,1,0,0,0,0,0,0,0,0,0,0,0,0,0,0,1,0,0,0,1,0,1,0,0,0,4165,4043,192,15,226.08333333333331,2,1,3.5,0.2916666666666667,31.5,1,25,0,0,0,1,4,66,1,192,0,0.9153475567790778,1,60,45,15,23,0.6512241958713394
528,528,529,30,58.0,9098,4,2,4,7,1920,2002,0.0,3,3,3,3,2,5,348,1,0,180,528,4,1,4,605,0,0,605,1,0,1,0,2,1,3,5,7,0,0,0,0,144,0,0,0,0.0,0,0,7,2007,11.362114203075018,0,0,0,1,0,0,0,0,0,0,0,0,1,0.0,0,False,False,False,False,False,0.0,0.0,6,0,0,1,0,1,0,0,0,0,0,0,1,0,0,0,1,0,1,0,0,0,0,0,0,0,1,0,0,0,0,0,0,0,0,0,0,0,1,0,0,0,0,0,0,0,0,0,0,0,0,0,0,0,0,0,0,0,0,0,0,1,0,0,0,0,0,1,0,0,0,0,1,0,0,0,0,0,0,0,0,0,0,0,0,0,0,0,0,0,0,1,0,0,0,0,0,0,0,0,0,0,0,0,0,0,1,0,0,0,0,0,0,0,0,1133,953,144,8,100.83333333333331,1,0,2.0,0.3333333333333333,8.0,1,9,87,5,1,1,1,144,1,144,0,0.6578449905482041,1,27,28,9,14,0.5335097001763669
529,529,530,20,0.0,32668,4,2,6,3,1957,1975,0.0,4,3,3,3,1,3,1219,1,0,816,2035,2,1,4,2515,0,0,2515,1,0,3,0,4,2,3,9,3,484,2,0,0,200,0,0,0,0.0,0,0,3,2007,12.209192772866418,0,1,0,0,0,0,0,0,0,0,0,0,1,2.0,2,True,False,False,False,False,3.0,3.295836866004329,6,0,0,1,0,1,0,0,0,0,0,0,1,1,0,0,0,0,1,0,0,0,0,0,0,0,1,0,0,0,0,0,0,0,0,0,0,1,0,0,0,0,0,0,0,0,0,0,0,0,0,0,0,0,0,0,0,0,0,0,0,1,0,0,0,0,0,0,0,1,0,0,1,0,0,0,0,0,0,0,0,0,0,0,0,0,0,0,0,0,0,1,0,0,0,0,0,0,0,0,0,0,0,1,0,0,0,0,0,0,0,1,0,0,0,4550,3734,200,15,251.5,1,0,4.0,0.4,24.0,2,9,50,32,1,0,2,200,1,200,0,0.5987229862475442,1,18,18,12,15,0.5526257965282355
530,530,531,80,85.0,10200,4,2,6,5,1988,1989,219.0,4,3,4,3,3,6,783,1,0,678,1461,4,1,4,1509,0,0,1509,1,0,2,0,3,1,4,5,7,600,2,224,0,0,0,0,0,0.0,0,0,8,2008,12.07254696717504,0,0,0,0,0,0,0,0,0,0,0,0,1,2.0,3,True,False,False,False,False,2.0,1.3862943611198906,6,0,0,1,0,1,0,0,0,1,0,0,1,0,0,0,1,0,1,0,0,0,0,0,0,0,1,0,0,0,0,0,0,0,0,0,0,0,0,0,0,0,0,0,0,0,0,0,0,0,0,0,0,0,1,0,0,0,0,0,0,0,0,0,0,0,1,1,0,0,0,0,1,0,0,0,0,0,0,0,0,0,0,0,1,0,0,0,0,0,0,0,0,0,0,0,0,0,1,0,0,0,0,0,0,0,0,0,1,0,1,0,0,0,0,2970,2292,224,9,251.5,1,0,3.0,0.5,18.0,1,16,20,19,1,0,3,0,0,224,0,0.5355677154582763,1,48,30,12,18,0.5079097946819253
531,531,532,70,60.0,6155,4,2,6,8,1920,1999,0.0,3,3,2,2,2,1,0,1,0,611,611,4,1,4,751,611,0,1362,0,0,2,0,3,1,3,6,7,502,2,0,0,84,0,0,0,0.0,0,0,6,2008,11.759793355371237,0,0,0,1,0,0,0,0,0,0,0,0,1,2.0,1,False,False,False,False,True,0.0,0.0,6,0,0,0,1,1,0,0,0,0,0,0,1,0,0,1,0,0,0,0,0,0,0,0,1,1,0,0,0,0,0,0,0,0,1,0,0,0,0,0,0,0,0,0,0,0,0,0,0,0,0,0,0,0,0,0,0,0,0,0,0,0,0,0,1,0,0,1,0,0,0,0,1,0,0,0,0,0,0,0,0,0,0,0,0,0,0,0,0,0,0,1,0,0,0,0,0,0,0,0,0,0,0,0,0,0,1,0,0,0,0,0,0,0,0,1973,1362,84,10,194.57142857142856,2,1,2.0,0.2857142857142857,12.0,1,9,88,9,1,1,1,84,1,84,0,0.0,0,12,48,9,16,0.6899696048632219
532,532,533,20,60.0,7200,4,2,5,7,1955,2007,0.0,3,3,0,0,0,0,0,0,0,0,0,4,1,4,827,0,0,827,0,0,1,0,2,1,3,5,4,392,2,0,0,0,0,0,0,0.0,0,0,4,2010,11.58525542883217,0,0,0,1,0,0,0,0,0,0,0,0,1,2.0,2,False,False,False,False,True,1.0,0.6931471805599453,6,0,0,1,0,1,0,0,0,1,0,0,1,0,0,0,1,0,1,0,0,0,0,0,0,0,1,0,0,0,0,0,0,0,0,0,0,0,0,0,0,0,0,1,0,0,0,0,0,0,0,0,0,0,0,0,0,0,0,0,0,1,0,0,0,0,0,1,0,0,0,0,1,0,0,0,0,0,0,0,0,0,0,0,0,0,0,0,0,0,1,0,0,0,0,0,0,0,0,0,0,0,0,0,0,1,0,0,0,0,0,0,1,0,0,827,827,0,8,137.83333333333334,1,0,1.0,0.1666666666666666,5.0,1,9,55,3,1,1,2,0,0,0,0,0.0,0,0,35,9,15,0.998792270531401
533,533,534,20,50.0,5000,4,1,1,3,1946,1950,0.0,2,2,0,0,0,0,0,0,0,0,0,1,0,2,334,0,0,334,0,0,1,0,1,1,2,2,7,0,0,0,0,0,0,0,0,0.0,0,0,1,2007,10.579005242826248,0,0,0,1,0,0,0,0,0,0,0,0,1,0.0,0,False,False,False,False,False,0.0,0.0,6,0,0,1,0,1,0,0,0,1,0,1,0,0,0,0,1,0,1,0,0,0,0,0,0,0,1,0,0,0,0,0,0,0,1,0,0,0,0,0,0,0,0,0,0,0,0,0,0,0,0,0,0,0,0,0,0,0,0,0,0,1,0,0,0,0,0,1,0,0,0,0,1,0,0,0,0,0,0,0,0,0,0,0,0,0,0,0,0,0,1,0,0,0,0,0,0,0,0,0,0,0,0,0,0,1,0,0,0,0,0,0,1,0,0,334,334,0,4,111.33333333333331,1,0,1.0,0.3333333333333333,1.0,1,4,61,57,1,0,1,0,0,0,0,0.0,0,0,3,4,6,0.9970149253731344
534,534,535,60,74.0,9056,4,2,8,5,2004,2004,0.0,4,3,5,4,3,1,0,1,0,707,707,4,1,4,707,707,0,1414,0,0,2,1,3,1,4,6,7,403,2,100,35,0,0,0,0,0.0,0,0,10,2006,12.08954444723597,0,0,0,1,0,0,0,0,0,0,0,0,1,2.0,4,True,False,False,False,False,4.0,2.772588722239781,6,0,0,1,0,1,0,0,0,0,0,0,1,0,0,0,1,0,1,0,0,0,0,0,0,0,1,0,0,0,0,0,0,0,0,0,0,0,0,1,0,0,0,0,0,0,0,0,0,0,0,0,0,0,0,0,0,0,0,0,0,0,0,0,1,0,0,1,0,0,0,0,1,0,0,0,0,0,0,0,0,0,0,0,0,0,0,0,0,0,1,0,0,0,0,0,0,0,0,0,0,0,0,0,0,1,0,0,0,0,0,1,0,0,0,2121,1414,135,10,202.0,2,1,2.5,0.3571428571428571,20.0,1,16,2,2,0,1,4,35,1,135,0,0.0,0,80,40,12,20,0.6663524976437323
535,535,536,190,70.0,7000,4,2,5,7,1910,1991,0.0,3,3,4,3,4,6,969,1,0,148,1117,2,1,4,820,527,0,1347,1,0,1,0,3,1,3,5,7,0,0,85,0,148,0,0,0,0.0,0,0,1,2008,11.58525542883217,0,0,0,1,0,0,0,0,0,0,0,0,1,0.0,0,False,False,False,False,False,0.0,0.0,6,0,0,1,0,1,0,0,0,1,0,0,1,0,0,0,1,0,1,0,0,0,0,0,0,0,1,0,0,0,0,0,0,0,0,0,0,0,1,0,0,0,0,0,0,0,0,0,0,0,0,0,0,0,0,0,1,0,0,0,0,0,0,0,1,0,0,1,0,0,0,0,1,0,0,0,0,0,0,0,0,0,0,0,0,0,1,0,0,0,0,0,0,0,0,0,0,0,0,0,1,0,0,0,0,0,0,0,0,0,1,0,0,0,0,2464,2316,233,9,224.5,2,1,2.0,0.3333333333333333,10.0,1,9,98,17,1,0,1,148,1,233,0,0.8667262969588551,1,60,35,9,13,0.5464503042596349
536,536,537,60,57.0,8924,4,2,7,5,1998,1999,0.0,3,3,4,3,3,1,0,1,0,880,880,4,1,4,880,844,0,1724,0,0,2,1,3,1,4,8,7,527,2,120,155,0,0,0,0,0.0,0,0,7,2008,12.144202560946876,0,0,0,1,0,0,0,0,0,0,0,0,1,2.0,3,True,False,False,False,False,0.0,0.0,6,0,0,1,0,1,0,0,0,0,0,0,1,1,0,0,0,0,1,0,0,0,0,0,0,0,1,0,0,0,0,0,0,0,0,0,1,0,0,0,0,0,0,0,0,0,0,0,0,0,0,0,0,0,0,0,0,0,0,0,0,0,0,0,1,0,0,1,0,0,0,0,1,0,0,0,0,0,0,0,0,0,0,0,0,0,0,0,0,0,1,0,0,0,0,0,0,0,0,0,0,0,0,0,0,1,0,0,0,0,0,1,0,0,0,2604,1724,275,12,191.55555555555557,2,1,2.5,0.2777777777777778,17.5,1,16,10,9,1,1,4,155,1,275,0,0.0,0,48,35,9,18,0.6618042226487524
537,537,538,20,0.0,12735,4,2,4,5,1972,1972,0.0,3,3,3,3,1,4,600,1,0,264,864,2,1,4,864,0,0,864,0,0,1,0,3,1,3,5,7,576,2,216,0,0,0,0,0,0.5,0,0,4,2008,11.619544188752132,0,0,0,1,0,0,0,0,0,0,0,0,0,2.0,2,False,False,False,False,True,0.0,0.0,6,0,0,1,0,1,0,0,0,0,0,0,1,0,1,0,0,0,1,0,0,0,0,0,0,0,1,0,0,0,0,0,0,0,0,0,0,0,0,0,0,0,0,1,0,0,0,0,0,0,0,0,0,0,0,0,0,0,0,0,0,1,0,0,0,0,0,0,0,1,0,0,1,0,0,0,0,0,0,0,0,0,0,0,0,0,1,0,0,0,0,0,0,0,0,0,0,0,0,0,1,0,0,0,0,0,0,0,0,0,1,0,0,0,0,1728,1464,216,9,144.0,1,0,1.0,0.1666666666666666,4.0,1,9,36,36,0,0,2,0,0,216,0,0.6936416184971098,1,18,20,9,12,0.4997108155002892
538,538,539,20,0.0,11553,4,2,5,5,1968,1968,188.0,3,3,3,3,1,4,673,1,0,378,1051,2,1,4,1159,0,0,1159,0,0,1,1,3,1,3,7,7,336,2,466,0,0,0,0,0,0.0,0,0,7,2006,11.970356641103,0,0,0,1,0,0,0,0,0,0,0,0,1,2.0,2,True,False,False,False,False,2.0,1.3862943611198906,6,0,0,1,0,1,0,0,0,0,0,0,1,0,0,0,1,0,1,0,0,0,0,0,0,0,1,0,0,0,0,0,0,0,0,0,0,0,0,0,0,0,0,0,0,0,0,0,0,0,1,0,0,0,0,0,0,0,0,0,0,1,0,0,0,0,0,0,0,1,0,0,1,0,0,0,0,0,0,0,0,0,0,0,0,0,0,1,0,0,0,0,0,0,0,0,0,0,0,0,0,0,1,0,0,0,0,0,1,0,1,0,0,0,0,2210,1832,466,11,144.875,1,0,1.5,0.1875,7.5,1,9,38,38,0,0,2,0,0,466,0,0.6397338403041825,1,18,25,9,13,0.5241971958389868
539,539,540,20,0.0,11423,4,2,8,5,2001,2002,479.0,4,3,4,3,3,6,1358,1,0,223,1581,4,1,4,1601,0,0,1601,1,0,2,0,3,1,4,6,7,670,2,180,0,0,0,0,0,2.0,1,2000,5,2010,12.513561021741964,0,0,0,1,0,0,0,0,0,0,0,0,1,2.0,4,True,False,False,False,False,3.0,2.079441541679836,6,0,0,1,0,1,0,0,0,1,0,0,1,0,0,0,1,0,1,0,0,0,0,0,0,0,1,0,0,0,0,0,0,0,0,0,1,0,0,0,0,0,0,0,0,0,0,0,0,0,0,0,0,0,0,0,0,0,0,0,0,1,0,0,0,0,0,1,0,0,0,0,1,0,0,0,0,0,0,0,0,0,0,0,0,0,0,0,0,0,1,0,0,0,0,0,0,0,0,0,0,0,0,0,0,1,0,0,1,0,0,1,0,0,0,3182,2959,180,10,228.7142857142857,1,0,3.0,0.4285714285714285,24.0,1,16,9,8,1,1,4,0,0,180,0,0.8584070796460177,1,48,40,12,20,0.5029846057178762
540,540,541,20,85.0,14601,4,2,9,5,2006,2006,584.0,5,3,5,3,3,6,1260,1,0,578,1838,4,1,4,1838,0,0,1838,1,0,2,0,2,1,5,8,7,765,2,270,68,0,0,0,0,0.0,0,0,3,2009,12.660331092405906,0,0,0,1,0,0,0,0,0,0,0,0,1,2.0,4,True,False,False,False,False,4.0,2.772588722239781,6,0,0,1,0,1,0,0,0,1,0,0,1,0,0,0,1,0,1,0,0,0,0,0,0,0,1,0,0,0,0,0,0,0,0,0,0,0,0,0,0,0,0,0,0,0,0,0,0,0,0,0,0,0,1,0,0,0,0,0,0,1,0,0,0,0,0,0,0,1,0,0,1,0,0,0,0,0,0,0,0,0,0,0,0,0,0,0,0,0,1,0,0,0,0,0,0,0,0,0,0,0,0,0,0,1,0,0,1,0,0,1,0,0,0,3676,3098,338,11,204.22222222222223,1,0,3.0,0.3333333333333333,27.0,1,25,3,3,0,1,4,68,1,338,0,0.6851549755301795,1,60,45,15,23,0.4998640195811803
541,541,542,60,0.0,11000,4,2,8,5,2000,2000,72.0,4,3,4,3,1,1,0,1,0,969,969,4,1,4,997,1288,0,2285,0,0,2,1,4,1,4,8,7,648,2,0,56,0,0,0,0,0.0,0,0,6,2007,12.421188057397057,0,0,0,1,0,0,0,0,0,0,0,0,1,2.0,3,False,False,True,False,False,3.0,2.079441541679836,6,0,0,1,0,1,0,0,0,1,0,0,1,0,1,0,0,0,1,0,0,0,0,0,0,0,1,0,0,0,0,0,0,0,0,0,0,0,0,0,0,0,0,0,0,0,1,0,0,0,0,0,0,0,0,0,0,0,0,0,0,0,0,0,1,0,0,1,0,0,0,0,1,0,0,0,0,0,0,0,0,0,0,0,0,0,0,0,0,0,1,0,0,0,0,0,0,0,0,0,0,0,0,0,0,1,0,0,1,0,0,1,0,0,0,3254,2285,56,13,253.88888888888889,2,1,2.5,0.2777777777777778,20.0,1,16,7,7,0,1,4,56,1,56,0,0.0,0,24,40,12,20,0.7019969278033794
542,542,543,20,78.0,10140,4,2,7,5,1998,1999,0.0,4,3,5,3,1,2,144,6,1127,379,1650,4,1,4,1680,0,0,1680,1,0,2,0,3,1,4,7,3,583,2,78,73,0,0,0,0,0.0,0,0,6,2009,12.2702251546747,0,0,0,1,0,0,0,0,0,0,0,0,1,2.0,3,True,False,False,False,False,3.0,2.079441541679836,6,0,0,1,0,1,0,0,0,1,0,0,1,0,0,0,1,0,0,0,0,0,1,0,0,0,1,0,0,0,0,0,0,0,0,0,0,0,0,0,0,0,0,0,0,1,0,0,0,0,0,0,0,0,0,0,0,0,0,0,0,1,0,0,0,0,0,0,0,1,0,0,1,0,0,0,0,0,0,0,0,0,0,0,0,0,0,0,0,0,1,0,0,0,0,0,0,0,0,0,0,0,0,0,0,1,0,0,0,0,0,1,0,0,0,3330,2951,151,11,210.0,1,0,3.0,0.375,21.0,1,16,11,10,1,1,3,73,1,151,0,0.7698364627498486,1,30,35,12,19,0.5043530471329931
543,543,544,120,34.0,4058,4,2,7,5,1998,1998,182.0,3,3,4,3,3,6,584,2,139,0,723,4,1,4,767,0,0,767,1,0,1,0,1,1,3,4,7,367,2,120,40,0,0,0,0,0.0,0,0,6,2007,11.798111925972618,0,0,0,1,0,0,0,0,0,0,0,0,1,2.0,3,True,False,False,False,False,0.0,0.0,6,0,1,0,0,1,0,0,0,1,0,0,1,0,0,0,1,0,1,0,0,0,0,0,0,0,1,0,0,0,0,0,0,0,0,0,0,0,0,0,0,0,0,1,0,0,0,0,0,0,0,0,0,0,0,0,0,0,0,1,0,0,0,0,0,1,0,1,0,0,0,0,1,0,0,0,0,0,0,0,0,0,0,0,0,0,1,0,0,0,0,0,0,0,0,0,0,0,0,0,1,0,0,0,0,0,0,0,1,0,0,1,0,0,0,1490,1490,160,6,153.4,1,0,2.0,0.4,14.0,1,9,9,9,0,1,4,40,1,160,0,0.9986187845303868,1,48,35,9,17,0.5144198524480215
544,544,545,60,58.0,17104,4,2,7,5,2006,2006,0.0,4,3,4,4,3,6,554,1,0,100,654,4,1,4,664,832,0,1496,1,0,2,1,3,1,4,7,7,426,2,100,24,0,0,0,0,0.0,0,0,9,2006,12.098854850641,0,0,0,0,1,0,0,0,0,0,1,0,0,2.0,4,True,False,False,False,False,4.0,2.772588722239781,6,0,0,1,0,1,0,0,0,0,0,0,1,0,0,0,1,0,1,0,0,0,0,0,0,0,1,0,0,0,0,0,0,0,0,0,0,0,0,1,0,0,0,0,0,0,0,0,0,0,0,0,0,0,0,0,0,0,0,0,0,0,0,0,1,0,0,1,0,0,0,0,1,0,0,0,0,0,0,0,0,0,0,0,0,0,0,0,0,0,1,0,0,0,0,0,0,0,0,0,0,0,0,0,0,1,0,0,0,0,0,1,0,0,0,2150,2050,124,11,187.0,2,1,3.5,0.4375,24.5,1,16,0,0,0,1,4,24,1,124,0,0.8458015267175573,1,64,35,12,19,0.6954904695490469
545,545,546,50,0.0,13837,4,2,7,5,1988,1988,178.0,4,4,4,4,1,6,1002,2,202,0,1204,3,1,4,1377,806,0,2183,0,0,2,1,4,1,4,9,7,786,2,0,0,0,0,0,0,0.0,0,0,2,2006,12.34148164933907,0,0,0,1,0,0,0,0,0,0,0,0,1,2.0,3,True,False,False,False,False,0.0,0.0,6,0,0,1,0,1,0,0,0,0,0,0,1,0,0,0,0,0,1,0,0,0,0,0,0,0,1,0,0,0,0,0,0,0,0,0,0,0,0,0,0,0,0,0,0,1,0,0,0,0,0,0,0,0,0,0,0,0,0,0,0,0,0,0,0,0,0,1,0,0,0,0,1,0,0,0,0,0,0,0,0,0,0,0,1,0,0,0,0,0,0,0,0,0,0,0,0,0,1,0,0,0,0,0,0,0,0,0,1,0,0,1,0,0,0,3387,3387,0,14,218.3,2,1,2.5,0.25,17.5,1,16,18,18,0,0,3,0,0,0,0,0.9991701244813278,1,32,35,16,18,0.6443329397874853
546,546,547,50,70.0,8737,4,2,6,7,1923,1950,0.0,3,3,4,3,1,3,300,1,0,765,1065,4,1,3,915,720,0,1635,0,0,1,1,3,1,3,6,7,440,2,0,38,0,144,0,0,0.0,0,0,5,2007,12.25486757159303,0,0,0,1,0,0,0,0,0,0,0,0,1,2.0,1,False,False,False,False,True,4.0,2.772588722239781,6,0,0,1,0,1,0,0,0,0,0,0,0,0,0,0,1,0,1,0,0,0,0,0,0,0,1,0,0,0,0,0,0,0,1,0,0,0,0,0,0,0,0,0,0,0,0,0,0,0,0,0,0,0,0,0,0,0,0,0,0,0,0,0,0,0,0,1,0,0,0,0,1,0,0,0,0,0,0,0,0,1,0,0,0,0,0,0,0,0,0,0,0,0,0,0,0,0,0,0,0,0,0,0,0,0,1,0,0,0,0,0,0,0,0,2700,1935,182,10,233.57142857142856,2,1,1.5,0.2142857142857142,9.0,1,9,84,57,1,0,1,182,1,182,0,0.2814258911819887,1,24,42,9,16,0.6053313587560163
547,547,548,85,54.0,7244,4,2,5,7,1970,1970,0.0,3,4,4,3,3,5,619,1,0,149,768,4,1,4,768,0,0,768,1,0,1,0,2,1,3,5,7,624,2,104,0,0,0,0,0,0.0,0,0,4,2007,11.771443882099636,0,0,0,1,0,0,0,0,0,0,0,0,1,2.0,3,False,False,False,False,True,0.0,0.0,6,0,0,1,0,1,0,0,0,1,0,0,1,0,0,0,1,0,1,0,0,0,0,0,0,0,1,0,0,0,0,0,0,0,0,0,0,0,0,0,0,0,1,0,0,0,0,0,0,0,0,0,0,0,0,0,0,0,0,0,0,0,0,0,0,1,0,1,0,0,0,0,1,0,0,0,0,0,0,0,0,0,0,0,0,0,0,0,0,0,1,0,0,0,0,0,0,0,0,0,0,0,0,0,0,1,0,0,0,0,1,0,0,0,0,1536,1387,104,8,128.0,1,0,2.0,0.3333333333333333,10.0,1,9,37,37,0,0,2,0,0,104,0,0.8049414824447334,1,48,35,12,15,0.4996746909564086
548,548,549,20,49.0,8235,4,2,5,7,1955,1995,0.0,3,4,3,3,1,2,180,3,645,0,825,2,1,4,825,0,0,825,1,0,1,0,2,1,3,4,7,720,2,140,50,0,0,0,0,2.0,0,0,6,2008,11.736077016252436,0,0,0,1,0,0,0,0,0,0,0,0,1,2.0,2,False,False,False,False,True,0.0,0.0,6,0,0,0,1,1,0,0,0,0,1,0,0,0,0,0,1,1,0,0,0,0,0,0,0,0,0,0,0,0,0,1,0,0,0,0,0,0,0,0,0,0,0,0,0,0,0,0,1,0,0,0,0,0,0,0,0,0,0,0,0,1,0,0,0,0,0,1,0,0,0,0,1,0,0,0,0,0,0,0,0,0,0,0,0,0,1,0,0,0,0,0,0,0,0,0,0,0,0,0,1,0,0,0,0,0,0,0,0,0,1,0,0,0,0,1650,1650,190,7,165.0,1,0,2.0,0.4,10.0,1,9,53,13,1,0,2,50,1,190,0,0.9987893462469734,1,18,35,12,13,0.4996971532404603
549,549,550,60,75.0,9375,4,2,7,5,2003,2004,0.0,4,3,4,3,1,1,0,1,0,912,912,4,1,4,912,1182,0,2094,0,0,2,1,4,1,4,8,7,615,2,182,182,0,0,0,0,0.0,0,0,11,2009,12.479913113434042,0,0,0,1,0,0,0,0,0,0,0,0,1,2.0,4,False,False,True,False,False,4.0,2.772588722239781,6,1,0,0,0,1,0,0,0,1,0,0,1,0,0,0,1,0,1,0,0,0,0,0,0,0,1,0,0,0,0,0,0,0,0,0,0,0,0,0,0,0,0,0,0,0,0,0,0,0,0,0,1,0,0,0,0,0,0,0,0,0,0,0,1,0,0,1,0,0,0,0,1,0,0,0,0,0,0,0,0,0,0,0,0,0,0,0,0,0,1,0,0,0,0,0,0,0,0,0,0,0,0,0,0,1,0,0,0,0,0,1,0,0,0,3006,2094,364,13,232.66666666666663,2,1,2.5,0.2777777777777778,17.5,1,16,6,5,1,1,4,182,1,364,0,0.0,0,24,35,12,19,0.6963751247090123
550,550,551,120,53.0,4043,4,2,6,6,1977,1977,0.0,3,3,4,3,1,5,559,1,0,510,1069,2,1,4,1069,0,0,1069,0,0,2,0,2,1,3,4,7,440,2,0,55,0,0,200,0,0.0,0,0,10,2008,11.849404844423074,0,0,0,0,0,0,0,0,0,0,0,0,0,2.0,2,True,False,False,False,False,0.0,0.0,6,0,0,1,0,1,0,0,0,1,0,0,1,0,0,0,1,0,1,0,0,0,0,0,0,0,1,0,0,0,0,0,0,0,0,0,0,0,0,0,0,0,0,0,1,0,0,0,0,0,0,0,0,0,0,0,0,0,0,1,0,1,0,0,0,0,0,1,0,0,0,0,1,0,0,0,0,0,0,0,0,0,0,0,0,0,0,1,0,0,0,0,0,0,0,0,0,0,0,0,0,0,1,0,0,0,0,0,0,0,1,0,0,0,0,2138,1628,255,7,213.8,1,0,2.0,0.4,12.0,1,9,31,31,0,0,2,255,1,255,0,0.5224299065420561,1,24,36,9,14,0.4997662459093034
551,551,552,20,50.0,6000,4,2,5,6,1957,1957,0.0,3,3,3,3,1,3,308,1,0,620,928,3,1,3,928,0,0,928,0,0,1,0,3,1,3,5,7,288,2,0,0,0,0,0,0,0.0,0,0,6,2008,11.630717389475995,0,0,0,1,0,0,0,0,0,0,0,0,1,2.0,2,True,False,False,False,False,0.0,0.0,6,0,0,0,1,1,0,0,0,1,0,0,1,0,0,0,1,0,1,0,0,0,0,0,0,0,1,0,0,0,0,0,0,0,0,0,0,0,0,0,0,0,0,0,0,0,0,0,1,0,0,0,0,0,0,0,0,0,0,0,0,1,0,0,0,0,0,0,0,1,0,0,1,0,0,0,0,0,0,0,0,1,0,0,0,0,0,0,0,0,0,0,0,0,0,1,0,0,0,0,0,0,0,0,0,0,0,0,0,0,1,0,0,0,0,1856,1236,0,9,154.66666666666666,1,0,1.0,0.1666666666666666,5.0,1,9,51,51,0,0,2,0,0,0,0,0.3315392895586652,1,18,30,9,14,0.4997307485191168
552,552,553,20,87.0,11146,4,2,8,5,2006,2006,250.0,4,3,5,3,3,1,0,1,0,1709,1709,4,1,4,1717,0,0,1717,0,0,2,0,3,1,4,7,7,908,2,169,39,0,0,0,0,0.0,0,0,7,2009,12.45098160251256,0,0,0,1,0,0,0,0,0,0,0,0,1,2.0,4,True,False,False,False,False,4.0,2.772588722239781,6,0,0,1,0,1,0,0,0,0,0,0,1,0,0,0,1,0,1,0,0,0,0,0,0,0,1,0,0,0,0,0,0,0,0,0,0,0,0,0,0,0,0,0,0,0,0,1,0,0,0,0,0,0,0,0,0,0,0,0,0,1,0,0,0,0,0,1,0,0,0,0,1,0,0,0,0,0,0,0,0,0,0,0,0,0,0,0,0,0,1,0,0,0,0,0,0,0,0,0,0,0,0,0,0,1,0,0,0,1,0,1,0,0,0,3426,1717,208,11,214.625,1,0,2.0,0.25,16.0,1,16,3,3,0,1,4,39,1,208,0,0.0,0,60,40,12,20,0.501021301429822
553,553,554,20,67.0,8777,4,2,4,5,1949,2003,0.0,3,3,0,0,0,0,0,0,0,0,0,4,1,4,1126,0,0,1126,0,0,2,0,2,1,4,5,7,520,0,0,96,0,0,0,0,2.0,0,0,5,2009,11.58989576532275,0,0,0,1,0,0,0,0,0,0,0,0,1,2.0,4,False,False,False,False,True,0.0,0.0,6,0,0,1,0,1,0,0,0,1,0,0,1,0,0,0,1,1,0,0,0,0,0,0,0,0,1,0,0,0,0,0,0,0,0,0,0,0,1,0,0,0,0,0,0,0,0,0,0,0,0,0,0,0,0,0,0,0,0,0,0,1,0,0,0,0,0,1,0,0,0,0,1,0,0,0,0,0,0,0,0,0,0,0,0,0,0,0,0,0,1,0,0,0,0,0,0,0,0,0,0,0,0,0,0,1,0,0,0,0,1,0,0,0,0,1126,1126,96,8,187.66666666666663,1,0,2.0,0.3333333333333333,8.0,1,16,60,6,1,1,2,96,1,96,0,0.0,0,0,20,9,15,0.9991126885536824
554,554,555,60,85.0,10625,4,2,7,5,2003,2004,292.0,4,3,4,3,1,6,866,1,0,132,998,4,1,4,1006,1040,0,2046,1,0,2,1,3,1,4,8,7,871,2,320,62,0,0,0,0,0.0,0,0,8,2008,12.556733038263904,0,0,0,1,0,0,0,0,0,0,0,0,1,2.0,4,False,False,True,False,False,4.0,2.772588722239781,6,0,0,1,0,1,0,0,0,1,0,0,1,0,0,0,1,0,1,0,0,0,0,0,0,0,1,0,0,0,0,0,0,0,0,0,0,0,0,0,0,0,0,0,0,0,0,1,0,0,0,0,0,0,0,0,0,0,0,0,0,0,0,0,1,0,0,1,0,0,0,0,1,0,0,0,0,0,0,0,0,0,0,0,0,0,0,0,0,0,1,0,0,0,0,0,0,0,0,0,0,0,0,0,0,1,0,0,1,0,0,1,0,0,0,3044,2912,382,12,227.33333333333331,2,1,3.5,0.3888888888888889,24.5,1,16,5,4,1,1,4,62,1,382,0,0.8668668668668669,1,24,35,12,19,0.6719211822660098
555,555,556,45,58.0,6380,4,2,5,6,1922,1950,0.0,3,3,3,2,1,1,0,1,0,993,993,2,1,3,1048,0,0,1048,0,0,1,0,2,1,3,5,7,280,2,0,0,116,0,0,0,0.0,0,0,8,2006,11.635151947212842,0,0,0,1,0,0,0,0,0,0,0,0,1,2.0,1,False,False,False,False,True,4.0,2.772588722239781,6,0,0,0,1,1,0,0,0,1,0,0,1,0,0,0,1,0,1,0,0,0,0,0,0,0,1,0,0,0,0,0,0,0,1,0,0,0,0,0,0,0,0,0,0,0,0,0,0,0,0,0,0,0,0,0,0,0,0,0,1,0,0,0,0,0,0,1,0,0,0,0,1,0,0,0,0,0,0,0,0,0,0,0,0,0,1,0,0,0,0,0,0,0,0,0,0,0,0,0,1,0,0,0,0,0,0,0,0,0,0,0,0,0,0,2041,1048,116,8,174.66666666666666,1,0,1.0,0.1666666666666666,5.0,1,9,84,56,1,0,1,116,1,116,0,0.0,0,12,30,9,13,0.5132223310479922
556,556,557,20,69.0,14850,4,2,5,5,1957,1957,0.0,3,3,3,3,1,3,895,1,0,197,1092,2,1,3,1092,0,0,1092,1,0,1,0,2,1,3,6,7,299,2,268,0,0,0,122,0,0.5,0,0,5,2006,11.856522261533735,0,0,0,1,0,0,0,0,0,0,0,0,1,2.0,2,True,False,False,False,False,3.0,2.079441541679836,6,0,0,1,0,1,0,0,0,0,0,0,1,0,0,0,1,0,1,0,0,0,0,0,0,0,1,0,0,0,0,0,0,0,0,0,0,0,0,0,0,0,0,1,0,0,0,0,0,0,0,0,0,0,0,0,0,0,0,0,0,1,0,0,0,0,0,1,0,0,0,0,1,0,0,0,0,0,0,0,0,0,0,0,0,0,0,0,0,0,0,1,0,0,0,0,0,0,0,0,0,0,0,0,0,0,1,0,0,0,1,0,0,0,0,2184,1987,390,9,156.0,1,0,2.0,0.2857142857142857,10.0,1,9,49,49,0,0,2,122,1,390,0,0.818847209515096,1,18,25,9,13,0.4997711670480549
557,557,558,50,60.0,11040,4,1,4,6,1920,1950,0.0,3,3,3,3,1,3,637,1,0,0,637,3,1,4,897,439,0,1336,0,0,1,1,3,1,3,7,7,570,2,0,47,120,0,0,0,0.0,0,0,9,2006,11.58989576532275,0,0,0,1,0,0,0,0,0,0,0,0,0,2.0,3,False,False,False,True,False,0.0,0.0,6,0,0,0,0,1,0,0,0,1,0,1,0,0,0,0,1,0,1,0,0,0,0,0,0,0,1,0,0,0,0,0,0,0,0,0,0,0,0,0,1,0,0,0,0,0,0,0,0,0,0,0,0,0,0,0,0,0,0,0,0,0,0,0,0,0,0,1,0,0,0,0,1,0,0,0,0,0,0,0,0,0,0,0,0,0,1,0,0,0,0,0,0,0,0,0,0,0,0,0,1,0,0,0,0,0,0,0,0,0,1,0,0,0,0,1973,1973,167,11,167.0,2,1,1.5,0.1875,6.0,1,9,86,56,1,0,1,167,1,167,0,0.9984326018808778,1,18,24,9,13,0.6767983789260384
558,558,559,60,57.0,21872,4,2,7,5,1996,1997,0.0,3,3,4,3,4,6,604,1,0,125,729,4,1,4,729,717,0,1446,0,1,2,1,3,1,3,6,7,406,2,264,22,0,0,0,0,0.0,0,0,8,2008,12.07254696717504,0,0,0,1,0,0,0,0,0,0,0,0,1,2.0,3,True,False,False,False,False,3.0,2.079441541679836,6,0,0,1,0,1,0,1,0,0,1,0,0,0,1,0,0,0,1,0,0,0,0,0,0,0,1,0,0,0,0,0,0,0,0,0,0,0,0,1,0,0,0,0,0,0,0,0,0,0,0,0,0,0,0,0,0,0,0,0,0,0,0,0,1,0,0,1,0,0,0,0,1,0,0,0,0,0,0,0,0,0,0,0,1,0,0,0,0,0,0,0,0,0,0,0,0,0,1,0,0,0,0,0,0,0,0,0,0,0,0,1,0,0,0,2175,2050,286,10,206.57142857142856,2,1,3.0,0.4285714285714285,21.0,1,9,12,11,1,0,3,22,1,286,0,0.8273972602739726,1,60,35,9,17,0.6645220588235294
559,559,560,120,0.0,3196,4,2,7,5,2003,2004,18.0,4,3,4,3,4,1,0,1,0,1374,1374,4,1,4,1557,0,0,1557,0,0,2,0,2,1,4,7,7,420,2,143,20,0,0,0,0,0.0,0,0,10,2006,12.36308066783498,0,0,0,1,0,0,0,0,0,0,0,0,1,2.0,4,True,False,False,False,False,3.0,2.079441541679836,6,0,0,1,0,1,0,0,0,1,0,0,1,0,0,0,1,0,1,0,0,0,0,0,0,0,1,0,0,0,0,0,0,0,0,0,0,0,0,0,0,0,0,0,0,0,0,0,0,0,0,0,0,0,0,0,0,0,0,1,0,1,0,0,0,0,0,1,0,0,0,0,1,0,0,0,0,0,0,0,0,0,0,0,0,0,0,0,0,0,1,0,0,0,0,0,0,0,0,0,0,0,0,0,0,1,0,0,1,0,0,1,0,0,0,2931,1557,163,10,194.625,1,0,2.0,0.25,14.0,1,16,3,2,1,1,4,20,1,163,0,0.0,0,60,35,12,19,0.5310368349249659
560,560,561,20,0.0,11341,4,2,5,6,1957,1996,180.0,3,3,4,3,1,5,1302,1,0,90,1392,2,1,4,1392,0,0,1392,1,0,1,1,3,1,3,5,4,528,2,0,0,0,0,95,0,0.0,0,0,5,2010,11.707677772181546,0,0,0,1,0,0,0,0,0,0,0,0,1,2.0,2,False,False,False,False,True,4.0,2.772588722239781,6,0,0,1,0,1,0,0,0,0,0,0,1,0,0,0,1,0,1,0,0,0,0,0,0,0,1,0,0,0,0,0,0,0,0,0,0,0,0,0,0,0,0,0,0,0,0,0,0,0,1,0,0,0,0,0,0,0,0,0,0,1,0,0,0,0,0,0,0,1,0,0,1,0,0,0,0,0,0,0,0,0,0,0,0,0,0,0,0,0,0,1,0,0,0,0,0,0,0,0,0,0,0,0,0,0,1,0,1,0,1,0,0,0,0,2784,2694,95,9,232.0,1,0,2.5,0.4166666666666667,12.5,1,9,53,14,1,0,2,95,1,95,0,0.9346733668341708,1,24,30,9,13,0.4998204667863555
561,561,562,20,77.0,10010,4,1,5,5,1974,1975,0.0,3,3,4,3,3,5,1071,2,123,195,1389,3,1,4,1389,0,0,1389,1,0,1,0,2,1,3,6,7,418,2,240,38,0,0,0,0,0.0,0,0,4,2006,12.04355959836804,0,0,0,1,0,0,0,0,0,0,0,0,1,2.0,2,True,False,False,False,False,3.0,2.079441541679836,6,0,0,1,0,1,0,0,0,1,0,0,1,0,0,0,1,0,1,0,0,0,0,0,0,0,1,0,0,0,0,0,0,0,0,0,0,0,0,0,0,0,1,0,0,0,0,0,0,0,0,0,0,0,0,0,0,0,0,0,0,1,0,0,0,0,0,1,0,0,0,0,1,0,0,0,0,0,0,0,0,0,0,0,1,0,0,0,0,0,0,0,0,0,0,0,0,0,1,0,0,0,0,0,0,0,0,0,0,0,1,0,0,0,0,2778,2583,278,9,198.42857142857144,1,0,2.0,0.2857142857142857,10.0,1,9,32,31,1,0,2,38,1,278,0,0.8589928057553957,1,48,25,9,14,0.4998200791651673
562,562,563,30,63.0,13907,4,2,5,6,1940,1969,0.0,3,3,3,3,1,4,290,1,0,706,996,4,1,4,996,0,0,996,1,0,1,0,3,1,3,6,7,0,2,144,0,0,0,0,0,0.0,0,0,7,2008,11.58989576532275,0,0,0,1,0,0,0,0,0,0,0,0,1,0.0,0,False,False,False,False,False,4.0,2.772588722239781,6,0,0,1,0,1,0,0,0,1,0,0,1,0,0,0,1,0,1,0,0,0,0,0,0,0,1,0,0,0,0,0,0,0,0,0,0,0,1,0,0,0,0,0,0,0,0,0,0,0,0,0,0,0,0,0,0,0,0,0,0,1,0,0,0,0,0,1,0,0,0,0,1,0,0,0,0,0,0,0,0,0,0,0,0,0,0,0,0,0,0,0,1,0,0,0,0,0,0,0,0,0,0,0,0,0,0,1,0,0,1,0,0,0,0,1992,1286,144,10,142.28571428571428,1,0,2.0,0.2857142857142857,10.0,1,9,68,39,1,0,1,0,0,144,0,0.2908726178535606,1,18,30,9,15,0.4997491219267436
563,563,564,50,66.0,21780,4,2,6,7,1918,1950,0.0,3,3,4,3,2,1,0,1,0,1163,1163,4,1,4,1163,511,0,1674,0,0,2,0,4,1,3,8,7,396,0,72,36,0,0,144,0,0.0,0,0,7,2008,12.128116509451258,0,0,0,1,0,0,0,0,0,0,0,0,1,2.0,2,False,False,False,False,True,4.0,2.772588722239781,6,0,0,1,0,1,0,0,0,1,0,0,1,0,0,0,1,0,1,0,0,0,0,0,0,0,1,0,0,0,0,0,0,0,0,0,0,0,1,0,0,0,0,0,0,0,0,0,0,0,0,0,0,0,0,0,0,0,0,0,0,0,0,0,0,0,0,1,0,0,0,0,1,0,0,0,0,0,0,0,0,0,0,0,0,0,0,0,0,0,0,1,0,0,0,0,0,0,0,0,0,0,0,0,0,0,1,0,0,0,0,0,0,0,0,2837,1674,252,13,186.0,2,1,2.0,0.2222222222222222,12.0,1,9,90,58,1,0,1,180,1,252,0,0.0,0,36,42,9,16,0.5898520084566596
564,564,565,60,0.0,13346,4,2,7,5,1992,2000,0.0,4,3,4,3,1,6,728,1,0,367,1095,4,1,4,1166,1129,0,2295,1,0,2,1,4,1,4,9,7,590,2,0,40,0,0,0,0,0.0,0,0,7,2006,12.498745990829317,0,0,0,1,0,0,0,0,0,0,0,0,1,2.0,3,True,False,False,False,False,3.0,2.079441541679836,6,0,0,1,0,1,0,0,0,0,0,0,1,1,0,0,0,0,1,0,0,0,0,0,0,0,1,0,0,0,0,0,0,0,0,0,0,0,0,0,0,0,0,0,0,0,1,0,0,0,0,0,0,0,0,0,0,0,0,0,0,0,0,0,1,0,0,1,0,0,0,0,1,0,0,0,0,0,0,0,0,0,0,0,1,0,0,0,0,0,0,0,0,0,0,0,0,0,1,0,0,0,0,0,0,0,0,0,0,0,0,1,0,0,0,3390,3023,40,14,229.5,2,1,3.5,0.35,24.5,1,16,14,6,1,1,3,40,1,40,0,0.6642335766423357,1,24,35,12,19,0.6767915069301091
565,565,566,70,66.0,6858,4,2,6,4,1915,1950,0.0,3,3,4,3,1,1,0,1,0,806,806,2,0,2,841,806,0,1647,1,0,1,1,4,1,2,6,7,216,2,0,66,136,0,0,0,0.0,0,0,5,2010,11.759793355371237,0,0,0,1,0,0,0,0,0,0,0,0,1,2.0,1,False,False,False,False,True,0.0,0.0,6,0,0,1,0,1,0,0,0,1,0,0,0,0,0,0,0,0,1,0,0,0,0,0,0,0,1,0,0,0,0,0,0,0,0,0,0,0,0,0,0,0,0,0,0,0,0,0,0,1,0,0,0,0,0,0,0,0,0,0,0,0,0,0,1,0,0,1,0,0,0,0,1,0,0,0,0,0,0,0,0,0,0,0,0,0,0,0,0,0,0,1,0,0,0,0,0,0,0,0,0,0,0,0,0,0,1,0,0,0,0,1,0,0,0,2453,1647,202,11,235.28571428571428,2,1,2.5,0.3571428571428571,15.0,1,4,95,60,1,0,1,202,1,202,0,0.0,0,24,24,9,13,0.6711491442542787
566,566,567,60,77.0,11198,4,2,9,5,2005,2007,245.0,4,3,4,4,1,1,0,1,0,1122,1122,4,1,4,1134,1370,0,2504,0,0,2,1,4,1,5,11,7,656,2,144,39,0,0,0,0,0.0,0,0,6,2008,12.691583538230216,0,0,0,1,0,0,0,0,0,0,0,0,1,2.0,4,False,False,True,False,False,4.0,2.772588722239781,6,0,0,1,0,1,0,0,0,0,0,0,1,0,0,0,1,0,1,0,0,0,0,0,0,0,1,0,0,0,0,0,0,0,0,0,0,0,0,0,0,0,0,0,0,0,0,0,0,0,0,0,0,1,0,0,0,0,0,0,0,0,0,0,1,0,0,0,0,1,0,0,1,0,0,0,0,0,0,0,0,0,0,0,0,0,0,0,0,0,1,0,0,0,0,0,0,0,0,0,0,0,0,0,0,1,0,0,1,0,0,1,0,0,0,3626,2504,183,16,208.66666666666663,2,1,2.5,0.2083333333333333,22.5,1,25,3,1,1,1,4,39,1,183,0,0.0,0,32,45,12,22,0.6903777226357871
567,567,568,20,70.0,10171,4,2,7,5,2004,2004,168.0,4,3,4,3,1,6,2,1,0,1515,1517,4,1,4,1535,0,0,1535,0,0,2,0,3,1,4,7,7,532,2,0,0,0,0,0,0,0.0,0,0,3,2010,12.273735966890268,0,0,0,1,0,0,0,0,0,0,0,0,1,2.0,4,True,False,False,False,False,0.0,0.0,6,0,0,1,0,1,0,0,0,0,0,0,1,0,0,0,1,0,1,0,0,0,0,0,0,0,1,0,0,0,0,0,0,0,0,0,0,0,0,0,0,0,0,0,0,0,0,1,0,0,0,0,0,0,0,0,0,0,0,0,0,1,0,0,0,0,0,1,0,0,0,0,1,0,0,0,0,0,0,0,0,0,0,0,0,0,0,0,0,0,1,0,0,0,0,0,0,0,0,0,0,0,0,0,0,1,0,0,1,0,0,1,0,0,0,3052,1537,0,11,191.875,1,0,2.0,0.25,14.0,1,16,6,6,0,1,4,0,0,0,0,0.0013175230566534,1,24,35,12,19,0.5027841467409105
568,568,569,50,79.0,12327,4,1,8,8,1983,2009,0.0,4,3,4,3,4,6,1441,1,0,55,1496,4,1,4,1496,636,0,2132,1,0,1,1,1,1,4,5,5,612,2,349,40,0,0,0,0,0.0,0,0,9,2009,12.665397584983758,0,0,0,1,0,0,0,0,0,0,0,0,1,2.5,3,False,False,True,False,False,4.0,2.772588722239781,6,0,0,1,0,1,0,0,0,0,0,1,0,0,0,0,1,0,1,0,0,0,0,0,0,0,1,0,0,0,0,0,0,0,0,0,0,0,0,0,0,0,0,0,0,0,0,0,0,0,0,1,0,0,0,0,0,0,0,0,0,0,0,0,0,0,0,1,0,0,0,0,1,0,0,0,0,0,0,0,0,0,0,0,0,0,0,0,0,0,0,1,0,0,0,0,0,0,0,0,0,0,0,0,0,0,1,0,0,0,1,0,0,0,0,3628,3573,389,7,355.3333333333333,2,1,2.5,0.4166666666666667,20.0,1,16,26,0,1,1,3,40,1,389,0,0.9625918503674016,1,60,64,12,20,0.587489666574814
569,569,570,90,0.0,7032,4,2,5,5,1979,1979,0.0,3,3,4,3,4,6,943,1,0,0,943,2,1,4,943,0,0,943,1,0,1,0,2,1,3,4,7,600,2,42,0,0,0,0,0,0.0,0,0,12,2006,11.820123358887448,0,0,0,1,0,0,0,0,0,0,0,0,1,2.0,2,False,False,False,False,True,3.0,3.295836866004329,6,0,0,1,0,1,0,0,0,0,0,0,1,0,0,0,0,0,1,0,0,0,0,0,0,0,1,0,0,0,0,0,0,0,0,0,0,0,0,0,0,0,0,1,0,0,0,0,0,0,0,0,0,0,0,0,0,1,0,0,0,0,0,0,0,1,0,1,0,0,0,0,1,0,0,0,0,0,0,0,0,0,0,0,0,0,1,0,0,0,0,0,0,0,0,0,0,0,0,0,1,0,0,0,0,0,0,0,0,0,1,0,0,0,0,1886,1886,42,7,188.6,1,0,2.0,0.4,10.0,1,9,27,27,0,0,3,0,0,42,0,0.9989406779661016,1,60,25,9,13,0.4997350291467938
570,570,571,90,74.0,13101,4,2,5,5,1965,1965,108.0,3,3,3,3,1,2,231,1,0,1497,1728,2,1,4,1728,0,0,1728,0,0,2,0,6,2,3,10,7,576,2,0,0,0,0,0,0,0.0,0,0,11,2008,11.867805799560465,0,0,0,1,0,0,0,0,0,0,0,0,1,2.0,3,False,False,False,False,True,0.0,0.0,6,0,0,1,0,1,0,0,0,0,0,0,1,0,0,0,1,0,1,0,0,0,0,0,0,0,1,0,0,0,0,0,0,0,0,0,0,0,0,0,0,0,0,1,0,0,0,0,0,0,0,0,0,0,0,0,0,1,0,0,0,1,0,0,0,0,0,1,0,0,0,0,1,0,0,0,0,0,0,0,0,0,0,0,1,0,0,0,0,0,0,0,0,0,0,0,0,0,1,0,0,0,0,0,0,0,0,0,1,0,1,0,0,0,0,3456,1959,0,18,157.0909090909091,1,0,2.0,0.1818181818181818,10.0,2,9,43,43,0,0,2,0,0,0,0,0.1336032388663967,1,18,25,9,13,0.4998553659242117
571,571,572,20,60.0,7332,4,2,6,6,1959,1959,207.0,3,3,3,3,1,4,414,1,0,450,864,4,1,4,864,0,0,864,1,0,1,0,2,1,4,4,7,288,2,168,0,0,0,0,0,0.0,0,0,10,2006,11.695255355062796,0,0,0,0,0,0,0,0,0,0,0,0,1,2.0,2,True,False,False,False,False,0.0,0.0,6,0,0,1,0,1,0,0,0,1,0,0,1,0,0,0,1,0,1,0,0,0,0,0,0,0,1,0,0,0,0,0,0,0,0,0,0,0,0,0,0,0,0,1,0,0,0,0,0,0,0,0,0,0,0,0,0,0,0,0,0,1,0,0,0,0,0,1,0,0,0,0,1,0,0,0,0,0,0,0,0,0,0,0,0,0,0,0,0,0,0,0,1,0,0,0,0,0,0,0,0,0,0,0,0,0,0,1,1,0,1,0,0,0,0,1728,1278,168,7,172.8,1,0,2.0,0.4,12.0,1,16,47,47,0,0,2,0,0,168,0,0.4786127167630057,1,18,36,9,17,0.4997108155002892
572,572,573,60,83.0,13159,4,2,7,5,2009,2009,0.0,3,3,5,3,3,1,0,1,0,846,846,3,1,4,846,846,0,1692,0,0,2,1,3,1,4,6,7,650,2,208,114,0,0,0,0,0.0,0,0,7,2009,12.32163544049751,0,0,0,0,1,0,0,0,0,0,1,0,0,2.0,4,True,False,False,False,False,0.0,0.0,6,0,0,1,0,1,0,0,0,0,1,0,0,0,0,0,0,0,1,0,0,0,0,0,0,0,1,0,0,0,0,0,0,0,0,0,0,0,0,0,0,0,0,0,0,0,0,0,0,0,0,0,0,0,1,0,0,0,0,0,0,0,0,0,1,0,0,1,0,0,0,0,1,0,0,0,0,0,0,0,0,0,0,0,0,0,0,0,0,0,1,0,0,0,0,0,0,0,0,0,0,0,0,0,0,1,0,0,0,0,0,1,0,0,0,2538,1692,322,10,241.7142857142857,2,1,2.5,0.3571428571428571,17.5,1,16,0,0,0,1,4,114,1,322,0,0.0,0,60,35,9,17,0.6664040961008271
573,573,574,80,76.0,9967,4,2,7,5,2000,2000,0.0,3,3,4,3,1,1,0,1,0,384,384,4,1,4,774,656,0,1430,0,0,2,1,3,1,3,8,7,400,2,100,0,0,0,0,0,0.0,0,0,12,2007,12.04355959836804,0,0,0,1,0,0,0,0,0,0,0,0,1,2.0,3,False,False,True,False,False,3.0,2.079441541679836,6,0,0,1,0,1,0,0,0,0,0,0,1,0,0,0,1,0,1,0,0,0,0,0,0,0,1,0,0,0,0,0,0,0,0,0,0,0,0,1,0,0,0,0,0,0,0,0,0,0,0,0,0,0,0,0,0,0,0,0,0,0,0,0,0,0,1,1,0,0,0,0,1,0,0,0,0,0,0,0,0,0,0,0,0,0,0,0,0,0,1,0,0,0,0,0,0,0,0,0,0,0,0,0,0,1,0,0,0,0,0,1,0,0,0,1814,1430,100,12,158.88888888888889,2,1,2.5,0.2777777777777778,17.5,1,9,7,7,0,1,4,0,0,100,0,0.0,0,24,35,9,17,0.7878787878787878
574,574,575,80,70.0,10500,4,2,5,7,1971,2005,82.0,3,3,3,3,3,5,349,1,0,23,372,2,1,4,576,533,0,1109,0,1,1,0,3,1,3,5,7,288,2,35,0,0,0,0,0,1.0,0,0,12,2007,11.842236406331557,0,0,0,1,0,0,0,0,0,0,0,0,1,2.0,2,False,False,True,False,False,0.0,0.0,6,0,0,1,0,1,0,0,0,1,0,0,1,0,1,0,0,0,1,0,0,0,0,0,0,0,1,0,0,0,0,0,0,0,0,0,0,0,0,0,0,0,0,1,0,0,0,0,0,0,0,0,0,0,0,0,0,0,0,0,0,0,0,0,0,0,1,0,1,0,0,0,1,0,0,0,0,0,0,0,0,0,0,0,0,0,1,0,0,0,0,0,0,1,0,0,0,0,0,0,0,0,0,0,0,0,0,0,1,0,1,0,0,0,0,1481,1458,35,9,184.83333333333331,2,1,1.5,0.25,7.5,1,9,36,2,1,1,2,0,0,35,0,0.935656836461126,1,36,35,9,13,0.7483130904183536
575,575,576,50,80.0,8480,4,2,5,5,1947,1950,0.0,3,3,3,3,1,3,442,1,0,390,832,2,1,4,832,384,0,1216,0,0,1,0,2,1,3,6,7,336,2,158,0,102,0,0,0,0.0,0,0,10,2008,11.682676678340282,0,0,0,0,0,0,0,0,0,0,0,0,0,2.0,1,False,False,False,False,True,0.0,0.0,6,0,0,1,0,1,0,0,0,1,0,0,1,0,0,0,1,0,1,0,0,0,0,0,0,0,1,0,0,0,0,0,0,0,0,0,0,0,0,0,0,0,0,1,0,0,0,0,0,0,0,0,0,0,0,0,0,0,0,0,0,0,0,0,0,0,0,1,0,0,0,0,1,0,0,0,0,0,0,0,0,0,0,0,0,0,1,0,0,0,0,0,0,0,0,0,0,0,0,0,1,0,0,0,0,0,0,0,0,0,1,0,0,0,0,2048,1658,260,9,173.71428571428572,2,1,1.0,0.1428571428571428,5.0,1,9,61,58,1,0,1,102,1,260,0,0.5306122448979592,1,18,25,9,13,0.593460224499756
576,576,577,50,52.0,6292,4,2,7,7,1928,1950,0.0,3,3,3,3,1,1,0,1,0,861,861,3,1,4,877,600,0,1477,0,1,2,0,3,1,3,6,7,216,2,0,50,0,0,0,0,0.0,0,0,8,2009,11.884495917930655,0,0,0,1,0,0,0,0,0,0,0,0,1,2.0,1,False,False,False,False,True,4.0,2.772588722239781,6,0,0,1,0,1,0,0,0,1,0,0,1,0,0,0,1,0,1,0,0,0,0,0,0,0,1,0,0,0,0,0,0,0,0,0,0,0,0,0,0,0,0,0,0,0,0,0,0,1,0,0,0,0,0,0,0,0,0,0,0,0,0,0,0,0,0,1,0,0,0,0,1,0,0,0,0,0,0,0,0,0,0,0,0,0,0,0,0,0,0,1,0,0,0,0,0,0,0,0,0,0,0,0,0,0,1,0,0,0,0,0,0,0,0,2338,1477,50,10,211.0,2,1,2.5,0.3571428571428571,17.5,1,9,81,59,1,0,1,50,1,50,0,0.0,0,18,49,9,16,0.6314664386489953
577,577,578,80,96.0,11777,4,2,5,6,1966,1966,97.0,3,3,3,3,3,2,328,5,551,285,1164,4,1,4,1320,0,0,1320,1,0,1,0,3,1,3,6,7,564,2,160,68,240,0,0,0,0.0,0,0,5,2006,12.010671928196444,0,0,0,0,0,0,0,0,0,0,0,0,1,2.0,2,True,False,False,False,False,2.0,2.19722457733622,6,0,0,1,0,1,0,0,0,0,0,0,1,0,0,0,1,0,1,0,0,0,0,0,0,0,1,0,0,0,0,0,0,0,0,0,0,0,0,0,0,0,0,0,0,0,0,0,0,0,1,0,0,0,0,0,0,0,0,0,0,0,0,0,0,0,1,1,0,0,0,0,1,0,0,0,0,0,0,0,0,0,0,0,0,0,0,0,0,0,1,0,0,0,0,0,0,0,0,0,0,0,0,0,0,1,0,0,1,0,1,0,0,0,0,2484,2199,468,10,188.57142857142856,1,0,2.0,0.2857142857142857,10.0,1,9,40,40,0,0,2,308,1,468,0,0.7545064377682403,1,36,30,9,15,0.5311871227364185
578,578,579,160,34.0,3604,4,2,7,5,2007,2007,0.0,4,3,4,3,1,1,0,1,0,689,689,4,1,4,703,689,0,1392,0,0,2,0,2,1,4,5,7,540,2,0,102,0,0,0,0,0.0,0,0,2,2008,11.891368749982083,0,0,0,0,0,0,0,0,0,0,0,0,1,2.0,4,False,False,False,False,True,0.0,0.0,6,1,0,0,0,1,1,0,0,1,0,0,1,0,0,0,0,0,1,0,0,0,0,0,0,0,1,0,0,0,0,0,0,0,0,0,0,0,0,0,0,0,0,0,0,0,0,0,0,0,0,0,1,0,0,0,0,0,0,1,0,0,0,0,1,0,0,1,0,0,0,0,1,0,0,0,0,0,0,0,0,0,0,0,0,0,0,0,0,0,1,0,0,0,0,0,0,0,0,0,0,0,0,0,0,1,0,0,0,0,0,1,0,0,0,2081,1392,102,8,232.0,2,1,2.0,0.3333333333333333,14.0,1,16,1,1,0,1,4,102,1,102,0,0.0,0,24,35,12,19,0.6685878962536023
579,579,580,50,81.0,12150,4,2,5,5,1954,1954,335.0,3,3,3,3,1,1,0,1,0,1050,1050,4,0,2,1050,745,0,1795,0,0,2,0,4,1,3,7,7,352,2,0,0,0,0,0,0,0.0,0,0,11,2008,11.78676973513378,0,0,0,1,0,0,0,0,0,0,0,0,1,2.0,2,True,False,False,False,False,0.0,0.0,6,0,0,0,1,1,0,0,0,1,0,0,1,0,0,0,1,0,1,0,0,0,0,0,0,0,1,0,0,0,0,0,0,0,0,0,0,0,0,0,0,0,0,0,0,0,0,0,1,0,0,0,0,0,0,0,0,0,0,0,0,0,0,0,0,0,0,1,0,0,0,0,1,0,0,0,0,0,0,0,0,0,0,0,0,0,1,0,0,0,0,0,0,0,0,0,0,0,0,0,1,0,0,0,0,0,0,0,1,0,0,0,0,0,0,2845,1795,0,12,224.375,2,1,2.0,0.25,10.0,1,9,54,54,0,0,2,0,0,0,0,0.0,0,18,25,9,15,0.6307097680955728
580,580,581,20,0.0,14585,4,2,6,6,1960,1987,85.0,3,3,3,3,1,4,594,3,219,331,1144,4,1,4,1429,0,0,1429,0,1,1,0,3,1,4,7,7,572,2,216,110,0,0,0,0,0.0,0,0,6,2007,12.111217862017217,0,0,0,1,0,0,0,0,0,0,0,0,1,2.0,2,True,False,False,False,False,4.0,4.394449154672439,6,0,0,1,0,1,0,0,0,0,0,0,1,1,0,0,0,0,1,0,0,0,0,0,0,0,1,0,0,0,0,0,0,0,0,0,0,0,0,0,0,0,0,1,0,0,0,0,0,0,0,0,0,0,0,0,0,0,0,0,0,1,0,0,0,0,0,1,0,0,0,0,1,0,0,0,0,0,0,0,0,0,0,0,0,0,0,0,0,0,0,1,0,0,0,0,0,0,0,0,0,0,0,0,0,0,1,0,1,0,1,0,0,0,0,2573,2242,326,11,178.625,1,0,1.5,0.1875,9.0,1,16,47,20,1,0,2,110,1,326,0,0.7100436681222707,1,18,36,9,17,0.5551670551670551
581,581,582,20,98.0,12704,4,2,8,5,2008,2009,306.0,5,3,5,3,1,1,0,1,0,2042,2042,4,1,4,2042,0,0,2042,0,0,2,1,3,1,5,8,7,1390,2,0,90,0,0,0,0,0.0,0,0,8,2009,12.442306148381938,0,0,0,0,1,0,0,0,0,0,1,0,0,2.0,4,True,False,False,False,False,4.0,2.772588722239781,6,0,0,1,0,1,0,0,0,1,0,0,1,0,0,0,1,0,1,0,0,0,0,0,0,0,1,0,0,0,0,0,0,0,0,0,0,0,0,0,0,0,0,0,0,0,0,1,0,0,0,0,0,0,0,0,0,0,0,0,0,1,0,0,0,0,0,0,0,1,0,0,1,0,0,0,0,0,0,0,0,0,0,0,0,0,0,0,0,0,1,0,0,0,0,0,0,0,0,0,0,0,0,0,0,1,0,0,1,0,0,1,0,0,0,4084,2042,90,12,226.88888888888889,1,0,2.5,0.2777777777777778,20.0,1,25,1,0,1,1,4,90,1,90,0,0.0,0,30,40,15,22,0.4998776009791921
582,582,583,90,81.0,11841,4,2,6,5,1990,1990,104.0,3,4,4,3,3,6,816,1,0,0,816,2,1,4,816,0,0,816,1,0,1,0,3,1,3,5,7,0,2,0,32,0,0,0,0,0.0,0,0,5,2007,11.682676678340282,0,0,0,1,0,0,0,0,0,0,0,0,1,0.0,0,False,False,False,False,False,0.0,0.0,6,0,0,1,0,0,0,0,0,1,0,0,1,0,0,0,1,0,1,0,0,0,0,0,0,0,1,0,0,0,0,0,0,0,0,0,0,0,1,0,0,0,0,0,0,0,0,0,0,0,0,0,0,0,0,0,0,1,0,0,0,0,0,0,0,1,0,1,0,0,0,0,1,0,0,0,0,0,0,0,0,0,0,0,1,0,0,0,0,0,0,0,0,0,0,0,0,0,1,0,0,0,0,0,0,0,0,0,1,0,1,0,0,0,0,1632,1632,32,9,136.0,1,0,2.0,0.3333333333333333,12.0,1,9,17,17,0,0,3,32,1,32,0,0.9987760097919216,1,48,30,12,14,0.4996938150642988
583,583,584,75,75.0,13500,4,2,10,9,1893,2000,0.0,5,5,3,3,1,1,0,1,0,1237,1237,3,1,4,1521,1254,0,2775,0,0,3,1,3,1,4,9,7,880,2,105,502,0,0,0,0,0.0,0,0,7,2008,12.691583538230216,0,0,0,1,0,0,0,0,0,0,0,0,1,2.5,3,False,False,False,False,True,4.0,2.772588722239781,6,0,0,0,1,1,0,0,0,1,0,0,1,0,0,0,1,0,0,0,0,0,0,0,0,0,0,1,0,0,0,0,0,0,0,0,0,0,0,0,0,0,0,0,0,0,0,0,1,0,0,0,0,0,0,0,0,0,0,0,0,0,0,1,0,0,0,1,0,0,0,0,1,0,0,0,0,0,0,0,0,0,0,0,0,0,0,0,0,0,0,1,0,0,0,0,0,0,0,0,0,0,0,0,0,0,1,0,0,0,0,0,0,0,0,4012,2775,607,13,277.5,2,1,3.5,0.35,35.0,1,16,115,8,1,1,1,502,1,607,0,0.0,0,18,90,25,22,0.6915026164963868
584,584,585,50,51.0,6120,4,2,4,7,1935,1995,0.0,3,3,3,3,1,1,0,1,0,884,884,4,1,4,989,584,0,1573,0,0,1,0,3,1,4,6,7,240,2,0,0,54,0,120,0,0.0,0,0,7,2009,11.798111925972618,0,0,0,1,0,0,0,0,0,0,0,0,1,2.0,1,False,False,False,False,True,0.0,0.0,6,0,0,0,1,1,0,0,0,1,0,0,1,0,0,0,1,0,1,0,0,0,0,0,0,0,1,0,0,0,0,0,0,0,1,0,0,0,0,0,0,0,0,0,0,0,0,0,0,0,0,0,0,0,0,0,0,0,0,0,0,0,0,0,0,0,0,1,0,0,0,0,1,0,0,0,0,0,0,0,0,0,0,0,0,0,0,0,0,0,0,0,0,0,0,0,0,0,0,0,0,0,0,0,0,0,0,0,0,0,0,0,0,0,0,2457,1573,174,10,224.7142857142857,2,1,1.0,0.1428571428571428,4.0,1,16,74,14,1,0,1,174,1,174,0,0.0,0,18,28,9,15,0.6399511798209927
585,585,586,20,88.0,11443,4,2,8,5,2005,2006,208.0,4,3,5,3,4,6,1460,1,0,408,1868,4,1,4,2028,0,0,2028,1,0,2,0,2,1,4,7,7,880,2,326,66,0,0,0,0,0.0,0,0,3,2006,12.820990681250253,0,0,0,0,1,0,0,0,0,0,1,0,0,2.0,4,True,False,False,False,False,4.0,4.394449154672439,6,0,0,1,0,1,0,0,0,1,0,0,1,0,0,0,1,0,1,0,0,0,0,0,0,0,1,0,0,0,0,0,0,0,0,0,0,0,0,0,0,0,0,0,0,0,0,0,0,0,0,0,0,0,1,0,0,0,0,0,0,1,0,0,0,0,0,0,0,1,0,0,1,0,0,0,0,0,0,0,0,0,0,0,0,0,0,0,0,0,1,0,0,0,0,0,0,0,0,0,0,0,0,0,0,1,0,0,1,0,0,1,0,0,0,3896,3488,392,10,253.5,1,0,3.0,0.375,24.0,1,16,1,0,1,1,4,66,1,392,0,0.7811663991439273,1,75,40,12,20,0.5204003079291762
586,586,587,30,55.0,10267,4,2,6,7,1918,2000,0.0,3,4,3,4,2,3,210,5,606,0,816,4,1,4,838,0,0,838,1,0,1,0,2,1,2,5,7,275,0,0,0,112,0,0,0,0.5,0,0,5,2008,11.775297421715829,0,0,0,1,0,0,0,0,0,0,0,0,1,2.0,2,False,False,False,False,True,0.0,0.0,6,0,0,1,0,1,0,0,0,1,0,0,1,0,0,0,1,0,0,0,0,0,1,0,0,0,1,0,0,0,0,0,0,0,1,0,0,0,0,0,0,0,0,0,0,0,0,0,0,0,0,0,0,0,0,0,0,0,0,0,0,1,0,0,0,0,0,1,0,0,0,0,1,0,0,0,0,0,0,0,0,0,0,0,0,0,0,0,0,1,0,0,0,0,0,0,0,0,0,0,0,0,0,0,0,0,0,1,0,0,0,0,0,0,0,1654,1654,112,8,139.66666666666666,1,0,2.0,0.3333333333333333,12.0,1,4,90,8,1,1,1,112,1,112,0,0.9987760097919216,1,36,42,12,15,0.5063444108761329
587,587,588,85,74.0,8740,4,2,5,6,1982,1982,0.0,3,3,3,3,3,5,672,1,0,168,840,2,1,4,860,0,0,860,1,0,1,0,2,1,3,4,7,528,2,0,0,0,0,0,0,0.0,0,0,7,2009,11.827743504053696,0,0,0,1,0,0,0,0,0,0,0,0,1,2.0,3,False,False,False,False,True,0.0,0.0,6,0,0,1,0,1,0,0,0,0,0,0,1,0,0,0,1,0,1,0,0,0,0,0,0,0,1,0,0,0,0,0,0,0,0,0,0,0,0,0,0,0,0,0,0,0,0,0,0,0,1,0,0,0,0,0,0,0,0,0,0,0,0,0,0,1,0,0,0,1,0,0,1,0,0,0,0,0,0,0,0,0,0,0,1,0,0,0,0,0,0,0,0,0,0,0,0,0,1,0,0,0,0,0,0,0,0,0,0,0,1,0,0,0,0,1700,1532,0,7,172.0,1,0,2.0,0.4,10.0,1,9,27,27,0,0,3,0,0,0,0,0.7990487514863258,1,36,30,9,13,0.5055849500293945
588,588,589,20,65.0,25095,4,0,5,8,1968,2003,0.0,3,3,3,3,4,6,1324,1,0,113,1437,4,1,4,1473,0,0,1473,2,0,1,0,1,1,5,5,7,452,2,0,48,0,0,60,0,0.0,0,0,6,2009,11.870606902224589,0,0,0,0,1,0,0,0,0,0,0,0,1,2.0,2,True,False,False,False,False,4.0,4.394449154672439,6,0,0,1,0,1,0,0,0,0,0,1,0,0,0,0,1,0,1,0,0,0,0,0,0,0,1,0,0,0,0,0,0,0,0,1,0,0,0,0,0,0,0,0,0,0,0,0,0,0,0,0,0,0,0,0,0,0,0,0,0,1,0,0,0,0,0,0,0,0,0,0,0,0,0,0,1,0,0,0,0,0,0,0,0,0,0,0,0,0,0,1,0,0,0,0,0,0,0,0,0,0,0,0,0,0,1,0,0,0,1,0,0,0,0,2910,2797,108,7,245.5,1,0,3.0,0.5,15.0,1,25,41,6,1,1,2,108,1,108,0,0.9207232267037552,1,45,40,9,17,0.5060116798351082
589,589,590,40,50.0,9100,4,2,5,6,1930,1960,0.0,3,3,3,3,1,1,0,1,0,742,742,2,1,3,779,0,156,935,0,0,1,0,2,1,3,4,7,308,1,0,0,0,0,0,0,0.0,1,600,8,2008,11.283524879179666,0,0,0,1,0,0,0,0,0,0,0,0,1,2.0,3,False,False,False,False,True,0.0,0.0,6,0,0,0,1,1,0,0,0,1,0,0,1,0,0,0,1,0,0,0,0,0,1,0,0,1,0,0,0,0,0,0,0,0,1,0,0,0,0,0,0,0,0,0,0,0,0,0,0,0,0,0,0,0,0,0,0,0,0,0,0,1,0,0,0,0,0,1,0,0,0,0,1,0,0,0,0,0,0,0,0,0,0,0,0,0,0,0,0,0,1,0,0,0,0,0,0,0,0,0,0,0,0,0,0,1,0,0,0,0,0,0,0,0,0,1521,779,0,7,187.0,1,0,1.0,0.2,5.0,1,9,78,48,1,0,1,0,0,0,0,0.0,0,18,30,9,13,0.614323258869908
590,590,591,60,64.0,8320,4,2,7,5,2004,2004,0.0,4,3,4,3,1,6,490,1,0,280,770,4,1,4,770,812,0,1582,0,0,2,1,3,1,4,6,7,520,2,0,45,0,0,0,0,0.0,0,0,9,2008,12.132969552931216,0,0,0,1,0,0,0,0,0,0,0,0,1,2.0,4,True,False,False,False,False,0.0,0.0,6,0,0,1,0,1,0,0,0,1,0,0,1,0,0,0,1,0,1,0,0,0,0,0,0,0,1,0,0,0,0,0,0,0,0,0,1,0,0,0,0,0,0,0,0,0,0,0,0,0,0,0,0,0,0,0,0,0,0,0,0,0,0,0,1,0,0,1,0,0,0,0,1,0,0,0,0,0,0,0,0,0,0,0,0,0,0,0,0,0,1,0,0,0,0,0,0,0,0,0,0,0,0,0,0,1,0,0,0,0,0,1,0,0,0,2352,2072,45,10,226.0,2,1,2.5,0.3571428571428571,17.5,1,16,4,4,0,1,4,45,1,45,0,0.6355382619974059,1,24,35,12,19,0.6723331916702082
591,591,592,60,97.0,13478,4,2,10,5,2008,2008,420.0,5,3,5,3,4,6,1338,1,0,384,1722,4,1,4,1728,568,0,2296,1,0,2,1,3,1,5,10,7,842,2,382,274,0,0,0,0,0.0,0,0,6,2009,13.02132904585825,0,0,0,1,0,0,0,0,1,0,0,0,0,2.0,4,False,False,True,False,False,4.0,2.772588722239781,6,0,0,1,0,1,0,0,0,0,0,0,1,0,0,0,0,0,1,0,0,0,0,0,0,0,1,0,0,0,0,0,0,0,0,0,0,0,0,0,0,0,0,0,0,0,0,1,0,0,0,0,0,0,0,0,0,0,0,0,0,0,0,0,1,0,0,1,0,0,0,0,1,0,0,0,0,0,0,0,0,0,0,1,0,0,0,0,0,0,0,0,0,0,0,0,0,1,0,0,0,0,0,0,0,0,0,0,0,1,0,1,0,0,0,4018,3634,656,14,208.72727272727272,2,1,3.5,0.3181818181818182,35.0,1,25,1,1,0,1,4,274,1,656,0,0.7765525246662798,1,75,50,15,24,0.5712863896491664
592,592,593,20,60.0,6600,4,2,5,8,1982,2003,0.0,3,4,3,4,1,6,816,1,0,0,816,4,1,4,816,0,0,816,1,0,1,0,2,1,3,4,7,816,2,0,0,0,0,0,0,0.0,0,0,6,2008,11.8350162104899,0,0,0,1,0,0,0,0,0,0,0,0,1,2.0,3,False,False,False,False,True,0.0,0.0,6,0,0,1,0,1,0,0,0,1,0,0,1,0,0,0,1,0,1,0,0,0,0,0,0,0,1,0,0,0,0,0,0,0,0,0,0,0,0,0,0,0,1,0,0,0,0,0,0,0,0,0,0,0,0,0,0,0,0,0,0,1,0,0,0,0,0,1,0,0,0,0,1,0,0,0,0,0,0,0,0,0,0,0,1,0,0,0,0,0,0,0,0,0,0,0,0,0,1,0,0,0,0,0,0,0,0,0,0,0,0,1,0,0,0,1632,1632,0,7,163.2,1,0,2.0,0.4,10.0,1,9,26,5,1,1,3,0,0,0,0,0.9987760097919216,1,24,40,12,15,0.4996938150642988
593,593,594,120,0.0,4435,4,2,6,5,2003,2003,170.0,4,3,4,3,3,6,685,1,0,163,848,4,1,4,848,0,0,848,1,0,1,0,1,1,4,4,7,420,2,140,0,0,0,0,0,0.0,0,0,5,2009,11.849404844423074,0,0,0,1,0,0,0,0,0,0,0,0,1,2.0,4,True,False,False,False,False,0.0,0.0,6,0,0,0,1,1,0,0,0,1,0,0,1,0,0,0,1,0,1,0,0,0,0,0,0,0,1,0,0,0,0,0,0,0,0,0,1,0,0,0,0,0,0,0,0,0,0,0,0,0,0,0,0,0,0,0,0,0,0,1,0,1,0,0,0,0,0,1,0,0,0,0,1,0,0,0,0,0,0,0,0,0,0,0,0,0,0,0,0,0,1,0,0,0,0,0,0,0,0,0,0,0,0,0,0,1,0,0,1,0,0,1,0,0,0,1696,1533,140,6,169.6,1,0,2.0,0.4,12.0,1,16,6,6,0,1,4,0,0,140,0,0.806831566548881,1,48,30,12,18,0.4997053624042428
594,594,595,20,88.0,7990,4,2,5,6,1975,1975,0.0,3,3,4,3,1,1,0,1,0,924,924,2,1,4,924,0,0,924,0,0,1,0,3,1,3,5,7,280,2,0,0,0,0,0,0,2.0,0,0,4,2008,11.60824473564232,0,0,0,1,0,0,0,0,0,0,0,0,1,2.0,3,False,False,False,False,True,0.0,0.0,6,0,0,1,0,1,0,0,0,0,0,0,1,0,0,0,1,0,1,0,0,0,0,0,0,0,1,0,0,0,0,0,0,0,0,0,1,0,0,0,0,0,0,0,0,0,0,0,0,0,0,0,0,0,0,0,0,0,0,0,0,1,0,0,0,0,0,0,0,1,0,0,1,0,0,0,0,0,0,0,0,0,0,0,1,0,0,0,0,0,0,0,0,0,0,0,0,0,1,0,0,0,0,0,0,0,0,0,0,0,1,0,0,0,0,1848,924,0,9,154.0,1,0,1.0,0.1666666666666666,5.0,1,9,33,33,0,0,2,0,0,0,0,0.0,0,24,30,9,13,0.4997295835586803
595,595,596,20,69.0,11302,4,2,8,5,2005,2006,238.0,4,3,4,3,4,6,1422,1,0,392,1814,4,1,4,1826,0,0,1826,1,0,2,0,3,1,4,7,7,758,2,180,75,0,0,120,0,0.0,0,0,8,2006,12.672949516558306,0,0,0,0,1,0,0,0,0,0,1,0,0,2.0,4,True,False,False,False,False,3.0,2.079441541679836,6,0,0,1,0,1,0,0,0,0,0,0,1,0,0,0,1,0,1,0,0,0,0,0,0,0,1,0,0,0,0,0,0,0,0,0,0,0,0,0,0,0,0,0,0,0,0,0,0,0,0,0,0,1,0,0,0,0,0,0,0,1,0,0,0,0,0,1,0,0,0,0,1,0,0,0,0,0,0,0,0,0,0,0,0,0,0,0,0,0,1,0,0,0,0,0,0,0,0,0,0,1,0,0,0,0,0,0,1,0,0,1,0,0,0,3640,3248,375,11,228.25,1,0,3.0,0.375,24.0,1,16,1,0,1,1,4,195,1,375,0,0.7834710743801653,1,60,40,12,20,0.5015105740181269
596,596,597,70,60.0,3600,4,2,6,7,1910,1993,0.0,3,3,3,3,1,1,0,1,0,684,684,4,0,3,684,684,0,1368,0,0,1,0,3,1,3,7,7,216,0,0,158,0,0,0,0,0.0,0,0,10,2006,11.648373769145277,0,0,0,1,0,0,0,0,0,0,0,0,1,2.0,1,False,False,False,False,True,0.0,0.0,6,0,0,0,1,1,0,0,0,1,0,0,1,0,0,0,1,0,1,0,0,0,0,0,0,0,1,0,0,0,0,0,0,0,0,0,0,0,0,0,0,0,0,0,0,0,0,0,1,0,0,0,0,0,0,0,0,0,0,0,0,0,0,0,1,0,0,1,0,0,0,0,1,0,0,0,0,0,0,0,0,0,0,0,0,0,0,0,0,0,1,0,0,0,0,0,0,0,0,0,0,0,0,0,0,1,0,0,0,0,1,0,0,0,0,2052,1368,158,11,171.0,2,1,1.0,0.125,6.0,1,9,96,13,1,0,1,158,1,158,0,0.0,0,18,42,9,16,0.6663419386264003
597,597,598,120,53.0,3922,4,2,7,5,2006,2007,72.0,4,3,5,3,3,1,0,1,0,1258,1258,4,1,4,1402,0,0,1402,0,2,0,2,2,1,4,7,7,648,2,120,16,0,0,0,0,0.0,0,0,2,2007,12.176654133447505,0,0,0,0,1,0,0,0,0,0,1,0,0,2.0,4,True,False,False,False,False,4.0,2.772588722239781,6,0,0,1,0,1,0,0,0,1,0,0,1,0,0,0,1,0,1,0,0,0,0,0,0,0,1,0,0,0,0,0,0,0,0,0,0,0,0,0,0,0,0,0,0,0,0,0,0,0,0,0,0,0,0,0,0,0,0,1,0,1,0,0,0,0,0,1,0,0,0,0,1,0,0,0,0,0,0,0,0,0,0,0,0,0,0,0,0,0,1,0,0,0,0,0,0,0,0,0,0,0,0,0,0,1,0,0,1,0,0,1,0,0,0,2660,1402,136,10,175.25,1,0,2.0,0.25,14.0,1,16,1,0,1,1,4,16,1,136,0,0.0,0,60,35,12,19,0.526869597895528
598,598,599,20,80.0,12984,4,2,5,6,1977,1977,459.0,3,3,4,3,2,5,1283,2,147,0,1430,4,1,4,1647,0,0,1647,1,0,2,0,3,1,4,7,7,621,2,0,0,0,0,0,0,0.0,0,0,3,2006,12.289958727201457,0,0,0,1,0,0,0,0,0,0,0,0,1,2.0,2,True,False,False,False,False,3.0,2.079441541679836,6,0,0,1,0,1,0,0,0,1,0,0,0,0,0,0,1,0,1,0,0,0,0,0,0,0,1,0,0,0,0,0,0,0,0,0,0,1,0,0,0,0,0,0,0,0,0,0,0,0,0,0,0,0,0,0,0,0,0,0,0,1,0,0,0,0,0,1,0,0,0,0,1,0,0,0,0,0,0,0,0,0,0,0,0,0,0,1,0,0,0,0,0,0,0,0,0,0,0,0,0,0,1,0,0,0,0,0,1,0,1,0,0,0,0,3077,3077,0,11,205.875,1,0,3.0,0.375,15.0,1,16,29,29,0,0,3,0,0,0,0,0.9993011879804332,1,36,30,9,16,0.5350877192982456
599,599,600,160,24.0,1950,4,2,6,6,1980,1980,0.0,3,4,4,3,1,2,81,6,612,23,716,2,1,4,716,840,0,1556,1,0,2,1,3,1,3,6,7,452,2,161,0,0,0,0,0,3.0,0,0,7,2008,11.92504173829169,0,0,0,1,0,0,0,0,0,0,0,0,0,2.0,2,True,False,False,False,False,3.0,2.079441541679836,6,0,0,0,1,1,0,0,0,1,0,0,1,0,0,0,1,0,1,0,0,0,0,0,0,0,1,0,0,0,0,0,1,0,0,0,0,0,0,0,0,0,0,0,0,0,0,0,0,0,0,0,0,0,0,0,0,0,1,0,0,0,0,0,1,0,0,1,0,0,0,0,1,0,0,0,0,0,0,0,0,0,0,0,0,0,1,0,0,0,0,0,0,0,0,0,0,0,0,0,1,0,0,0,0,0,0,0,0,0,1,0,0,0,0,2272,2249,161,10,222.28571428571428,2,1,3.5,0.5,21.0,1,9,28,28,0,0,3,0,0,161,0,0.9665271966527196,1,24,36,12,14,0.6845578530576331
600,600,601,60,74.0,10927,4,2,8,5,2005,2005,280.0,4,3,4,3,3,6,546,1,0,512,1058,4,1,4,1058,846,0,1904,1,0,2,1,3,1,5,8,7,736,2,179,60,0,0,0,0,0.0,0,0,6,2006,12.524530013005734,0,0,0,1,0,0,0,0,0,0,0,0,1,2.0,4,False,False,True,False,False,4.0,2.772588722239781,6,0,0,1,0,1,0,0,0,1,0,0,1,0,0,0,1,0,1,0,0,0,0,0,0,0,1,0,0,0,0,0,0,0,0,0,0,0,0,0,0,0,0,0,0,0,0,1,0,0,0,0,0,0,0,0,0,0,0,0,0,0,0,0,1,0,0,1,0,0,0,0,1,0,0,0,0,0,0,0,0,0,0,0,0,0,0,0,0,0,1,0,0,0,0,0,0,0,0,0,0,0,0,0,0,1,0,0,1,0,0,1,0,0,0,2962,2450,239,12,211.55555555555557,2,1,3.5,0.3888888888888889,28.0,1,25,1,1,0,1,4,60,1,239,0,0.5155807365439093,1,48,40,12,21,0.642591967600405
601,601,602,50,50.0,9000,4,2,6,6,1937,1950,0.0,3,4,3,3,1,1,0,1,0,780,780,2,1,4,780,595,0,1375,0,0,1,1,3,1,4,6,7,544,1,0,162,0,0,126,0,0.0,0,0,12,2007,11.856522261533735,0,0,0,1,0,0,0,0,0,0,0,0,1,2.0,2,False,False,False,False,True,4.0,2.772588722239781,6,0,0,0,1,1,0,0,0,1,0,0,0,0,0,0,1,0,1,0,0,0,0,0,0,0,1,0,0,0,0,0,0,0,0,0,0,0,0,0,1,0,0,0,0,0,0,0,0,0,0,0,0,0,0,0,0,0,0,0,0,0,0,0,0,0,0,1,0,0,0,0,1,0,0,0,0,0,0,0,0,0,0,0,0,0,0,0,0,0,0,1,0,0,0,0,0,0,0,0,0,0,0,0,0,0,1,0,0,0,0,1,0,0,0,2155,1375,288,10,196.42857142857144,2,1,1.5,0.2142857142857142,9.0,1,16,70,57,1,0,1,288,1,288,0,0.0,0,18,36,12,15,0.6377551020408163
602,602,603,60,80.0,10041,4,2,8,5,1992,1992,0.0,4,3,4,3,2,6,789,1,0,119,908,4,1,4,927,988,0,1915,1,0,2,1,3,1,4,8,7,506,2,120,150,0,0,0,0,0.0,0,0,2,2006,12.301387370778713,0,0,0,0,0,0,0,0,0,0,0,0,1,2.0,3,True,False,False,False,False,3.0,2.079441541679836,6,0,0,1,0,1,0,0,0,0,0,0,1,0,0,0,1,0,1,0,0,0,0,0,0,0,1,0,0,0,0,0,0,0,0,0,0,0,0,0,0,0,0,0,0,0,0,0,0,0,0,1,0,0,0,0,0,0,0,0,0,0,0,0,1,0,0,1,0,0,0,0,1,0,0,0,0,0,0,0,0,0,0,0,1,0,0,0,0,0,0,0,0,0,0,0,0,0,1,0,0,0,0,0,0,0,0,0,0,0,0,1,0,0,0,2823,2704,270,12,212.77777777777777,2,1,3.5,0.3888888888888889,28.0,1,16,14,14,0,0,3,150,1,270,0,0.8679867986798679,1,36,40,12,20,0.6781161473087819
603,603,604,160,30.0,3182,4,2,7,5,2004,2005,0.0,4,3,4,3,1,1,0,1,0,600,600,4,1,4,600,600,0,1200,0,0,2,1,2,1,4,4,7,480,2,0,172,0,0,0,0,0.0,0,0,6,2010,11.92504173829169,0,0,0,1,0,0,0,0,0,0,0,0,1,2.0,4,False,False,False,False,True,0.0,0.0,6,1,0,0,0,1,1,0,0,1,0,0,1,0,0,0,1,0,1,0,0,0,0,0,0,0,1,0,0,0,0,0,0,0,0,0,0,0,0,0,0,0,0,0,0,0,0,0,0,0,0,0,1,0,0,0,0,0,0,1,0,0,0,0,1,0,0,1,0,0,0,0,1,0,0,0,0,0,0,0,0,0,0,0,0,0,1,0,0,0,0,0,0,0,0,0,0,0,0,0,1,0,0,0,0,0,0,0,0,0,0,1,0,0,0,1800,1200,172,7,240.0,2,1,2.5,0.5,17.5,1,16,6,5,1,1,4,172,1,172,0,0.0,0,24,35,12,19,0.6662965019433648
604,604,605,20,88.0,12803,4,2,7,5,2002,2002,99.0,4,3,4,3,2,6,922,1,0,572,1494,4,1,4,1494,0,0,1494,1,0,2,0,3,1,4,6,7,530,2,192,36,0,0,0,0,0.0,0,0,9,2008,12.30592250537653,0,0,0,1,0,0,0,0,0,0,0,0,1,2.0,4,True,False,False,False,False,3.0,2.079441541679836,6,0,0,1,0,1,0,0,0,0,0,0,1,0,0,0,1,0,1,0,0,0,0,0,0,0,1,0,0,0,0,0,0,0,0,0,1,0,0,0,0,0,0,0,0,0,0,0,0,0,0,0,0,0,0,0,0,0,0,0,0,1,0,0,0,0,0,1,0,0,0,0,1,0,0,0,0,0,0,0,0,0,0,0,0,0,0,0,0,0,1,0,0,0,0,0,0,0,0,0,0,0,0,0,0,1,0,0,1,0,0,1,0,0,0,2988,2416,228,10,213.42857142857144,1,0,3.0,0.4285714285714285,21.0,1,16,6,6,0,1,4,36,1,228,0,0.6167224080267558,1,36,35,12,19,0.4998327199732352
605,605,606,60,85.0,13600,4,2,7,6,1965,1990,176.0,3,3,3,3,1,4,454,1,0,314,768,2,1,4,1186,800,0,1986,0,0,2,1,3,1,3,7,7,486,2,0,42,0,0,189,0,0.0,0,0,10,2009,12.230770136157428,0,0,0,1,0,0,0,0,0,0,0,0,1,2.0,2,True,False,False,False,False,2.0,2.772588722239781,6,0,0,1,0,1,0,0,0,1,0,0,1,0,0,0,1,0,1,0,0,0,0,0,0,0,1,0,0,0,0,0,0,0,0,0,0,0,0,0,0,0,0,1,0,0,0,0,0,0,0,0,0,0,0,0,0,0,0,0,0,0,0,0,1,0,0,1,0,0,0,0,1,0,0,0,0,0,0,0,0,0,0,0,1,0,0,0,0,0,0,0,0,0,0,0,0,0,1,0,0,0,0,0,0,0,0,0,1,0,1,0,0,0,0,2754,2440,231,11,248.25,2,1,2.5,0.3125,17.5,1,9,44,19,1,0,2,231,1,231,0,0.5903771131339401,1,18,42,9,15,0.7208711433756806
606,606,607,20,82.0,12464,4,1,5,5,1996,1996,0.0,3,4,4,3,1,6,732,1,0,308,1040,3,1,4,1040,0,0,1040,1,0,1,0,3,1,4,6,7,576,2,168,0,0,0,0,0,3.0,0,0,11,2009,11.93164237875414,0,0,0,1,0,0,0,0,0,0,0,0,1,2.0,3,False,False,False,False,True,0.0,0.0,6,0,0,1,0,1,0,1,0,0,0,1,0,0,0,0,0,0,1,0,0,0,0,0,0,0,1,0,0,0,0,0,0,0,0,0,1,0,0,0,0,0,0,0,0,0,0,0,0,0,0,0,0,0,0,0,0,0,0,0,0,1,0,0,0,0,0,1,0,0,0,0,1,0,0,0,0,0,0,0,0,0,0,0,0,0,0,0,0,0,1,0,0,0,0,0,0,0,0,0,0,0,0,0,0,1,0,0,0,0,0,1,0,0,0,2080,1772,168,10,148.57142857142858,1,0,2.0,0.2857142857142857,10.0,1,16,13,13,0,0,3,0,0,168,0,0.7031700288184438,1,24,25,12,15,0.4997597308986064
607,607,608,20,78.0,7800,4,1,5,8,1948,2002,0.0,3,4,3,4,1,6,603,1,0,293,896,4,1,4,1112,896,0,2008,1,0,3,0,3,1,5,8,7,230,2,103,0,0,0,0,0,0.0,0,0,8,2006,12.323860125621126,0,0,0,1,0,0,0,0,0,0,0,0,1,2.0,1,True,False,False,False,False,0.0,0.0,6,0,0,1,0,1,0,0,0,1,0,0,0,0,0,0,1,0,1,0,0,0,0,0,0,0,1,0,0,0,0,0,0,0,0,0,0,0,1,0,0,0,0,0,0,0,0,0,0,0,0,0,0,0,0,0,0,0,0,0,0,0,0,0,1,0,0,1,0,0,0,0,1,0,0,0,0,0,0,0,0,0,0,0,0,0,1,0,0,0,0,0,0,0,0,0,0,0,0,0,1,0,0,0,0,0,0,0,0,0,1,0,0,0,0,2904,2611,103,12,223.11111111111111,2,1,4.0,0.4444444444444444,20.0,1,25,58,4,1,1,2,0,0,103,0,0.6722408026755853,1,24,40,12,17,0.6912220309810672
608,608,609,70,78.0,12168,4,1,8,6,1934,1998,0.0,3,3,4,3,2,4,428,1,0,537,965,2,1,4,1940,1254,0,3194,0,0,2,1,4,1,3,10,7,380,2,0,0,0,0,0,0,0.0,0,0,9,2007,12.791358964949923,0,1,0,0,0,0,0,0,0,0,0,0,1,2.0,1,False,True,False,False,False,4.0,4.394449154672439,6,0,0,1,0,1,0,0,0,1,1,0,0,0,0,0,1,0,1,0,0,0,0,0,0,0,1,0,0,0,0,0,0,0,0,0,0,1,0,0,0,0,0,0,0,0,0,0,0,0,0,0,0,0,0,0,0,0,0,0,0,0,0,0,1,0,0,1,0,0,0,0,1,0,0,0,0,0,0,0,0,1,0,0,0,0,0,0,0,0,0,0,0,0,0,0,0,0,0,0,0,0,0,0,0,0,1,0,0,0,0,1,0,0,0,4159,3622,0,15,290.3636363636364,2,1,2.5,0.2272727272727272,20.0,1,9,73,9,1,1,1,0,0,0,0,0.4430641821946169,1,36,48,9,16,0.7677884615384616
609,609,610,20,61.0,7943,4,2,4,5,1961,1961,192.0,3,2,3,3,2,3,903,1,0,126,1029,3,1,4,1029,0,0,1029,1,0,1,0,3,1,3,5,7,261,2,64,0,39,0,0,0,0.0,0,0,4,2007,11.682676678340282,0,0,0,1,0,0,0,0,0,0,0,0,1,2.0,2,True,False,False,False,False,0.0,0.0,6,0,0,1,0,1,0,0,0,1,0,0,1,0,0,0,1,1,0,0,0,0,0,0,0,0,1,0,0,0,0,0,0,0,0,0,0,0,0,0,0,0,0,0,0,0,0,0,0,0,1,0,0,0,0,0,0,0,0,0,0,1,0,0,0,0,0,1,0,0,0,0,1,0,0,0,0,0,0,0,0,0,0,0,0,0,0,0,0,0,1,0,0,0,0,0,0,0,0,0,0,0,0,0,0,1,0,0,0,0,1,0,0,0,0,2058,1932,103,9,171.5,1,0,2.0,0.3333333333333333,8.0,1,9,46,46,0,0,2,39,1,103,0,0.8766990291262136,1,27,20,6,13,0.4997571636716852
610,610,611,60,0.0,11050,4,2,9,5,2000,2000,204.0,4,3,5,3,2,6,904,1,0,536,1440,4,1,4,1476,677,0,2153,1,0,2,1,3,1,5,8,7,736,2,253,142,0,0,0,0,0.0,0,0,5,2009,12.653961664405363,0,0,0,1,0,0,0,0,0,0,0,0,1,2.0,3,True,False,False,False,False,5.0,5.493061443340549,6,0,0,1,0,1,0,0,0,1,0,0,1,0,0,0,1,0,0,0,1,0,0,0,0,0,1,0,0,0,0,0,0,0,0,0,1,0,0,0,0,0,0,0,0,0,0,0,0,0,0,0,0,0,0,0,0,0,0,0,0,0,0,0,1,0,0,0,0,1,0,0,1,0,0,0,0,0,0,0,0,0,0,0,0,0,0,0,0,0,1,0,0,0,0,0,0,0,0,0,0,0,0,0,0,1,0,0,1,0,0,1,0,0,0,3593,3057,395,12,239.22222222222223,2,1,3.5,0.3888888888888889,31.5,1,25,9,9,0,1,4,142,1,395,0,0.6273421235253296,1,45,45,12,22,0.599053978853645
611,611,612,80,0.0,10395,4,2,6,6,1978,1978,233.0,3,3,4,3,3,5,605,1,0,427,1032,2,1,4,1032,0,0,1032,0,1,2,0,3,1,3,6,7,564,2,0,0,0,0,0,0,2.0,1,500,7,2007,11.904974309480185,0,0,0,1,0,0,0,0,0,0,0,0,1,2.0,2,True,False,False,False,False,3.0,2.079441541679836,6,0,0,1,0,1,0,0,0,0,0,0,1,0,1,0,0,0,1,0,0,0,0,0,0,0,1,0,0,0,0,0,0,0,0,0,0,0,0,0,0,0,0,0,0,1,0,0,0,0,0,0,0,0,0,0,0,0,0,0,0,0,0,0,0,0,1,1,0,0,0,0,1,0,0,0,0,0,0,0,0,0,0,0,1,0,0,0,0,0,0,0,0,0,0,0,0,0,1,0,0,0,0,0,0,0,0,0,1,0,1,0,0,0,0,2064,1637,0,10,147.42857142857142,1,0,2.5,0.3571428571428571,15.0,1,9,29,29,0,0,3,0,0,0,0,0.5856727976766699,1,48,36,9,14,0.4997578692493947
612,612,613,60,0.0,11885,4,2,8,5,2001,2001,108.0,4,3,4,3,3,6,990,1,0,309,1299,4,1,4,1299,573,0,1872,1,0,2,1,3,1,5,7,7,531,2,160,122,0,0,0,0,0.0,0,0,11,2009,12.47419338657158,0,0,0,1,0,0,0,0,0,0,0,0,1,2.0,4,False,False,True,False,False,3.0,2.079441541679836,6,0,0,1,0,1,0,0,0,1,0,0,1,0,0,0,1,0,1,0,0,0,0,0,0,0,1,0,0,0,0,0,0,0,0,0,1,0,0,0,0,0,0,0,0,0,0,0,0,0,0,0,0,0,0,0,0,0,0,0,0,0,0,0,1,0,0,1,0,0,0,0,1,0,0,0,0,0,0,0,0,0,0,0,0,0,0,0,0,0,1,0,0,0,0,0,0,0,0,0,0,0,0,0,0,1,0,0,1,0,0,1,0,0,0,3171,2862,282,11,234.0,2,1,3.5,0.4375,28.0,1,25,8,8,0,1,4,122,1,282,0,0.7615384615384615,1,48,40,12,21,0.5901639344262295
613,613,614,20,70.0,8402,4,2,5,5,2007,2007,0.0,3,3,4,3,1,5,206,1,0,914,1120,4,1,4,1120,0,0,1120,0,0,1,0,3,1,3,6,7,0,2,0,30,0,0,0,0,0.0,0,0,12,2007,11.898194668458824,0,0,0,0,1,0,0,0,0,0,1,0,0,0.0,0,False,False,False,False,False,0.0,0.0,6,0,0,1,0,1,0,0,0,1,0,0,1,0,0,0,1,1,0,0,0,0,0,0,0,0,1,0,0,0,0,0,0,0,0,0,0,0,0,0,0,0,1,0,0,0,0,0,0,0,0,0,0,0,0,0,0,0,0,0,0,1,0,0,0,0,0,1,0,0,0,0,1,0,0,0,0,0,0,0,0,0,0,0,0,0,0,0,0,0,1,0,0,0,0,0,0,0,0,0,0,0,0,0,0,1,0,0,0,0,0,1,0,0,0,2240,1326,30,10,160.0,1,0,1.0,0.1428571428571428,5.0,1,9,0,0,0,1,4,30,1,30,0,0.183764495985727,1,24,25,9,15,0.499776885319054
614,614,615,180,21.0,1491,4,2,4,6,1972,1972,0.0,3,3,4,3,3,2,150,6,480,0,630,4,1,4,630,0,0,630,1,0,1,0,1,1,3,3,7,0,2,96,24,0,0,0,0,0.0,0,0,5,2010,11.231901180182517,0,0,0,1,0,0,0,0,0,0,0,0,1,0.0,0,False,False,False,False,False,0.0,0.0,6,0,0,0,1,1,0,0,0,1,0,0,1,0,0,0,1,0,1,0,0,0,0,0,0,0,1,0,0,0,0,0,0,0,0,0,0,0,0,0,0,1,0,0,0,0,0,0,0,0,0,0,0,0,0,0,0,0,0,1,0,0,0,0,0,1,0,1,0,0,0,0,1,0,0,0,0,0,0,0,0,0,0,1,0,0,0,0,0,0,0,0,0,0,0,0,0,1,0,0,0,0,0,0,0,0,0,0,0,0,1,0,0,0,0,1260,1260,120,5,157.5,1,0,2.0,0.5,8.0,1,9,38,38,0,0,2,24,1,120,0,0.9984152139461172,1,48,24,9,14,0.4996034892942109
615,615,616,85,80.0,8800,4,2,6,7,1963,1963,156.0,3,4,3,3,4,6,763,1,0,173,936,4,1,4,1054,0,0,1054,1,0,1,0,3,1,4,6,7,480,2,120,0,0,0,0,0,2.0,0,0,5,2010,11.83138646878959,0,0,0,0,0,0,0,0,0,0,0,0,1,2.0,2,True,False,False,False,False,0.0,0.0,6,0,0,1,0,1,0,0,0,1,0,0,1,0,0,0,1,1,0,0,0,0,0,0,0,0,1,0,0,0,0,0,0,0,0,0,0,0,0,0,0,0,0,1,0,0,0,0,0,0,0,0,0,0,0,0,0,0,0,0,0,0,0,0,0,1,0,1,0,0,0,0,1,0,0,0,0,0,0,0,0,0,0,0,0,0,1,0,0,0,0,0,0,0,0,0,0,0,0,0,1,0,0,0,0,0,0,0,1,0,0,1,0,0,0,1990,1817,120,10,150.57142857142858,1,0,2.0,0.2857142857142857,12.0,1,16,47,47,0,0,2,0,0,120,0,0.8143009605122732,1,45,42,12,17,0.5293822199899548
616,616,617,60,0.0,7861,4,2,6,5,2002,2003,0.0,4,3,4,3,1,6,457,1,0,326,783,4,1,4,807,702,0,1509,1,0,2,1,3,1,4,7,7,393,2,100,75,0,0,0,0,0.0,0,0,6,2006,12.118339189722551,0,0,0,1,0,0,0,0,0,0,0,0,1,2.0,4,True,False,False,False,False,4.0,2.772588722239781,6,0,0,1,0,1,0,0,0,0,0,0,1,0,0,0,1,0,1,0,0,0,0,0,0,0,1,0,0,0,0,0,0,0,0,0,0,0,0,1,0,0,0,0,0,0,0,0,0,0,0,0,0,0,0,0,0,0,0,0,0,0,0,0,1,0,0,1,0,0,0,0,1,0,0,0,0,0,0,0,0,0,0,0,0,0,0,0,0,0,1,0,0,0,0,0,0,0,0,0,0,0,0,0,0,1,0,0,0,0,0,1,0,0,0,2292,1966,175,11,188.625,2,1,3.5,0.4375,21.0,1,16,4,3,1,1,4,75,1,175,0,0.5829081632653061,1,24,30,12,18,0.6580898386393371
617,617,618,45,59.0,7227,4,1,6,6,1954,1954,0.0,3,3,3,3,1,1,0,1,0,832,832,3,1,4,832,0,0,832,0,0,1,0,2,1,4,4,7,528,2,0,0,0,0,0,0,0.0,0,0,6,2008,11.56647571052632,0,0,0,1,0,0,0,0,0,0,0,0,1,2.0,2,False,False,False,False,True,0.0,0.0,6,0,0,1,0,1,0,0,0,1,1,0,0,0,0,0,0,0,0,0,0,0,0,0,0,0,1,0,0,0,0,0,0,0,0,0,0,0,0,0,0,0,0,1,0,0,0,0,0,0,0,0,0,0,0,0,0,0,0,0,1,0,0,0,0,0,0,1,0,0,0,0,1,0,0,0,0,0,0,0,0,0,0,0,0,0,1,0,0,0,0,0,0,0,0,0,0,0,0,0,1,0,0,0,0,0,0,0,0,0,1,0,0,0,0,1664,832,0,7,166.4,1,0,1.0,0.2,6.0,1,16,54,54,0,0,2,0,0,0,0,0.0,0,18,36,9,16,0.4996996996996997
618,618,619,20,90.0,11694,4,2,9,5,2007,2007,452.0,5,3,5,3,3,6,48,1,0,1774,1822,4,1,4,1828,0,0,1828,0,0,2,0,3,1,4,9,7,774,2,0,108,0,0,260,0,0.0,0,0,7,2007,12.659737267217572,0,0,0,0,1,0,0,0,0,0,1,0,0,2.0,4,True,False,False,False,False,4.0,2.772588722239781,6,0,0,1,0,1,0,0,0,1,0,0,1,0,0,0,1,0,1,0,0,0,0,0,0,0,1,0,0,0,0,0,0,0,0,0,0,0,0,0,0,0,0,0,0,0,0,1,0,0,0,0,0,0,0,0,0,0,0,0,0,1,0,0,0,0,0,0,0,1,0,0,1,0,0,0,0,0,0,0,0,0,0,1,0,0,0,0,0,0,0,0,0,0,0,0,0,1,0,0,0,0,0,0,0,0,0,0,1,0,0,1,0,0,0,3650,1876,368,13,182.8,1,0,2.0,0.2,18.0,1,16,0,0,0,1,4,368,1,368,0,0.0263302249040043,1,60,45,15,22,0.5006847439057792
619,619,620,60,85.0,12244,4,2,8,5,2003,2003,226.0,4,3,4,3,4,6,871,1,0,611,1482,4,1,4,1482,780,0,2262,1,0,2,1,4,1,4,10,7,749,2,168,0,0,0,0,0,0.0,0,0,8,2008,12.628070334272698,0,0,0,1,0,0,0,0,0,0,0,0,1,2.0,4,True,False,False,False,False,4.0,4.394449154672439,6,0,0,1,0,1,0,0,0,1,0,0,1,0,0,0,1,0,1,0,0,0,0,0,0,0,1,0,0,0,0,0,0,0,0,0,0,0,0,0,0,0,0,0,0,0,0,0,0,0,0,0,0,0,1,0,0,0,0,0,0,0,0,0,1,0,0,0,0,1,0,0,1,0,0,0,0,0,0,0,0,0,0,0,0,0,0,0,0,0,1,0,0,0,0,0,0,0,0,0,0,0,0,0,0,1,0,0,0,1,0,1,0,0,0,3744,3133,168,15,205.63636363636363,2,1,3.5,0.3181818181818182,28.0,1,16,5,5,0,1,4,0,0,168,0,0.5873229939312204,1,60,40,12,20,0.6040053404539386
620,620,621,30,45.0,8248,4,2,3,3,1914,1950,0.0,3,3,3,3,1,4,41,1,0,823,864,2,0,2,864,0,0,864,1,0,1,0,2,1,3,5,7,0,0,0,0,100,0,0,0,0.0,0,0,9,2008,11.112462823634855,0,0,0,1,0,0,0,0,0,0,0,0,1,0.0,0,False,False,False,False,False,0.0,0.0,6,0,0,1,0,1,0,0,0,1,0,0,1,0,0,0,1,0,1,0,0,0,0,0,0,0,1,0,0,0,0,0,0,0,0,0,0,0,1,0,0,0,0,0,0,0,0,0,0,0,0,0,0,0,0,0,0,0,0,0,0,1,0,0,0,0,0,1,0,0,0,0,1,0,0,0,0,0,0,0,0,0,0,0,0,0,0,0,0,1,0,0,0,0,0,0,0,0,0,0,0,0,0,0,1,0,0,0,0,0,0,0,0,0,0,1728,905,100,8,144.0,1,0,2.0,0.3333333333333333,6.0,1,9,94,58,1,0,1,100,1,100,0,0.0473988439306358,1,18,9,9,11,0.4997108155002892
621,621,622,60,90.0,10800,4,2,6,7,1974,1997,0.0,3,3,3,3,1,5,956,3,182,384,1522,2,1,4,1548,1066,0,2614,0,0,2,1,4,1,3,9,7,624,2,38,243,0,0,0,0,0.0,0,0,6,2008,12.388398368982116,0,0,0,1,0,0,0,0,0,0,0,0,1,2.0,2,True,False,False,False,False,3.0,2.079441541679836,6,0,0,1,0,1,0,0,0,1,0,0,1,0,0,0,1,0,1,0,0,0,0,0,0,0,1,0,0,0,0,0,0,0,0,0,0,0,0,0,0,0,0,0,0,1,0,0,0,0,0,0,0,0,0,0,0,0,0,0,0,0,0,0,1,0,0,1,0,0,0,0,1,0,0,0,0,0,0,0,0,0,0,0,1,0,0,0,0,0,0,0,0,0,0,0,0,0,1,0,0,0,0,0,0,0,0,0,0,0,1,0,0,0,0,4136,3752,281,14,261.4,2,1,2.5,0.25,15.0,1,9,34,11,1,0,2,243,1,281,0,0.747209455022981,1,18,42,9,14,0.6318588349045202
622,622,623,20,71.0,7064,4,2,5,6,1977,1977,153.0,3,3,3,3,1,4,560,1,0,420,980,2,1,4,980,0,0,980,0,0,1,0,3,1,3,6,7,484,2,192,0,0,0,0,0,0.0,0,0,7,2009,11.81303746480054,0,0,0,1,0,0,0,0,0,0,0,0,1,2.0,3,False,False,False,False,True,0.0,0.0,6,0,0,1,0,1,0,0,0,1,0,0,1,0,0,0,1,0,1,0,0,0,0,0,0,0,1,0,0,0,0,0,0,0,0,0,0,0,0,0,0,0,0,0,0,0,0,0,0,0,1,0,0,0,0,0,0,0,0,0,0,1,0,0,0,0,0,1,0,0,0,0,1,0,0,0,0,0,0,0,0,0,0,0,0,0,0,1,0,0,0,0,0,0,0,0,0,0,0,0,0,0,1,0,0,0,0,0,1,0,1,0,0,0,0,1960,1540,192,10,140.0,1,0,1.0,0.1428571428571428,5.0,1,9,32,32,0,0,2,0,0,192,0,0.5708460754332314,1,18,30,9,13,0.4997450280469148
623,623,624,160,0.0,2117,4,2,6,5,2000,2000,513.0,4,3,4,3,1,6,420,1,0,336,756,4,1,4,756,756,0,1512,0,0,2,1,2,1,4,4,7,440,2,0,32,0,0,0,0,0.0,0,0,6,2007,12.034696963475044,0,0,0,1,0,0,0,0,0,0,0,0,1,2.0,3,False,False,False,False,True,3.0,2.079441541679836,6,1,0,0,0,1,0,0,0,1,0,0,1,0,0,0,1,0,1,0,0,0,0,0,0,0,1,0,0,0,0,0,0,0,0,0,0,0,0,0,0,0,0,0,0,0,0,0,0,0,0,0,1,0,0,0,0,0,0,1,0,0,0,0,1,0,0,1,0,0,0,0,1,0,0,0,0,0,0,0,0,0,0,0,0,0,1,0,0,0,0,0,0,0,0,0,0,0,0,0,1,0,0,0,0,0,0,0,1,0,0,1,0,0,0,2268,1932,32,7,302.4,2,1,2.5,0.5,15.0,1,16,7,7,0,1,4,32,1,32,0,0.5548216644649934,1,24,30,12,18,0.6663728514764213
624,624,625,60,80.0,10400,4,2,6,5,1972,1972,288.0,3,3,3,3,1,3,247,1,0,485,732,3,1,4,1012,778,0,1790,1,0,1,2,4,1,3,8,5,484,2,148,0,0,0,147,0,0.0,0,0,11,2006,12.014615485902029,0,0,0,1,0,0,0,0,0,0,0,0,1,2.0,2,True,False,False,False,False,3.0,2.079441541679836,6,0,0,1,0,1,0,0,0,1,0,0,1,0,0,0,1,0,1,0,0,0,0,0,0,0,1,0,0,0,0,0,0,0,0,0,0,0,0,0,0,0,0,0,0,1,0,0,0,0,0,0,0,0,0,0,0,0,0,0,0,0,0,0,1,0,0,1,0,0,0,0,1,0,0,0,0,0,0,0,0,0,0,0,0,0,0,0,0,0,1,0,0,0,0,0,0,0,0,0,0,0,0,0,0,1,0,0,0,0,1,0,0,0,0,2522,2037,295,13,198.88888888888889,2,1,3.0,0.3333333333333333,18.0,1,9,34,34,0,0,2,147,1,295,0,0.3369713506139154,1,18,30,9,15,0.7094728497820055
625,625,626,20,87.0,10000,4,2,6,6,1962,1962,261.0,3,3,3,3,1,1,0,1,0,1116,1116,2,1,4,1116,0,0,1116,0,0,1,1,3,1,3,5,7,440,2,0,0,0,0,385,0,0.0,0,0,2,2010,11.982935344196433,0,0,0,1,0,0,0,0,0,0,0,0,1,2.0,2,True,False,False,False,False,0.0,0.0,6,0,0,1,0,1,0,0,0,0,0,0,1,0,0,0,0,0,1,0,0,0,0,0,0,0,1,0,0,0,0,0,0,0,0,0,0,0,0,0,0,0,0,1,0,0,0,0,0,0,0,0,0,0,0,0,0,0,0,0,0,1,0,0,0,0,0,0,0,1,0,0,1,0,0,0,0,0,0,0,0,0,0,0,0,0,0,0,0,0,0,1,0,0,0,0,0,0,0,0,0,0,0,0,0,0,1,0,1,0,1,0,0,0,0,2232,1116,385,9,186.0,1,0,1.5,0.25,9.0,1,9,48,48,0,0,2,385,1,385,0,0.0,0,18,36,9,14,0.4997760859829825
626,626,627,20,0.0,12342,4,2,5,5,1960,1978,0.0,3,3,3,3,1,1,0,1,0,978,978,2,1,4,1422,0,0,1422,0,0,1,0,3,1,3,6,6,286,2,0,0,36,0,0,0,1.0,1,600,8,2007,11.848690308590855,0,0,0,1,0,0,0,0,0,0,0,0,1,2.0,2,True,False,False,False,False,3.0,2.079441541679836,6,0,0,1,0,1,0,0,0,0,0,0,1,0,0,0,1,0,1,0,0,0,0,0,0,0,1,0,0,0,0,0,0,0,0,0,0,0,0,0,0,0,0,1,0,0,0,0,0,0,0,0,0,0,0,0,0,0,0,0,0,1,0,0,0,0,0,0,0,1,0,0,1,0,0,0,0,0,0,0,0,0,0,0,0,0,0,0,0,0,0,1,0,0,0,0,0,0,0,0,0,0,0,0,0,0,1,0,0,0,1,0,0,0,0,2400,1422,36,10,203.14285714285717,1,0,1.0,0.1428571428571428,5.0,1,9,47,29,1,0,2,36,1,36,0,0.0,0,18,25,9,13,0.592253227821741
627,627,628,80,80.0,9600,4,2,6,6,1955,1972,164.0,3,3,3,3,3,4,674,2,132,350,1156,4,1,4,1520,0,0,1520,1,0,1,0,3,1,3,7,7,364,2,0,0,189,0,0,0,0.0,0,0,3,2010,11.938199736300923,0,0,0,1,0,0,0,0,0,0,0,0,1,2.0,2,False,True,False,False,False,4.0,4.394449154672439,6,0,0,1,0,1,0,0,0,1,0,0,1,0,0,0,1,0,1,0,0,0,0,0,0,0,1,0,0,0,0,0,0,0,0,0,0,0,0,0,0,0,0,1,0,0,0,0,0,0,0,0,0,0,0,0,0,0,0,0,0,0,0,0,0,0,1,1,0,0,0,0,1,0,0,0,0,0,0,0,0,0,0,0,0,0,0,0,0,0,0,0,0,0,0,0,0,0,0,0,0,0,0,0,0,0,0,0,1,0,1,0,0,0,0,2676,2326,189,11,190.0,1,0,2.0,0.25,12.0,1,9,55,38,1,0,2,189,1,189,0,0.6966292134831461,1,36,36,9,16,0.5677997758685095
628,628,629,60,70.0,11606,4,0,5,5,1969,1969,192.0,3,3,4,3,3,3,650,1,0,390,1040,2,1,4,1040,1040,0,2080,0,1,1,2,5,1,2,9,7,504,2,335,0,0,0,0,0,0.0,0,0,9,2007,11.81303746480054,0,0,1,0,0,0,0,0,0,0,0,0,1,2.0,2,True,False,False,False,False,3.0,3.295836866004329,6,0,0,1,0,1,0,0,0,0,1,0,0,0,0,0,1,0,1,0,0,0,0,0,0,0,1,0,0,0,0,0,0,0,0,0,0,0,0,0,0,0,0,1,0,0,0,0,0,0,0,0,0,0,0,0,0,0,0,0,0,0,0,0,1,0,0,1,0,0,0,0,1,0,0,0,0,0,0,0,0,0,0,0,0,0,0,1,0,0,0,0,0,0,0,0,0,0,0,0,0,0,1,0,0,0,0,0,1,0,0,1,0,0,0,3120,2730,335,15,208.0,2,1,2.5,0.25,12.5,1,4,38,38,0,0,2,0,0,335,0,0.6243996157540826,1,48,25,9,12,0.6664530599166933
629,629,630,80,82.0,9020,4,2,6,5,1964,1964,259.0,3,3,3,3,4,6,624,3,336,288,1248,2,1,4,1350,0,0,1350,1,0,1,1,3,1,3,6,7,520,2,176,0,0,0,0,0,3.0,0,0,6,2008,12.034696963475044,0,0,0,1,0,0,0,0,0,0,0,0,1,2.0,2,True,False,False,False,False,0.0,0.0,6,0,0,1,0,1,0,0,0,1,0,0,1,0,0,0,0,1,0,0,0,0,0,0,0,0,1,0,0,0,0,0,0,0,0,0,0,0,0,0,0,0,0,1,0,0,0,0,0,0,0,0,0,0,0,0,0,0,0,0,0,0,0,0,0,0,1,1,0,0,0,0,0,0,0,0,0,0,1,0,0,0,0,0,0,0,0,1,0,0,0,0,0,0,0,0,0,0,0,0,0,0,0,0,0,0,1,0,1,0,1,0,0,0,0,2598,2310,176,10,192.8571428571429,1,0,2.5,0.3571428571428571,15.0,1,9,44,44,0,0,2,0,0,176,0,0.7686148919135308,1,45,30,9,14,0.5194305502116199
630,630,631,70,50.0,9000,4,2,5,6,1880,1991,0.0,3,3,2,2,1,1,0,1,0,636,636,2,1,3,1089,661,0,1750,0,0,1,0,3,1,5,8,7,240,0,0,0,293,0,0,0,2.0,0,0,6,2006,11.728044909070784,0,0,0,0,0,0,0,0,0,0,0,0,1,1.5,1,False,False,False,False,True,0.0,0.0,6,0,0,0,1,1,0,0,0,1,0,0,1,0,0,0,0,0,0,0,0,0,0,0,0,0,1,0,0,0,0,0,0,0,0,0,0,0,0,0,0,0,0,0,0,0,0,0,1,0,0,0,0,0,0,0,0,0,0,0,0,0,0,0,1,0,0,1,0,0,0,0,1,0,0,0,0,0,0,0,0,0,0,0,0,0,0,0,0,0,1,0,0,0,0,0,0,0,0,0,0,0,0,0,0,1,0,0,0,0,0,0,0,0,0,2386,1750,293,12,194.44444444444449,2,1,1.0,0.1111111111111111,5.0,1,25,126,15,1,0,1,293,1,293,0,0.0,0,8,30,9,15,0.7331378299120235
631,631,632,120,34.0,4590,4,2,8,5,2006,2006,108.0,4,3,4,4,2,6,24,1,0,1530,1554,4,1,4,1554,0,0,1554,0,0,2,0,2,1,4,6,7,627,2,156,73,0,0,0,0,0.0,0,0,8,2007,12.252483791602629,0,0,0,1,0,0,0,0,0,0,0,0,1,2.0,4,True,False,False,False,False,4.0,2.772588722239781,6,0,0,1,0,1,0,0,0,1,0,0,1,0,0,0,1,0,1,0,0,0,0,0,0,0,1,0,0,0,0,0,0,0,0,0,0,0,0,0,0,0,0,0,0,0,0,1,0,0,0,0,0,0,0,0,0,0,1,0,0,1,0,0,0,0,0,1,0,0,0,0,1,0,0,0,0,0,0,0,0,0,0,0,0,0,0,0,0,0,1,0,0,0,0,0,0,0,0,0,0,0,0,0,0,1,0,0,0,1,0,1,0,0,0,3108,1578,229,9,222.0,1,0,2.0,0.2857142857142857,16.0,1,16,1,1,0,1,4,73,1,229,0,0.0154340836012861,1,48,40,12,20,0.4998391765841106
632,632,633,20,85.0,11900,4,2,7,5,1977,1977,209.0,3,4,3,3,1,5,822,1,0,564,1386,2,1,4,1411,0,0,1411,0,0,2,0,3,1,3,6,7,544,2,192,0,0,0,0,0,0.0,0,0,4,2009,11.320565693461432,0,0,1,0,0,0,0,0,0,0,0,0,1,2.0,2,True,False,False,False,False,3.0,2.079441541679836,6,0,0,1,0,1,0,0,0,1,0,0,1,0,0,0,1,0,1,0,0,0,0,0,0,0,1,0,0,0,0,0,0,0,0,0,0,0,0,0,0,0,0,0,0,1,0,0,0,0,0,0,0,0,0,0,0,0,0,0,0,1,0,0,0,0,0,0,0,1,0,0,1,0,0,0,0,0,0,0,0,0,0,0,0,0,0,1,0,0,0,0,0,0,0,0,0,0,0,0,0,0,1,0,0,0,0,0,1,0,1,0,0,0,0,2797,2233,192,10,201.57142857142856,1,0,2.0,0.2857142857142857,14.0,1,9,32,32,0,0,2,0,0,192,0,0.5926459985580389,1,18,35,12,15,0.504288777698356
633,633,634,20,80.0,9250,4,2,5,7,1954,2005,0.0,3,3,3,3,1,4,480,2,468,108,1056,2,1,4,1056,0,0,1056,0,1,1,0,3,1,3,6,7,260,2,390,0,0,0,0,0,0.0,0,0,7,2007,11.84510995088398,0,0,0,1,0,0,0,0,0,0,0,0,1,2.0,2,True,False,False,False,False,0.0,0.0,6,0,0,1,0,1,0,0,0,1,0,0,1,0,0,0,0,0,1,0,0,0,0,0,0,0,1,0,0,0,0,0,0,0,0,0,0,0,0,0,0,0,0,1,0,0,0,0,0,0,0,0,0,0,0,0,0,0,0,0,0,1,0,0,0,0,0,1,0,0,0,0,1,0,0,0,0,0,0,0,0,0,0,0,0,0,0,0,0,0,0,1,0,0,0,0,0,0,0,0,0,0,0,0,0,0,1,0,0,0,1,0,0,0,0,2112,2004,390,10,150.85714285714286,1,0,1.5,0.2142857142857142,7.5,1,9,53,2,1,1,2,0,0,390,0,0.8968779564806055,1,18,35,9,13,0.4997633696166588
634,634,635,90,64.0,6979,4,2,6,5,1980,1980,0.0,3,3,3,3,1,6,1056,1,0,0,1056,3,1,4,1056,0,0,1056,2,0,0,0,0,2,3,4,7,576,2,264,56,0,0,0,0,3.0,1,600,6,2010,11.87757552297847,0,0,0,1,0,0,0,0,0,0,0,0,1,2.0,2,False,False,False,False,True,0.0,0.0,6,0,0,1,0,1,0,0,0,1,0,0,1,0,0,0,1,0,1,0,0,0,0,0,0,0,1,0,0,0,0,0,0,0,0,0,0,0,0,0,0,0,0,0,0,0,0,0,1,0,0,0,0,0,0,0,0,1,0,0,0,0,0,0,0,1,0,1,0,0,0,0,1,0,0,0,0,0,0,0,0,0,0,0,0,0,0,1,0,0,0,0,0,0,0,0,0,0,0,0,0,0,1,0,0,0,0,0,0,0,1,0,0,0,0,2112,2112,320,6,211.2,1,0,2.0,0.4,12.0,2,9,30,30,0,0,3,56,1,320,0,0.999053926206244,1,18,30,9,15,0.4997633696166588
635,635,636,190,60.0,10896,4,2,6,7,1914,1995,0.0,2,3,3,2,1,2,256,1,0,1184,1440,4,1,3,1440,1440,515,3395,0,0,2,0,8,2,2,14,7,0,0,0,110,0,0,0,0,0.0,0,0,3,2007,12.206077645517674,0,0,0,0,0,0,0,0,0,0,0,0,1,0.0,0,False,False,False,False,False,0.0,0.0,6,0,1,0,0,1,1,0,0,1,0,0,0,0,0,0,1,1,0,0,0,0,0,0,0,0,1,0,0,0,0,0,0,0,0,0,0,0,0,0,0,0,0,0,0,0,0,0,0,1,0,0,0,0,0,0,1,0,0,0,0,0,1,0,0,0,0,0,0,1,0,0,1,0,0,0,0,0,0,0,0,0,0,0,0,0,0,0,0,0,1,0,0,0,0,0,0,0,0,0,0,0,0,0,0,1,0,0,0,0,1,0,0,0,0,4320,3136,110,24,226.33333333333331,2,1,2.0,0.1333333333333333,12.0,2,4,93,12,1,0,1,110,1,110,0,0.1776544066620402,1,12,42,6,14,0.785697755149271
636,636,637,30,51.0,6120,4,2,2,3,1936,1950,0.0,2,2,3,2,1,1,0,1,0,264,264,1,0,3,800,0,0,800,0,0,1,0,1,1,2,4,3,0,0,0,0,0,0,0,0,0.0,0,0,1,2009,11.002116507732016,0,0,0,1,0,0,0,0,0,1,0,0,0,0.0,0,False,False,False,False,False,1.0,0.6931471805599453,1,0,0,0,1,1,0,0,0,1,0,0,1,0,0,0,1,0,1,0,0,0,0,0,0,0,1,0,0,0,0,0,0,0,1,0,0,0,0,0,0,0,0,0,0,0,0,0,0,0,0,0,0,0,0,0,0,0,0,0,0,1,0,0,0,0,0,1,0,0,0,0,1,0,0,0,0,0,0,0,0,0,0,0,0,0,0,0,0,0,0,0,0,0,0,0,0,0,0,0,0,0,0,0,0,0,0,0,0,0,0,0,0,0,0,1064,800,0,6,160.0,1,0,1.0,0.2,2.0,1,4,73,59,1,0,1,0,0,0,0,0.0,0,12,6,4,7,0.7511737089201878
637,637,638,190,50.0,6000,4,2,5,4,1954,1954,0.0,3,3,3,3,1,1,0,1,0,811,811,2,1,3,811,576,0,1387,0,0,2,0,3,2,4,7,7,256,2,0,0,0,0,0,0,0.0,0,0,11,2009,11.440365524765756,0,0,0,1,0,0,0,0,0,0,0,0,1,2.0,2,False,False,True,False,False,0.0,0.0,6,0,0,0,1,1,0,0,0,1,0,0,1,0,0,0,1,0,1,0,0,0,0,0,0,0,1,0,0,0,0,0,0,0,0,0,0,0,0,0,0,0,0,0,0,0,0,0,1,0,0,0,0,0,0,0,1,0,0,0,0,0,0,0,0,0,0,1,0,0,0,0,1,0,0,0,0,0,0,0,0,0,0,0,0,0,0,0,0,0,0,1,0,0,0,0,0,0,0,0,0,0,0,0,0,0,1,0,0,0,1,0,0,0,0,2198,1387,0,12,173.375,2,1,2.0,0.25,10.0,2,16,55,55,0,0,2,0,0,0,0,0.0,0,18,20,9,14,0.6307412460209186
638,638,639,30,67.0,8777,4,2,5,7,1910,1950,0.0,3,3,2,3,1,1,0,1,0,796,796,3,1,3,796,0,0,796,0,0,1,0,2,1,3,4,7,0,1,328,0,164,0,0,0,2.0,0,0,5,2008,11.350418300109132,0,0,0,1,0,0,0,0,0,0,0,0,1,0.0,0,False,False,False,False,False,0.0,0.0,6,0,0,1,0,1,0,0,0,1,0,0,1,0,0,0,1,1,0,0,0,0,0,0,0,0,1,0,0,0,0,0,0,0,0,0,0,0,1,0,0,0,0,0,0,0,0,0,0,0,0,0,0,0,0,0,0,0,0,0,0,1,0,0,0,0,0,1,0,0,0,0,1,0,0,0,0,0,0,0,0,0,0,0,0,0,1,0,0,0,0,0,0,0,0,0,0,0,0,0,0,0,0,0,0,0,1,0,0,0,1,0,0,0,0,1592,796,492,7,159.2,1,0,1.0,0.2,5.0,1,9,98,58,1,0,1,164,1,492,0,0.0,0,12,35,9,14,0.4996861268047708
639,639,640,120,53.0,3982,4,2,8,5,2006,2006,0.0,4,3,4,4,3,6,1154,1,0,366,1520,4,1,4,1567,0,0,1567,1,0,2,0,1,1,5,7,7,648,2,312,0,0,0,0,0,0.0,0,0,10,2006,12.485830907348902,0,0,0,0,1,0,0,0,0,0,1,0,0,2.0,4,True,False,False,False,False,4.0,2.772588722239781,6,0,0,1,0,1,0,0,0,1,0,0,1,0,0,0,1,0,1,0,0,0,0,0,0,0,1,0,0,0,0,0,0,0,0,0,0,0,0,0,0,0,0,0,0,0,0,0,0,0,0,0,0,0,0,0,0,0,0,1,0,1,0,0,0,0,0,0,0,1,0,0,1,0,0,0,0,0,0,0,0,0,0,0,0,0,0,0,0,0,1,0,0,0,0,0,0,0,0,0,0,0,0,0,0,1,0,0,0,0,0,1,0,0,0,3087,2721,312,9,195.875,1,0,3.0,0.375,24.0,1,25,0,0,0,1,4,0,0,312,0,0.7587113740959894,1,64,40,12,21,0.5074481865284974
640,640,641,120,62.0,12677,4,2,8,5,2003,2004,472.0,5,3,5,3,4,6,1218,1,0,300,1518,4,1,4,1518,0,0,1518,0,0,1,1,1,1,5,6,7,588,2,185,140,0,0,0,0,0.0,0,0,4,2008,12.520887034998584,0,0,0,1,0,0,0,0,0,0,0,0,1,2.0,4,True,False,False,False,False,4.0,2.772588722239781,6,0,0,1,0,1,0,0,0,0,0,0,1,0,0,0,1,0,1,0,0,0,0,0,0,0,1,0,0,0,0,0,0,0,0,0,0,0,0,0,0,0,0,0,0,0,0,1,0,0,0,0,0,0,0,0,0,0,0,1,0,1,0,0,0,0,0,0,0,1,0,0,1,0,0,0,0,0,0,0,0,0,0,0,0,0,1,0,0,0,0,0,0,0,0,0,0,0,0,0,1,0,0,0,0,0,0,0,1,0,0,1,0,0,0,3036,2736,325,8,216.8571428571429,1,0,1.5,0.2142857142857142,12.0,1,25,5,4,1,1,4,140,1,325,0,0.8018433179723502,1,75,40,15,22,0.4998353638459005
641,641,642,60,0.0,7050,4,2,7,5,2001,2001,0.0,4,3,4,3,1,6,738,1,0,319,1057,4,1,4,1057,872,0,1929,1,0,2,1,3,1,4,7,7,650,2,0,235,0,0,0,0,0.0,0,0,5,2007,12.328294703023394,0,0,0,1,0,0,0,0,0,0,0,0,1,2.0,4,True,False,False,False,False,3.0,2.079441541679836,6,1,0,0,0,1,0,0,0,1,0,0,1,0,0,0,1,0,1,0,0,0,0,0,0,0,1,0,0,0,0,0,0,0,0,0,0,0,0,0,0,0,0,0,0,0,0,0,0,0,0,0,1,0,0,0,0,0,0,0,0,0,0,0,1,0,0,1,0,0,0,0,1,0,0,0,0,0,0,0,0,0,0,0,0,0,0,0,0,0,1,0,0,0,0,0,0,0,0,0,0,0,0,0,0,1,0,0,0,0,0,1,0,0,0,2986,2667,235,11,241.125,2,1,3.5,0.4375,24.5,1,16,6,6,0,1,4,235,1,235,0,0.6975425330812854,1,24,35,12,19,0.6457984599933043
642,642,643,80,75.0,13860,4,2,8,7,1972,1995,0.0,4,3,4,3,4,6,1410,1,0,542,1952,3,1,4,2000,704,0,2704,1,0,2,1,4,1,5,9,7,538,2,269,111,0,0,0,0,2.0,0,0,7,2009,12.75130259456002,0,0,0,1,0,0,0,0,0,0,0,0,1,2.0,2,True,False,False,False,False,3.0,4.158883083359672,6,0,0,1,0,1,0,0,0,1,0,0,1,0,0,0,1,0,1,0,0,0,0,0,0,0,1,0,0,0,0,0,0,0,0,0,0,0,0,0,0,0,0,1,0,0,0,0,0,0,0,0,0,0,0,0,0,0,0,0,0,0,0,0,0,0,1,1,0,0,0,0,1,0,0,0,0,0,0,0,0,0,0,0,0,0,0,1,0,0,0,0,0,0,0,0,0,0,0,0,0,0,0,0,0,0,1,0,0,0,1,0,0,0,0,4656,4114,380,14,270.4,2,1,3.5,0.35,28.0,1,25,37,14,1,0,2,111,1,380,0,0.7219662058371735,1,60,56,12,20,0.5806313077088254
643,643,644,60,80.0,10793,4,2,5,5,1969,1969,263.0,3,3,3,3,1,3,493,4,287,0,780,4,1,4,780,840,0,1620,0,0,2,1,4,1,3,7,6,462,2,208,0,0,0,0,0,1.0,0,0,4,2007,11.93164237875414,0,0,0,1,0,0,0,0,0,0,0,0,1,2.0,2,True,False,False,False,False,0.0,0.0,6,0,0,1,0,1,0,0,0,1,0,0,1,0,0,0,1,0,0,0,0,0,1,0,0,0,1,0,0,0,0,0,0,0,0,0,0,0,0,0,0,0,0,0,0,1,0,0,0,0,0,0,0,0,0,0,0,0,0,0,0,0,0,0,1,0,0,0,0,0,1,0,1,0,0,0,0,0,0,0,0,0,0,0,0,0,0,0,0,0,0,0,1,0,0,0,0,0,1,0,0,0,0,0,0,0,0,0,1,0,1,0,0,0,0,2400,2400,208,12,202.5,2,1,2.5,0.3125,12.5,1,9,38,38,0,0,2,0,0,208,0,0.998719590268886,1,18,25,9,15,0.6747188671386922
644,644,645,20,85.0,9187,4,2,9,5,2009,2009,162.0,5,3,5,3,2,6,1121,1,0,645,1766,4,1,4,1766,0,0,1766,1,0,2,1,2,1,5,7,7,478,2,195,130,0,0,0,0,0.0,0,0,10,2009,12.823631142839984,0,0,0,0,1,0,0,0,0,0,1,0,0,2.0,4,True,False,False,False,False,4.0,2.772588722239781,6,1,0,0,0,1,0,0,0,1,0,0,1,0,0,0,1,0,1,0,0,0,0,0,0,0,1,0,0,0,0,0,0,0,0,0,0,0,0,0,0,0,0,0,0,0,0,0,0,0,0,0,1,0,0,0,0,0,0,0,0,1,0,0,0,0,0,1,0,0,0,0,1,0,0,0,0,0,0,0,0,0,0,1,0,0,0,0,0,0,0,0,0,0,0,0,0,1,0,0,0,0,0,0,0,0,0,0,0,1,0,1,0,0,0,3532,2887,325,10,220.75,1,0,3.5,0.4375,31.5,1,25,0,0,0,1,4,130,1,325,0,0.6344086021505376,1,45,45,15,23,0.4998584772148315
645,645,646,20,0.0,10530,4,2,6,5,1971,1971,0.0,3,3,3,3,1,5,282,2,35,664,981,2,1,4,981,0,0,981,1,0,1,1,3,1,3,5,7,576,2,0,312,40,0,0,0,0.0,0,0,3,2007,11.872353615355411,0,0,0,1,0,0,0,0,0,0,0,0,1,2.0,2,False,False,False,False,True,0.0,0.0,6,0,0,1,0,1,0,0,0,0,0,0,1,0,0,0,0,0,1,0,0,0,0,0,0,0,1,0,0,0,0,0,0,0,0,0,0,0,0,0,0,0,0,1,0,0,0,0,0,0,0,0,0,0,0,0,0,0,0,0,0,1,0,0,0,0,0,0,0,1,0,0,1,0,0,0,0,0,0,0,0,0,0,0,0,0,0,1,0,0,0,0,0,0,0,0,0,0,0,0,0,0,1,0,0,0,0,0,0,0,1,0,0,0,0,1962,1298,352,9,163.5,1,0,2.5,0.4166666666666667,15.0,1,9,36,36,0,0,2,352,1,352,0,0.3228105906313646,1,18,30,9,14,0.499745287824758
646,646,647,20,60.0,7200,4,2,5,5,1950,1950,0.0,3,3,0,0,0,0,0,0,0,0,0,3,1,4,1048,0,0,1048,0,0,1,0,3,1,3,7,6,420,2,0,27,0,0,0,0,0.0,0,0,7,2008,11.495789479023491,0,0,0,1,0,0,0,0,0,0,0,0,1,2.0,1,False,False,False,False,True,0.0,0.0,6,0,0,1,0,1,0,0,0,1,0,0,1,0,0,0,1,0,1,0,0,0,0,0,0,0,1,0,0,0,0,0,0,0,0,0,0,0,0,0,0,0,0,1,0,0,0,0,0,0,0,0,0,0,0,0,0,0,0,0,0,1,0,0,0,0,0,0,0,1,0,0,1,0,0,0,0,0,0,0,0,0,0,0,0,0,1,0,0,0,0,0,0,0,0,0,0,0,0,0,1,0,0,0,0,0,0,0,0,0,1,0,0,0,0,1048,1048,27,11,131.0,1,0,1.0,0.125,5.0,1,9,58,58,0,0,2,27,1,27,0,0.0,0,0,25,9,14,0.9990467111534796
647,647,648,20,85.0,10452,4,2,6,5,1953,1953,216.0,3,3,3,3,2,3,500,1,0,594,1094,4,1,4,1094,0,0,1094,0,0,1,0,3,1,3,5,7,495,2,0,0,0,0,287,0,0.0,0,0,6,2008,11.951186847493476,0,0,0,1,0,0,0,0,0,0,0,0,1,2.0,2,True,False,False,False,False,4.0,4.394449154672439,6,0,0,1,0,1,0,0,0,0,0,0,1,0,0,0,1,0,1,0,0,0,0,0,0,0,1,0,0,0,0,0,0,0,0,0,0,0,1,0,0,0,0,0,0,0,0,0,0,0,0,0,0,0,0,0,0,0,0,0,0,1,0,0,0,0,0,0,0,1,0,0,1,0,0,0,0,0,0,0,0,0,0,0,0,0,0,0,0,0,0,1,0,0,0,0,0,0,0,0,0,0,0,0,0,0,1,0,0,1,1,0,0,0,0,2188,1594,287,9,182.33333333333331,1,0,1.0,0.1666666666666666,6.0,1,9,55,55,0,0,2,287,1,287,0,0.45662100456621,1,27,30,9,16,0.4997715851987209
648,648,649,60,70.0,7700,4,2,6,5,1966,1966,351.0,3,3,3,3,1,1,0,1,0,756,756,2,1,4,1051,788,0,1839,0,0,1,1,4,1,3,7,7,442,2,0,124,216,0,0,0,0.0,0,0,6,2010,11.951186847493476,0,0,0,1,0,0,0,0,0,0,0,0,1,2.0,2,True,False,False,False,False,3.0,2.079441541679836,6,0,0,1,0,1,0,0,0,1,0,0,1,0,0,0,1,0,0,0,1,0,0,0,0,0,1,0,0,0,0,0,0,0,0,0,0,0,0,0,0,0,0,1,0,0,0,0,0,0,0,0,0,0,0,0,0,0,0,0,0,0,0,0,1,0,0,1,0,0,0,0,1,0,0,0,0,0,0,0,0,0,0,0,0,0,1,0,0,0,0,0,0,0,0,0,0,0,0,0,1,0,0,0,0,0,0,0,1,0,1,0,0,0,0,2595,1839,340,12,229.875,2,1,1.5,0.1875,9.0,1,9,44,44,0,0,2,340,1,340,0,0.0,0,18,30,9,14,0.7083975346687211
649,649,650,180,21.0,1936,4,2,4,6,1970,1970,0.0,3,3,4,3,3,4,131,6,499,0,630,3,1,4,630,0,0,630,1,0,1,0,1,1,3,3,7,0,2,0,0,0,0,0,0,2.0,0,0,12,2007,11.344518647594766,0,0,0,1,0,0,0,0,0,0,0,0,1,0.0,0,False,False,False,False,False,0.0,0.0,6,0,0,0,1,1,0,0,0,1,0,0,1,0,0,0,1,0,1,0,0,0,0,0,0,0,1,0,0,0,0,0,0,0,0,0,0,0,0,0,0,1,0,0,0,0,0,0,0,0,0,0,0,0,0,0,0,0,1,0,0,0,0,0,0,1,0,1,0,0,0,0,1,0,0,0,0,0,0,0,0,0,0,1,0,0,0,0,0,0,0,0,0,0,0,0,0,1,0,0,0,0,0,0,0,0,0,0,0,0,1,0,0,0,0,1260,1260,0,5,157.5,1,0,2.0,0.5,8.0,1,9,37,37,0,0,2,0,0,0,0,0.9984152139461172,1,48,24,9,13,0.4996034892942109
650,650,651,60,65.0,8125,4,2,7,6,2007,2007,0.0,4,3,4,3,1,1,0,1,0,813,813,4,1,4,822,843,0,1665,0,0,2,1,3,1,4,7,7,562,2,0,0,0,0,0,0,0.0,0,0,5,2008,12.235393555399902,0,0,0,1,0,0,0,0,0,0,0,0,1,2.0,4,True,False,False,False,False,0.0,0.0,6,1,0,0,0,1,0,0,0,1,0,0,1,0,0,0,1,0,1,0,0,0,0,0,0,0,1,0,0,0,0,0,0,0,0,0,0,0,0,0,0,0,0,0,0,0,0,0,0,0,0,0,1,0,0,0,0,0,0,0,0,0,0,0,1,0,0,1,0,0,0,0,1,0,0,0,0,0,0,0,0,0,0,1,0,0,0,0,0,0,0,0,0,0,0,0,0,1,0,0,0,0,0,0,0,0,0,0,0,0,0,1,0,0,0,2478,1665,0,11,208.125,2,1,2.5,0.3125,17.5,1,16,1,1,0,1,4,0,0,0,0,0.0,0,24,42,12,19,0.6716417910447762
651,651,652,70,60.0,9084,4,2,4,5,1940,1950,0.0,3,3,3,3,2,1,0,1,0,755,755,2,1,4,755,755,0,1510,1,0,1,0,4,1,3,7,7,296,1,120,0,0,0,0,0,2.0,0,0,10,2009,11.58989576532275,0,0,0,1,0,0,0,0,0,0,0,0,1,1.5,1,False,False,False,False,True,4.0,2.772588722239781,6,0,0,1,0,1,0,0,0,1,0,0,1,0,0,0,1,0,0,0,0,0,0,0,0,0,1,0,0,0,0,0,0,0,0,0,0,0,1,0,0,0,0,0,0,0,0,0,0,0,0,0,0,0,0,0,0,0,0,0,0,0,0,0,1,0,0,1,0,0,0,0,1,0,0,0,0,0,0,0,0,0,0,0,0,0,1,0,0,0,0,0,0,0,0,0,0,0,0,0,1,0,0,0,0,0,0,0,0,0,1,0,0,0,0,2265,1510,120,12,188.75,2,1,2.0,0.25,8.0,1,9,69,59,1,0,1,0,0,120,0,0.0,0,27,20,9,12,0.6663724624889673
652,652,653,60,70.0,8750,4,2,7,5,1996,1996,0.0,4,3,4,3,1,1,0,1,0,880,880,4,1,4,909,807,0,1716,0,0,2,1,2,1,4,7,7,512,2,0,120,0,0,0,0,0.0,0,0,7,2009,12.160033942617156,0,0,0,1,0,0,0,0,0,0,0,0,1,2.0,3,True,False,False,False,False,3.0,2.079441541679836,6,0,0,1,0,1,0,0,0,1,0,0,1,0,0,0,1,0,1,0,0,0,0,0,0,0,1,0,0,0,0,0,0,0,0,0,1,0,0,0,0,0,0,0,0,0,0,0,0,0,0,0,0,0,0,0,0,0,0,0,0,0,0,0,1,0,0,1,0,0,0,0,1,0,0,0,0,0,0,0,0,0,0,0,0,0,0,0,0,0,1,0,0,0,0,0,0,0,0,0,0,0,0,0,0,1,0,0,0,0,0,1,0,0,0,2596,1716,120,10,214.5,2,1,2.5,0.3125,17.5,1,16,13,13,0,0,3,120,1,120,0,0.0,0,24,35,12,19,0.6607624181748171
653,653,654,50,60.0,10320,4,2,6,7,1906,1995,0.0,3,3,3,3,1,1,0,1,0,756,756,4,1,4,756,713,0,1469,0,0,1,0,3,1,3,7,7,216,2,57,0,239,0,0,0,2.0,0,0,6,2008,11.81303746480054,0,0,0,1,0,0,0,0,0,0,0,0,1,2.0,1,False,False,False,False,True,0.0,0.0,6,0,0,0,1,1,0,0,0,1,0,0,1,0,0,0,1,0,1,0,0,0,0,0,0,0,1,0,0,0,0,0,0,0,0,0,0,0,0,0,1,0,0,0,0,0,0,0,0,0,0,0,0,0,0,0,0,0,0,0,0,0,0,0,0,0,0,1,0,0,0,0,1,0,0,0,0,0,0,0,0,0,0,0,0,0,1,0,0,0,0,0,0,0,0,0,0,0,0,0,1,0,0,0,0,0,0,0,0,0,1,0,0,0,0,2225,1469,296,11,183.625,2,1,1.0,0.125,6.0,1,9,102,13,1,0,1,239,1,296,0,0.0,0,18,42,9,16,0.6599281221922731
654,654,655,20,91.0,10437,4,2,8,6,1995,1995,660.0,4,4,4,3,4,6,1696,1,0,413,2109,4,1,4,2113,0,0,2113,1,0,2,1,2,1,4,7,7,839,2,236,46,0,0,0,0,0.0,0,0,8,2008,12.765691290604371,0,0,0,1,0,0,0,0,0,0,0,0,1,2.0,3,True,False,False,False,False,3.0,2.079441541679836,6,0,0,1,0,1,0,0,0,0,0,0,1,0,0,0,1,0,1,0,0,0,0,0,0,0,1,0,0,0,0,0,0,0,0,0,0,0,0,0,0,0,0,0,0,0,1,0,0,0,0,0,0,0,0,0,0,0,0,0,0,1,0,0,0,0,0,0,0,1,0,0,1,0,0,0,0,0,0,0,0,0,0,0,0,0,1,0,0,0,0,0,0,0,0,0,0,0,0,0,1,0,0,0,0,0,0,0,1,0,0,1,0,0,0,4222,3809,282,10,264.125,1,0,3.5,0.4375,28.0,1,16,13,13,0,0,3,46,1,282,0,0.8037914691943128,1,60,48,16,20,0.5003551977267345
655,655,656,160,21.0,1680,4,2,6,5,1971,1971,381.0,3,3,3,3,1,1,0,1,0,525,525,2,1,4,525,567,0,1092,0,0,1,1,3,1,3,6,7,264,2,0,0,0,0,0,0,0.0,0,0,3,2010,11.38510345703214,0,0,1,0,0,0,0,0,0,0,0,0,1,2.0,2,False,False,False,False,True,0.0,0.0,6,0,0,0,1,1,0,0,0,1,0,0,1,0,0,0,1,0,1,0,0,0,0,0,0,0,1,0,0,0,0,0,0,1,0,0,0,0,0,0,0,0,0,0,0,0,0,0,0,0,0,0,0,0,0,0,0,0,1,0,0,0,0,0,1,0,0,1,0,0,0,0,1,0,0,0,0,0,0,0,0,0,0,0,1,0,0,0,0,0,0,0,0,0,0,0,0,0,0,1,0,0,0,0,0,0,0,0,1,0,1,0,0,0,0,1617,1092,0,10,156.0,2,1,1.5,0.2142857142857142,9.0,1,9,39,39,0,0,2,0,0,0,0,0.0,0,18,30,9,14,0.6749072929542645
656,656,657,20,72.0,10007,4,2,5,7,1959,2006,54.0,4,3,3,3,1,5,806,1,0,247,1053,4,1,4,1053,0,0,1053,1,0,1,1,3,1,4,5,7,312,2,0,0,0,0,0,0,2.0,0,0,8,2008,11.8879382384223,0,0,0,1,0,0,0,0,0,0,0,0,1,2.0,2,True,False,False,False,False,0.0,0.0,6,0,0,1,0,1,0,0,0,0,0,0,1,0,0,0,1,0,1,0,0,0,0,0,0,0,1,0,0,0,0,0,0,0,0,0,0,0,0,0,0,0,0,1,0,0,0,0,0,0,0,0,0,0,0,0,0,0,0,0,0,1,0,0,0,0,0,1,0,0,0,0,1,0,0,0,0,0,0,0,0,0,0,0,1,0,0,0,0,0,0,0,0,0,0,0,0,0,1,0,0,0,0,0,0,0,0,0,1,0,1,0,0,0,0,2106,1859,0,9,175.5,1,0,2.5,0.4166666666666667,12.5,1,16,49,2,1,1,2,0,0,0,0,0.7647058823529411,1,18,35,12,17,0.4997626957759848
657,657,658,70,60.0,7200,4,1,7,6,1931,2000,0.0,3,2,4,3,1,1,0,1,0,776,776,2,1,4,851,651,0,1502,0,0,1,1,3,1,3,6,7,270,1,0,0,112,0,0,0,2.0,0,0,2,2008,11.91170829631447,0,0,0,1,0,0,0,0,0,0,0,0,1,2.0,1,True,False,False,False,False,4.0,2.772588722239781,6,0,0,1,0,1,0,0,0,1,1,0,0,0,0,0,1,0,1,0,0,0,0,0,0,0,1,0,0,0,0,0,0,0,0,0,0,1,0,0,0,0,0,0,0,0,0,0,0,0,0,0,0,0,0,0,0,0,0,0,0,0,0,0,1,0,0,1,0,0,0,0,1,0,0,0,0,0,0,0,0,0,0,0,0,0,0,0,0,1,0,0,0,0,0,0,0,0,0,0,0,0,0,0,0,0,0,1,0,0,0,0,0,0,0,2278,1502,112,10,214.57142857142856,2,1,1.5,0.2142857142857142,10.5,1,9,77,8,1,1,1,112,1,112,0,0.0,0,24,42,6,15,0.6590609916630101
658,658,659,50,78.0,17503,4,2,6,5,1948,1950,0.0,3,3,3,3,1,1,0,1,0,912,912,2,1,4,912,546,0,1458,0,1,1,0,3,1,3,6,7,330,2,192,0,0,0,0,0,0.0,0,0,1,2010,11.487617913343598,0,0,0,0,0,0,0,0,0,0,0,0,1,2.0,1,True,False,False,False,False,4.0,2.772588722239781,6,0,0,1,0,1,0,0,0,1,0,0,1,0,0,0,1,0,0,0,0,0,0,0,0,0,1,0,0,0,0,0,0,0,0,0,0,0,0,0,0,0,0,1,0,0,0,0,0,0,0,0,0,0,0,0,0,0,0,0,0,0,0,0,0,0,0,1,0,0,0,0,1,0,0,0,0,0,0,0,0,0,0,0,0,0,0,0,0,0,1,0,0,0,0,0,0,0,0,0,0,0,0,0,0,1,0,0,0,0,1,0,0,0,0,2370,1458,192,10,208.28571428571428,2,1,1.5,0.2142857142857142,9.0,1,9,62,60,1,0,1,0,0,192,0,0.0,0,18,30,9,14,0.6149304091100801
659,659,660,20,75.0,9937,4,2,5,7,1964,1999,0.0,3,4,3,3,1,4,637,1,0,849,1486,4,1,4,1486,0,0,1486,1,0,1,0,3,1,3,7,7,480,2,0,0,0,0,0,0,2.0,0,0,3,2009,12.025755079404917,0,0,0,1,0,0,0,0,0,0,0,0,1,2.0,2,False,False,False,False,True,0.0,0.0,6,0,0,1,0,1,0,0,0,1,0,0,1,0,0,0,0,0,1,0,0,0,0,0,0,0,1,0,0,0,0,0,0,0,0,0,0,0,1,0,0,0,0,0,0,0,0,0,0,0,0,0,0,0,0,0,0,0,0,0,0,1,0,0,0,0,0,0,0,1,0,0,1,0,0,0,0,0,0,0,0,0,0,0,0,0,1,0,0,0,0,0,0,0,0,0,0,0,0,0,1,0,0,0,0,0,0,0,0,0,0,1,0,0,0,2972,2123,0,11,185.75,1,0,2.0,0.25,10.0,1,9,45,10,1,1,2,0,0,0,0,0.4283792871553463,1,18,35,12,15,0.4998318197107299
660,660,661,60,0.0,12384,4,2,7,7,1976,1976,233.0,3,3,4,3,1,1,0,1,0,793,793,2,1,4,1142,793,0,1935,0,0,2,1,3,1,3,7,7,550,2,0,113,252,0,0,0,0.0,0,0,11,2007,12.19552218463499,0,0,0,1,0,0,0,0,0,0,0,0,1,2.0,2,True,False,False,False,False,3.0,2.079441541679836,6,0,0,1,0,1,0,0,0,1,0,0,1,1,0,0,0,0,1,0,0,0,0,0,0,0,1,0,0,0,0,0,0,0,0,0,0,0,0,0,0,0,0,0,0,1,0,0,0,0,0,0,0,0,0,0,0,0,0,0,0,0,0,0,1,0,0,1,0,0,0,0,1,0,0,0,0,0,0,0,0,0,0,0,0,0,0,1,0,0,0,0,0,0,0,0,0,0,0,0,0,0,1,0,0,0,0,0,1,0,1,0,0,0,0,2728,1935,365,11,241.875,2,1,2.5,0.3125,17.5,1,9,31,31,0,0,2,365,1,365,0,0.0,0,24,49,9,15,0.7090509344082081
661,661,662,60,52.0,46589,4,2,8,7,1994,2005,528.0,4,3,4,4,1,6,1361,3,180,88,1629,4,1,4,1686,762,0,2448,1,0,2,1,4,1,4,8,7,711,2,517,76,0,0,0,0,0.0,0,0,7,2009,12.904209855160254,0,0,0,1,0,0,0,0,0,0,0,0,1,2.0,3,True,False,False,False,False,3.0,2.079441541679836,6,0,0,1,0,1,0,1,0,0,0,0,1,1,0,0,0,0,1,0,0,0,0,0,0,0,1,0,0,0,0,0,0,0,0,0,0,0,0,0,0,0,0,0,0,0,1,0,0,0,0,0,0,0,0,0,0,0,0,0,0,0,0,0,1,0,0,0,0,1,0,0,1,0,0,0,0,0,0,0,0,0,0,0,0,0,0,0,0,0,1,0,0,0,0,0,0,0,0,0,0,0,0,0,0,1,0,0,1,0,0,1,0,0,0,4077,3989,593,13,272.0,2,1,3.5,0.3888888888888889,28.0,1,16,15,4,1,1,3,76,1,593,0,0.945398773006135,1,32,56,12,20,0.6002942618930849
662,662,663,20,120.0,13560,4,2,6,3,1968,1968,216.0,3,3,2,2,1,1,0,1,0,1392,1392,3,1,4,1392,0,0,1392,1,0,1,0,2,1,3,5,2,576,2,0,0,240,0,0,0,0.0,0,0,7,2009,11.60824473564232,0,0,0,1,0,0,0,0,0,0,0,0,1,2.0,2,True,False,False,False,False,3.0,3.295836866004329,6,0,0,1,0,1,0,0,0,1,0,0,1,0,0,0,0,0,1,0,0,0,0,0,0,0,1,0,0,0,0,0,0,0,0,0,0,0,0,0,0,0,0,1,0,0,0,0,0,0,0,0,0,0,0,0,0,0,0,0,0,1,0,0,0,0,0,0,0,1,0,0,1,0,0,0,0,0,0,0,0,0,0,0,0,0,0,0,0,0,0,1,0,0,0,0,0,0,0,0,0,0,0,0,0,0,1,0,1,0,1,0,0,0,0,2784,1392,240,8,232.0,1,0,2.0,0.3333333333333333,12.0,1,9,41,41,0,0,2,240,1,240,0,0.0,0,8,18,9,15,0.4998204667863555
663,663,664,85,90.0,10012,4,2,4,5,1972,1972,0.0,3,3,4,3,3,4,920,3,180,38,1138,2,1,4,1181,0,0,1181,1,0,2,0,3,1,3,6,7,588,2,0,0,180,0,0,0,2.0,0,0,4,2008,11.83138646878959,0,0,0,1,0,0,0,0,0,0,0,0,1,2.0,2,False,False,False,False,True,0.0,0.0,6,0,0,1,0,1,0,0,0,1,0,0,1,0,0,0,1,0,1,0,0,0,0,0,0,0,1,0,0,0,0,0,0,0,0,0,0,0,1,0,0,0,0,0,0,0,0,0,0,0,0,0,0,0,0,0,0,0,0,0,0,0,0,0,0,1,0,1,0,0,0,0,1,0,0,0,0,0,0,0,0,0,0,0,0,0,0,1,0,0,0,0,0,0,0,0,0,0,0,0,0,0,1,0,0,0,0,0,0,0,1,0,0,0,0,2319,2281,180,10,168.71428571428572,1,0,3.0,0.4285714285714285,12.0,1,9,36,36,0,0,2,180,1,180,0,0.9657594381035997,1,48,20,9,12,0.509051724137931
664,664,665,20,49.0,20896,4,2,8,5,2005,2006,0.0,4,3,5,3,2,6,1721,1,0,356,2077,4,1,4,2097,0,0,2097,1,0,1,1,1,1,5,8,7,1134,2,192,267,0,0,0,0,0.0,0,0,1,2006,12.955129822091816,0,0,0,0,1,0,0,0,0,0,1,0,0,2.0,4,True,False,False,False,False,5.0,3.4657359027997265,6,0,0,1,0,1,0,1,0,0,0,0,1,1,0,0,0,0,0,0,0,0,1,0,0,0,1,0,0,0,0,0,0,0,0,0,0,0,0,0,0,0,0,0,0,0,0,0,0,0,0,0,1,0,0,0,0,0,0,0,0,1,0,0,0,0,0,1,0,0,0,0,1,0,0,0,0,0,0,0,0,0,0,0,0,0,0,0,0,0,1,0,0,0,0,0,0,0,0,0,0,0,0,0,0,1,0,0,0,0,0,1,0,0,0,4174,3818,459,10,233.0,1,0,2.5,0.2777777777777778,20.0,1,25,1,0,1,1,4,267,1,459,0,0.8282001924927815,1,45,40,12,21,0.5022754491017964
665,665,666,60,106.0,11194,4,2,8,5,2000,2000,40.0,4,3,4,3,1,1,0,1,0,1406,1406,4,1,4,1454,482,0,1936,0,0,2,1,3,1,4,7,7,504,2,188,124,0,0,0,0,0.0,0,0,11,2006,12.348010479804223,0,0,0,1,0,0,0,0,0,0,0,0,1,2.0,3,True,False,False,False,False,3.0,2.079441541679836,6,0,0,1,0,1,0,0,0,0,0,0,1,0,0,0,0,0,1,0,0,0,0,0,0,0,1,0,0,0,0,0,0,0,0,0,0,0,0,1,0,0,0,0,0,0,0,0,0,0,0,0,0,0,0,0,0,0,0,0,0,0,0,0,1,0,0,1,0,0,0,0,1,0,0,0,0,0,0,0,0,0,0,0,0,0,0,0,0,0,1,0,0,0,0,0,0,0,0,0,0,0,0,0,0,1,0,0,1,0,0,1,0,0,0,3342,1936,312,11,242.0,2,1,2.5,0.3125,20.0,1,16,6,6,0,1,4,124,1,312,0,0.0,0,24,40,12,20,0.5791205504038289
666,666,667,60,0.0,18450,4,2,6,5,1965,1979,113.0,3,4,4,3,1,2,187,3,723,111,1021,2,1,4,1465,915,0,2380,0,0,2,1,3,1,3,7,1,596,2,0,265,0,0,0,0,0.0,0,0,8,2007,11.767575435251748,0,0,0,0,0,0,0,0,0,0,0,0,1,2.0,2,False,False,False,True,False,1.0,0.6931471805599453,6,0,0,1,0,1,0,0,0,0,0,0,1,0,0,0,1,0,1,0,0,0,0,0,0,0,1,0,0,0,0,0,0,0,0,0,0,0,0,0,0,0,0,1,0,0,0,0,0,0,0,0,0,0,0,0,0,0,0,0,0,0,0,0,1,0,0,0,0,0,0,0,0,0,0,0,1,0,0,0,0,0,0,0,0,0,0,1,0,0,0,0,0,0,0,0,0,0,0,0,0,0,1,0,0,0,0,0,0,0,1,0,0,0,0,3401,3290,265,11,297.5,2,1,2.5,0.3125,15.0,1,9,42,28,1,0,2,265,1,265,0,0.8904109589041096,1,24,30,12,14,0.6995884773662552
667,667,668,20,65.0,8125,4,2,6,5,1994,1998,258.0,3,3,4,3,1,6,1138,1,0,270,1408,4,1,4,1679,0,0,1679,1,0,2,0,3,1,4,7,7,575,2,224,42,0,0,0,0,0.0,0,0,10,2008,12.173037959397275,0,0,0,1,0,0,0,0,0,0,0,0,1,2.0,3,True,False,False,False,False,2.0,1.3862943611198906,6,0,0,1,0,1,0,0,0,1,0,0,1,0,0,0,1,0,1,0,0,0,0,0,0,0,1,0,0,0,0,0,0,0,0,0,0,0,0,0,0,0,0,0,0,0,0,0,0,0,0,1,0,0,0,0,0,0,0,0,0,1,0,0,0,0,0,1,0,0,0,0,1,0,0,0,0,0,0,0,0,0,0,0,1,0,0,0,0,0,0,0,0,0,0,0,0,0,1,0,0,0,0,0,0,0,0,0,1,0,0,1,0,0,0,3087,2817,266,11,209.875,1,0,3.0,0.375,18.0,1,16,14,10,1,1,3,42,1,266,0,0.8076650106458482,1,24,30,9,17,0.5437176165803109
668,668,669,20,0.0,14175,4,1,5,6,1956,1987,0.0,3,3,3,3,1,3,988,1,0,200,1188,3,1,4,1437,0,0,1437,1,0,1,1,3,1,3,6,5,576,2,304,0,0,0,0,0,0.0,0,0,11,2006,12.031725210748633,0,0,0,1,0,0,0,0,0,0,0,0,1,2.0,3,False,False,False,False,True,3.0,2.079441541679836,6,0,0,1,0,1,0,0,0,1,0,0,0,0,0,0,0,0,1,0,0,0,0,0,0,0,1,0,0,0,0,0,0,0,0,0,0,0,0,0,0,0,0,0,0,0,0,0,0,0,1,0,0,0,0,0,0,0,0,0,0,1,0,0,0,0,0,1,0,0,0,0,1,0,0,0,0,0,0,0,0,0,0,1,0,0,0,0,0,0,0,0,0,0,0,0,0,0,0,0,0,0,0,0,0,0,1,0,0,0,1,0,0,0,0,2625,2425,304,10,205.28571428571428,1,0,2.5,0.3571428571428571,12.5,1,9,50,19,1,0,2,0,0,304,0,0.830950378469302,1,18,30,9,14,0.5472201066260473
669,669,670,30,80.0,11600,4,2,4,5,1922,1950,0.0,3,3,2,3,1,1,0,1,0,700,700,4,1,4,1180,0,0,1180,0,0,1,0,2,1,2,5,7,252,2,0,0,67,0,0,0,0.0,0,0,7,2006,11.83138646878959,0,0,0,1,0,0,0,0,0,0,0,0,1,2.0,1,False,False,False,False,True,4.0,2.772588722239781,6,0,0,1,0,1,0,0,0,1,0,0,1,0,0,0,1,0,1,0,0,0,0,0,0,0,1,0,0,0,0,0,0,0,0,0,0,1,0,0,0,0,0,0,0,0,0,0,0,0,0,0,0,0,0,0,0,0,0,0,0,1,0,0,0,0,0,1,0,0,0,0,1,0,0,0,0,0,0,0,0,0,0,0,0,0,1,0,0,0,0,0,0,0,0,0,0,0,0,0,1,0,0,0,0,0,0,0,0,0,0,0,0,0,0,1880,1180,67,8,196.66666666666663,1,0,1.0,0.1666666666666666,4.0,1,4,84,56,1,0,1,67,1,67,0,0.0,0,12,20,9,13,0.6273258904837852
670,670,671,60,64.0,8633,4,2,6,5,2005,2005,0.0,4,3,4,3,1,6,193,1,0,545,738,4,1,4,738,738,0,1476,1,0,2,1,3,1,4,7,7,540,2,100,35,0,0,0,0,0.0,0,0,2,2009,12.0639386420412,0,0,0,1,0,0,0,0,0,0,0,0,1,2.0,4,True,False,False,False,False,0.0,0.0,6,0,0,1,0,1,0,0,0,1,0,0,1,0,1,0,0,0,1,0,0,0,0,0,0,0,1,0,0,0,0,0,0,0,0,0,1,0,0,0,0,0,0,0,0,0,0,0,0,0,0,0,0,0,0,0,0,0,0,0,0,0,0,0,1,0,0,1,0,0,0,0,1,0,0,0,0,0,0,0,0,0,0,0,0,0,0,0,0,0,1,0,0,0,0,0,0,0,0,0,0,0,0,0,0,1,0,0,0,0,0,1,0,0,0,2214,1669,135,11,184.5,2,1,3.5,0.4375,21.0,1,16,4,4,0,1,4,35,1,135,0,0.2611637347767253,1,24,30,12,18,0.6663656884875846
671,671,672,70,54.0,6629,4,2,6,6,1925,1950,0.0,3,4,3,3,1,4,551,1,0,121,672,2,0,4,697,672,0,1369,1,0,2,0,3,1,3,6,7,300,2,147,0,0,0,0,0,0.0,0,0,7,2009,11.548302261270589,0,0,0,1,0,0,0,0,0,0,0,0,1,2.0,1,False,False,False,False,True,0.0,0.0,6,0,1,0,0,1,0,0,0,1,0,0,1,0,0,0,1,0,0,0,0,0,0,0,0,0,1,0,0,0,0,0,0,0,0,0,0,0,1,0,0,0,0,0,0,0,0,0,0,0,0,0,0,0,0,0,0,0,0,0,0,0,0,0,1,0,0,0,1,0,0,0,1,0,0,0,0,0,0,0,0,0,0,0,0,0,0,0,0,0,0,1,0,0,0,0,0,0,0,0,0,0,0,0,0,0,1,0,0,0,0,0,0,0,0,2041,1920,147,10,195.57142857142856,2,1,3.0,0.4285714285714285,18.0,1,9,84,59,1,0,1,0,0,147,0,0.8187221396731055,1,18,36,12,14,0.6704211557296768
672,672,673,20,0.0,11250,4,2,6,6,1977,1977,0.0,4,3,4,3,1,5,767,1,0,441,1208,2,1,4,1208,0,0,1208,1,0,1,1,3,1,3,6,7,546,2,198,42,0,0,0,0,0.0,0,0,6,2006,12.013706813470414,0,0,0,1,0,0,0,0,0,0,0,0,1,2.0,2,True,False,False,False,False,3.0,2.079441541679836,6,0,0,1,0,1,0,0,0,0,0,0,1,0,0,0,1,0,1,0,0,0,0,0,0,0,1,0,0,0,0,0,0,0,0,0,0,0,0,0,0,0,0,0,0,0,0,0,0,0,0,0,0,0,0,1,0,0,0,0,0,1,0,0,0,0,0,1,0,0,0,0,1,0,0,0,0,0,0,0,0,0,0,0,0,0,0,1,0,0,0,0,0,0,0,0,0,0,0,0,0,0,1,0,0,0,0,0,0,0,1,0,0,0,0,2416,1975,240,10,172.57142857142858,1,0,2.5,0.3571428571428571,15.0,1,9,29,29,0,0,3,42,1,240,0,0.6344086021505376,1,24,36,12,15,0.4997931319817956
673,673,674,20,110.0,14442,4,2,6,7,1957,2004,106.0,3,3,3,3,1,6,1186,1,0,291,1477,4,1,4,1839,0,0,1839,1,0,2,0,3,1,4,7,7,416,2,0,87,0,0,200,0,0.0,0,0,6,2007,12.458778882573531,0,0,0,1,0,0,0,0,0,0,0,0,1,2.0,2,True,False,False,False,False,3.0,3.295836866004329,6,0,0,1,0,1,0,0,0,1,0,0,1,0,0,0,1,0,1,0,0,0,0,0,0,0,1,0,0,0,0,0,0,0,0,0,0,1,0,0,0,0,0,0,0,0,0,0,0,0,0,0,0,0,0,0,0,0,0,0,0,1,0,0,0,0,0,0,0,1,0,0,1,0,0,0,0,0,0,0,0,0,0,1,0,0,0,0,0,0,0,0,0,0,0,0,0,1,0,0,0,0,0,0,0,0,0,0,1,0,0,1,0,0,0,3316,3025,287,11,229.875,1,0,3.0,0.375,18.0,1,16,50,3,1,1,2,287,1,287,0,0.8024357239512855,1,18,42,9,17,0.5544166415435635
674,674,675,20,80.0,9200,4,2,6,6,1965,1965,0.0,3,3,3,3,1,3,892,1,0,244,1136,2,1,4,1136,0,0,1136,1,0,1,0,3,1,3,5,7,384,2,426,0,0,0,0,0,0.0,0,0,7,2008,11.849404844423074,0,0,0,1,0,0,0,0,0,0,0,0,1,2.0,2,True,False,False,False,False,4.0,2.772588722239781,6,0,0,1,0,1,0,0,0,1,0,0,1,0,0,0,1,0,1,0,0,0,0,0,0,0,1,0,0,0,0,0,0,0,0,0,0,0,0,0,0,0,0,1,0,0,0,0,0,0,0,0,0,0,0,0,0,0,0,0,0,1,0,0,0,0,0,1,0,0,0,0,1,0,0,0,0,0,0,0,0,0,0,0,1,0,0,0,0,0,0,0,0,0,0,0,0,0,1,0,0,0,0,0,0,0,0,0,0,0,1,0,0,0,0,2272,2028,426,9,189.33333333333331,1,0,2.0,0.3333333333333333,12.0,1,9,43,43,0,0,2,0,0,426,0,0.7845206684256816,1,18,36,9,14,0.4997800263968324
675,675,676,160,24.0,2289,4,2,6,6,1978,1978,0.0,3,3,3,3,1,5,311,1,0,544,855,2,1,4,855,586,0,1441,0,0,2,1,3,1,3,7,7,440,2,28,0,0,0,0,0,0.0,0,0,4,2009,11.908346971208951,0,0,0,1,0,0,0,0,0,0,0,0,1,2.0,2,True,False,False,False,False,3.0,2.079441541679836,6,0,0,1,0,1,0,0,0,1,0,0,1,0,0,0,1,0,1,0,0,0,0,0,0,0,1,0,0,0,0,0,0,0,0,0,0,0,0,0,0,0,0,0,1,0,0,0,0,0,0,0,0,0,0,0,0,0,1,0,0,0,0,0,1,0,0,1,0,0,0,0,1,0,0,0,0,0,0,0,0,0,0,0,0,0,0,1,0,0,0,0,0,0,1,0,0,0,0,0,0,0,0,0,0,0,0,0,0,0,1,0,0,0,0,2296,1752,28,11,180.125,2,1,2.5,0.3125,15.0,1,9,31,31,0,0,2,0,0,28,0,0.3633177570093458,1,18,36,9,14,0.6273400087070091
676,676,677,70,60.0,9600,4,2,4,2,1900,1950,0.0,3,3,3,2,1,1,0,1,0,1095,1095,1,0,4,1095,679,0,1774,1,0,2,0,4,2,3,8,5,779,0,0,0,90,0,0,0,0.0,0,0,5,2006,11.373674891823535,0,0,0,1,0,0,0,0,0,0,0,0,1,2.0,1,False,False,False,False,False,0.0,0.0,5,0,0,0,1,1,0,0,0,1,0,0,1,0,0,0,1,0,1,0,0,0,0,0,0,0,1,0,0,0,0,0,0,0,0,0,0,0,0,0,0,0,0,0,0,0,0,0,1,0,0,0,0,0,0,0,0,0,0,0,0,0,0,0,1,0,0,1,0,0,0,0,1,0,0,0,0,0,0,0,0,0,0,0,0,0,0,0,0,0,0,0,0,0,0,0,0,0,0,0,0,0,0,0,1,0,0,0,0,0,0,0,0,0,0,2869,1774,90,14,197.11111111111111,2,1,3.0,0.3333333333333333,12.0,2,9,106,56,1,0,1,90,1,90,0,0.0,0,12,8,9,11,0.6181184668989547
677,677,678,30,52.0,9022,4,2,5,8,1924,2006,0.0,4,3,3,3,1,1,0,1,0,768,768,4,1,4,792,0,0,792,0,0,1,0,2,1,4,5,7,240,0,316,0,120,0,0,0,0.0,0,0,5,2009,11.603688960617085,0,0,0,1,0,0,0,0,0,0,0,0,1,2.0,1,False,False,False,False,True,0.0,0.0,6,0,0,1,0,1,0,0,0,1,0,0,1,0,0,0,1,0,1,0,0,0,0,0,0,0,1,0,0,0,0,0,0,0,0,0,0,0,0,0,0,0,0,0,0,0,0,0,1,0,0,0,0,0,0,0,0,0,0,0,0,1,0,0,0,0,0,1,0,0,0,0,1,0,0,0,0,0,0,0,0,0,0,0,0,0,0,0,0,0,1,0,0,0,0,0,0,0,0,0,0,0,0,0,0,1,0,0,0,0,0,0,0,0,0,1560,792,436,8,132.0,1,0,1.0,0.1666666666666666,5.0,1,16,85,3,1,1,1,120,1,436,0,0.0,0,18,40,12,17,0.507367072389494
678,678,679,20,80.0,11844,4,2,8,5,2008,2008,464.0,4,3,5,3,2,1,0,1,0,2046,2046,4,1,4,2046,0,0,2046,0,0,2,1,3,1,4,7,7,834,2,322,82,0,0,0,0,0.0,0,0,7,2009,12.827995001361906,0,0,0,0,1,0,0,0,0,0,1,0,0,2.0,4,True,False,False,False,False,4.0,2.772588722239781,6,0,0,1,0,1,0,0,0,0,0,0,1,0,0,0,1,0,1,0,0,0,0,0,0,0,1,0,0,0,0,0,0,0,0,0,0,0,0,0,0,0,0,0,0,0,0,0,0,0,0,0,0,1,0,0,0,0,0,0,0,1,0,0,0,0,0,0,0,1,0,0,1,0,0,0,0,0,0,0,0,0,0,0,0,0,0,0,0,0,1,0,0,0,0,0,0,0,0,0,0,0,0,0,0,1,0,0,0,1,0,1,0,0,0,4092,2046,404,11,255.75,1,0,2.5,0.3125,20.0,1,16,1,1,0,1,4,82,1,404,0,0.0,0,45,40,12,20,0.4998778402150012
679,679,680,20,0.0,9945,4,2,5,5,1961,1961,57.0,3,3,3,3,1,3,827,1,0,161,988,2,1,4,988,0,0,988,1,0,1,0,3,1,3,5,7,572,2,0,0,0,0,0,0,0.0,0,0,10,2007,11.7636919653883,0,0,0,1,0,0,0,0,0,0,0,0,1,2.0,2,False,False,False,False,True,0.0,0.0,6,0,0,1,0,1,0,0,0,0,0,0,1,0,0,0,1,0,1,0,0,0,0,0,0,0,1,0,0,0,0,0,0,0,0,0,0,0,0,0,0,0,0,0,0,0,0,0,0,0,1,0,0,0,0,0,0,0,0,0,0,1,0,0,0,0,0,0,0,1,0,0,1,0,0,0,0,0,0,0,0,0,0,0,0,0,0,0,0,0,0,1,0,0,0,0,0,0,0,0,0,0,0,0,0,0,1,0,1,0,1,0,0,0,0,1976,1815,0,9,164.66666666666666,1,0,2.0,0.3333333333333333,10.0,1,9,46,46,0,0,2,0,0,0,0,0.8361981799797775,1,18,25,9,13,0.4997470915528578
680,680,681,120,50.0,8012,4,2,6,5,1980,1980,0.0,3,3,4,3,1,4,543,4,119,261,923,2,1,4,923,0,0,923,0,0,2,0,2,1,3,5,7,264,2,80,0,0,0,0,0,0.0,0,0,5,2010,11.870606902224589,0,0,0,1,0,0,0,0,0,0,0,0,1,2.0,2,True,False,False,False,False,3.0,2.079441541679836,6,0,0,1,0,1,0,0,0,1,0,0,1,0,0,0,1,0,1,0,0,0,0,0,0,0,1,0,0,0,0,0,0,0,0,0,0,0,0,0,0,0,0,0,0,0,0,0,0,0,0,1,0,0,0,0,0,0,0,1,0,1,0,0,0,0,0,1,0,0,0,0,1,0,0,0,0,0,0,0,0,0,0,0,0,0,0,1,0,0,0,0,0,0,0,0,0,0,0,0,0,0,1,0,0,0,0,0,0,0,1,0,0,0,0,1846,1585,80,8,153.83333333333334,1,0,2.0,0.3333333333333333,12.0,1,9,30,30,0,0,3,0,0,80,0,0.7164502164502164,1,24,30,9,14,0.4997292907417434
681,681,682,50,55.0,4500,4,2,5,5,1932,2000,0.0,3,3,3,3,1,3,182,1,0,611,793,4,1,4,848,672,0,1520,0,0,1,0,3,1,3,6,7,281,2,0,0,56,0,0,0,0.0,0,0,7,2009,11.979391594635793,0,0,0,0,0,0,0,0,0,0,0,0,1,2.0,2,False,False,False,False,True,0.0,0.0,6,0,1,0,0,1,1,1,0,0,0,0,0,0,0,0,1,0,1,0,0,0,0,0,0,0,1,0,0,0,0,0,0,0,0,0,0,0,0,0,0,0,0,0,0,0,0,0,0,1,0,0,0,0,0,0,0,0,0,0,0,0,0,0,0,0,0,1,0,0,0,0,1,0,0,0,0,0,0,0,0,0,0,0,0,0,0,0,0,0,1,0,0,0,0,0,0,0,0,0,0,0,0,0,1,0,0,0,0,0,0,0,0,0,0,2313,1702,56,10,217.14285714285717,2,1,1.0,0.1428571428571428,5.0,1,9,77,9,1,1,1,56,1,56,0,0.2292191435768261,1,18,25,9,15,0.6568712186689715
682,682,683,120,0.0,2887,4,2,6,5,1996,1997,0.0,3,3,4,3,2,6,1003,1,0,288,1291,4,1,4,1291,0,0,1291,1,0,1,0,2,1,4,6,7,431,2,307,0,0,0,0,0,0.0,0,0,11,2008,12.06105265381003,0,0,0,1,0,0,0,0,0,0,0,0,1,2.0,3,True,False,False,False,False,4.0,2.772588722239781,6,0,0,1,0,1,0,0,0,1,1,0,0,0,0,0,1,0,1,0,0,0,0,0,0,0,1,0,0,0,0,0,0,0,0,1,0,0,0,0,0,0,0,0,0,0,0,0,0,0,0,0,0,0,0,0,0,0,0,0,0,1,0,0,0,0,0,1,0,0,0,0,1,0,0,0,0,0,0,0,0,0,0,0,0,0,0,0,0,0,0,1,0,0,0,0,0,0,0,0,0,0,0,0,0,0,1,0,0,0,0,1,0,0,0,2582,2294,307,9,184.42857142857144,1,0,2.0,0.2857142857142857,12.0,1,16,12,11,1,0,3,0,0,307,0,0.7763157894736842,1,36,30,9,17,0.4998064266356949
683,683,684,20,90.0,11248,4,2,9,5,2002,2002,215.0,4,3,4,3,3,6,1059,1,0,567,1626,4,1,4,1668,0,0,1668,1,0,2,0,3,1,4,7,7,702,2,257,45,0,0,0,0,0.0,0,0,7,2007,12.560247968016562,0,0,0,1,0,0,0,0,0,0,0,0,1,2.0,4,True,False,False,False,False,3.0,2.079441541679836,6,0,0,1,0,1,0,0,0,0,0,0,1,0,0,0,0,0,1,0,0,0,0,0,0,0,1,0,0,0,0,0,0,0,0,0,1,0,0,0,0,0,0,0,0,0,0,0,0,0,0,0,0,0,0,0,0,0,0,0,0,1,0,0,0,0,0,0,0,1,0,0,1,0,0,0,0,0,0,0,0,0,0,0,0,0,0,0,0,0,1,0,0,0,0,0,0,0,0,0,0,0,0,0,0,1,0,0,0,1,0,1,0,0,0,3294,2727,302,11,208.5,1,0,3.0,0.375,27.0,1,16,5,5,0,1,4,45,1,302,0,0.6508912108174555,1,48,45,12,21,0.5062215477996965
684,684,685,60,58.0,16770,4,2,7,5,1998,1998,30.0,4,3,4,3,1,1,0,1,0,1195,1195,3,1,4,1195,644,0,1839,0,0,2,1,4,1,3,7,7,486,2,0,81,0,0,0,0,0.0,0,0,6,2010,12.30592250537653,0,0,0,1,0,0,0,0,0,0,0,0,1,2.0,3,True,False,False,False,False,0.0,0.0,6,0,0,1,0,1,0,1,0,0,0,0,1,1,0,0,0,0,1,0,0,0,0,0,0,0,1,0,0,0,0,0,0,0,0,0,0,0,0,0,0,0,0,0,0,0,1,0,0,0,0,0,0,0,0,0,0,0,0,0,0,0,0,0,1,0,0,1,0,0,0,0,1,0,0,0,0,0,0,0,0,0,0,0,0,0,0,0,0,0,1,0,0,0,0,0,0,0,0,0,0,0,0,0,0,1,0,0,1,0,0,1,0,0,0,3034,1839,81,12,229.875,2,1,2.5,0.3125,17.5,1,9,12,12,0,0,3,81,1,81,0,0.0,0,24,35,12,17,0.6059308072487645
685,685,686,160,0.0,5062,4,2,7,5,1984,1984,0.0,4,3,4,3,2,6,828,2,182,180,1190,3,1,4,1190,900,0,2090,1,0,2,0,3,1,4,6,6,577,2,219,0,0,0,0,0,0.0,0,0,9,2007,12.242891437918386,0,0,0,1,0,0,0,0,0,0,0,0,1,2.0,3,True,False,False,False,False,3.0,2.079441541679836,6,0,0,1,0,1,0,0,0,0,0,0,1,1,0,0,0,0,1,0,0,0,0,0,0,0,1,0,0,0,0,0,0,0,0,0,0,0,0,0,0,0,0,0,0,0,0,0,0,0,0,0,0,1,0,0,0,0,0,1,0,0,0,0,1,0,0,1,0,0,0,0,1,0,0,0,0,0,0,0,0,0,0,0,1,0,0,0,0,0,0,0,0,0,0,0,0,0,1,0,0,0,0,0,0,0,0,0,0,0,1,0,0,0,0,3280,3100,219,10,298.57142857142856,2,1,3.0,0.4285714285714285,21.0,1,16,23,23,0,0,3,0,0,219,0,0.8480268681780017,1,36,35,12,18,0.6370009143553794
686,686,687,60,84.0,10207,4,2,7,6,2007,2007,0.0,4,3,4,3,1,1,0,1,0,874,874,4,1,4,874,887,0,1761,0,0,3,0,3,1,4,7,7,578,2,144,105,0,0,0,0,0.0,0,0,8,2007,12.336556900342153,0,0,0,0,1,0,0,0,0,0,1,0,0,2.0,4,True,False,False,False,False,0.0,0.0,6,1,0,0,0,1,0,0,0,1,0,0,1,0,0,0,1,0,1,0,0,0,0,0,0,0,1,0,0,0,0,0,0,0,0,0,0,0,0,0,0,0,0,0,0,0,0,0,0,0,0,0,1,0,0,0,0,0,0,0,0,0,0,0,1,0,0,1,0,0,0,0,1,0,0,0,0,0,0,0,0,0,0,0,0,0,0,0,0,0,1,0,0,0,0,0,0,0,0,0,0,0,0,0,0,1,0,0,0,0,0,1,0,0,0,2635,1761,249,11,220.125,2,1,3.0,0.375,21.0,1,16,0,0,0,1,4,105,1,249,0,0.0,0,24,42,12,19,0.6680576631259484
687,687,688,160,0.0,5105,4,2,7,5,2004,2004,0.0,4,3,4,3,1,6,239,1,0,312,551,4,1,4,551,551,0,1102,0,0,2,1,2,1,4,4,7,480,2,0,60,0,0,0,0,0.0,0,0,3,2007,11.910365121788654,0,0,0,1,0,0,0,0,0,0,0,0,1,2.0,4,False,False,False,False,True,0.0,0.0,6,1,0,0,0,1,0,1,0,0,0,0,1,0,1,0,0,0,1,0,0,0,0,0,0,0,1,0,0,0,0,0,0,0,0,0,0,0,0,0,0,0,0,0,0,0,0,0,0,0,0,0,1,0,0,0,0,0,0,1,0,0,0,0,1,0,0,1,0,0,0,0,1,0,0,0,0,0,0,0,0,0,0,0,0,0,1,0,0,0,0,0,0,0,0,0,0,0,0,0,1,0,0,0,0,0,0,0,0,0,0,1,0,0,0,1653,1341,60,7,220.4,2,1,2.5,0.5,17.5,1,16,3,3,0,1,4,60,1,60,0,0.4329710144927536,1,24,35,12,19,0.6662636033857315
688,688,689,20,60.0,8089,4,2,8,6,2007,2007,0.0,4,3,4,3,3,6,945,1,0,474,1419,4,1,4,1419,0,0,1419,1,0,2,0,2,1,4,7,7,567,2,140,0,0,0,0,0,0.0,0,0,10,2007,12.879019669789754,0,0,0,0,1,0,0,0,0,0,1,0,0,2.0,4,True,False,False,False,False,4.0,2.772588722239781,6,0,0,1,0,1,0,0,0,1,1,0,0,0,0,0,1,0,1,0,0,0,0,0,0,0,1,0,0,0,0,0,0,0,0,0,0,0,0,0,0,0,0,0,0,0,0,0,0,0,0,0,0,1,0,0,0,0,0,0,0,1,0,0,0,0,0,1,0,0,0,0,1,0,0,0,0,0,0,0,0,0,0,0,0,0,1,0,0,0,0,0,0,0,0,0,0,0,0,0,1,0,0,0,0,0,0,0,1,0,0,1,0,0,0,2838,2364,140,10,177.375,1,0,3.0,0.375,24.0,1,16,0,0,0,1,4,0,0,140,0,0.6654929577464789,1,48,48,12,20,0.4998238816484677
689,689,690,120,61.0,7577,4,2,6,5,2005,2006,256.0,4,3,4,3,3,5,20,1,0,1342,1362,4,1,4,1362,0,0,1362,0,0,2,0,2,1,4,6,7,460,2,192,28,0,0,0,0,0.0,0,0,6,2007,12.179220327453931,0,0,0,1,0,0,0,0,0,0,0,0,1,2.0,4,True,False,False,False,False,4.0,2.772588722239781,6,0,0,1,0,1,0,0,0,0,0,0,1,0,0,0,0,0,1,0,0,0,0,0,0,0,1,0,0,0,0,0,0,0,0,0,0,0,0,0,0,0,0,0,0,0,0,1,0,0,0,0,0,0,0,0,0,0,0,1,0,1,0,0,0,0,0,1,0,0,0,0,1,0,0,0,0,0,0,0,0,0,0,0,0,0,0,0,0,0,1,0,0,0,0,0,0,0,0,0,0,0,0,0,0,1,0,0,0,1,0,1,0,0,0,2724,1382,220,9,194.57142857142856,1,0,2.0,0.2857142857142857,12.0,1,16,2,1,1,1,4,28,1,220,0,0.0146735143066764,1,48,30,12,18,0.4998165137614679
690,690,691,120,0.0,4426,4,2,6,5,2004,2004,147.0,4,3,4,3,4,6,697,1,0,151,848,4,1,4,848,0,0,848,1,0,1,0,1,1,4,3,7,420,2,149,0,0,0,0,0,0.0,0,0,5,2008,11.856522261533735,0,0,0,1,0,0,0,0,0,0,0,0,1,2.0,4,True,False,False,False,False,3.0,2.079441541679836,6,0,0,0,1,1,0,0,0,1,0,0,1,0,0,0,1,0,1,0,0,0,0,0,0,0,1,0,0,0,0,0,0,0,0,0,1,0,0,0,0,0,0,0,0,0,0,0,0,0,0,0,0,0,0,0,0,0,0,1,0,1,0,0,0,0,0,1,0,0,0,0,1,0,0,0,0,0,0,0,0,0,0,0,0,0,0,0,0,0,1,0,0,0,0,0,0,0,0,0,0,0,0,0,0,1,0,0,1,0,0,1,0,0,0,1696,1545,149,5,212.0,1,0,2.0,0.5,12.0,1,16,4,4,0,1,4,0,0,149,0,0.8209658421672555,1,60,30,12,18,0.4997053624042428
691,691,692,60,104.0,21535,4,2,10,6,1994,1995,1170.0,5,3,5,3,4,6,1455,1,0,989,2444,4,1,4,2444,1872,0,4316,0,1,3,1,4,1,5,10,7,832,2,382,50,0,0,0,0,0.0,0,0,1,2007,13.534474352733596,0,0,0,1,0,0,0,0,0,0,0,0,1,2.0,3,True,False,False,False,False,5.0,5.493061443340549,6,0,0,1,0,1,0,0,0,0,0,0,1,0,0,0,0,0,1,0,0,0,0,0,0,0,1,0,0,0,0,0,0,0,0,0,0,0,0,0,0,0,0,0,0,0,1,0,0,0,0,0,0,0,0,0,0,0,0,0,0,0,0,0,1,0,0,1,0,0,0,0,0,0,0,0,0,0,1,0,0,0,0,0,1,0,0,0,0,0,0,0,0,0,0,0,0,0,1,0,0,0,0,0,0,0,0,0,1,0,0,1,0,0,0,6760,5771,432,15,392.3636363636364,2,1,4.0,0.3636363636363636,40.0,1,25,13,12,1,0,3,50,1,432,0,0.5950920245398773,1,75,60,15,24,0.6383671054577725
692,692,693,60,42.0,26178,4,1,7,5,1989,1990,293.0,4,3,4,3,4,6,965,1,0,245,1210,4,1,4,1238,1281,0,2519,1,0,2,1,4,1,4,9,7,628,2,320,27,0,0,0,0,0.0,0,0,4,2006,12.721888795877376,0,0,0,1,0,0,0,0,0,0,0,0,1,2.0,3,True,False,False,False,False,4.0,4.394449154672439,6,0,0,1,0,1,0,0,0,0,0,0,1,0,0,0,1,0,1,0,0,0,0,0,0,0,1,0,0,0,0,0,0,0,0,0,0,0,0,0,0,0,0,0,0,0,0,0,0,0,0,0,0,0,1,0,0,0,0,0,0,0,0,0,1,0,0,0,0,1,0,0,1,0,0,0,0,0,0,0,0,0,0,0,0,0,1,0,0,0,0,0,0,0,0,0,0,0,0,0,1,0,0,0,0,0,0,0,1,0,0,1,0,0,0,3729,3484,347,14,251.9,2,1,3.5,0.35,24.5,1,16,17,16,1,0,3,27,1,347,0,0.7968620974401321,1,60,35,12,19,0.6753351206434316
693,693,694,30,60.0,5400,4,0,5,6,1921,1968,0.0,3,3,3,3,1,1,0,1,0,1073,1073,4,1,4,1073,0,0,1073,0,0,1,0,2,1,3,4,7,326,2,0,0,112,0,0,0,0.0,0,0,12,2006,11.59433032142082,0,0,0,0,0,0,0,0,0,0,0,0,1,2.0,2,False,False,False,False,True,0.0,0.0,6,0,0,1,0,1,0,0,0,1,0,0,1,0,0,0,0,0,1,0,0,0,0,0,0,0,1,0,0,0,0,0,0,0,0,0,0,0,0,0,0,0,0,0,0,0,0,0,1,0,0,0,0,0,0,0,0,0,0,0,0,1,0,0,0,0,0,1,0,0,0,0,1,0,0,0,0,0,0,0,0,0,0,0,0,0,1,0,0,0,0,0,0,0,0,0,0,0,0,0,1,0,0,0,0,0,0,0,0,0,0,0,0,0,0,2146,1073,112,7,214.6,1,0,1.0,0.2,5.0,1,9,85,38,1,0,1,112,1,112,0,0.0,0,18,30,9,15,0.4997671169073125
694,694,695,50,51.0,6120,4,2,5,6,1936,1950,0.0,3,2,3,3,1,1,0,1,0,927,927,2,1,4,1067,472,0,1539,0,0,1,1,3,1,3,5,7,576,2,112,0,0,0,0,0,2.0,0,0,4,2009,11.860062063178267,0,0,0,1,0,0,0,0,0,0,0,0,1,2.0,3,False,False,False,False,True,0.0,0.0,6,0,0,0,1,1,0,0,0,1,0,0,1,0,0,0,0,0,1,0,0,0,0,0,0,0,1,0,0,0,0,0,0,0,1,0,0,0,0,0,0,0,0,0,0,0,0,0,0,0,0,0,0,0,0,0,0,0,0,0,0,0,0,0,0,0,0,1,0,0,0,0,1,0,0,0,0,0,0,0,0,0,0,0,0,0,0,0,0,0,0,1,0,0,0,0,0,0,0,0,0,0,0,0,0,0,1,0,0,0,0,0,0,0,0,2466,1539,112,9,256.5,2,1,1.5,0.25,7.5,1,9,73,59,1,0,1,0,0,112,0,0.0,0,18,30,6,13,0.6238346169436563
695,695,696,20,54.0,13811,4,2,6,6,1987,1987,72.0,3,3,4,4,1,6,980,2,40,92,1112,3,1,4,1137,0,0,1137,1,0,2,0,2,1,4,5,7,551,2,125,0,0,0,0,0,0.0,0,0,7,2006,12.07824495582233,0,0,0,1,0,0,0,0,0,0,0,0,1,2.0,3,True,False,False,False,False,3.0,2.079441541679836,6,0,0,1,0,1,0,0,0,0,0,0,1,0,0,0,1,0,1,0,0,0,0,0,0,0,1,0,0,0,0,0,0,0,0,0,0,0,0,0,0,0,0,0,0,0,0,0,0,0,0,0,0,0,1,0,0,0,0,0,0,1,0,0,0,0,0,1,0,0,0,0,1,0,0,0,0,0,0,0,0,0,0,0,1,0,0,0,0,0,0,0,0,0,0,0,0,0,1,0,0,0,0,0,0,0,0,0,1,0,1,0,0,0,0,2249,2157,125,8,189.5,1,0,3.0,0.5,18.0,1,16,19,19,0,0,3,0,0,125,0,0.9164420485175202,1,32,36,9,16,0.5053333333333333
696,696,697,30,50.0,6000,4,2,5,7,1921,1950,0.0,3,3,3,3,1,2,616,1,0,0,616,3,1,4,616,0,0,616,0,0,1,0,2,1,3,4,7,205,2,0,0,129,0,0,0,0.0,0,0,6,2006,11.39640288460621,0,0,0,1,0,0,0,0,0,0,0,0,1,2.0,1,False,False,False,False,True,0.0,0.0,6,0,0,0,1,1,0,0,0,1,0,0,1,0,0,0,1,0,1,0,0,0,0,0,0,0,1,0,0,0,0,0,0,0,1,0,0,0,0,0,0,0,0,0,0,0,0,0,0,0,0,0,0,0,0,0,0,0,0,0,0,1,0,0,0,0,0,1,0,0,0,0,1,0,0,0,0,0,0,0,0,0,0,0,0,0,0,0,0,0,0,1,0,0,0,0,0,0,0,0,0,0,0,0,0,0,0,1,0,0,1,0,0,0,0,1232,1232,129,7,123.2,1,0,1.0,0.2,5.0,1,9,85,56,1,0,1,129,1,129,0,0.9983792544570502,1,18,35,9,14,0.4995944849959448
697,697,698,20,57.0,6420,4,2,5,7,1952,1952,0.0,3,3,5,4,2,2,210,5,551,219,980,1,1,3,1148,0,0,1148,0,1,1,0,2,1,3,6,7,308,2,0,0,0,0,0,0,0.0,0,0,9,2006,11.72400453218338,0,0,0,1,0,0,0,0,0,0,0,0,1,2.0,2,False,False,False,False,True,0.0,0.0,6,0,0,1,0,1,0,0,0,0,0,0,1,0,0,0,1,0,1,0,0,0,0,0,0,0,1,0,0,0,0,0,0,0,0,0,0,0,1,0,0,0,0,0,0,0,0,0,0,0,0,0,0,0,0,0,0,0,0,0,0,1,0,0,0,0,0,1,0,0,0,0,1,0,0,0,0,0,0,0,0,0,0,0,0,0,0,0,0,0,0,1,0,0,0,0,0,0,0,0,0,0,0,0,0,0,1,0,0,0,0,1,0,0,0,2128,1909,0,9,164.0,1,0,1.5,0.2142857142857142,7.5,1,9,54,54,0,0,2,0,0,0,0,0.7757390417940877,1,60,35,9,12,0.5392202912165336
698,698,699,20,65.0,8450,4,2,5,8,1965,2009,0.0,3,4,3,3,1,6,553,4,117,224,894,4,1,4,894,0,0,894,1,0,1,0,3,1,3,5,7,336,2,416,144,0,0,0,0,2.0,0,0,4,2010,11.83863282480007,0,0,0,1,0,0,0,0,0,0,0,0,1,2.0,2,False,False,False,False,True,4.0,2.772588722239781,6,0,0,1,0,1,0,0,0,1,0,0,1,0,0,0,1,0,0,0,0,1,0,0,0,0,1,0,0,0,0,0,0,0,0,0,0,0,0,0,0,0,0,0,0,0,0,0,0,0,1,0,0,0,0,0,0,0,0,0,0,1,0,0,0,0,0,1,0,0,0,0,1,0,0,0,0,0,0,0,0,0,0,0,0,0,1,0,0,0,0,0,0,0,0,0,0,0,0,0,1,0,0,0,0,0,0,0,0,0,1,0,0,0,0,1788,1564,560,9,149.0,1,0,2.0,0.3333333333333333,10.0,1,9,45,1,1,1,2,144,1,560,0,0.7486033519553073,1,18,40,12,15,0.499720514253773
699,699,700,120,59.0,4282,4,2,7,5,2004,2004,0.0,4,3,4,3,2,6,16,1,0,1375,1391,4,1,4,1391,0,0,1391,0,0,2,0,2,1,4,5,7,530,2,156,158,0,0,0,0,0.0,0,0,7,2008,12.185875040240456,0,0,0,1,0,0,0,0,0,0,0,0,1,2.0,4,True,False,False,False,False,0.0,0.0,6,1,0,0,0,1,1,1,0,0,0,0,1,0,0,0,1,0,1,0,0,0,0,0,0,0,1,0,0,0,0,0,0,0,0,0,0,0,0,0,0,0,0,0,0,0,0,0,0,0,0,0,1,0,0,0,0,0,0,1,0,1,0,0,0,0,0,1,0,0,0,0,1,0,0,0,0,0,0,0,0,0,0,0,0,0,1,0,0,0,0,0,0,0,0,0,0,0,0,0,1,0,0,0,0,0,0,0,0,0,0,1,0,0,0,2782,1407,314,8,231.83333333333331,1,0,2.0,0.3333333333333333,14.0,1,16,4,4,0,1,4,158,1,314,0,0.0114942528735632,1,36,35,12,19,0.4998203377650018
700,700,701,20,85.0,14331,4,2,8,5,2002,2002,630.0,4,3,5,3,4,6,1274,1,0,526,1800,4,1,4,1800,0,0,1800,1,0,2,0,3,1,4,7,7,765,2,270,78,0,0,0,0,0.0,0,0,5,2006,12.652362948153474,0,0,0,1,0,0,0,0,0,0,0,0,1,2.0,4,True,False,False,False,False,4.0,2.772588722239781,6,0,0,1,0,1,0,0,0,1,0,0,1,0,0,0,1,0,1,0,0,0,0,0,0,0,1,0,0,0,0,0,0,0,0,0,0,0,0,0,0,0,0,0,0,0,0,0,0,0,0,0,0,0,1,0,0,0,0,0,0,1,0,0,0,0,0,0,0,1,0,0,1,0,0,0,0,0,0,0,0,0,0,0,0,0,0,0,0,0,1,0,0,0,0,0,0,0,0,0,0,0,0,0,0,1,0,0,1,0,0,1,0,0,0,3600,3074,348,11,225.0,1,0,3.0,0.375,24.0,1,16,4,4,0,1,4,78,1,348,0,0.7073847862298723,1,75,40,12,20,0.4998611496806442
701,701,702,20,80.0,9600,4,2,7,5,1969,1969,168.0,3,3,3,3,1,1,0,1,0,1164,1164,2,1,4,1164,0,0,1164,0,0,1,1,3,1,3,6,7,528,2,0,0,0,0,0,0,0.0,0,0,7,2006,11.849404844423074,0,0,0,1,0,0,0,0,0,0,0,0,0,2.0,2,True,False,False,False,False,0.0,0.0,6,0,0,1,0,1,0,0,0,1,0,0,1,0,0,0,1,0,1,0,0,0,0,0,0,0,1,0,0,0,0,0,0,0,0,0,0,0,0,0,0,0,0,0,0,1,0,0,0,0,0,0,0,0,0,0,0,0,0,0,0,1,0,0,0,0,0,0,0,1,0,0,1,0,0,0,0,0,0,0,0,0,0,0,1,0,0,0,0,0,0,0,0,0,0,0,0,0,1,0,0,0,0,0,0,0,0,0,1,0,1,0,0,0,0,2328,1164,0,10,166.28571428571428,1,0,1.5,0.2142857142857142,10.5,1,9,37,37,0,0,2,0,0,0,0,0.0,0,18,35,9,15,0.4997853155860884
702,702,703,60,82.0,12438,4,2,8,5,2006,2006,466.0,5,3,5,4,1,1,0,1,0,1234,1234,4,1,4,1264,1312,0,2576,0,0,2,1,4,1,5,10,7,666,2,324,100,0,0,0,0,0.0,0,0,7,2006,12.799178471909892,0,0,0,0,1,0,0,0,0,0,1,0,0,2.0,4,False,False,True,False,False,4.0,2.772588722239781,6,0,0,1,0,1,0,0,0,0,0,0,1,0,0,0,1,0,1,0,0,0,0,0,0,0,1,0,0,0,0,0,0,0,0,0,0,0,0,0,0,0,0,0,0,0,0,0,0,0,0,0,0,1,0,0,0,0,0,0,0,0,0,0,1,0,0,0,0,1,0,0,1,0,0,0,0,0,0,0,0,0,0,0,0,0,0,0,0,0,1,0,0,0,0,0,0,0,0,0,0,0,0,0,0,1,0,0,1,0,0,1,0,0,0,3810,2576,424,15,234.1818181818182,2,1,2.5,0.2272727272727272,20.0,1,25,0,0,0,1,4,100,1,424,0,0.0,0,40,40,15,22,0.6759380739963264
703,703,704,190,76.0,7630,4,2,5,9,1900,1996,0.0,3,4,4,3,1,1,0,1,0,360,360,3,1,4,1032,780,0,1812,0,0,2,0,4,2,4,8,7,672,0,344,0,40,0,0,0,2.0,0,0,5,2010,11.849404844423074,0,0,0,1,0,0,0,0,0,0,0,0,1,2.0,3,False,False,False,False,True,1.0,0.6931471805599453,6,0,0,0,1,1,0,0,0,1,0,0,1,0,0,0,1,1,0,0,0,0,0,0,0,0,1,0,0,0,0,0,0,0,0,0,0,0,0,0,0,0,0,0,0,0,0,0,1,0,0,0,0,0,0,0,1,0,0,0,0,0,0,0,1,0,0,1,0,0,0,0,1,0,0,0,0,0,0,0,0,0,0,0,0,0,0,0,0,0,0,1,0,0,0,0,0,0,0,0,0,0,0,0,0,0,1,0,0,0,0,0,0,0,0,2172,1812,384,14,201.33333333333331,2,1,2.0,0.2222222222222222,10.0,2,16,110,14,1,0,1,40,1,384,0,0.0,0,24,45,12,15,0.8338702254947078
704,704,705,20,70.0,8400,4,2,7,5,2004,2005,109.0,4,3,4,3,3,6,712,1,0,761,1473,4,1,4,1484,0,0,1484,1,0,2,0,3,1,4,7,7,606,2,0,35,0,144,0,0,0.0,0,0,5,2010,12.269052139516225,0,0,0,1,0,0,0,0,0,0,0,0,1,2.0,4,True,False,False,False,False,0.0,0.0,6,0,0,1,0,1,0,0,0,1,0,0,1,0,0,0,1,0,1,0,0,0,0,0,0,0,1,0,0,0,0,0,0,0,0,0,1,0,0,0,0,0,0,0,0,0,0,0,0,0,0,0,0,0,0,0,0,0,0,0,0,1,0,0,0,0,0,1,0,0,0,0,1,0,0,0,0,0,0,0,0,0,0,0,0,0,0,0,0,0,1,0,0,0,0,0,0,0,0,0,0,0,0,0,0,1,0,0,1,0,0,1,0,0,0,2957,2196,179,11,185.5,1,0,3.0,0.375,21.0,1,16,6,5,1,1,4,179,1,179,0,0.4830393487109905,1,48,35,12,19,0.5016903313049358
705,705,706,190,70.0,5600,4,2,4,5,1930,1950,0.0,2,2,0,0,0,0,0,0,0,0,0,1,0,4,372,720,0,1092,0,0,2,0,3,2,2,7,4,0,0,0,0,0,0,0,0,0.0,1,3500,7,2010,10.915106645867503,0,0,0,1,0,0,0,0,0,0,0,0,1,0.0,0,False,False,False,False,False,0.0,0.0,6,0,0,0,1,1,0,0,0,1,0,0,1,0,0,0,1,0,1,0,0,0,0,0,0,0,1,0,0,0,0,0,0,0,0,0,0,0,0,0,1,0,0,0,0,0,0,0,0,0,0,0,0,0,0,0,1,0,0,0,0,0,0,0,1,0,0,0,0,1,0,0,1,0,0,0,0,0,0,0,0,0,0,0,0,0,0,0,0,0,1,0,0,0,0,0,0,0,0,0,0,0,0,0,0,0,0,1,0,0,0,0,1,0,0,1092,1092,0,12,136.5,2,1,2.0,0.25,8.0,2,4,80,60,1,0,1,0,0,0,0,0.0,0,0,20,4,9,0.9990850869167428
706,706,707,20,0.0,115149,4,0,7,5,1971,2002,351.0,3,3,4,3,4,6,1219,1,0,424,1643,2,1,4,1824,0,0,1824,1,0,2,0,2,1,4,5,7,739,2,380,48,0,0,0,0,0.0,0,0,6,2007,12.618185607609805,0,0,0,1,0,0,0,0,0,0,0,0,1,2.0,2,True,False,False,False,False,3.0,3.295836866004329,6,0,0,1,0,1,0,1,0,0,0,1,0,1,0,0,0,0,1,0,0,0,0,0,0,0,1,0,0,0,0,0,0,0,0,1,0,0,0,0,0,0,0,0,0,0,0,0,0,0,0,0,0,0,0,0,0,0,0,0,0,1,0,0,0,0,0,1,0,0,0,0,1,0,0,0,0,0,0,0,0,0,0,0,0,0,0,1,0,0,0,0,0,0,0,0,0,0,0,0,0,0,1,0,0,0,0,0,0,1,1,0,0,0,0,3467,3043,428,8,304.0,1,0,3.0,0.5,21.0,1,16,36,5,1,1,2,48,1,428,0,0.7414841849148418,1,60,35,9,16,0.5259515570934256
707,707,708,120,48.0,6240,4,2,8,5,2006,2006,176.0,4,3,4,3,1,6,863,1,0,461,1324,4,1,4,1324,0,0,1324,1,0,2,0,2,1,4,6,7,550,2,192,38,0,0,0,0,0.0,0,0,12,2009,12.445093483000798,0,0,0,1,0,0,0,0,0,0,0,0,1,2.0,4,True,False,False,False,False,4.0,2.772588722239781,6,0,0,1,0,1,0,0,0,1,0,0,1,0,0,0,1,0,1,0,0,0,0,0,0,0,1,0,0,0,0,0,0,0,0,0,0,0,0,0,0,0,0,0,0,0,0,1,0,0,0,0,0,0,0,0,0,0,0,1,0,1,0,0,0,0,0,0,0,1,0,0,1,0,0,0,0,0,0,0,0,0,0,0,0,0,1,0,0,0,0,0,0,0,0,0,0,0,0,0,1,0,0,0,0,0,0,0,1,0,0,1,0,0,0,2648,2187,230,9,189.14285714285717,1,0,3.0,0.4285714285714285,24.0,1,16,3,3,0,1,4,38,1,230,0,0.6513207547169811,1,24,40,12,20,0.4998112495281238
708,708,709,60,65.0,9018,4,2,7,5,2007,2007,0.0,4,3,4,3,3,1,0,1,0,728,728,4,1,4,728,728,0,1456,0,0,2,1,3,1,4,8,7,400,2,100,24,0,0,0,0,0.0,0,0,7,2007,12.09815887308463,0,0,0,0,1,0,0,0,0,0,1,0,0,2.0,4,True,False,False,False,False,4.0,2.772588722239781,6,0,0,1,0,1,0,0,0,0,0,0,1,0,0,0,1,0,1,0,0,0,0,0,0,0,1,0,0,0,0,0,0,0,0,0,0,0,0,1,0,0,0,0,0,0,0,0,0,0,0,0,0,0,0,0,0,0,0,0,0,0,0,0,1,0,0,0,0,1,0,0,1,0,0,0,0,0,0,0,0,0,0,0,0,0,0,0,0,0,1,0,0,0,0,0,0,0,0,0,0,0,0,0,0,1,0,0,0,0,0,1,0,0,0,2184,1456,124,12,161.77777777777777,2,1,2.5,0.2777777777777778,17.5,1,16,0,0,0,1,4,24,1,124,0,0.0,0,48,35,12,19,0.6663615560640732
709,709,710,20,0.0,7162,4,2,5,7,1966,1966,41.0,3,3,3,3,1,1,0,1,0,876,876,2,1,4,904,0,0,904,0,0,1,0,3,1,3,6,7,408,2,0,0,0,0,0,0,2.0,0,0,12,2008,11.60733523953139,0,0,0,0,0,0,0,0,0,0,0,0,1,2.0,2,True,False,False,False,False,0.0,0.0,6,0,0,1,0,1,0,0,0,0,0,0,1,0,0,0,1,0,1,0,0,0,0,0,0,0,1,0,0,0,0,0,0,0,0,0,0,0,0,0,0,0,0,0,0,0,0,0,0,0,1,0,0,0,0,0,0,0,0,0,0,1,0,0,0,0,0,1,0,0,0,0,1,0,0,0,0,0,0,0,0,0,0,0,1,0,0,0,0,0,0,0,0,0,0,0,0,0,1,0,0,0,0,0,0,0,0,0,0,0,0,1,0,0,0,1780,904,0,10,129.14285714285714,1,0,1.0,0.1428571428571428,5.0,1,9,42,42,0,0,2,0,0,0,0,0.0,0,18,35,9,13,0.5075800112296462
710,710,711,30,56.0,4130,4,2,3,6,1935,2003,0.0,4,3,3,3,1,1,0,1,0,270,270,3,1,4,729,0,0,729,0,0,1,0,2,1,3,5,2,0,0,0,0,0,0,0,0,0.0,0,0,7,2008,10.859018228147889,0,0,0,1,0,0,0,0,0,0,0,0,1,0.0,0,False,False,False,False,False,0.0,0.0,6,0,0,1,0,1,0,0,0,0,0,0,1,0,0,0,1,0,1,0,0,0,0,0,0,0,1,0,0,0,0,0,0,0,1,0,0,0,0,0,0,0,0,0,0,0,0,0,0,0,0,0,0,0,0,0,0,0,0,0,0,1,0,0,0,0,0,1,0,0,0,0,1,0,0,0,0,0,0,0,0,0,0,0,0,0,0,0,0,0,1,0,0,0,0,0,0,0,0,0,0,0,0,0,0,1,0,0,0,0,1,0,0,0,0,999,729,0,8,121.5,1,0,1.0,0.1666666666666666,3.0,1,9,73,5,1,1,1,0,0,0,0,0.0,0,18,18,12,13,0.729
711,711,712,50,66.0,8712,4,1,4,7,1900,1950,0.0,3,3,3,3,2,1,0,1,0,859,859,3,1,4,859,319,0,1178,0,0,1,0,2,1,3,7,7,384,0,68,0,98,0,0,0,0.0,0,0,1,2010,11.54031687156214,0,0,0,0,0,0,0,0,0,0,0,0,1,2.0,2,False,False,False,False,True,0.0,0.0,6,0,0,0,0,1,1,0,0,1,1,0,0,0,0,0,1,0,1,0,0,0,0,0,0,0,1,0,0,0,0,0,0,0,0,0,0,0,0,0,1,0,0,0,0,0,0,0,0,0,0,0,0,0,0,0,0,0,0,0,0,0,0,0,0,0,0,1,0,0,0,0,1,0,0,0,0,0,0,0,0,0,0,0,0,0,1,0,0,0,0,0,0,0,0,0,0,0,0,0,1,0,0,0,0,0,0,0,0,0,0,0,0,1,0,2037,1178,166,10,147.25,2,1,1.0,0.125,4.0,1,9,110,60,1,0,1,98,1,166,0,0.0,0,27,28,9,13,0.57801766437684
712,712,713,120,40.0,4671,4,2,8,5,1988,1989,0.0,4,3,4,3,2,6,767,1,0,461,1228,3,1,4,1228,0,0,1228,1,0,2,0,2,1,4,5,7,472,2,168,120,0,0,0,0,0.0,0,0,10,2008,12.149507585033072,0,0,0,1,0,0,0,0,0,0,0,0,1,2.0,3,True,False,False,False,False,4.0,2.772588722239781,6,0,0,1,0,1,0,0,0,0,1,0,0,0,0,0,1,0,1,0,0,0,0,0,0,0,1,0,0,0,0,0,0,0,0,0,0,0,0,0,0,0,0,0,0,0,0,0,0,0,0,0,0,1,0,0,0,0,0,1,0,1,0,0,0,0,0,1,0,0,0,0,1,0,0,0,0,0,0,0,0,0,0,0,1,0,0,0,0,0,0,0,0,0,0,0,0,0,1,0,0,0,0,0,0,0,0,0,0,0,0,1,0,0,0,2456,1995,288,8,204.66666666666663,1,0,3.0,0.5,24.0,1,16,20,19,1,0,3,120,1,288,0,0.6240846216436127,1,36,40,12,19,0.4997964997964998
713,713,714,190,60.0,9873,4,2,4,5,1970,1970,160.0,3,3,3,3,3,5,789,1,0,171,960,2,0,4,960,0,0,960,1,0,1,0,3,1,3,6,7,576,2,0,288,0,0,0,0,0.0,0,0,5,2006,11.767575435251748,0,0,0,1,0,0,0,0,0,0,0,0,1,2.0,2,False,False,False,False,True,0.0,0.0,5,0,0,1,0,1,0,0,0,1,0,0,1,0,0,0,1,0,0,0,0,0,1,0,0,0,1,0,0,0,0,0,0,0,1,0,0,0,0,0,0,0,0,0,0,0,0,0,0,0,0,0,0,0,0,0,1,0,0,0,0,1,0,0,0,0,0,1,0,0,0,0,1,0,0,0,0,0,0,0,0,0,0,0,1,0,0,0,0,0,0,0,0,0,0,0,0,0,1,0,0,0,0,0,0,0,0,0,1,0,1,0,0,0,0,1920,1749,288,10,137.14285714285714,1,0,2.0,0.2857142857142857,8.0,1,9,36,36,0,0,2,288,1,288,0,0.8210197710718002,1,36,20,9,12,0.4997397188964081
714,714,715,60,0.0,13517,4,2,6,8,1976,2005,289.0,4,3,3,3,1,6,533,1,0,192,725,4,1,4,725,754,0,1479,0,0,2,1,3,1,4,6,7,475,2,0,44,0,0,0,0,0.0,0,0,3,2010,11.779136168550774,0,0,0,1,0,0,0,0,0,0,0,0,1,2.0,2,True,False,False,False,False,0.0,0.0,6,0,0,1,0,1,0,0,0,0,0,0,1,1,0,0,0,0,0,0,0,1,0,0,0,0,1,0,0,0,0,0,0,0,0,0,0,0,0,0,0,0,0,0,0,0,0,0,0,0,1,0,0,0,0,0,0,0,0,0,0,0,0,0,1,0,0,1,0,0,0,0,1,0,0,0,0,0,0,0,0,0,0,0,1,0,0,0,0,0,0,0,0,0,0,0,0,0,0,0,0,0,1,0,0,0,0,0,1,0,1,0,0,0,0,2204,2012,44,10,211.28571428571428,2,1,2.5,0.3571428571428571,15.0,1,16,34,5,1,1,2,44,1,44,0,0.7341597796143251,1,18,48,12,18,0.6707482993197279
715,715,716,20,78.0,10140,4,2,6,5,1974,1974,174.0,3,3,4,3,1,1,0,1,0,1064,1064,2,1,4,1350,0,0,1350,0,0,2,0,3,1,3,7,7,478,2,0,0,0,0,0,0,2.0,0,0,8,2009,12.013706813470414,0,0,0,1,0,0,0,0,0,0,0,0,1,2.0,2,True,False,False,False,False,3.0,2.079441541679836,6,0,0,1,0,1,0,0,0,1,0,0,1,0,0,0,1,0,1,0,0,0,0,0,0,0,1,0,0,0,0,0,0,0,0,0,0,0,0,0,0,0,0,0,0,1,0,0,0,0,0,0,0,0,0,0,0,0,0,0,0,1,0,0,0,0,0,0,0,1,0,0,1,0,0,0,0,0,0,0,0,0,0,0,1,0,0,0,0,0,0,0,0,0,0,0,0,0,1,0,0,0,0,0,0,0,0,0,1,0,1,0,0,0,0,2414,1350,0,11,168.75,1,0,2.0,0.25,12.0,1,9,35,35,0,0,2,0,0,0,0,0.0,0,24,30,9,14,0.5590062111801242
716,716,717,70,60.0,10800,4,2,7,8,1890,1998,0.0,3,4,3,3,1,1,0,1,0,718,718,4,1,4,1576,978,0,2554,0,0,1,1,3,1,3,8,7,704,1,0,48,143,0,0,0,0.0,0,0,7,2007,11.979805470779858,0,0,0,1,0,0,0,0,0,0,0,0,1,2.0,3,False,False,False,False,True,0.0,0.0,6,0,0,0,1,1,0,0,0,1,0,0,0,0,0,0,1,0,1,0,0,0,0,0,0,0,1,0,0,0,0,0,0,0,0,0,0,0,0,0,0,0,0,0,0,0,0,0,1,0,0,0,0,0,0,0,0,0,0,0,0,0,0,0,1,0,0,1,0,0,0,0,1,0,0,0,0,0,0,0,0,0,0,0,0,0,0,0,0,0,0,1,0,0,0,0,0,0,0,0,0,0,0,0,0,1,0,0,0,0,0,0,0,0,0,3272,2554,191,12,283.77777777777777,2,1,1.5,0.1666666666666666,10.5,1,9,117,9,1,1,1,191,1,191,0,0.0,0,18,56,12,17,0.7803238619003972
717,717,718,20,80.0,10000,4,2,5,6,1973,2000,0.0,3,3,4,3,1,4,1084,1,0,92,1176,3,1,4,1178,0,0,1178,0,1,1,1,3,1,4,5,7,439,2,224,0,0,0,0,0,2.0,0,0,11,2008,11.964007453736912,0,0,0,1,0,0,0,0,0,0,0,0,1,2.0,2,True,False,False,False,False,2.0,1.3862943611198906,6,0,0,1,0,1,0,0,0,1,0,0,1,0,0,0,1,0,1,0,0,0,0,0,0,0,1,0,0,0,0,0,0,0,0,0,0,0,0,0,0,0,0,0,0,1,0,0,0,0,0,0,0,0,0,0,0,0,0,0,0,1,0,0,0,0,0,1,0,0,0,0,1,0,0,0,0,0,0,0,0,0,0,0,1,0,0,0,0,0,0,0,0,0,0,0,0,0,1,0,0,0,0,0,0,0,0,0,0,0,1,0,0,0,0,2354,2262,224,9,196.33333333333331,1,0,2.0,0.3333333333333333,10.0,1,16,35,8,1,1,2,0,0,224,0,0.9209855564995753,1,24,30,9,15,0.5002123142250531
718,718,719,60,96.0,10542,4,2,7,5,1993,1994,651.0,4,3,4,3,4,6,1173,1,0,138,1311,4,1,4,1325,1093,0,2418,1,0,2,1,3,1,4,9,7,983,2,250,154,216,0,0,0,0.0,0,0,8,2008,12.739640688812674,0,0,0,1,0,0,0,0,0,0,0,0,1,2.0,3,True,False,False,False,False,3.0,2.079441541679836,6,0,0,1,0,1,0,0,0,1,0,0,1,0,0,0,1,0,1,0,0,0,0,0,0,0,1,0,0,0,0,0,0,0,0,0,0,0,0,0,0,0,0,0,0,0,1,0,0,0,0,0,0,0,0,0,0,0,0,0,0,0,0,0,1,0,0,0,0,1,0,0,1,0,0,0,0,0,0,0,0,0,0,0,0,0,0,0,0,0,0,1,0,0,0,0,0,0,0,1,0,0,0,0,0,0,0,0,1,0,0,1,0,0,0,3729,3591,620,13,241.8,2,1,3.5,0.35,24.5,1,16,15,14,1,0,3,370,1,620,0,0.8940548780487805,1,60,35,12,19,0.6482573726541555
719,719,720,20,69.0,9920,4,2,5,6,1969,1969,0.0,3,3,4,3,4,5,523,1,0,448,971,2,1,4,971,0,0,971,0,0,1,1,3,1,3,5,7,300,2,0,0,0,0,0,0,0.0,0,0,5,2006,11.7636919653883,0,0,0,1,0,0,0,0,0,0,0,0,1,2.0,2,True,False,False,False,False,1.0,0.6931471805599453,6,0,0,1,0,1,0,0,0,0,0,0,1,0,0,0,1,0,1,0,0,0,0,0,0,0,1,0,0,0,0,0,0,0,0,0,1,0,0,0,0,0,0,0,0,0,0,0,0,0,0,0,0,0,0,0,0,0,0,0,0,1,0,0,0,0,0,1,0,0,0,0,1,0,0,0,0,0,0,0,0,0,0,0,1,0,0,0,0,0,0,0,0,0,0,0,0,0,0,0,0,0,1,0,0,0,0,0,0,0,1,0,0,0,0,1942,1494,0,9,161.83333333333334,1,0,1.5,0.25,7.5,1,9,37,37,0,0,2,0,0,0,0,0.5380658436213992,1,60,30,9,13,0.4997426659804426
720,720,721,120,0.0,6563,4,1,8,5,1985,1985,0.0,4,3,4,3,4,6,1148,1,0,594,1742,2,1,4,1742,0,0,1742,1,0,2,0,2,1,4,5,7,564,2,114,28,234,0,0,0,0.0,0,0,12,2006,12.524530013005734,0,0,0,1,0,0,0,0,0,0,0,0,1,2.0,3,True,False,False,False,False,3.0,2.079441541679836,6,0,0,1,0,1,0,0,0,0,0,1,0,1,0,0,0,0,1,0,0,0,0,0,0,0,1,0,0,0,0,0,0,0,0,0,0,0,0,0,0,0,0,0,0,0,0,0,0,0,0,0,0,1,0,0,0,0,0,0,0,1,0,0,0,0,0,1,0,0,0,0,1,0,0,0,0,0,0,0,0,0,0,0,1,0,0,0,0,0,0,0,0,0,0,0,0,0,1,0,0,0,0,0,0,0,0,0,0,0,0,1,0,0,0,3484,2890,376,8,290.3333333333333,1,0,3.0,0.5,24.0,1,16,21,21,0,0,3,262,1,376,0,0.6586345381526104,1,60,40,12,18,0.4998565279770445
721,721,722,120,0.0,4426,4,2,6,5,2004,2004,169.0,4,3,4,3,3,6,662,1,0,186,848,4,1,4,848,0,0,848,1,0,1,0,1,1,4,3,7,420,2,160,0,0,0,0,0,0.0,0,0,5,2010,11.870606902224589,0,0,0,1,0,0,0,0,0,0,0,0,1,2.0,4,True,False,False,False,False,0.0,0.0,6,0,0,0,1,1,0,0,0,1,0,0,1,0,0,0,1,0,1,0,0,0,0,0,0,0,1,0,0,0,0,0,0,0,0,0,1,0,0,0,0,0,0,0,0,0,0,0,0,0,0,0,0,0,0,0,0,0,0,1,0,1,0,0,0,0,0,1,0,0,0,0,1,0,0,0,0,0,0,0,0,0,0,0,0,0,0,0,0,0,1,0,0,0,0,0,0,0,0,0,0,0,0,0,0,1,0,0,1,0,0,1,0,0,0,1696,1510,160,5,212.0,1,0,2.0,0.5,12.0,1,16,6,6,0,1,4,0,0,160,0,0.7797408716136631,1,48,30,12,18,0.4997053624042428
722,722,723,20,70.0,8120,4,2,4,7,1970,1970,0.0,3,4,3,3,1,5,191,1,0,673,864,4,1,4,864,0,0,864,0,0,1,0,3,1,3,5,7,463,2,0,0,0,0,0,0,0.0,0,0,7,2009,11.732069026983156,0,0,0,1,0,0,0,0,0,0,0,0,1,2.0,3,False,False,False,False,True,0.0,0.0,6,0,0,1,0,1,0,0,0,1,0,0,1,0,0,0,1,0,1,0,0,0,0,0,0,0,1,0,0,0,0,0,0,0,0,0,0,0,0,0,0,0,0,1,0,0,0,0,0,0,0,0,0,0,0,0,0,0,0,0,0,1,0,0,0,0,0,1,0,0,0,0,1,0,0,0,0,0,0,0,0,0,0,0,0,0,1,0,0,0,0,0,0,0,0,0,0,0,0,0,1,0,0,0,0,0,0,0,0,0,1,0,0,0,0,1728,1055,0,9,144.0,1,0,1.0,0.1666666666666666,4.0,1,9,39,39,0,0,2,0,0,0,0,0.2208092485549133,1,18,28,12,14,0.4997108155002892
723,723,724,50,60.0,8172,4,2,4,6,1954,1972,0.0,3,3,3,3,1,1,0,1,0,941,941,4,1,4,997,473,0,1470,0,0,2,0,4,1,3,7,7,548,2,0,0,0,0,156,0,0.0,0,0,5,2008,11.81303746480054,0,0,0,1,0,0,0,0,0,0,0,0,1,2.0,2,False,False,False,False,True,0.0,0.0,6,0,0,1,0,1,0,0,0,1,0,0,1,0,0,0,1,0,1,0,0,0,0,0,0,0,1,0,0,0,0,0,0,0,0,0,0,0,1,0,0,0,0,0,0,0,0,0,0,0,0,0,0,0,0,0,0,0,0,0,0,0,0,0,0,0,0,1,0,0,0,0,1,0,0,0,0,0,0,0,0,0,0,0,0,0,1,0,0,0,0,0,0,0,0,0,0,0,0,0,1,0,0,0,0,0,0,0,0,0,0,1,0,0,0,2411,1470,156,12,183.75,2,1,2.0,0.25,8.0,1,9,54,36,1,0,2,156,1,156,0,0.0,0,18,24,9,14,0.6094527363184079
724,724,725,20,86.0,13286,4,2,9,5,2007,2008,340.0,5,3,5,3,1,6,1234,1,0,464,1698,4,1,4,1698,0,0,1698,1,0,2,0,3,1,5,8,7,768,2,327,64,0,0,0,0,0.0,0,0,2,2009,12.676079399771028,0,0,0,1,0,0,0,0,0,0,0,0,1,2.0,4,True,False,False,False,False,4.0,2.772588722239781,6,0,0,1,0,1,0,0,0,0,0,0,1,0,0,0,1,0,1,0,0,0,0,0,0,0,1,0,0,0,0,0,0,0,0,0,0,0,1,0,0,0,0,0,0,0,0,0,0,0,0,0,0,0,0,0,0,0,0,0,0,1,0,0,0,0,0,0,0,1,0,0,1,0,0,0,0,0,0,0,0,0,0,1,0,0,0,0,0,0,0,0,0,0,0,0,0,1,0,0,0,0,0,0,0,0,0,0,0,1,0,1,0,0,0,3396,2932,391,12,188.66666666666663,1,0,3.0,0.3333333333333333,27.0,1,25,2,1,1,1,4,64,1,391,0,0.7263095938787522,1,30,45,15,23,0.4998528113040918
725,725,726,20,60.0,6960,4,2,4,6,1970,1970,0.0,3,3,3,3,1,5,375,4,239,250,864,2,1,4,864,0,0,864,0,0,1,0,3,1,4,5,7,660,2,96,0,0,0,0,0,0.0,1,500,11,2009,11.6994133306336,0,0,0,1,0,0,0,0,0,0,0,0,1,2.0,3,False,False,False,False,True,0.0,0.0,6,0,0,1,0,1,0,0,0,1,0,0,1,0,0,0,1,0,1,0,0,0,0,0,0,0,1,0,0,0,0,0,0,0,0,0,0,0,0,0,0,0,0,1,0,0,0,0,0,0,0,0,0,0,0,0,0,0,0,0,0,1,0,0,0,0,0,1,0,0,0,0,1,0,0,0,0,0,0,0,0,0,0,0,1,0,0,0,0,0,0,0,0,0,0,0,0,0,0,0,0,0,1,0,0,0,0,0,0,0,1,0,0,0,0,1728,1478,96,9,144.0,1,0,1.0,0.1666666666666666,4.0,1,16,39,39,0,0,2,0,0,96,0,0.7098265895953757,1,18,24,9,13,0.4997108155002892
726,726,727,20,0.0,21695,4,2,6,9,1988,2007,260.0,4,4,4,3,1,6,808,1,0,72,880,4,1,4,1680,0,0,1680,1,0,2,0,3,1,4,5,7,540,2,292,44,0,182,0,0,0.0,0,0,12,2009,12.310437165348777,0,0,0,1,0,0,0,0,0,0,0,0,1,2.0,3,True,False,False,False,False,4.0,2.772588722239781,6,0,0,1,0,1,0,0,0,0,0,0,1,0,0,0,0,0,1,0,0,0,0,0,0,0,1,0,0,0,0,0,0,0,0,0,0,1,0,0,0,0,0,0,0,0,0,0,0,0,0,0,0,0,0,0,0,0,0,0,0,1,0,0,0,0,0,0,0,1,0,0,1,0,0,0,0,0,0,0,0,0,0,0,0,0,0,0,0,0,0,1,0,0,0,0,0,0,0,0,0,0,1,0,0,0,0,0,1,0,1,0,0,0,0,2560,2488,518,9,280.0,1,0,3.0,0.5,18.0,1,16,21,2,1,1,3,226,1,518,0,0.9171396140749148,1,24,54,16,18,0.655993752440453
727,727,728,20,64.0,7314,4,2,7,5,2007,2007,82.0,4,3,4,3,3,6,724,1,0,508,1232,4,1,4,1232,0,0,1232,1,0,2,0,2,1,4,6,7,632,2,132,0,0,0,0,0,0.0,0,0,2,2009,12.178192583415596,0,0,0,1,0,0,0,0,0,0,0,0,1,2.0,4,True,False,False,False,False,0.0,0.0,6,0,0,1,0,1,0,0,0,1,0,0,1,0,0,0,1,0,1,0,0,0,0,0,0,0,1,0,0,0,0,0,0,0,0,0,1,0,0,0,0,0,0,0,0,0,0,0,0,0,0,0,0,0,0,0,0,0,0,0,0,1,0,0,0,0,0,1,0,0,0,0,1,0,0,0,0,0,0,0,0,0,0,0,0,0,0,0,0,0,1,0,0,0,0,0,0,0,0,0,0,0,0,0,0,1,0,0,0,1,0,1,0,0,0,2464,1956,132,9,176.0,1,0,3.0,0.4285714285714285,21.0,1,16,2,2,0,1,4,0,0,132,0,0.5871857258718572,1,48,35,12,19,0.4997971602434077
728,728,729,90,85.0,11475,4,2,5,5,1958,1958,95.0,3,3,3,3,1,1,0,1,0,1584,1584,2,1,4,1776,0,0,1776,1,0,2,0,4,2,3,9,7,888,2,0,25,0,0,0,0,0.0,0,0,7,2009,11.60824473564232,0,0,0,0,0,0,0,0,0,0,0,0,0,2.0,2,False,False,False,False,True,0.0,0.0,6,0,0,1,0,1,0,0,0,1,0,0,1,0,0,0,0,0,1,0,0,0,0,0,0,0,1,0,0,0,0,0,0,0,0,0,0,0,0,0,0,0,0,1,0,0,0,0,0,0,0,0,0,0,0,0,0,1,0,0,0,1,0,0,0,0,0,1,0,0,0,0,1,0,0,0,0,0,0,0,0,0,0,0,0,0,0,0,0,0,1,0,0,0,0,0,0,0,0,0,0,0,0,0,0,1,0,0,1,0,1,0,0,0,0,3360,1776,25,15,177.6,1,0,3.0,0.3,15.0,2,9,51,51,0,0,2,25,1,25,0,0.0,0,18,25,9,13,0.5284141624516513
729,729,730,30,52.0,6240,4,2,4,5,1925,1950,0.0,3,3,3,3,1,4,152,1,0,628,780,2,1,3,848,0,360,1208,0,0,1,0,2,1,3,5,7,539,2,0,23,112,0,0,0,0.0,0,0,1,2009,11.542493975902508,0,0,0,1,0,0,0,0,0,0,0,0,1,2.0,2,False,False,False,False,True,0.0,0.0,6,0,0,0,1,1,0,0,0,1,0,0,1,0,0,0,1,0,1,0,0,0,0,0,0,0,1,0,0,0,0,0,0,0,0,0,0,0,0,0,1,0,0,0,0,0,0,0,0,0,0,0,0,0,0,0,0,0,0,0,0,0,0,0,0,0,0,1,0,0,0,0,1,0,0,0,0,0,0,0,0,0,0,0,0,0,1,0,0,0,0,0,0,0,0,0,0,0,0,0,1,0,0,0,0,0,0,0,0,0,1,0,0,0,0,1628,1000,135,8,201.33333333333331,1,0,1.0,0.1666666666666666,4.0,1,9,84,59,1,0,1,135,1,135,0,0.1946222791293214,1,18,20,9,12,0.7415592387968079
730,730,731,120,39.0,5389,4,2,8,5,1995,1996,0.0,4,3,4,3,1,6,1180,1,0,415,1595,4,1,4,1616,0,0,1616,1,0,2,0,2,1,4,5,7,608,2,237,152,0,0,0,0,0.0,0,0,3,2010,12.373707715234994,0,0,0,1,0,0,0,0,0,0,0,0,1,2.0,3,True,False,False,False,False,3.0,2.079441541679836,6,0,0,1,0,1,0,0,0,0,0,0,1,0,0,0,1,0,1,0,0,0,0,0,0,0,1,0,0,0,0,0,0,0,0,0,0,0,0,0,0,0,0,0,0,0,0,0,0,0,0,0,0,1,0,0,0,0,0,1,0,1,0,0,0,0,0,1,0,0,0,0,1,0,0,0,0,0,0,0,0,0,0,1,0,0,0,0,0,0,0,0,0,0,0,0,0,1,0,0,0,0,0,0,0,0,0,0,0,0,0,1,0,0,0,3211,2796,389,8,269.3333333333333,1,0,3.0,0.5,24.0,1,16,15,14,1,0,3,152,1,389,0,0.7393483709273183,1,24,40,12,20,0.5031133250311333
731,731,732,80,73.0,9590,4,2,7,5,2003,2003,442.0,4,3,5,3,3,6,786,1,0,82,868,4,1,4,1146,0,0,1146,1,0,2,0,3,1,4,6,7,438,2,160,22,0,0,0,0,0.0,0,0,5,2007,12.141539457711714,0,0,0,1,0,0,0,0,0,0,0,0,1,2.0,4,True,False,False,False,False,4.0,2.772588722239781,6,0,0,1,0,1,0,0,0,0,0,0,1,0,0,0,0,0,1,0,0,0,0,0,0,0,1,0,0,0,0,0,0,0,0,0,0,0,0,0,0,0,0,0,0,0,0,0,0,0,0,0,0,0,1,0,0,0,0,0,0,0,0,0,0,0,1,1,0,0,0,0,1,0,0,0,0,0,0,0,0,0,0,0,0,0,0,0,0,0,1,0,0,0,0,0,0,0,0,0,0,0,0,0,0,1,0,0,1,0,0,1,0,0,0,2014,1932,182,10,163.71428571428572,1,0,3.0,0.4285714285714285,21.0,1,16,4,4,0,1,4,22,1,182,0,0.904487917146145,1,60,35,12,19,0.5687344913151364
732,732,733,60,75.0,11404,4,2,7,5,1998,1999,202.0,4,3,4,3,3,5,252,1,0,901,1153,4,1,4,1153,878,0,2031,0,0,2,1,3,1,4,8,7,541,2,192,84,0,0,0,0,0.0,0,0,7,2008,12.312686874960354,0,0,0,1,0,0,0,0,0,0,0,0,1,2.0,3,True,False,False,False,False,3.0,2.079441541679836,6,0,0,1,0,1,0,0,0,0,0,0,1,0,0,0,1,0,1,0,0,0,0,0,0,0,1,0,0,0,0,0,0,0,0,0,1,0,0,0,0,0,0,0,0,0,0,0,0,0,0,0,0,0,0,0,0,0,0,0,0,0,0,0,1,0,0,1,0,0,0,0,1,0,0,0,0,0,0,0,0,0,0,0,0,0,0,0,0,0,1,0,0,0,0,0,0,0,0,0,0,0,0,0,0,1,0,0,1,0,0,1,0,0,0,3184,2283,276,12,225.66666666666663,2,1,2.5,0.2777777777777778,17.5,1,16,10,9,1,1,4,84,1,276,0,0.218370883882149,1,48,35,12,19,0.6376766091051805
733,733,734,20,80.0,10000,4,2,5,6,1961,1983,0.0,3,3,3,3,1,4,594,1,0,270,864,4,1,4,1144,0,0,1144,1,0,1,0,3,1,3,6,7,264,2,165,0,0,0,0,0,1.0,1,400,3,2009,11.786008995353765,0,0,0,1,0,0,0,0,0,0,0,0,1,2.0,2,True,False,False,False,False,3.0,2.079441541679836,6,0,0,1,0,1,0,0,0,1,0,0,1,0,0,0,0,1,0,0,0,0,0,0,0,0,1,0,0,0,0,0,0,0,0,0,0,0,0,0,0,0,0,0,0,0,0,0,0,0,1,0,0,0,0,0,0,0,0,0,0,1,0,0,0,0,0,0,0,1,0,0,1,0,0,0,0,0,0,0,0,0,0,0,1,0,0,0,0,0,0,0,0,0,0,0,0,0,1,0,0,0,0,0,0,0,0,0,0,0,1,0,0,0,0,2008,1738,165,10,163.42857142857142,1,0,2.0,0.2857142857142857,10.0,1,9,48,26,1,0,2,0,0,165,0,0.6867052023121387,1,18,30,9,15,0.569437531110005
734,734,735,20,0.0,8978,4,2,5,5,1968,1968,0.0,3,3,3,3,1,1,0,1,0,948,948,2,1,4,948,0,0,948,0,0,1,0,3,1,3,6,7,300,2,147,0,0,0,0,0,0.0,0,0,5,2007,11.58989576532275,0,0,1,0,0,0,0,0,0,0,0,0,1,2.0,2,True,False,False,False,False,0.0,0.0,6,0,0,1,0,1,0,0,0,0,0,0,1,0,0,0,0,0,1,0,0,0,0,0,0,0,1,0,0,0,0,0,0,0,0,0,0,0,0,0,0,0,0,0,0,0,0,0,0,0,1,0,0,0,0,0,0,0,0,0,0,1,0,0,0,0,0,1,0,0,0,0,1,0,0,0,0,0,0,0,0,0,0,0,0,0,0,1,0,0,0,0,0,0,0,0,0,0,0,0,0,0,1,0,0,0,0,0,0,0,0,1,0,0,0,1896,948,147,10,135.42857142857142,1,0,1.0,0.1428571428571428,5.0,1,9,39,39,0,0,2,0,0,147,0,0.0,0,18,25,9,13,0.4997364259356879
735,735,736,75,60.0,10800,4,2,7,7,1914,1970,0.0,3,3,4,3,2,3,390,1,0,490,880,1,0,4,880,888,0,1768,0,0,1,1,2,1,3,6,7,320,0,0,341,0,0,0,0,0.0,0,0,10,2006,12.001511614739403,0,0,0,1,0,0,0,0,0,0,0,0,1,2.0,1,False,False,False,False,True,3.0,3.295836866004329,5,0,0,0,1,1,0,0,0,1,0,0,1,0,0,0,1,0,1,0,0,0,0,0,0,0,1,0,0,0,0,0,0,0,0,0,0,0,0,0,0,0,0,0,0,0,0,0,1,0,0,0,0,0,0,0,0,0,0,0,0,0,0,1,0,0,0,1,0,0,0,0,1,0,0,0,0,0,0,0,0,0,0,0,0,0,0,0,0,0,0,1,0,0,0,0,0,0,0,0,0,0,0,0,0,0,1,0,0,0,0,0,0,0,0,2648,2158,341,9,252.57142857142856,2,1,1.5,0.2142857142857142,10.5,1,9,92,36,1,0,1,341,1,341,0,0.4426787741203178,1,36,49,9,14,0.6674216685541714
736,736,737,90,60.0,8544,4,2,3,4,1950,1950,0.0,3,3,0,0,0,0,0,0,0,0,0,3,0,2,1040,0,0,1040,0,0,2,0,2,2,3,6,7,400,2,0,0,0,0,0,0,0.0,0,0,7,2006,11.445727410406752,0,0,0,1,0,0,0,0,0,0,0,0,1,2.0,1,False,False,False,False,True,0.0,0.0,6,0,0,1,0,1,0,0,0,1,0,0,1,0,0,0,1,0,1,0,0,0,0,0,0,0,1,0,0,0,0,0,0,0,0,0,0,0,0,0,0,0,0,1,0,0,0,0,0,0,0,0,0,0,0,0,0,1,0,0,0,1,0,0,0,0,0,1,0,0,0,0,1,0,0,0,0,0,0,0,0,0,0,0,0,0,0,0,0,1,0,0,0,0,0,0,0,0,0,0,0,0,0,1,0,0,0,0,0,0,1,0,0,0,0,1040,1040,0,10,148.57142857142858,1,0,2.0,0.2857142857142857,6.0,2,9,56,56,0,0,2,0,0,0,0,0.0,0,0,12,9,12,0.999039385206532
737,737,738,60,72.0,10463,4,2,8,5,2005,2005,0.0,4,3,4,3,1,1,0,1,0,893,893,4,1,4,901,900,0,1801,0,0,2,1,3,1,4,8,7,800,2,0,116,0,0,0,0,0.0,0,0,6,2006,12.3879816172226,0,0,0,1,0,0,0,0,0,0,0,0,1,2.0,4,True,False,False,False,False,4.0,2.772588722239781,6,0,0,1,0,1,0,0,0,0,1,0,0,1,0,0,0,0,1,0,0,0,0,0,0,0,1,0,0,0,0,0,0,0,0,0,0,0,0,1,0,0,0,0,0,0,0,0,0,0,0,0,0,0,0,0,0,0,0,0,0,0,0,0,1,0,0,1,0,0,0,0,1,0,0,0,0,0,0,0,0,0,0,0,0,0,0,0,0,0,1,0,0,0,0,0,0,0,0,0,0,0,0,0,0,1,0,0,0,0,0,1,0,0,0,2694,1801,116,12,200.11111111111111,2,1,2.5,0.2777777777777778,20.0,1,16,1,1,0,1,4,116,1,116,0,0.0,0,24,40,12,20,0.6682745825602968
738,738,739,90,60.0,10800,4,2,5,5,1987,1988,0.0,3,3,4,4,4,6,1200,1,0,0,1200,2,1,4,1200,0,0,1200,3,0,3,0,3,1,3,5,7,0,2,120,0,0,0,0,0,0.0,0,0,3,2009,12.095146671399466,0,1,0,0,0,0,0,0,0,0,0,0,1,0.0,0,False,False,False,False,False,0.0,0.0,6,0,0,1,0,1,0,0,0,1,0,0,1,0,0,0,1,0,1,0,0,0,0,0,0,0,1,0,0,0,0,0,0,0,0,0,0,0,1,0,0,0,0,0,0,0,0,0,0,0,0,0,0,0,0,0,0,1,0,0,0,1,0,0,0,0,0,1,0,0,0,0,1,0,0,0,0,0,0,0,0,0,0,0,0,0,0,1,0,0,0,0,0,0,0,0,0,0,0,0,0,0,1,0,0,0,0,0,0,0,1,0,0,0,0,2400,2400,120,9,200.0,1,0,6.0,1.0,30.0,1,9,22,21,1,0,3,0,0,120,0,0.9991673605328892,1,80,25,9,13,0.4997917534360683
739,739,740,60,65.0,9313,4,2,7,5,2004,2004,0.0,4,3,4,3,1,1,0,1,0,864,864,4,1,4,864,864,0,1728,0,0,2,1,3,1,4,7,7,572,2,187,56,0,0,0,0,0.0,0,0,4,2009,12.154784614286667,0,0,0,1,0,0,0,0,0,0,0,0,1,2.0,4,True,False,False,False,False,0.0,0.0,6,0,0,1,0,1,0,0,0,0,0,0,1,0,0,0,1,0,1,0,0,0,0,0,0,0,1,0,0,0,0,0,0,0,0,0,1,0,0,0,0,0,0,0,0,0,0,0,0,0,0,0,0,0,0,0,0,0,0,0,0,0,0,0,1,0,0,1,0,0,0,0,1,0,0,0,0,0,0,0,0,0,0,0,0,0,0,0,0,0,1,0,0,0,0,0,0,0,0,0,0,0,0,0,0,1,0,0,0,0,0,1,0,0,0,2592,1728,243,11,216.0,2,1,2.5,0.3125,17.5,1,16,5,5,0,1,4,56,1,243,0,0.0,0,24,35,12,19,0.6664095642113382
740,740,741,70,60.0,9600,4,2,5,7,1910,2002,0.0,3,4,2,2,1,1,0,1,0,264,264,4,1,4,768,664,0,1432,0,0,2,0,2,1,3,7,7,360,2,270,0,112,0,0,0,3.0,0,0,5,2007,11.790564777297387,0,0,0,0,0,0,0,0,0,0,0,0,1,2.5,1,False,False,False,False,True,0.0,0.0,6,0,0,0,1,1,0,0,0,1,0,0,1,0,0,0,1,0,1,0,0,0,0,0,0,0,1,0,0,0,0,0,0,0,0,0,0,0,0,0,0,0,0,0,0,0,0,0,1,0,0,0,0,0,0,0,0,0,0,0,0,0,0,0,1,0,0,1,0,0,0,0,1,0,0,0,0,0,0,0,0,0,0,0,0,0,0,0,0,0,0,1,0,0,0,0,0,0,0,0,0,0,0,0,0,0,0,1,0,0,0,0,0,0,0,1696,1432,382,10,179.0,2,1,2.0,0.25,10.0,1,9,97,5,1,1,1,112,1,382,0,0.0,0,8,35,12,15,0.8438420742486741
741,741,742,20,65.0,6768,4,2,6,8,1961,1996,0.0,3,4,3,3,2,6,832,1,0,80,912,3,1,4,912,0,0,912,1,1,1,0,3,1,4,5,7,288,2,168,0,0,0,0,0,3.0,0,0,5,2008,11.863589378812122,0,0,0,1,0,0,0,0,0,0,0,0,1,2.0,2,False,False,False,False,True,0.0,0.0,6,0,0,1,0,1,0,0,0,0,0,0,1,0,0,0,1,1,0,0,0,0,0,0,0,0,1,0,0,0,0,0,0,0,0,0,0,0,0,0,0,0,0,0,0,0,0,0,0,0,1,0,0,0,0,0,0,0,0,0,0,1,0,0,0,0,0,0,0,1,0,0,1,0,0,0,0,0,0,0,0,0,0,0,1,0,0,0,0,0,0,0,0,0,0,0,0,0,1,0,0,0,0,0,0,0,0,0,0,0,1,0,0,0,0,1824,1744,168,9,152.0,1,0,2.5,0.4166666666666667,15.0,1,16,47,12,1,0,2,0,0,168,0,0.9112814895947426,1,27,48,12,16,0.4997260273972603
742,742,743,20,65.0,8450,4,2,7,5,2000,2001,108.0,3,3,4,3,1,1,0,1,0,1349,1349,4,1,4,1349,0,0,1349,0,0,2,0,3,1,3,6,7,539,2,120,55,0,0,0,0,3.0,0,0,12,2007,12.095146671399466,0,0,0,1,0,0,0,0,0,0,0,0,1,2.0,3,True,False,False,False,False,0.0,0.0,6,0,0,1,0,1,0,0,0,1,0,0,1,0,0,0,1,0,1,0,0,0,0,0,0,0,1,0,0,0,0,0,0,0,0,0,0,0,0,0,0,0,0,0,0,0,0,0,0,0,0,1,0,0,0,0,0,0,0,0,0,1,0,0,0,0,0,1,0,0,0,0,1,0,0,0,0,0,0,0,0,0,0,0,0,0,0,0,0,0,1,0,0,0,0,0,0,0,0,0,0,0,0,0,0,1,0,0,1,0,0,1,0,0,0,2698,1349,175,10,192.7142857142857,1,0,2.0,0.2857142857142857,14.0,1,9,7,6,1,1,4,55,1,175,0,0.0,0,24,35,9,17,0.4998147462022971
743,743,744,80,70.0,12886,4,2,5,6,1963,1999,0.0,3,3,4,3,3,5,444,1,0,76,520,4,1,4,1464,0,0,1464,0,1,2,0,3,1,3,6,5,480,2,302,0,0,0,100,0,0.0,0,0,10,2009,12.07254696717504,0,0,0,1,0,0,0,0,0,0,0,0,1,2.0,3,True,False,False,False,False,3.0,2.079441541679836,6,0,0,1,0,1,0,0,0,0,0,0,1,0,0,0,1,0,1,0,0,0,0,0,0,0,1,0,0,0,0,0,0,0,0,0,0,0,0,0,0,0,0,0,0,0,0,0,0,0,1,0,0,0,0,0,0,0,0,0,0,0,0,0,0,0,1,1,0,0,0,0,1,0,0,0,0,0,0,0,0,0,0,0,1,0,0,0,0,0,0,0,0,0,0,0,0,0,1,0,0,0,0,0,0,0,0,0,0,0,1,0,0,0,0,1984,1908,402,10,209.14285714285717,1,0,2.5,0.3571428571428571,12.5,1,9,46,10,1,1,2,100,1,402,0,0.8522072936660269,1,48,30,9,15,0.7375314861460958
744,744,745,120,41.0,5395,4,2,8,5,1993,1993,0.0,4,3,4,3,1,6,733,1,0,604,1337,3,1,4,1337,0,0,1337,1,0,2,0,2,1,4,5,7,462,2,96,0,70,168,0,0,0.0,0,0,10,2008,12.100717685412471,0,0,0,1,0,0,0,0,0,0,0,0,1,2.0,3,True,False,False,False,False,3.0,2.079441541679836,6,0,0,1,0,1,0,0,0,0,1,0,0,0,0,0,1,0,1,0,0,0,0,0,0,0,1,0,0,0,0,0,0,0,0,0,0,0,0,0,0,0,0,0,0,0,0,0,0,0,0,0,0,1,0,0,0,0,0,1,0,1,0,0,0,0,0,1,0,0,0,0,1,0,0,0,0,0,0,0,0,0,0,0,1,0,0,0,0,0,0,0,0,0,0,0,0,0,1,0,0,0,0,0,0,0,0,0,0,0,0,1,0,0,0,2674,2070,334,8,222.83333333333331,1,0,3.0,0.5,24.0,1,16,15,15,0,0,3,238,1,334,0,0.5478325859491778,1,24,40,12,19,0.4998130841121495
745,745,746,60,0.0,8963,4,2,8,9,1976,1996,289.0,5,4,3,4,1,6,575,5,80,487,1142,4,1,4,1175,1540,0,2715,0,1,3,1,4,1,4,11,7,831,2,0,204,0,0,0,0,0.0,0,0,7,2008,12.61087420020211,0,0,0,1,0,0,0,0,0,0,0,0,1,2.0,3,False,False,True,False,False,3.0,3.295836866004329,6,0,0,1,0,1,0,0,0,0,0,0,1,0,0,0,1,0,1,0,0,0,0,0,0,0,1,0,0,0,0,0,0,0,0,0,0,0,0,0,0,0,0,0,0,1,0,0,0,0,0,0,0,0,0,0,0,0,0,0,0,0,0,0,1,0,0,0,0,1,0,0,1,0,0,0,0,0,0,0,0,0,0,0,0,0,0,0,0,0,1,0,0,0,0,0,0,0,0,0,0,0,0,0,0,1,0,0,1,0,1,0,0,0,0,3857,3370,204,16,226.25,2,1,4.0,0.3333333333333333,32.0,1,16,32,12,1,0,2,204,1,204,0,0.5730533683289589,1,24,72,20,21,0.7037325038880249
746,746,747,60,0.0,8795,4,2,7,5,2000,2000,0.0,4,3,4,3,1,6,300,1,0,652,952,4,1,4,980,1276,0,2256,0,0,2,1,4,1,4,8,7,554,2,224,54,0,0,0,0,0.0,0,0,4,2009,12.371591321286903,0,0,0,1,0,0,0,0,0,0,0,0,1,2.0,3,False,False,True,False,False,3.0,2.079441541679836,6,0,0,1,0,1,0,0,0,0,0,0,1,0,0,0,1,0,1,0,0,0,0,0,0,0,1,0,0,0,0,0,0,0,0,0,0,0,0,1,0,0,0,0,0,0,0,0,0,0,0,0,0,0,0,0,0,0,0,0,0,0,0,0,1,0,0,1,0,0,0,0,1,0,0,0,0,0,0,0,0,0,0,0,0,0,0,0,0,0,1,0,0,0,0,0,0,0,0,0,0,0,0,0,0,1,0,0,0,0,0,1,0,0,0,3208,2556,278,13,250.66666666666663,2,1,2.5,0.2777777777777778,17.5,1,16,9,9,0,1,4,54,1,278,0,0.3147953830010493,1,24,35,12,19,0.7030227485197881
747,747,748,70,65.0,11700,4,2,7,7,1880,2003,0.0,4,3,3,2,1,1,0,1,0,1240,1240,2,0,4,1320,1320,0,2640,0,0,1,1,4,1,4,8,7,864,0,181,0,386,0,0,0,0.0,0,0,5,2009,12.491176396967154,0,0,0,1,0,0,0,0,0,0,0,0,1,2.0,1,False,False,False,False,True,4.0,2.772588722239781,5,0,0,0,1,1,1,0,0,0,0,0,1,0,0,0,0,0,1,0,0,0,0,0,0,0,1,0,0,0,0,0,0,0,0,0,0,0,0,0,0,0,0,0,0,0,0,0,1,0,0,0,0,0,0,0,0,0,0,0,0,0,0,0,1,0,0,0,0,0,1,0,1,0,0,0,0,0,0,0,0,0,0,0,0,0,0,0,0,1,0,0,0,0,0,0,0,0,0,0,0,0,0,0,1,0,0,0,0,0,0,0,0,1,0,3880,2640,567,13,293.3333333333333,2,1,1.5,0.1666666666666666,10.5,1,16,129,6,1,1,1,386,1,567,0,0.0,0,12,49,12,17,0.6802370523061066
748,748,749,20,59.0,10593,4,2,7,5,1996,1996,338.0,4,3,4,3,1,6,919,1,0,801,1720,4,1,4,1720,0,0,1720,1,0,2,0,3,1,4,7,7,527,2,240,56,154,0,0,0,0.0,0,0,3,2010,12.469978029554952,0,0,0,1,0,0,0,0,0,0,0,0,1,2.0,3,True,False,False,False,False,3.0,2.079441541679836,6,0,0,1,0,1,0,0,0,0,0,0,1,0,0,0,1,0,1,0,0,0,0,0,0,0,1,0,0,0,0,0,0,0,0,0,0,0,0,0,0,0,0,0,0,0,1,0,0,0,0,0,0,0,0,0,0,0,0,0,0,1,0,0,0,0,0,0,0,1,0,0,1,0,0,0,0,0,0,0,0,0,0,0,0,0,0,0,0,0,1,0,0,0,0,0,0,0,0,0,0,0,0,0,0,1,0,0,1,0,0,1,0,0,0,3440,2639,450,11,215.0,1,0,3.0,0.375,21.0,1,16,14,14,0,0,3,210,1,450,0,0.5339918651946542,1,24,35,12,19,0.4998546934030805
749,749,750,50,50.0,8405,4,2,4,3,1945,1950,0.0,3,3,0,0,0,0,0,0,0,0,0,2,0,2,1088,441,0,1529,0,0,2,0,4,1,3,9,4,240,0,92,0,185,0,0,0,0.0,0,0,4,2009,11.49273296168228,0,0,0,1,0,0,0,0,0,0,0,0,1,2.0,1,False,False,False,False,True,0.0,0.0,3,0,0,1,0,1,0,0,0,1,0,0,1,0,0,0,1,0,1,0,0,0,0,0,0,0,1,0,0,0,0,0,0,0,0,0,0,0,1,0,0,0,0,0,0,0,0,0,0,0,0,0,0,0,0,0,0,0,0,0,0,0,0,0,0,0,0,1,0,0,0,0,1,0,0,0,0,0,0,0,0,0,0,0,0,0,0,0,0,0,0,0,1,0,0,0,0,0,0,0,0,0,0,0,0,0,0,1,0,0,0,0,1,0,0,1529,1529,277,14,152.9,2,1,2.0,0.2,8.0,1,9,64,59,1,0,1,185,1,277,0,0.0,0,0,12,9,12,0.9993464052287582
750,750,751,50,55.0,8800,4,2,4,7,1910,2004,0.0,3,3,3,2,1,1,0,1,0,576,576,3,1,4,792,348,0,1140,0,0,1,0,3,1,3,7,5,0,0,0,160,0,0,0,0,0.0,0,0,6,2010,11.477308649967686,0,0,0,1,0,0,0,0,0,0,0,0,1,0.0,0,False,False,False,False,False,0.0,0.0,6,0,0,0,1,1,0,0,0,1,0,0,1,0,0,0,0,0,1,0,0,0,0,0,0,0,1,0,0,0,0,0,0,0,0,0,0,0,0,0,0,0,0,0,0,0,0,0,1,0,0,0,0,0,0,0,0,0,0,0,0,0,0,0,0,0,0,1,0,0,0,0,1,0,0,0,0,0,0,0,0,0,0,0,0,0,0,0,0,0,0,1,0,0,0,0,0,0,0,0,0,0,0,0,0,0,1,0,0,0,0,0,0,0,0,1716,1140,160,11,142.5,2,1,1.0,0.125,4.0,1,9,100,6,1,1,1,160,1,160,0,0.0,0,12,28,9,13,0.663948747815958
751,751,752,60,0.0,7750,4,2,7,5,2003,2003,0.0,4,3,4,3,1,1,0,1,0,660,660,4,1,4,660,660,0,1320,0,0,2,1,3,1,4,6,7,400,2,0,48,0,0,0,0,0.0,0,0,8,2007,11.995357787034976,0,0,0,1,0,0,0,0,0,0,0,0,1,2.0,4,True,False,False,False,False,0.0,0.0,6,0,0,1,0,1,0,0,0,1,0,0,1,0,0,0,1,0,0,0,0,0,1,0,0,0,1,0,0,0,0,0,0,0,0,0,0,0,0,1,0,0,0,0,0,0,0,0,0,0,0,0,0,0,0,0,0,0,0,0,0,0,0,0,1,0,0,1,0,0,0,0,1,0,0,0,0,0,0,0,0,0,0,0,0,0,0,0,0,0,1,0,0,0,0,0,0,0,0,0,0,0,0,0,0,1,0,0,0,0,0,1,0,0,0,1980,1320,48,10,188.57142857142856,2,1,2.5,0.3571428571428571,17.5,1,16,4,4,0,1,4,48,1,48,0,0.0,0,24,35,12,19,0.6663301362948006
752,752,753,20,79.0,9236,4,2,6,5,1997,1997,0.0,3,4,4,3,4,6,1200,1,0,279,1479,4,1,4,1494,0,0,1494,1,0,2,0,3,1,4,6,7,576,2,168,27,0,0,0,0,0.0,0,0,7,2006,12.28765724080691,0,0,0,1,0,0,0,0,0,0,0,0,1,2.0,3,True,False,False,False,False,0.0,0.0,6,0,0,1,0,1,0,0,0,0,0,0,1,0,0,0,1,0,1,0,0,0,0,0,0,0,1,0,0,0,0,0,0,0,0,0,1,0,0,0,0,0,0,0,0,0,0,0,0,0,0,0,0,0,0,0,0,0,0,0,0,1,0,0,0,0,0,1,0,0,0,0,1,0,0,0,0,0,0,0,0,0,0,0,0,0,0,0,0,0,1,0,0,0,0,0,0,0,0,0,0,0,0,0,0,1,0,0,0,0,0,1,0,0,0,2973,2694,195,10,213.42857142857144,1,0,3.0,0.4285714285714285,18.0,1,16,9,9,0,1,4,27,1,195,0,0.8108108108108109,1,60,30,12,17,0.5023537323470074
753,753,754,60,80.0,10240,4,2,8,5,2005,2005,178.0,4,3,4,3,2,1,0,1,0,1030,1030,3,1,4,1038,1060,0,2098,0,0,2,1,3,1,5,8,7,878,2,192,52,0,0,0,0,0.0,0,0,3,2006,12.526346537332584,0,0,0,1,0,0,0,0,0,0,0,0,1,2.0,4,True,False,False,False,False,4.0,2.772588722239781,6,0,0,1,0,1,0,0,0,1,0,0,1,0,0,0,1,0,1,0,0,0,0,0,0,0,1,0,0,0,0,0,0,0,0,0,0,0,0,0,0,0,0,0,0,0,0,1,0,0,0,0,0,0,0,0,0,0,0,0,0,0,0,0,1,0,0,1,0,0,0,0,1,0,0,0,0,0,0,0,0,0,0,0,0,0,0,0,0,0,1,0,0,0,0,0,0,0,0,0,0,0,0,0,0,1,0,0,1,0,0,1,0,0,0,3128,2098,244,12,233.11111111111111,2,1,2.5,0.2777777777777778,20.0,1,25,1,1,0,1,4,52,1,244,0,0.0,0,36,40,12,20,0.6705017577500799
754,754,755,20,61.0,7930,4,2,6,8,1969,2005,0.0,3,3,3,3,1,6,439,2,472,115,1026,3,1,4,1026,0,0,1026,1,0,1,0,3,1,4,5,7,440,2,171,48,0,0,0,0,0.0,0,0,7,2009,11.95761769646754,0,0,0,1,0,0,0,0,0,0,0,0,1,2.0,2,False,False,False,False,True,0.0,0.0,6,0,0,1,0,1,0,0,0,1,0,0,1,0,0,0,1,0,1,0,0,0,0,0,0,0,1,0,0,0,0,0,0,0,0,0,0,0,0,0,0,0,0,1,0,0,0,0,0,0,0,0,0,0,0,0,0,0,0,0,0,1,0,0,0,0,0,1,0,0,0,0,1,0,0,0,0,0,0,0,0,0,0,0,0,0,0,1,0,0,0,0,0,0,0,0,0,0,0,0,0,0,1,0,0,0,0,0,0,0,1,0,0,0,0,2052,1937,219,9,171.0,1,0,2.0,0.3333333333333333,12.0,1,16,40,4,1,1,2,48,1,219,0,0.887049659201558,1,18,48,9,16,0.4997564539698003
755,755,756,160,34.0,3230,4,2,6,5,1999,1999,894.0,3,3,4,3,1,6,381,1,0,348,729,3,1,4,742,729,0,1471,0,0,2,1,3,1,3,6,7,440,2,0,24,0,0,0,0,0.0,0,0,3,2009,12.058158312538197,0,0,0,1,0,0,0,0,0,0,0,0,1,2.0,3,False,False,False,False,True,0.0,0.0,6,1,0,0,0,1,1,0,0,1,0,0,1,0,0,0,1,0,1,0,0,0,0,0,0,0,1,0,0,0,0,0,0,0,0,0,0,0,0,0,0,0,0,0,0,0,0,0,0,0,0,0,1,0,0,0,0,0,0,1,0,0,0,0,1,0,0,1,0,0,0,0,1,0,0,0,0,0,0,0,0,0,0,0,0,0,1,0,0,0,0,0,0,0,0,0,0,0,0,0,1,0,0,0,0,0,0,0,1,0,0,1,0,0,0,2200,1852,24,10,210.14285714285717,2,1,2.5,0.3571428571428571,15.0,1,9,10,10,0,1,4,24,1,24,0,0.5219178082191781,1,24,30,9,15,0.6683325761017719
756,756,757,60,68.0,10769,4,2,8,5,2007,2007,0.0,4,3,4,3,3,6,20,1,0,846,866,4,1,4,866,902,0,1768,0,0,2,1,3,1,4,7,7,578,2,144,105,0,0,0,0,0.0,0,0,4,2009,12.264346270624156,0,0,0,1,0,0,0,0,0,0,0,0,1,2.0,4,True,False,False,False,False,0.0,0.0,6,0,0,1,0,1,0,0,0,0,0,0,1,0,0,0,1,0,1,0,0,0,0,0,0,0,1,0,0,0,0,0,0,0,0,0,1,0,0,0,0,0,0,0,0,0,0,0,0,0,0,0,0,0,0,0,0,0,0,0,0,0,0,0,1,0,0,1,0,0,0,0,1,0,0,0,0,0,0,0,0,0,0,0,0,0,0,0,0,0,1,0,0,0,0,0,0,0,0,0,0,0,0,0,0,1,0,0,0,0,0,1,0,0,0,2634,1788,249,11,221.0,2,1,2.5,0.3125,20.0,1,16,2,2,0,1,4,105,1,249,0,0.0230680507497116,1,48,40,12,20,0.6709677419354839
757,757,758,60,0.0,11616,4,2,6,5,1978,1978,328.0,3,3,3,3,2,3,438,1,0,234,672,2,1,4,672,714,0,1386,0,0,2,1,3,1,3,6,7,440,2,335,0,0,0,0,0,3.0,0,0,4,2010,11.97603664577121,0,0,0,0,0,0,0,0,0,0,0,0,1,2.0,2,True,False,False,False,False,3.0,2.079441541679836,6,0,0,1,0,1,0,0,0,0,0,0,1,1,0,0,0,0,1,0,0,0,0,0,0,0,1,0,0,0,0,0,0,0,0,0,0,0,0,0,0,0,0,0,0,0,0,0,0,0,1,0,0,0,0,0,0,0,0,0,0,0,0,0,1,0,0,0,0,1,0,0,1,0,0,0,0,0,0,0,0,0,0,0,1,0,0,0,0,0,0,0,0,0,0,0,0,0,1,0,0,0,0,0,0,0,0,0,0,0,1,0,0,0,0,2058,1824,335,10,198.0,2,1,2.5,0.3571428571428571,15.0,1,9,32,32,0,0,2,0,0,335,0,0.6508172362555721,1,27,30,9,14,0.6731423020883924
758,758,759,160,24.0,2280,4,2,7,5,1999,1999,360.0,3,3,4,3,1,5,549,1,0,195,744,3,1,4,757,744,0,1501,0,0,2,1,3,1,3,6,7,440,2,0,0,0,0,0,0,0.0,0,0,8,2008,12.097378802727306,0,0,0,1,0,0,0,0,0,0,0,0,1,2.0,3,False,False,False,False,True,0.0,0.0,6,1,0,0,0,1,1,0,0,1,0,0,1,0,0,0,1,0,1,0,0,0,0,0,0,0,1,0,0,0,0,0,0,0,0,0,0,0,0,0,0,0,0,0,0,0,0,0,0,0,0,0,1,0,0,0,0,0,1,0,0,0,0,0,1,0,0,1,0,0,0,0,1,0,0,0,0,0,0,0,0,0,0,0,0,0,1,0,0,0,0,0,0,0,0,0,0,0,0,0,1,0,0,0,0,0,0,0,1,0,0,1,0,0,0,2245,2050,0,10,214.42857142857144,2,1,2.5,0.3571428571428571,17.5,1,9,9,9,0,1,4,0,0,0,0,0.7369127516778523,1,24,35,9,16,0.6682991985752449
759,759,760,60,65.0,12257,4,2,8,5,1995,1995,513.0,4,3,4,3,3,2,56,5,64,1198,1318,4,1,4,1328,1203,0,2531,0,0,2,1,4,1,4,9,7,752,2,222,98,0,0,0,0,0.0,0,0,11,2007,12.577639650232571,0,0,0,1,0,0,0,0,0,0,0,0,1,2.0,3,True,False,False,False,False,3.0,2.079441541679836,6,0,0,1,0,1,0,0,0,0,0,0,1,0,0,0,1,0,1,0,0,0,0,0,0,0,1,0,0,0,0,0,0,0,0,0,0,0,0,0,0,0,0,0,0,0,1,0,0,0,0,0,0,0,0,0,0,0,0,0,0,0,0,0,1,0,0,1,0,0,0,0,1,0,0,0,0,0,0,0,0,0,0,0,0,0,0,0,0,0,1,0,0,0,0,0,0,0,0,0,0,0,0,0,0,1,0,0,1,0,0,1,0,0,0,3849,2651,320,14,253.1,2,1,2.5,0.25,20.0,1,16,12,12,0,0,3,98,1,320,0,0.090978013646702,1,48,40,12,20,0.6574025974025974
760,760,761,20,70.0,9100,4,2,6,6,1959,1959,0.0,3,3,3,3,1,3,612,1,0,252,864,4,1,4,864,0,0,864,0,0,1,0,2,1,3,5,7,300,2,0,0,0,0,0,0,0.0,1,450,10,2009,11.755879486687116,0,0,0,1,0,0,0,0,0,0,0,0,1,4.0,4,False,False,False,False,True,0.0,0.0,6,0,0,1,0,1,0,0,0,1,0,0,1,0,0,0,1,0,1,0,0,0,0,0,0,0,1,0,0,0,0,0,0,0,0,0,0,0,0,0,0,0,0,1,0,0,0,0,0,0,0,0,0,0,0,0,0,0,0,0,0,1,0,0,0,0,0,0,0,1,0,0,1,0,0,0,0,0,0,0,0,0,0,0,0,0,0,0,0,0,0,1,0,0,0,0,0,0,0,0,0,0,0,0,0,0,1,0,0,0,1,0,0,0,0,1728,1476,0,8,144.0,1,0,1.0,0.1666666666666666,6.0,1,9,50,50,0,0,2,0,0,0,0,0.707514450867052,1,18,36,9,16,0.4997108155002892
761,761,762,30,60.0,6911,4,2,5,5,1924,1950,0.0,3,3,3,3,2,2,405,1,0,740,1145,2,1,4,1301,0,0,1301,0,0,1,0,2,1,2,5,6,440,2,0,0,0,0,0,0,0.0,0,0,10,2009,11.51293546492023,0,0,0,1,0,0,0,0,0,0,0,0,1,2.0,2,False,False,False,False,True,0.0,0.0,6,0,0,0,1,1,0,0,0,1,0,0,1,0,1,0,0,1,0,0,0,0,0,0,0,0,1,0,0,0,0,0,0,0,1,0,0,0,0,0,0,0,0,0,0,0,0,0,0,0,0,0,0,0,0,0,0,0,0,0,0,1,0,0,0,0,0,1,0,0,0,0,1,0,0,0,0,0,0,0,0,0,0,0,0,0,0,0,0,0,0,1,0,0,0,0,0,0,0,0,0,0,0,0,0,0,1,0,0,0,0,1,0,0,0,2446,1706,0,8,216.83333333333331,1,0,1.0,0.1666666666666666,5.0,1,4,85,59,1,0,1,0,0,0,0,0.3534031413612565,1,27,25,9,12,0.531671434409481
762,762,763,60,72.0,8640,4,2,7,5,2009,2009,0.0,3,3,4,3,2,6,24,1,0,732,756,4,1,4,764,783,0,1547,0,0,2,1,3,1,4,7,7,614,2,169,45,0,0,0,0,0.0,0,0,6,2010,12.279327754099118,0,0,0,1,0,0,1,0,0,0,0,0,0,2.0,4,True,False,False,False,False,0.0,0.0,6,1,0,0,0,1,0,0,0,1,0,0,1,0,0,0,1,0,1,0,0,0,0,0,0,0,1,0,0,0,0,0,0,0,0,0,0,0,0,0,0,0,0,0,0,0,0,0,0,0,0,0,1,0,0,0,0,0,0,0,0,0,0,0,1,0,0,1,0,0,0,0,1,0,0,0,0,0,0,0,0,0,0,0,0,0,0,0,0,0,1,0,0,0,0,0,0,0,0,0,0,0,0,0,0,1,0,0,0,0,0,1,0,0,0,2303,1571,214,11,193.375,2,1,2.5,0.3125,17.5,1,16,1,1,0,1,4,45,1,214,0,0.0317040951122853,1,36,35,9,18,0.6714409722222222
763,763,764,60,82.0,9430,4,2,8,5,1999,1999,673.0,4,3,4,3,2,6,1163,1,0,89,1252,4,1,4,1268,1097,0,2365,1,0,2,1,3,1,4,8,7,856,2,0,128,0,0,180,0,0.0,0,0,7,2009,12.727841176689148,0,0,0,1,0,0,0,0,0,0,0,0,1,2.0,3,True,False,False,False,False,4.0,2.772588722239781,6,0,0,1,0,1,0,0,0,1,0,0,1,0,0,0,1,0,1,0,0,0,0,0,0,0,1,0,0,0,0,0,0,0,0,0,0,0,0,0,0,0,0,0,0,0,1,0,0,0,0,0,0,0,0,0,0,0,0,0,0,0,0,0,1,0,0,1,0,0,0,0,1,0,0,0,0,0,0,0,0,0,0,0,0,0,0,0,0,0,1,0,0,0,0,0,0,0,0,0,0,0,0,0,0,1,0,0,1,0,0,1,0,0,0,3617,3528,308,12,262.77777777777777,2,1,3.5,0.3888888888888889,28.0,1,16,10,10,0,1,4,308,1,308,0,0.928172386272945,1,36,40,12,20,0.6536760641238253
764,764,765,120,30.0,9549,4,2,8,5,1995,1996,0.0,4,4,4,4,3,2,437,6,1057,0,1494,4,1,4,1494,0,0,1494,1,0,1,1,2,1,5,6,7,481,2,0,30,0,0,216,0,0.0,0,0,4,2006,12.506180941677355,0,0,0,1,0,0,0,0,0,0,0,0,1,2.0,3,True,False,False,False,False,4.0,2.772588722239781,6,0,0,1,0,1,0,0,0,0,0,0,1,1,0,0,0,0,1,0,0,0,0,0,0,0,1,0,0,0,0,0,0,0,0,0,0,0,0,0,0,0,0,0,0,0,0,0,0,0,0,0,0,0,0,1,0,0,0,1,0,1,0,0,0,0,0,0,0,1,0,0,1,0,0,0,0,0,0,0,0,1,0,0,0,0,0,0,0,0,0,0,0,0,0,1,0,0,0,0,0,0,0,0,0,0,0,0,0,0,0,1,0,0,0,2988,2988,246,9,213.42857142857144,1,0,2.5,0.3571428571428571,20.0,1,25,11,10,1,1,3,246,1,246,0,0.9993311036789296,1,64,40,16,21,0.4998327199732352
765,765,766,20,75.0,14587,4,2,9,5,2008,2008,284.0,4,3,4,3,1,1,0,1,0,1498,1498,4,1,4,1506,0,0,1506,0,0,2,0,2,1,5,6,7,592,2,0,174,0,0,0,0,0.0,0,0,8,2008,12.484208043148731,0,0,0,0,1,0,0,0,0,0,1,0,0,2.0,4,True,False,False,False,False,4.0,2.772588722239781,6,0,0,1,0,1,0,0,0,0,0,0,1,0,0,0,1,0,1,0,0,0,0,0,0,0,1,0,0,0,0,0,0,0,0,0,0,0,0,0,0,0,0,0,0,0,0,0,0,0,0,0,1,0,0,0,0,0,0,0,0,1,0,0,0,0,0,1,0,0,0,0,1,0,0,0,0,0,0,0,0,0,0,0,0,0,0,0,0,0,1,0,0,0,0,0,0,0,0,0,0,0,0,0,0,1,0,0,0,1,0,1,0,0,0,3004,1506,174,9,215.14285714285717,1,0,2.0,0.2857142857142857,18.0,1,25,0,0,0,1,4,174,1,174,0,0.0,0,24,45,12,22,0.5011647254575707
766,766,767,60,80.0,10421,4,2,7,5,1988,1988,42.0,3,3,4,3,1,6,394,1,0,586,980,2,1,4,980,734,0,1714,0,0,2,1,3,1,3,7,7,496,2,228,66,156,0,0,0,2.0,1,500,3,2010,12.188422799337028,0,0,0,1,0,0,0,0,0,0,0,0,1,2.0,3,True,False,False,False,False,3.0,2.079441541679836,6,0,0,1,0,1,0,0,0,1,0,0,1,0,0,0,1,0,1,0,0,0,0,0,0,0,1,0,0,0,0,0,0,0,0,0,0,0,0,0,0,0,0,0,0,1,0,0,0,0,0,0,0,0,0,0,0,0,0,0,0,0,0,0,1,0,0,1,0,0,0,0,1,0,0,0,0,0,0,0,0,0,0,0,1,0,0,0,0,0,0,0,0,0,0,0,0,0,1,0,0,0,0,0,0,0,0,0,1,0,1,0,0,0,0,2694,2108,450,11,214.25,2,1,2.5,0.3125,17.5,1,9,22,22,0,0,3,222,1,450,0,0.4016309887869521,1,24,35,9,15,0.6359925788497217
767,767,768,50,75.0,12508,4,2,6,7,1940,1985,0.0,3,3,4,3,2,5,660,1,0,323,983,4,1,4,983,767,0,1750,1,0,2,0,4,1,3,7,4,423,2,245,0,156,0,0,0,0.0,1,1300,7,2008,11.982935344196433,0,0,0,1,0,0,0,0,0,0,0,0,1,2.0,3,True,False,False,False,False,0.0,0.0,6,0,0,1,0,1,0,0,0,0,0,0,1,0,0,0,1,0,1,0,0,0,0,0,0,0,1,0,0,0,0,0,0,0,0,0,0,0,0,0,0,0,1,0,0,0,0,0,0,0,0,0,0,0,0,0,0,0,0,0,0,0,0,0,0,0,0,1,0,0,0,0,1,0,0,0,0,0,0,0,0,0,0,0,0,0,0,0,0,0,1,0,0,0,0,0,0,0,0,0,0,0,0,0,0,1,0,0,0,0,1,0,0,0,0,2733,2410,401,12,218.75,2,1,3.0,0.375,18.0,1,9,68,23,1,0,1,156,1,401,0,0.6707317073170732,1,36,42,9,16,0.640087783467447
768,768,769,20,70.0,9100,4,2,7,5,2004,2005,0.0,4,3,4,3,1,6,24,1,0,1836,1860,4,1,4,1836,0,0,1836,0,0,2,0,3,1,4,8,7,484,2,120,33,0,0,0,0,0.0,0,0,10,2006,12.28690580994122,0,0,0,1,0,0,0,0,0,0,0,0,1,2.0,4,True,False,False,False,False,4.0,2.772588722239781,6,0,0,1,0,1,0,0,0,1,0,0,1,0,0,0,1,0,1,0,0,0,0,0,0,0,1,0,0,0,0,0,0,0,0,0,1,0,0,0,0,0,0,0,0,0,0,0,0,0,0,0,0,0,0,0,0,0,0,0,0,1,0,0,0,0,0,0,0,1,0,0,1,0,0,0,0,0,0,0,0,0,0,0,0,0,0,0,0,0,1,0,0,0,0,0,0,0,0,0,0,0,0,0,0,1,0,0,0,0,0,1,0,0,0,3696,1860,153,12,204.0,1,0,2.0,0.2222222222222222,14.0,1,16,2,1,1,1,4,33,1,153,0,0.0128962923159591,1,24,35,12,19,0.4966188801731133
769,769,770,60,47.0,53504,4,1,8,5,2003,2003,603.0,5,3,4,3,4,5,1416,1,0,234,1650,4,1,4,1690,1589,0,3279,1,0,3,1,4,1,5,12,4,841,2,503,36,0,0,210,0,0.0,0,0,6,2010,13.195615697878251,0,0,0,1,0,0,0,0,0,0,0,0,1,2.0,4,False,False,True,False,False,4.0,2.772588722239781,6,0,0,1,0,1,0,1,0,0,1,0,0,1,0,0,0,0,1,0,0,0,0,0,0,0,1,0,0,0,0,0,0,0,0,0,0,0,0,0,0,0,0,0,0,0,0,0,0,0,0,0,0,1,0,0,0,0,0,0,0,0,0,0,1,0,0,0,0,1,0,0,1,0,0,0,0,0,0,0,0,0,0,1,0,0,0,0,0,0,0,0,0,0,0,0,0,0,0,0,0,0,0,0,0,0,0,1,1,0,0,1,0,0,0,4929,4695,749,17,252.23076923076923,2,1,4.5,0.3461538461538461,36.0,1,25,7,7,0,1,4,246,1,749,0,0.8576620230163537,1,60,40,15,22,0.6651115618661257
770,770,771,85,0.0,7252,4,2,5,5,1982,1982,0.0,3,3,4,3,3,6,685,1,0,173,858,2,1,4,858,0,0,858,1,0,1,0,2,1,3,5,7,576,2,120,0,0,0,0,0,0.0,0,0,4,2009,11.812296455066814,0,0,0,1,0,0,0,0,0,0,0,0,1,2.0,3,False,False,False,False,True,0.0,0.0,6,0,0,1,0,1,0,0,0,0,0,0,1,1,0,0,0,0,1,0,0,0,0,0,0,0,1,0,0,0,0,0,0,0,0,0,0,0,0,0,0,0,0,0,0,0,0,0,0,0,1,0,0,0,0,0,0,0,0,0,0,0,0,0,0,1,0,0,0,1,0,0,1,0,0,0,0,0,0,0,0,0,0,0,0,0,0,0,0,0,0,1,0,0,0,0,0,0,0,0,0,0,0,0,0,0,1,0,0,0,1,0,0,0,0,1716,1543,120,8,143.0,1,0,2.0,0.3333333333333333,10.0,1,9,27,27,0,0,3,0,0,120,0,0.7974388824214202,1,48,25,9,13,0.4997087944088526
771,771,772,20,67.0,8877,4,2,4,5,1951,1951,0.0,3,3,2,2,1,2,836,1,0,0,836,2,1,2,1220,0,0,1220,0,0,1,0,2,1,3,6,7,396,2,0,0,0,0,0,0,0.0,0,0,4,2006,11.53273789613992,0,0,0,1,0,0,0,0,0,0,0,0,0,2.0,2,False,False,False,False,True,0.0,0.0,6,0,0,1,0,1,0,0,0,1,0,0,1,0,0,0,1,0,1,0,0,0,0,0,0,0,1,0,0,0,0,0,0,0,0,0,0,0,1,0,0,0,0,0,0,0,0,0,0,0,0,0,0,0,0,0,0,0,0,0,0,1,0,0,0,0,0,1,0,0,0,0,1,0,0,0,0,0,0,0,0,0,0,0,0,0,0,0,0,0,0,1,0,0,0,0,0,0,0,0,0,0,0,0,0,0,1,0,0,0,1,0,0,0,0,2056,2056,0,9,174.28571428571428,1,0,1.0,0.1428571428571428,4.0,1,9,55,55,0,0,2,0,0,0,0,0.998805256869773,1,8,20,9,12,0.5930967428293632
772,772,773,80,94.0,7819,4,2,6,5,1976,1976,0.0,3,3,3,3,3,5,422,4,127,480,1029,2,1,4,1117,0,0,1117,1,0,1,0,3,1,3,6,7,672,2,144,0,0,0,0,0,2.0,0,0,3,2010,11.580593459194764,0,0,0,0,0,0,0,0,0,0,0,0,1,2.0,2,False,False,False,False,True,3.0,2.079441541679836,6,0,0,1,0,1,0,0,0,1,0,0,1,0,0,0,1,0,1,0,0,0,0,0,0,0,1,0,0,0,0,0,0,0,0,0,0,0,1,0,0,0,0,0,0,0,0,0,0,0,0,0,0,0,0,0,0,0,0,0,0,0,0,0,0,0,1,1,0,0,0,0,1,0,0,0,0,0,0,0,0,0,0,0,0,0,0,1,0,0,0,0,0,0,0,0,0,0,0,0,0,0,1,0,0,0,0,0,0,0,1,0,0,0,0,2146,1666,144,10,159.57142857142858,1,0,2.0,0.2857142857142857,12.0,1,9,34,34,0,0,2,0,0,144,0,0.5330097087378641,1,36,30,9,14,0.52026082906381
773,773,774,20,70.0,10150,4,2,5,5,1958,1958,1.0,3,3,3,3,1,3,456,1,0,456,912,4,1,3,912,0,0,912,0,0,1,0,2,1,3,5,7,275,2,0,0,0,0,0,0,0.0,0,0,7,2007,11.648338835562749,0,0,0,1,0,0,0,0,0,0,0,0,0,2.0,2,True,False,False,False,False,0.0,0.0,6,0,0,1,0,1,0,0,0,1,0,0,1,0,0,0,1,1,0,0,0,0,0,0,0,0,1,0,0,0,0,0,0,0,0,0,0,0,0,0,0,0,0,1,0,0,0,0,0,0,0,0,0,0,0,0,0,0,0,0,0,1,0,0,0,0,0,1,0,0,0,0,1,0,0,0,0,0,0,0,0,0,0,0,0,0,0,0,0,0,0,1,0,0,0,0,0,0,0,0,0,0,0,0,0,0,1,0,0,0,1,0,0,0,0,1824,1368,0,8,152.0,1,0,1.0,0.1666666666666666,5.0,1,9,49,49,0,0,2,0,0,0,0,0.4994523548740416,1,18,25,9,15,0.4997260273972603
774,774,775,20,110.0,14226,4,2,8,5,2006,2006,375.0,4,3,4,3,3,1,0,1,0,1935,1935,3,1,4,1973,0,0,1973,0,0,2,0,3,1,4,9,7,895,2,315,45,0,0,0,0,0.0,0,0,7,2007,12.886643575525625,0,0,0,0,1,0,0,0,0,0,1,0,0,2.0,4,True,False,False,False,False,4.0,2.772588722239781,6,0,0,1,0,1,0,0,0,1,0,0,1,0,0,0,0,0,1,0,0,0,0,0,0,0,1,0,0,0,0,0,0,0,0,0,0,0,0,0,0,0,0,0,0,0,0,1,0,0,0,0,0,0,0,0,0,0,0,0,0,1,0,0,0,0,0,0,0,1,0,0,1,0,0,0,0,0,0,0,0,0,0,0,0,0,0,0,0,0,1,0,0,0,0,0,0,0,0,0,0,0,0,0,0,1,0,0,1,0,0,1,0,0,0,3908,1973,360,13,197.3,1,0,2.0,0.2,16.0,1,16,1,1,0,1,4,45,1,360,0,0.0,0,48,40,12,19,0.5047326682015861
775,775,776,120,32.0,4500,4,2,6,5,1998,1998,320.0,3,3,5,3,1,6,866,1,0,338,1204,4,1,4,1204,0,0,1204,1,0,2,0,2,1,3,5,7,412,2,0,247,0,0,0,0,0.0,0,0,6,2009,11.995357787034976,0,0,0,1,0,0,0,0,0,0,0,0,1,2.0,3,True,False,False,False,False,0.0,0.0,6,0,0,0,1,1,0,0,0,1,0,0,1,0,1,0,0,0,1,0,0,0,0,0,0,0,1,0,0,0,0,0,0,0,0,0,0,0,0,0,0,0,1,0,0,0,0,0,0,0,0,0,0,0,0,0,0,0,0,1,0,1,0,0,0,0,0,0,0,1,0,0,1,0,0,0,0,0,0,0,0,0,0,0,0,0,0,0,0,0,1,0,0,0,0,0,0,0,0,0,0,0,0,0,0,1,0,0,1,0,0,1,0,0,0,2408,2070,247,8,200.66666666666663,1,0,3.0,0.5,18.0,1,9,11,11,0,0,3,247,1,247,0,0.7186721991701245,1,30,30,9,16,0.4997924449979244
776,776,777,20,86.0,11210,4,2,7,5,2005,2006,240.0,4,3,4,3,3,6,20,1,0,1594,1614,4,1,4,1614,0,0,1614,0,0,2,0,3,1,4,7,7,865,2,144,59,0,0,0,0,0.0,0,0,7,2006,12.308182383129823,0,0,0,0,1,0,0,0,0,0,1,0,0,2.0,4,True,False,False,False,False,0.0,0.0,6,0,0,1,0,1,0,0,0,0,0,0,1,0,0,0,1,0,1,0,0,0,0,0,0,0,1,0,0,0,0,0,0,0,0,0,1,0,0,0,0,0,0,0,0,0,0,0,0,0,0,0,0,0,0,0,0,0,0,0,0,1,0,0,0,0,0,1,0,0,0,0,1,0,0,0,0,0,0,0,0,0,0,0,0,0,0,0,0,0,1,0,0,0,0,0,0,0,0,0,0,0,0,0,0,1,0,0,1,0,0,1,0,0,0,3228,1634,203,11,201.75,1,0,2.0,0.25,14.0,1,16,1,0,1,1,4,59,1,203,0,0.0123839009287925,1,48,35,12,19,0.4998451532982347
777,777,778,20,100.0,13350,4,2,5,5,1974,1974,0.0,3,3,3,3,1,5,762,1,0,102,864,2,1,4,894,0,0,894,1,0,1,0,3,1,3,5,7,440,2,241,0,0,0,0,0,2.0,0,0,6,2006,11.86710429621008,0,0,0,1,0,0,0,0,0,0,0,0,1,2.0,2,True,False,False,False,False,2.0,1.3862943611198906,6,0,0,1,0,1,0,0,0,0,0,0,1,0,0,0,1,0,1,0,0,0,0,0,0,0,1,0,0,0,0,0,0,0,0,0,0,0,0,0,0,0,0,0,0,0,0,0,0,0,1,0,0,0,0,0,0,0,0,0,0,1,0,0,0,0,0,0,0,1,0,0,1,0,0,0,0,0,0,0,0,0,0,0,1,0,0,0,0,0,0,0,0,0,0,0,0,0,0,0,0,0,1,0,0,0,0,0,0,0,1,0,0,0,0,1758,1656,241,9,149.0,1,0,2.0,0.3333333333333333,10.0,1,9,32,32,0,0,2,0,0,241,0,0.8809248554913295,1,18,25,9,13,0.5082433200682206
778,778,779,90,60.0,8400,4,2,5,5,1977,1977,320.0,3,3,0,0,0,0,0,0,0,0,0,2,1,4,2020,0,0,2020,0,0,2,0,4,2,3,10,7,630,2,0,0,0,0,0,0,0.0,0,0,10,2007,11.87757552297847,0,0,0,1,0,0,0,0,0,0,0,0,1,2.0,2,False,False,False,False,True,3.0,3.295836866004329,6,0,1,0,0,1,0,0,0,1,0,0,1,0,0,0,1,1,0,0,0,0,0,0,0,0,1,0,0,0,0,0,0,0,0,0,0,0,0,0,0,0,0,0,0,0,0,0,0,0,0,1,0,0,0,0,0,1,0,0,0,1,0,0,0,0,0,1,0,0,0,0,1,0,0,0,0,0,0,0,0,0,0,0,0,0,0,1,0,0,0,0,0,0,0,0,0,0,0,0,0,0,1,0,0,0,0,0,1,0,0,0,1,0,0,2020,2020,0,16,183.63636363636363,1,0,2.0,0.1818181818181818,10.0,2,9,30,30,0,0,3,0,0,0,0,0.0,0,0,25,9,13,0.999505195447798
779,779,780,90,78.0,10530,4,2,6,5,1977,1977,90.0,3,3,4,3,4,6,975,1,0,0,975,2,1,4,1004,0,0,1004,1,0,1,0,2,1,3,4,7,504,2,0,0,0,0,0,0,0.0,0,0,5,2006,11.81303746480054,0,0,0,1,0,0,0,0,0,0,0,0,1,2.0,2,True,False,False,False,False,0.0,0.0,6,0,0,1,0,1,0,0,0,1,0,0,1,0,0,0,1,0,1,0,0,0,0,0,0,0,1,0,0,0,0,0,0,0,0,0,0,0,0,0,0,0,1,0,0,0,0,0,0,0,0,0,0,0,0,0,0,1,0,0,0,0,0,0,0,1,0,1,0,0,0,0,1,0,0,0,0,0,0,0,0,0,0,0,0,0,0,1,0,0,0,0,0,0,0,0,0,0,0,1,0,0,0,0,0,0,0,0,1,0,1,0,0,0,0,1979,1979,0,7,200.8,1,0,2.0,0.4,12.0,1,9,29,29,0,0,3,0,0,0,0,0.9989754098360656,1,60,30,9,14,0.5070707070707071
780,780,781,20,63.0,7875,4,2,7,5,1995,1996,38.0,3,3,4,4,1,1,0,1,0,1237,1237,3,1,4,1253,0,0,1253,0,0,2,0,3,1,3,6,7,402,2,220,21,0,0,0,0,0.0,0,0,6,2007,12.07824495582233,0,0,0,1,0,0,0,0,0,0,0,0,1,2.0,3,True,False,False,False,False,3.0,2.079441541679836,6,0,0,1,0,1,0,0,0,1,0,0,1,0,0,0,1,0,1,0,0,0,0,0,0,0,1,0,0,0,0,0,0,0,0,0,0,0,0,1,0,0,0,0,0,0,0,0,0,0,0,0,0,0,0,0,0,0,0,0,0,1,0,0,0,0,0,1,0,0,0,0,1,0,0,0,0,0,0,0,0,0,0,0,1,0,0,0,0,0,0,0,0,0,0,0,0,0,1,0,0,0,0,0,0,0,0,0,1,0,0,1,0,0,0,2490,1253,241,10,179.0,1,0,2.0,0.2857142857142857,14.0,1,9,12,11,1,0,3,21,1,241,0,0.0,0,32,35,9,16,0.5030108390204737
781,781,782,60,65.0,7153,4,2,6,5,1992,1992,0.0,4,4,4,3,1,5,387,1,0,374,761,4,1,4,810,793,0,1603,0,0,2,1,3,1,4,7,7,484,2,0,124,0,0,0,0,0.0,0,0,7,2006,12.077676615757811,0,0,0,1,0,0,0,0,0,0,0,0,1,2.0,3,True,False,False,False,False,0.0,0.0,6,0,0,1,0,1,0,0,0,1,0,0,1,0,0,0,1,0,1,0,0,0,0,0,0,0,1,0,0,0,0,0,0,0,0,0,0,0,0,0,0,0,0,0,0,0,0,0,0,0,0,1,0,0,0,0,0,0,0,0,0,0,0,0,1,0,0,1,0,0,0,0,1,0,0,0,0,0,0,0,0,0,0,0,0,0,0,0,0,0,1,0,0,0,0,0,0,0,0,0,0,0,0,0,0,1,0,0,0,0,0,1,0,0,0,2364,1990,124,11,200.375,2,1,2.5,0.3125,15.0,1,16,14,14,0,0,3,124,1,124,0,0.5078740157480315,1,24,30,16,18,0.677801268498943
782,782,783,20,67.0,16285,4,2,7,5,2001,2002,0.0,4,3,4,3,1,1,0,1,0,1413,1413,4,1,4,1430,0,0,1430,0,0,2,0,3,1,4,6,7,605,2,0,33,0,0,0,0,0.0,0,0,6,2009,12.139403856983334,0,0,0,1,0,0,0,0,0,0,0,0,1,2.0,4,True,False,False,False,False,0.0,0.0,6,0,0,1,0,1,0,1,0,0,0,0,1,0,0,0,1,0,1,0,0,0,0,0,0,0,1,0,0,0,0,0,0,0,0,0,1,0,0,0,0,0,0,0,0,0,0,0,0,0,0,0,0,0,0,0,0,0,0,0,0,1,0,0,0,0,0,1,0,0,0,0,1,0,0,0,0,0,0,0,0,0,0,0,0,0,0,0,0,0,1,0,0,0,0,0,0,0,0,0,0,0,0,0,0,1,0,0,0,0,0,1,0,0,0,2843,1430,33,10,204.28571428571428,1,0,2.0,0.2857142857142857,14.0,1,16,8,7,1,1,4,33,1,33,0,0.0,0,24,35,12,19,0.5028129395218003
783,783,784,85,0.0,9101,4,2,5,6,1978,1978,104.0,3,4,4,3,3,6,1097,1,0,0,1097,4,1,4,1110,0,0,1110,1,0,1,0,1,1,4,4,7,602,2,303,30,0,0,0,0,0.0,0,0,7,2009,12.016732516077072,0,0,0,1,0,0,0,0,0,0,0,0,1,2.0,2,True,False,False,False,False,3.0,2.079441541679836,6,0,0,1,0,1,0,0,0,0,0,0,1,0,0,0,0,0,1,0,0,0,0,0,0,0,1,0,0,0,0,0,0,0,0,0,0,0,0,0,0,0,1,0,0,0,0,0,0,0,0,0,0,0,0,0,0,0,0,0,0,0,0,0,0,1,0,1,0,0,0,0,1,0,0,0,0,0,0,0,0,0,0,0,0,0,0,1,0,0,0,0,0,0,0,0,0,0,0,0,0,0,1,0,0,0,0,0,1,0,0,1,0,0,0,2207,2207,333,6,222.0,1,0,2.0,0.4,10.0,1,16,31,31,0,0,2,30,1,333,0,0.999089253187614,1,48,30,12,16,0.5027173913043478
784,784,785,75,35.0,6300,4,2,6,6,1914,2001,0.0,3,3,3,3,1,1,0,1,0,742,742,4,1,4,742,742,0,1484,0,0,2,0,3,1,3,9,7,0,2,0,291,134,0,0,0,0.0,0,0,6,2008,11.759793355371237,0,0,0,1,0,0,0,0,0,0,0,0,1,0.0,0,False,False,False,False,False,4.0,2.772588722239781,6,0,0,0,1,1,0,0,0,1,0,0,1,0,0,0,1,0,1,0,0,0,0,0,0,0,1,0,0,0,0,0,0,0,0,0,0,0,0,0,0,0,0,0,0,0,0,0,1,0,0,0,0,0,0,0,0,0,0,0,0,0,0,1,0,0,0,1,0,0,0,0,1,0,0,0,0,0,0,0,0,0,0,0,0,0,0,0,0,0,0,1,0,0,0,0,0,0,0,0,0,0,0,0,0,0,0,1,0,0,1,0,0,0,0,2226,1484,425,13,148.4,2,1,2.0,0.2,12.0,1,9,94,7,1,1,1,425,1,425,0,0.0,0,18,36,9,16,0.6663673102828918
785,785,786,20,0.0,9790,4,2,6,5,1967,1967,0.0,3,3,3,3,1,3,251,2,630,491,1372,2,1,4,1342,0,0,1342,0,0,2,0,3,1,3,7,7,457,2,0,0,0,0,197,0,0.0,0,0,9,2009,11.992266613576142,0,0,0,1,0,0,0,0,0,0,0,0,1,2.0,2,True,False,False,False,False,4.0,2.772588722239781,6,0,0,1,0,1,0,0,0,1,0,0,1,0,0,0,1,1,0,0,0,0,0,0,0,0,1,0,0,0,0,0,0,0,0,0,0,0,0,0,0,0,0,0,0,1,0,0,0,0,0,0,0,0,0,0,0,0,0,0,0,1,0,0,0,0,0,1,0,0,0,0,1,0,0,0,0,0,0,0,0,1,0,0,0,0,0,0,0,0,0,0,0,0,0,0,0,0,0,0,0,0,0,0,0,0,1,0,0,0,1,0,0,0,0,2714,2223,197,11,167.75,1,0,2.0,0.25,12.0,1,9,42,42,0,0,2,197,1,197,0,0.6416605972323379,1,18,30,9,14,0.4942909760589318
786,786,787,50,60.0,10800,4,2,5,6,1915,1950,0.0,3,4,2,3,1,2,686,1,0,0,686,2,1,4,966,686,0,1652,1,0,2,0,4,1,3,7,7,416,2,0,0,196,0,0,0,0.0,1,1200,6,2010,11.842236406331557,0,0,0,1,0,0,0,0,0,0,0,0,1,2.0,2,False,False,False,False,True,0.0,0.0,6,0,0,0,1,1,0,0,0,1,0,0,1,0,0,0,1,0,0,0,0,0,0,0,0,0,1,0,0,0,0,0,0,0,0,0,0,0,0,0,0,0,0,0,0,0,0,0,1,0,0,0,0,0,0,0,0,0,0,0,0,0,0,0,0,0,0,1,0,0,0,0,1,0,0,0,0,0,0,0,0,0,0,0,0,0,1,0,0,0,0,0,0,0,0,0,0,0,0,0,1,0,0,0,0,0,0,0,0,0,0,1,0,0,0,2338,2338,196,12,206.5,2,1,3.0,0.375,15.0,1,9,95,60,1,0,1,196,1,196,0,0.9985443959243084,1,12,30,12,13,0.7062847370671227
787,787,788,60,76.0,10142,4,2,7,5,2004,2004,0.0,4,3,4,3,1,6,656,1,0,300,956,4,1,4,956,1128,0,2084,1,0,2,1,4,1,4,8,7,618,2,0,45,0,0,0,0,0.0,0,0,1,2010,12.358798024384122,0,0,0,1,0,0,0,0,0,0,0,0,1,2.0,4,False,False,True,False,False,0.0,0.0,6,0,0,1,0,1,0,0,0,0,0,0,1,0,0,0,1,0,1,0,0,0,0,0,0,0,1,0,0,0,0,0,0,0,0,0,0,0,0,0,0,0,0,0,0,0,0,0,0,0,0,1,0,0,0,0,0,0,0,0,0,0,0,0,1,0,0,1,0,0,0,0,1,0,0,0,0,0,0,0,0,0,0,0,0,0,0,0,0,0,1,0,0,0,0,0,0,0,0,0,0,0,0,0,0,1,0,0,0,0,0,1,0,0,0,3040,2740,45,13,231.55555555555557,2,1,3.5,0.3888888888888889,24.5,1,16,6,6,0,1,4,45,1,45,0,0.6854754440961337,1,24,35,12,19,0.6853008878658337
788,788,789,20,50.0,6000,4,2,4,7,1954,2000,0.0,3,3,3,3,1,1,0,1,0,901,901,4,1,4,901,0,0,901,0,0,1,0,2,1,3,4,7,281,2,0,0,0,0,0,0,0.0,0,0,8,2008,11.588969419043872,0,0,0,1,0,0,0,0,0,0,0,0,1,2.0,2,False,False,False,False,True,0.0,0.0,6,0,0,0,1,1,0,0,0,1,0,0,1,0,0,0,0,0,1,0,0,0,0,0,0,0,1,0,0,0,0,0,0,0,0,0,0,0,0,0,0,0,0,0,0,0,0,0,1,0,0,0,0,0,0,0,0,0,0,0,0,1,0,0,0,0,0,1,0,0,0,0,1,0,0,0,0,0,0,0,0,0,0,0,0,0,1,0,0,0,0,0,0,0,0,0,0,0,0,0,1,0,0,0,0,0,0,0,0,0,1,0,0,0,0,1802,901,0,7,180.2,1,0,1.0,0.2,4.0,1,9,54,8,1,1,2,0,0,0,0,0.0,0,18,28,9,14,0.4997226844148641
789,789,790,60,0.0,12205,4,2,6,8,1966,2007,157.0,3,3,3,2,4,2,568,1,0,264,832,3,1,4,976,1111,0,2087,0,0,2,1,5,1,4,9,7,444,2,133,168,0,0,0,0,0.0,0,0,7,2007,12.141539457711714,0,0,0,1,0,0,0,0,0,0,0,0,1,2.0,2,True,False,False,False,False,0.0,0.0,6,0,0,1,0,1,0,0,0,0,0,1,0,0,0,0,1,0,1,0,0,0,0,0,0,0,1,0,0,0,0,0,0,0,0,1,0,0,0,0,0,0,0,0,0,0,0,0,0,0,0,0,0,0,0,0,0,0,0,0,0,0,0,0,1,0,0,1,0,0,0,0,1,0,0,0,0,0,0,0,0,0,0,0,1,0,0,0,0,0,0,0,0,0,0,0,0,0,1,0,0,0,0,0,0,0,0,0,1,0,1,0,0,0,0,2919,2655,301,15,208.7,2,1,2.5,0.25,15.0,1,16,41,0,1,1,2,168,1,301,0,0.6818727490996399,1,30,48,9,16,0.7147260273972603
790,790,791,120,43.0,3182,4,2,7,5,2005,2006,11.0,4,3,4,3,1,6,16,1,0,1129,1145,4,1,4,1145,0,0,1145,0,0,2,0,2,1,4,5,7,397,2,100,16,0,0,0,0,0.0,0,0,9,2009,11.984184555794169,0,0,0,1,0,0,0,0,0,0,0,0,1,2.0,4,True,False,False,False,False,4.0,2.772588722239781,6,0,0,1,0,1,0,0,0,1,0,0,1,0,0,0,1,0,1,0,0,0,0,0,0,0,1,0,0,0,0,0,0,0,0,0,0,0,0,0,0,0,0,0,0,0,0,0,0,0,0,0,0,0,0,0,0,0,0,1,0,1,0,0,0,0,0,1,0,0,0,0,1,0,0,0,0,0,0,0,0,0,0,0,0,0,0,0,0,0,1,0,0,0,0,0,0,0,0,0,0,0,0,0,0,1,0,0,1,0,0,1,0,0,0,2290,1161,116,8,190.83333333333331,1,0,2.0,0.3333333333333333,14.0,1,16,4,3,1,1,4,16,1,116,0,0.0139616055846422,1,24,35,12,19,0.4997817546922741
791,791,792,80,0.0,11333,4,2,6,5,1976,1976,0.0,3,3,4,3,3,5,539,1,0,490,1029,2,1,4,1062,0,0,1062,1,0,1,0,3,1,3,5,7,539,2,120,0,0,0,0,0,0.0,0,0,5,2007,11.896833207128452,0,0,0,1,0,0,0,0,0,0,0,0,1,2.0,2,True,False,False,False,False,3.0,3.295836866004329,6,0,0,1,0,1,0,0,0,0,0,0,1,0,0,0,0,0,1,0,0,0,0,0,0,0,1,0,0,0,0,0,0,0,0,0,0,0,0,0,0,0,1,0,0,0,0,0,0,0,0,0,0,0,0,0,0,0,0,0,0,0,0,0,0,0,1,1,0,0,0,0,1,0,0,0,0,0,0,0,0,0,0,0,1,0,0,0,0,0,0,0,0,0,0,0,0,0,1,0,0,0,0,0,0,0,0,0,0,0,0,1,0,0,0,2091,1601,120,9,177.0,1,0,2.0,0.3333333333333333,12.0,1,9,31,31,0,0,2,0,0,120,0,0.5233009708737864,1,48,30,9,14,0.5076481835564054
792,792,793,60,92.0,9920,4,2,7,5,1996,1997,0.0,4,3,4,3,3,6,862,1,0,255,1117,4,1,4,1127,886,0,2013,1,0,2,1,3,1,3,8,7,455,2,180,130,0,0,0,0,0.0,0,0,6,2007,12.505402864156403,0,0,0,1,0,0,0,0,0,0,0,0,1,2.0,3,True,False,False,False,False,3.0,2.079441541679836,6,0,0,1,0,1,0,0,0,0,0,0,1,1,0,0,0,0,1,0,0,0,0,0,0,0,1,0,0,0,0,0,0,0,0,0,0,0,0,0,0,0,0,0,0,0,1,0,0,0,0,0,0,0,0,0,0,0,0,0,0,0,0,0,1,0,0,1,0,0,0,0,1,0,0,0,0,0,0,0,0,0,0,0,0,0,1,0,0,0,0,0,0,0,0,0,0,0,0,0,1,0,0,0,0,0,0,0,0,0,0,1,0,0,0,3130,2875,310,12,223.66666666666663,2,1,3.5,0.3888888888888889,24.5,1,9,11,10,1,1,3,130,1,310,0,0.7710196779964222,1,48,35,12,18,0.6429255828808688
793,793,794,20,76.0,9158,4,2,8,5,2007,2007,140.0,4,3,4,3,3,1,0,1,0,1496,1496,4,1,4,1496,0,0,1496,0,0,2,0,3,1,4,7,7,474,2,168,130,0,0,0,0,0.0,0,0,6,2007,12.323860125621126,0,0,0,0,1,0,0,0,0,0,1,0,0,2.0,4,True,False,False,False,False,0.0,0.0,6,0,0,1,0,1,0,0,0,1,0,0,1,0,0,0,1,0,1,0,0,0,0,0,0,0,1,0,0,0,0,0,0,0,0,0,0,0,0,0,0,0,0,0,0,0,0,0,0,0,0,0,1,0,0,0,0,0,0,0,0,1,0,0,0,0,0,1,0,0,0,0,1,0,0,0,0,0,0,0,0,0,0,1,0,0,0,0,0,0,0,0,0,0,0,0,0,1,0,0,0,0,0,0,0,0,0,0,0,1,0,1,0,0,0,2992,1496,298,11,187.0,1,0,2.0,0.25,16.0,1,16,0,0,0,1,4,130,1,298,0,0.0,0,48,40,12,20,0.4998329435349148
794,794,795,60,0.0,10832,4,2,7,5,1994,1996,0.0,4,3,4,3,1,1,0,1,0,712,712,4,1,4,1086,809,0,1895,0,0,2,1,3,1,4,7,7,409,2,143,46,0,0,0,0,0.0,1,500,10,2008,12.178192583415596,0,0,0,1,0,0,0,0,0,0,0,0,1,2.0,3,True,False,False,False,False,3.0,2.079441541679836,6,0,0,1,0,1,0,0,0,0,0,0,1,0,0,0,0,0,1,0,0,0,0,0,0,0,1,0,0,0,0,0,0,0,0,0,0,0,0,1,0,0,0,0,0,0,0,0,0,0,0,0,0,0,0,0,0,0,0,0,0,0,0,0,1,0,0,1,0,0,0,0,1,0,0,0,0,0,0,0,0,0,0,0,0,0,1,0,0,0,0,0,0,0,0,0,0,0,0,0,1,0,0,0,0,0,0,0,0,0,0,1,0,0,0,2607,1895,189,11,236.875,2,1,2.5,0.3125,17.5,1,16,14,12,1,0,3,46,1,189,0,0.0,0,24,35,12,19,0.7266104294478528
795,795,796,60,70.0,8400,4,2,6,6,1980,1981,130.0,3,3,4,3,1,1,0,1,0,650,650,2,1,4,888,676,0,1564,0,0,2,1,3,1,3,7,7,476,2,0,50,0,0,204,0,2.0,0,0,4,2010,12.049424683420916,0,0,0,1,0,0,0,0,0,0,0,0,1,2.0,2,True,False,False,False,False,3.0,2.079441541679836,6,0,0,1,0,1,0,0,0,1,0,0,1,0,0,0,1,0,1,0,0,0,0,0,0,0,1,0,0,0,0,0,0,0,0,0,0,0,0,0,0,0,0,0,0,0,0,0,0,0,0,1,0,0,0,0,0,0,0,0,0,0,0,0,1,0,0,1,0,0,0,0,1,0,0,0,0,0,0,0,0,0,0,0,1,0,0,0,0,0,0,0,0,0,0,0,0,0,1,0,0,0,0,0,0,0,0,0,1,0,1,0,0,0,0,2214,1564,254,11,195.5,2,1,2.5,0.3125,15.0,1,9,30,29,1,0,3,254,1,254,0,0.0,0,24,36,9,14,0.7060948081264108
796,796,797,20,71.0,8197,4,2,6,5,1977,1977,148.0,3,3,3,3,1,1,0,1,0,660,660,4,1,4,1285,0,0,1285,0,0,1,1,3,1,3,7,7,528,2,138,0,0,0,0,0,2.0,0,0,4,2007,11.874097282798648,0,0,0,1,0,0,0,0,0,0,0,0,1,2.0,2,True,False,False,False,False,3.0,2.079441541679836,6,0,0,1,0,1,0,0,0,1,0,0,1,0,0,0,1,0,1,0,0,0,0,0,0,0,1,0,0,0,0,0,0,0,0,0,0,0,0,0,0,0,0,0,0,0,0,0,0,0,1,0,0,0,0,0,0,0,0,0,0,1,0,0,0,0,0,1,0,0,0,0,1,0,0,0,0,0,0,0,0,0,0,0,0,0,0,1,0,0,0,0,0,0,0,0,0,0,0,0,0,0,1,0,0,0,0,0,1,0,1,0,0,0,0,1945,1285,138,11,160.625,1,0,1.5,0.1875,9.0,1,9,30,30,0,0,3,0,0,138,0,0.0,0,18,30,9,16,0.6603288797533402
797,797,798,20,57.0,7677,4,2,5,5,1953,1953,0.0,3,3,3,3,1,4,570,1,0,203,773,3,1,4,773,0,0,773,0,0,1,0,2,1,3,4,7,240,2,0,0,0,0,0,0,0.0,0,0,4,2008,11.60824473564232,0,0,0,0,0,0,0,0,0,0,0,0,1,2.0,2,True,False,False,False,False,0.0,0.0,6,0,0,1,0,1,0,0,0,1,0,0,1,0,0,0,1,0,1,0,0,0,0,0,0,0,1,0,0,0,0,0,0,0,0,0,0,0,0,0,0,0,0,1,0,0,0,0,0,0,0,0,0,0,0,0,0,0,0,0,0,1,0,0,0,0,0,1,0,0,0,0,1,0,0,0,0,0,0,0,0,0,0,0,0,0,0,0,0,0,1,0,0,0,0,0,0,0,0,0,0,0,0,0,0,1,0,0,0,0,1,0,0,0,0,1546,1343,0,7,154.6,1,0,1.0,0.2,5.0,1,9,55,55,0,0,2,0,0,0,0,0.7364341085271318,1,18,25,9,14,0.4996767937944408
798,798,799,60,104.0,13518,4,2,9,5,2008,2009,860.0,5,3,5,3,1,1,0,1,0,1926,1926,4,1,4,1966,1174,0,3140,0,0,3,1,4,1,5,11,7,820,2,144,78,0,0,0,0,0.0,0,0,7,2009,13.091906231773164,0,0,0,0,1,0,0,0,0,0,1,0,0,2.0,4,False,False,True,False,False,4.0,4.394449154672439,6,0,0,1,0,1,0,0,0,1,0,0,1,0,0,0,1,0,1,0,0,0,0,0,0,0,1,0,0,0,0,0,0,0,0,0,0,0,0,0,0,0,0,0,0,0,0,1,0,0,0,0,0,0,0,0,0,0,0,0,0,0,0,0,1,0,0,0,0,1,0,0,1,0,0,0,0,0,0,0,0,0,0,0,0,0,0,0,0,0,1,0,0,0,0,0,0,0,0,0,0,0,0,0,0,1,0,0,0,1,0,1,0,0,0,5066,3140,222,16,261.6666666666667,2,1,3.5,0.2916666666666667,31.5,1,25,1,0,1,1,4,78,1,222,0,0.0,0,30,45,15,23,0.6196960726268008
799,799,800,50,60.0,7200,4,2,5,7,1937,1950,252.0,3,3,4,3,1,5,569,1,0,162,731,4,1,4,981,787,0,1768,1,0,1,1,3,1,4,7,7,240,2,0,0,264,0,0,0,2.0,0,0,6,2007,12.07254696717504,0,0,0,1,0,0,0,0,0,0,0,0,1,2.0,1,False,False,False,False,True,3.0,3.295836866004329,6,0,0,1,0,1,0,0,0,1,0,0,1,0,0,0,0,1,0,0,0,0,0,0,0,0,1,0,0,0,0,0,0,0,0,0,0,0,0,0,0,0,0,0,0,0,0,0,0,1,0,0,0,0,0,0,0,0,0,0,0,0,0,0,0,0,0,1,0,0,0,0,1,0,0,0,0,0,0,0,0,0,0,0,0,0,0,0,0,0,0,1,0,0,0,0,0,0,0,0,0,0,0,0,0,0,1,0,1,0,0,0,0,0,0,2499,2337,264,11,221.0,2,1,2.5,0.3125,12.5,1,16,70,57,1,0,1,264,1,264,0,0.7773224043715847,1,24,35,9,16,0.7072
800,800,801,60,79.0,12798,4,1,6,5,1997,1997,0.0,3,3,4,3,4,6,462,1,0,154,616,3,1,4,616,1072,0,1688,1,0,2,1,4,1,4,8,7,603,2,403,114,185,0,0,0,0.0,1,400,5,2008,12.206077645517674,0,0,0,1,0,0,0,0,0,0,0,0,1,2.0,3,True,False,False,False,False,0.0,0.0,6,0,0,1,0,1,0,0,0,0,1,0,0,0,0,0,1,1,0,0,0,0,0,0,0,0,1,0,0,0,0,0,0,0,0,1,0,0,0,0,0,0,0,0,0,0,0,0,0,0,0,0,0,0,0,0,0,0,0,0,0,0,0,0,1,0,0,1,0,0,0,0,1,0,0,0,0,0,0,0,0,0,0,0,0,0,0,0,0,0,1,0,0,0,0,0,0,0,0,0,0,0,0,0,0,1,0,0,0,0,0,1,0,0,0,2304,2150,702,13,187.55555555555557,2,1,3.5,0.3888888888888889,21.0,1,16,11,11,0,0,3,299,1,702,0,0.7487844408427877,1,60,30,9,16,0.7323210412147505
801,801,802,30,40.0,4800,4,2,4,7,1916,1990,0.0,3,3,3,3,1,2,197,1,0,999,1196,4,1,3,1196,0,0,1196,1,0,1,0,2,1,3,5,7,440,2,0,0,0,0,0,0,0.0,0,0,7,2007,11.60733523953139,0,0,0,1,0,0,0,0,0,0,0,0,1,2.0,2,False,False,False,False,True,0.0,0.0,6,0,0,0,1,1,0,0,0,1,0,0,1,0,0,0,1,0,1,0,0,0,0,0,0,0,1,0,0,0,0,0,0,0,0,0,0,0,0,0,1,0,0,0,0,0,0,0,0,0,0,0,0,0,0,0,0,0,0,0,0,1,0,0,0,0,0,1,0,0,0,0,1,0,0,0,0,0,0,0,0,0,0,0,0,0,1,0,0,0,0,0,0,0,0,0,0,0,0,0,1,0,0,0,0,0,0,0,0,0,1,0,0,0,0,2392,1393,0,8,199.33333333333331,1,0,2.0,0.3333333333333333,8.0,1,9,91,17,1,0,1,0,0,0,0,0.164578111946533,1,18,28,9,14,0.4997910572503134
802,802,803,60,63.0,8199,4,2,7,5,2005,2005,0.0,4,3,4,3,3,6,648,1,0,80,728,4,1,4,728,728,0,1456,1,0,2,1,3,1,4,7,7,410,2,36,18,0,0,0,0,0.0,0,0,10,2008,12.149507585033072,0,0,0,1,0,0,0,0,0,0,0,0,1,2.0,4,True,False,False,False,False,4.0,2.772588722239781,6,0,0,1,0,1,0,0,0,1,0,0,1,0,0,0,1,0,1,0,0,0,0,0,0,0,1,0,0,0,0,0,0,0,0,0,1,0,0,0,0,0,0,0,0,0,0,0,0,0,0,0,0,0,0,0,0,0,0,0,0,0,0,0,1,0,0,1,0,0,0,0,1,0,0,0,0,0,0,0,0,0,0,0,0,0,0,0,0,0,0,0,1,0,0,0,0,0,0,0,0,0,0,0,0,0,0,1,0,0,0,1,0,0,0,2184,2104,54,11,182.0,2,1,3.5,0.4375,24.5,1,16,3,3,0,1,4,18,1,54,0,0.8888888888888888,1,48,35,12,19,0.6663615560640732
803,803,804,60,107.0,13891,4,2,9,5,2008,2009,424.0,5,3,5,3,4,1,0,1,0,1734,1734,4,1,4,1734,1088,0,2822,0,0,3,1,4,1,5,12,7,1020,2,52,170,0,0,192,0,0.0,0,0,1,2009,13.275829251377,0,0,0,0,1,0,0,0,0,0,1,0,0,2.0,4,False,False,True,False,False,4.0,2.772588722239781,6,0,0,1,0,1,0,0,0,1,0,0,1,0,0,0,1,0,1,0,0,0,0,0,0,0,1,0,0,0,0,0,0,0,0,0,0,0,0,0,0,0,0,0,0,0,0,1,0,0,0,0,0,0,0,0,0,0,0,0,0,0,0,0,1,0,0,0,0,1,0,0,1,0,0,0,0,0,0,0,0,0,0,0,0,0,0,0,0,0,1,0,0,0,0,0,0,0,0,0,0,0,0,0,0,1,0,0,0,1,0,1,0,0,0,4556,2822,414,17,217.07692307692307,2,1,3.5,0.2692307692307692,31.5,1,25,1,0,1,1,4,362,1,414,0,0.0,0,75,45,15,23,0.619267061663375
804,804,805,20,75.0,9000,4,2,5,5,1954,1954,0.0,3,3,3,3,1,2,812,1,0,124,936,2,1,4,1128,0,0,1128,0,0,1,0,2,1,3,5,6,286,2,0,0,0,0,0,0,1.0,0,0,6,2006,11.678448377988165,0,0,1,0,0,0,0,0,0,0,0,0,1,2.0,2,True,False,False,False,False,0.0,0.0,6,0,0,1,0,1,0,0,0,1,0,0,1,0,0,0,1,0,1,0,0,0,0,0,0,0,1,0,0,0,0,0,0,0,0,0,0,0,0,0,0,0,0,1,0,0,0,0,0,0,0,0,0,0,0,0,0,0,0,0,0,1,0,0,0,0,0,1,0,0,0,0,1,0,0,0,0,0,0,0,0,0,0,0,0,0,0,0,0,0,0,1,0,0,0,0,0,0,0,0,0,0,0,0,0,0,1,0,0,0,1,0,0,0,0,2064,1940,0,8,188.0,1,0,1.0,0.1666666666666666,5.0,1,9,52,52,0,0,2,0,0,0,0,0.8665955176093917,1,18,25,9,13,0.5462469733656174
805,805,806,20,91.0,12274,4,2,7,5,2008,2008,256.0,4,3,4,3,1,1,0,1,0,1417,1417,4,1,4,1428,0,0,1428,0,0,2,0,3,1,5,6,7,554,2,0,60,0,0,0,0,0.0,0,0,7,2008,12.335700805443338,0,0,0,0,1,0,0,0,0,0,1,0,0,2.0,4,True,False,False,False,False,0.0,0.0,6,0,0,1,0,1,0,0,0,0,0,0,1,0,1,0,0,0,1,0,0,0,0,0,0,0,1,0,0,0,0,0,0,0,0,0,0,0,0,0,0,0,0,0,0,0,0,0,0,0,0,0,1,0,0,0,0,0,0,0,0,1,0,0,0,0,0,1,0,0,0,0,1,0,0,0,0,0,0,0,0,0,0,0,0,0,0,0,0,0,1,0,0,0,0,0,0,0,0,0,0,0,0,0,0,1,0,0,0,1,0,1,0,0,0,2845,1428,60,10,204.0,1,0,2.0,0.2857142857142857,14.0,1,25,0,0,0,1,4,60,1,60,0,0.0,0,24,35,12,20,0.5017568517217147
806,806,807,80,75.0,9750,4,2,5,5,1967,1967,0.0,3,3,3,3,3,5,400,3,480,100,980,3,1,4,980,0,0,980,0,0,2,0,3,1,3,6,7,384,2,68,0,0,0,0,0,0.0,0,0,10,2006,11.81673429934846,0,0,0,1,0,0,0,0,0,0,0,0,1,2.0,2,True,False,False,False,False,0.0,0.0,6,0,0,1,0,1,0,0,0,1,0,0,1,0,0,0,1,0,1,0,0,0,0,0,0,0,1,0,0,0,0,0,0,0,0,0,0,0,0,0,0,0,0,1,0,0,0,0,0,0,0,0,0,0,0,0,0,0,0,0,0,0,0,0,0,0,1,1,0,0,0,0,1,0,0,0,0,0,0,0,0,0,0,0,0,0,0,0,0,0,1,0,0,0,0,0,0,0,0,0,0,0,0,0,0,1,0,0,0,0,0,1,0,0,0,1960,1860,68,10,140.0,1,0,2.0,0.2857142857142857,10.0,1,9,39,39,0,0,2,0,0,68,0,0.8970438328236493,1,36,25,9,14,0.4997450280469148
807,807,808,70,144.0,21384,4,2,5,6,1923,2004,0.0,3,3,3,3,4,6,1309,1,0,15,1324,4,1,4,1072,504,0,1576,2,0,1,1,3,1,4,6,7,528,2,0,312,0,0,0,0,0.0,0,0,5,2009,12.317171167298682,0,0,0,1,0,0,0,0,0,0,0,0,1,2.0,1,True,False,False,False,False,3.0,2.079441541679836,6,0,0,1,0,1,0,0,0,1,0,0,1,0,0,0,1,0,1,0,0,0,0,0,0,0,1,0,0,0,0,0,0,0,1,0,0,0,0,0,0,0,0,0,0,0,0,0,0,0,0,0,0,0,0,0,0,0,0,0,0,0,0,0,1,0,0,1,0,0,0,0,1,0,0,0,0,0,0,0,0,0,0,0,0,0,0,0,0,0,0,1,0,0,0,0,0,0,0,0,0,0,0,0,0,0,1,0,0,0,1,0,0,0,0,2900,2885,312,10,225.14285714285717,2,1,3.5,0.5,17.5,1,16,86,5,1,1,1,312,1,312,0,0.9879245283018868,1,45,30,9,16,0.5432609445018959
808,808,809,80,85.0,13400,4,2,5,5,1966,1966,1047.0,3,3,3,3,3,5,516,4,128,380,1024,2,1,4,1086,0,0,1086,1,0,1,0,3,1,3,6,7,484,2,0,0,0,0,0,0,1.0,0,0,6,2006,11.982622797311857,0,0,0,1,0,0,0,0,0,0,0,0,1,2.0,2,True,False,False,False,False,4.0,2.772588722239781,6,0,0,1,0,1,0,0,0,1,0,0,1,0,0,0,1,0,1,0,0,0,0,0,0,0,1,0,0,0,0,0,0,0,0,0,0,0,0,0,0,0,0,1,0,0,0,0,0,0,0,0,0,0,0,0,0,0,0,0,0,0,0,0,0,0,1,1,0,0,0,0,1,0,0,0,0,0,0,0,0,0,0,0,0,0,0,0,0,0,1,0,0,0,0,0,0,0,0,0,0,0,0,0,0,1,0,0,1,0,1,0,0,0,0,2110,1730,0,10,155.14285714285714,1,0,2.0,0.2857142857142857,10.0,1,9,40,40,0,0,2,0,0,0,0,0.6282926829268293,1,36,25,9,13,0.5144481288488868
809,809,810,75,90.0,8100,4,2,5,5,1898,1965,0.0,3,3,3,3,1,1,0,1,0,849,849,2,0,3,1075,1063,0,2138,0,0,2,0,2,3,3,11,7,360,0,40,156,0,0,0,0,2.0,0,0,11,2009,11.571203807011967,0,0,0,1,0,0,0,0,0,0,0,0,1,1.5,1,False,False,False,False,True,0.0,0.0,6,0,0,0,1,1,0,0,0,1,0,0,1,0,0,0,0,0,1,0,0,0,0,0,0,0,1,0,0,0,0,0,0,0,0,0,0,0,0,0,0,0,0,0,0,0,0,0,1,0,0,0,0,0,0,0,0,0,0,0,0,0,0,1,0,0,0,0,0,1,0,0,1,0,0,0,0,0,0,0,0,0,0,0,0,0,0,0,0,0,0,0,0,0,0,0,0,0,0,0,0,0,0,0,0,0,0,0,0,0,0,1,0,0,0,2987,2138,196,16,178.16666666666666,2,1,2.0,0.1666666666666666,10.0,3,9,111,44,1,0,1,156,1,196,0,0.0,0,18,25,9,13,0.715528781793842
810,810,811,20,78.0,10140,4,2,6,6,1974,1999,99.0,3,3,3,3,1,5,663,2,377,0,1040,1,1,4,1309,0,0,1309,1,0,1,1,3,1,4,5,7,484,2,265,0,0,0,0,648,3.0,0,0,1,2006,12.10625783509458,0,0,0,1,0,0,0,0,0,0,0,0,1,2.0,2,True,False,False,False,False,2.0,1.3862943611198906,6,0,0,1,0,1,0,0,0,1,0,0,1,0,0,0,1,0,1,0,0,0,0,0,0,0,1,0,0,0,0,0,0,0,0,0,0,0,0,0,0,0,0,0,0,1,0,0,0,0,0,0,0,0,0,0,0,0,0,0,0,1,0,0,0,0,0,0,0,1,0,0,1,0,0,0,0,0,0,0,0,0,0,0,1,0,0,0,0,0,0,0,0,0,0,0,0,0,1,0,0,0,0,0,0,0,0,0,1,0,1,0,0,0,0,2349,2349,913,9,218.16666666666663,1,0,2.5,0.4166666666666667,15.0,1,16,32,7,1,1,2,0,0,913,1,0.999039385206532,1,18,36,9,14,0.5570212765957446
811,811,812,120,0.0,4438,4,2,6,5,2004,2004,169.0,4,3,4,3,4,6,662,1,0,186,848,4,1,4,848,0,0,848,1,0,1,0,1,1,4,4,7,420,2,140,0,0,0,0,0,0.0,0,0,6,2008,11.881041706925902,0,0,0,1,0,0,0,1,0,0,0,0,0,2.0,4,True,False,False,False,False,4.0,2.772588722239781,6,0,0,0,1,1,0,0,0,1,0,0,1,0,0,0,1,0,1,0,0,0,0,0,0,0,1,0,0,0,0,0,0,0,0,0,1,0,0,0,0,0,0,0,0,0,0,0,0,0,0,0,0,0,0,0,0,0,0,1,0,1,0,0,0,0,0,1,0,0,0,0,1,0,0,0,0,0,0,0,0,0,0,0,0,0,0,0,0,0,1,0,0,0,0,0,0,0,0,0,0,0,0,0,0,1,0,0,1,0,0,1,0,0,0,1696,1510,140,6,169.6,1,0,2.0,0.4,12.0,1,16,4,4,0,1,4,0,0,140,0,0.7797408716136631,1,60,30,12,18,0.4997053624042428
812,812,813,20,66.0,8712,4,1,5,5,1952,1952,0.0,2,3,3,3,3,1,0,1,0,540,540,2,0,3,1044,0,0,1044,0,0,1,0,2,1,2,4,7,504,0,0,0,0,0,0,0,0.0,1,54,6,2010,10.932999821119935,0,1,0,0,0,0,0,0,0,0,0,0,1,2.0,2,False,True,False,False,False,0.0,0.0,6,0,0,0,0,0,0,0,0,1,0,0,0,0,0,0,1,0,1,0,0,0,0,0,0,0,1,0,0,0,0,0,0,0,0,0,0,0,0,0,1,0,0,0,0,0,0,0,0,0,0,0,0,0,0,0,0,0,0,0,0,1,0,0,0,0,0,0,0,1,0,0,1,0,0,0,0,0,0,0,0,0,0,0,0,0,0,0,0,0,0,1,0,0,0,0,0,0,0,0,0,0,0,0,0,0,1,0,0,0,1,0,0,0,0,1584,1044,0,7,208.8,1,0,1.0,0.2,5.0,1,4,58,58,0,0,2,0,0,0,0,0.0,0,36,25,6,11,0.6586750788643533
813,813,814,20,75.0,9750,4,2,6,6,1958,1958,243.0,3,3,3,3,1,3,608,1,0,834,1442,3,1,4,1442,0,0,1442,0,0,1,1,4,1,3,7,7,301,2,0,0,275,0,0,0,0.0,1,500,4,2007,11.969723533345908,0,0,0,1,0,0,0,0,0,0,0,0,0,2.0,2,True,False,False,False,False,0.0,0.0,6,0,0,1,0,1,0,0,0,1,0,0,1,0,0,0,1,0,1,0,0,0,0,0,0,0,1,0,0,0,0,0,0,0,0,0,0,0,0,0,0,0,0,1,0,0,0,0,0,0,0,0,0,0,0,0,0,0,0,0,0,1,0,0,0,0,0,1,0,0,0,0,1,0,0,0,0,0,0,0,0,0,0,0,0,0,1,0,0,0,0,0,0,0,0,0,0,0,0,0,1,0,0,0,0,0,0,0,1,0,1,0,0,0,0,2884,2050,275,12,180.25,1,0,1.5,0.1875,9.0,1,9,49,49,0,0,2,275,1,275,0,0.4213444213444213,1,18,36,9,15,0.4998266897746967
814,814,815,50,45.0,8248,4,2,5,7,1918,1950,0.0,3,3,3,3,1,1,0,1,0,686,686,3,1,4,686,564,0,1250,0,1,1,1,3,1,2,7,7,280,1,207,0,96,0,0,0,0.0,0,0,7,2006,11.661354090741,0,0,0,1,0,0,0,0,0,0,0,0,1,2.0,2,False,False,False,False,True,0.0,0.0,5,0,0,1,0,1,0,0,0,1,0,0,1,0,0,0,1,0,1,0,0,0,0,0,0,0,1,0,0,0,0,0,0,0,0,0,0,0,1,0,0,0,0,0,0,0,0,0,0,0,0,0,0,0,0,0,0,0,0,0,0,0,0,0,0,0,0,1,0,0,0,0,1,0,0,0,0,0,0,0,0,0,0,0,0,0,0,0,0,1,0,0,0,0,0,0,0,0,0,0,0,0,0,0,1,0,0,0,0,0,0,0,0,0,0,1936,1250,303,11,156.25,2,1,2.0,0.25,10.0,1,4,88,56,1,0,1,96,1,303,0,0.0,0,18,35,9,13,0.6453278265358803
815,815,816,20,48.0,12137,4,2,7,5,1998,1998,442.0,3,3,4,3,1,1,0,1,0,1649,1649,4,1,4,1661,0,0,1661,0,0,2,0,3,1,4,6,7,598,2,0,34,0,0,0,0,0.0,0,0,5,2010,12.323415584358154,0,0,0,1,0,0,0,0,0,0,0,0,1,2.0,3,True,False,False,False,False,0.0,0.0,6,0,0,1,0,1,0,1,0,0,0,0,1,1,0,0,0,0,1,0,0,0,0,0,0,0,1,0,0,0,0,0,0,0,0,0,1,0,0,0,0,0,0,0,0,0,0,0,0,0,0,0,0,0,0,0,0,0,0,0,0,1,0,0,0,0,0,1,0,0,0,0,1,0,0,0,0,0,0,0,0,0,0,0,0,0,0,0,0,0,1,0,0,0,0,0,0,0,0,0,0,0,0,0,0,1,0,0,1,0,0,1,0,0,0,3310,1661,34,10,237.28571428571428,1,0,2.0,0.2857142857142857,14.0,1,16,12,12,0,0,3,34,1,34,0,0.0,0,24,35,9,18,0.5016611295681063
816,816,817,20,0.0,11425,4,2,5,6,1954,1954,0.0,3,3,3,3,1,4,486,1,0,522,1008,3,1,4,1008,0,0,1008,0,0,1,0,2,1,3,4,7,275,2,0,0,120,0,0,0,0.0,0,0,7,2006,11.827743504053696,0,0,0,1,0,0,0,0,0,0,0,0,1,2.0,2,True,False,False,False,False,4.0,2.772588722239781,6,0,0,1,0,1,0,0,0,0,0,0,1,0,0,0,0,0,1,0,0,0,0,0,0,0,1,0,0,0,0,0,0,0,0,0,0,0,0,0,0,0,0,1,0,0,0,0,0,0,0,0,0,0,0,0,0,0,0,0,0,1,0,0,0,0,0,1,0,0,0,0,1,0,0,0,0,0,0,0,0,1,0,0,0,0,0,0,0,0,0,0,0,0,0,1,0,0,0,0,0,0,0,0,0,0,0,0,0,0,1,0,0,0,0,2016,1494,120,7,201.6,1,0,1.0,0.2,5.0,1,9,52,52,0,0,2,120,1,120,0,0.4816650148662041,1,18,30,9,14,0.4997521070897372
817,817,818,20,0.0,13265,4,2,8,5,2002,2002,148.0,4,3,4,3,1,6,1218,1,0,350,1568,4,1,4,1689,0,0,1689,1,0,2,0,3,1,4,7,7,857,2,150,59,0,0,0,0,0.0,0,0,7,2008,12.509877789891933,0,0,0,1,0,0,0,0,0,0,0,0,1,2.0,4,True,False,False,False,False,4.0,4.394449154672439,6,0,0,1,0,1,0,0,0,0,0,0,1,1,0,0,0,0,1,0,0,0,0,0,0,0,1,0,0,0,0,0,0,0,0,0,0,0,0,0,0,0,1,0,0,0,0,0,0,0,0,0,0,0,0,0,0,0,0,0,0,1,0,0,0,0,0,0,0,1,0,0,1,0,0,0,0,0,0,0,0,0,0,1,0,0,0,0,0,0,0,0,0,0,0,0,0,1,0,0,0,0,0,0,0,0,0,0,1,0,0,1,0,0,0,3257,2907,209,11,211.125,1,0,3.0,0.375,24.0,1,16,6,6,0,1,4,59,1,209,0,0.7762906309751434,1,24,40,12,20,0.5184162062615101
818,818,819,80,80.0,8816,4,2,6,7,1971,1971,80.0,3,3,3,3,3,6,504,1,0,506,1010,3,1,4,1052,0,0,1052,1,0,1,0,3,1,3,6,7,440,2,0,0,0,0,0,0,2.0,0,0,6,2010,11.951186847493476,0,0,0,1,0,0,0,0,0,0,0,0,1,2.0,2,True,False,False,False,False,0.0,0.0,6,0,0,1,0,1,0,0,0,1,0,0,1,0,0,0,1,0,1,0,0,0,0,0,0,0,1,0,0,0,0,0,0,0,0,1,0,0,0,0,0,0,0,0,0,0,0,0,0,0,0,0,0,0,0,0,0,0,0,0,0,0,0,0,0,0,1,1,0,0,0,0,1,0,0,0,0,0,0,0,0,0,0,0,1,0,0,0,0,0,0,0,0,0,0,0,0,0,1,0,0,0,0,0,0,0,0,0,1,0,1,0,0,0,0,2062,1556,0,10,150.28571428571428,1,0,2.0,0.2857142857142857,12.0,1,9,39,39,0,0,2,0,0,0,0,0.4985163204747774,1,36,42,9,15,0.5099369849733398
819,819,820,120,44.0,6371,4,2,7,5,2009,2010,128.0,4,3,4,3,2,6,733,1,0,625,1358,4,1,4,1358,0,0,1358,1,0,2,0,2,1,4,6,7,484,2,192,35,0,0,0,0,0.0,0,0,6,2010,12.319405795112926,0,0,0,0,1,0,0,0,0,0,1,0,0,2.0,4,True,False,False,False,False,4.0,2.772588722239781,6,0,0,1,0,1,0,0,0,0,0,0,1,0,0,0,1,0,1,0,0,0,0,0,0,0,1,0,0,0,0,0,0,0,0,0,0,0,0,0,0,0,0,0,0,0,0,1,0,0,0,0,0,0,0,0,0,0,0,1,0,1,0,0,0,0,0,1,0,0,0,0,1,0,0,0,0,0,0,0,0,0,0,0,0,0,0,0,0,0,1,0,0,0,0,0,0,0,0,0,0,0,0,0,0,1,0,0,0,1,0,1,0,0,0,2716,2091,227,9,194.0,1,0,3.0,0.4285714285714285,21.0,1,16,1,0,1,1,4,35,1,227,0,0.5393671817512877,1,36,35,12,19,0.499815973500184
820,820,821,60,72.0,7226,4,2,7,5,2003,2003,0.0,4,3,4,3,1,1,0,1,0,798,798,4,1,4,798,842,0,1640,0,0,2,1,3,1,4,6,7,595,2,0,45,0,0,0,0,0.0,0,0,6,2008,12.117246896289505,0,0,0,1,0,0,0,0,0,0,0,0,1,2.0,4,True,False,False,False,False,0.0,0.0,6,0,0,1,0,1,0,0,0,0,0,0,1,1,0,0,0,0,1,0,0,0,0,0,0,0,1,0,0,0,0,0,0,0,0,0,1,0,0,0,0,0,0,0,0,0,0,0,0,0,0,0,0,0,0,0,0,0,0,0,0,0,0,0,1,0,0,1,0,0,0,0,1,0,0,0,0,0,0,0,0,0,0,0,0,0,0,0,0,0,1,0,0,0,0,0,0,0,0,0,0,0,0,0,0,1,0,0,0,0,0,1,0,0,0,2438,1640,45,10,234.28571428571428,2,1,2.5,0.3571428571428571,17.5,1,16,5,5,0,1,4,45,1,45,0,0.0,0,24,35,12,19,0.6724067240672407
821,821,822,20,60.0,6000,4,1,4,4,1953,1953,0.0,2,3,2,3,1,1,0,1,0,936,936,2,0,4,936,0,0,936,0,0,1,0,2,1,3,4,5,576,2,0,32,112,0,0,0,0.0,0,0,2,2009,11.440365524765756,0,0,0,1,0,0,0,0,0,0,0,0,1,2.0,2,False,False,False,False,True,0.0,0.0,6,0,0,0,1,1,1,0,0,1,0,0,0,0,0,0,1,0,1,0,0,0,0,0,0,0,1,0,0,0,0,0,0,0,0,0,0,0,0,0,0,0,0,0,0,0,0,0,1,0,0,0,0,0,0,0,1,0,0,0,0,1,0,0,0,0,0,1,0,0,0,0,1,0,0,0,0,0,0,0,0,0,0,0,0,0,1,0,0,0,0,0,0,0,0,0,0,0,0,0,1,0,0,0,0,0,0,0,0,0,1,0,0,0,0,1872,936,144,7,187.2,1,0,1.0,0.2,4.0,1,9,56,56,0,0,2,144,1,144,0,0.0,0,12,16,6,11,0.4997330485851575
822,822,823,60,0.0,12394,4,2,7,5,2003,2003,0.0,4,3,4,3,4,1,0,1,0,847,847,4,1,4,847,886,0,1733,0,0,2,1,3,1,4,7,7,433,2,100,48,0,0,0,0,0.0,0,0,10,2007,12.323860125621126,0,0,1,0,0,0,0,0,0,0,0,0,1,2.0,4,False,False,True,False,False,4.0,2.772588722239781,6,0,0,1,0,1,0,0,0,0,0,0,1,0,0,0,0,0,1,0,0,0,0,0,0,0,1,0,0,0,0,0,0,0,0,0,0,0,0,1,0,0,0,0,0,0,0,0,0,0,0,0,0,0,0,0,0,0,0,0,0,0,0,0,1,0,0,1,0,0,0,0,1,0,0,0,0,0,0,0,0,0,0,0,0,0,0,0,0,0,1,0,0,0,0,0,0,0,0,0,0,0,0,0,0,1,0,0,0,0,0,1,0,0,0,2580,1733,148,11,216.625,2,1,2.5,0.3125,17.5,1,16,4,4,0,1,4,48,1,148,0,0.0,0,60,35,12,19,0.6714451762882604
823,823,824,50,60.0,9900,4,2,6,7,1940,1950,0.0,3,3,3,3,1,1,0,1,0,778,778,2,1,4,944,545,0,1489,0,0,2,0,3,1,3,7,7,240,2,335,0,0,0,0,0,1.0,0,0,7,2009,11.845827048676645,0,0,0,1,0,0,0,0,0,0,0,0,1,2.0,1,False,False,False,False,True,4.0,2.772588722239781,6,0,0,1,0,1,0,0,0,1,0,0,1,0,0,0,1,0,1,0,0,0,0,0,0,0,1,0,0,0,0,0,0,0,0,0,0,0,0,0,0,0,0,0,0,0,0,0,0,1,0,0,0,0,0,0,0,0,0,0,0,0,0,0,0,0,0,1,0,0,0,0,1,0,0,0,0,0,0,0,0,0,0,0,0,0,0,0,0,0,1,0,0,0,0,0,0,0,0,0,0,0,0,0,0,1,0,0,0,0,0,0,0,0,0,2267,1489,335,11,186.125,2,1,2.0,0.25,12.0,1,9,69,59,1,0,1,0,0,335,0,0.0,0,18,42,9,14,0.6565255731922398
824,824,825,20,81.0,11216,4,2,8,5,2006,2006,0.0,4,3,4,4,1,1,0,1,0,1489,1489,4,1,4,1489,0,0,1489,0,0,2,0,3,1,4,7,7,776,2,0,140,0,0,0,0,0.0,0,0,6,2006,12.357079818283598,0,0,0,0,1,0,0,0,0,0,1,0,0,2.0,4,True,False,False,False,False,4.0,2.772588722239781,6,1,0,0,0,1,0,0,0,1,0,0,1,0,0,0,1,0,1,0,0,0,0,0,0,0,1,0,0,0,0,0,0,0,0,0,0,0,0,0,0,0,0,0,0,0,0,0,0,0,0,0,1,0,0,0,0,0,0,0,0,1,0,0,0,0,0,1,0,0,0,0,1,0,0,0,0,0,0,0,0,0,0,0,0,0,0,0,0,0,1,0,0,0,0,0,0,0,0,0,0,0,0,0,0,1,0,0,0,0,0,1,0,0,0,2978,1489,140,11,186.125,1,0,2.0,0.25,16.0,1,16,0,0,0,1,4,140,1,140,0,0.0,0,32,40,12,20,0.4998321584424303
825,825,826,20,114.0,14803,4,2,10,5,2007,2008,816.0,5,3,5,3,3,6,1636,1,0,442,2078,4,1,4,2084,0,0,2084,1,0,2,0,2,1,5,7,7,1220,2,188,45,0,0,0,0,0.0,0,0,6,2008,12.861001210669146,0,0,0,0,1,0,0,0,0,0,1,0,0,2.0,4,True,False,False,False,False,4.0,2.772588722239781,6,0,0,1,0,1,0,0,0,1,0,0,1,0,0,0,1,0,0,0,1,0,0,0,0,0,0,0,1,0,0,0,0,0,0,0,0,0,0,0,0,0,0,0,0,0,0,1,0,0,0,0,0,0,0,0,0,0,0,0,0,1,0,0,0,0,0,0,0,1,0,0,1,0,0,0,0,0,0,0,0,0,0,1,0,0,0,0,0,0,0,0,0,0,0,0,0,1,0,0,0,0,0,0,0,0,0,0,1,0,0,1,0,0,0,4162,3720,233,10,260.5,1,0,3.0,0.375,30.0,1,25,1,0,1,1,4,45,1,233,0,0.7869167869167869,1,60,50,15,24,0.5006005284650492
826,826,827,45,50.0,6130,4,2,5,6,1924,1950,0.0,3,3,3,3,1,5,784,1,0,0,784,3,1,4,784,0,0,784,1,0,1,0,2,1,4,5,7,0,2,0,0,116,0,0,0,0.0,0,0,5,2008,11.603688960617085,0,0,0,1,0,0,0,0,0,0,0,0,1,0.0,0,False,False,False,False,False,0.0,0.0,6,0,0,0,1,1,0,0,0,1,0,0,1,0,0,0,1,0,1,0,0,0,0,0,0,0,1,0,0,0,0,0,0,0,1,0,0,0,0,0,0,0,0,0,0,0,0,0,0,0,0,0,0,0,0,0,0,0,0,0,1,0,0,0,0,0,0,1,0,0,0,0,1,0,0,0,0,0,0,0,0,0,0,0,0,0,1,0,0,0,0,0,0,0,0,0,0,0,0,0,1,0,0,0,0,0,0,0,0,0,0,0,0,0,0,1568,1568,116,8,130.66666666666666,1,0,2.0,0.3333333333333333,10.0,1,16,84,58,1,0,1,116,1,116,0,0.9987261146496816,1,18,30,9,15,0.4996813256851498
827,827,828,20,65.0,8529,4,2,7,5,2001,2001,0.0,4,3,4,3,1,6,20,1,0,1434,1454,4,1,4,1434,0,0,1434,0,0,2,0,3,1,4,6,7,527,2,290,39,0,0,0,0,0.0,0,0,4,2009,12.149507585033072,0,0,0,1,0,0,0,0,0,0,0,0,1,2.0,4,True,False,False,False,False,3.0,2.079441541679836,6,0,0,1,0,1,0,0,0,0,0,0,1,0,0,0,1,0,1,0,0,0,0,0,0,0,1,0,0,0,0,0,0,0,0,0,0,0,0,0,0,0,0,0,0,0,0,0,0,0,0,1,0,0,0,0,0,0,0,0,0,1,0,0,0,0,0,1,0,0,0,0,1,0,0,0,0,0,0,0,0,0,0,0,0,0,0,0,0,0,1,0,0,0,0,0,0,0,0,0,0,0,0,0,0,1,0,0,0,0,0,1,0,0,0,2888,1454,329,10,204.8571428571429,1,0,2.0,0.2857142857142857,14.0,1,16,8,8,0,1,4,39,1,329,0,0.0137457044673539,1,24,35,12,19,0.4963655244029076
828,828,829,60,0.0,28698,4,0,5,5,1967,1967,0.0,3,3,3,4,4,2,249,5,764,0,1013,2,1,4,1160,966,0,2126,0,1,2,1,3,1,3,7,5,538,2,486,0,0,0,225,0,0.0,0,0,6,2009,12.128116509451258,0,0,0,0,0,0,0,0,0,0,0,0,1,2.0,2,True,False,False,False,False,0.0,0.0,6,0,0,1,0,1,0,1,0,0,0,1,0,1,0,0,0,0,1,0,0,0,0,0,0,0,1,0,0,0,0,0,0,0,0,1,0,0,0,0,0,0,0,0,0,0,0,0,0,0,0,0,0,0,0,0,0,0,0,0,0,0,0,0,1,0,0,0,0,0,0,0,0,0,0,0,1,0,0,0,0,0,0,0,0,0,0,1,0,0,0,0,0,0,0,0,0,0,0,0,0,0,1,0,0,0,0,0,0,0,0,1,0,0,0,3139,3139,711,11,265.75,2,1,3.0,0.375,15.0,1,9,42,42,0,0,2,225,1,711,0,0.9990138067061144,1,60,25,9,13,0.6770700636942675
829,829,830,160,24.0,2544,4,2,7,5,2005,2005,0.0,4,3,4,3,1,1,0,1,0,600,600,4,1,4,520,623,80,1223,0,0,2,1,2,1,4,4,7,480,2,0,166,0,0,0,0,0.0,0,0,7,2006,11.900912042974875,0,0,0,1,0,0,0,0,0,0,0,0,1,2.0,4,False,False,False,False,True,0.0,0.0,6,1,0,0,0,1,1,0,0,1,0,0,1,0,0,0,1,0,1,0,0,0,0,0,0,0,1,0,0,0,0,0,0,0,0,0,0,0,0,0,0,0,0,0,0,0,0,0,0,0,0,0,1,0,0,0,0,0,1,0,0,0,0,0,1,0,0,1,0,0,0,0,1,0,0,0,0,0,0,0,0,0,0,0,0,0,1,0,0,0,0,0,0,0,0,0,0,0,0,0,1,0,0,0,0,0,0,0,0,0,0,1,0,0,0,1743,1143,166,7,244.6,2,1,2.5,0.5,17.5,1,16,1,1,0,1,4,166,1,166,0,0.0,0,24,35,12,19,0.7012614678899083
830,830,831,20,80.0,11900,4,2,6,5,1957,1957,387.0,3,3,3,3,1,3,1040,1,0,352,1392,2,1,3,1392,0,0,1392,1,0,1,1,3,1,3,6,7,458,2,0,0,0,0,192,0,0.0,0,0,6,2008,12.01974909141692,0,0,0,1,0,0,0,0,0,0,0,0,1,2.0,2,True,False,False,False,False,4.0,4.394449154672439,6,0,0,1,0,1,0,0,0,0,0,0,1,0,0,0,0,0,1,0,0,0,0,0,0,0,1,0,0,0,0,0,0,0,0,0,0,0,0,0,0,0,0,1,0,0,0,0,0,0,0,0,0,0,0,0,0,0,0,0,0,1,0,0,0,0,0,1,0,0,0,0,1,0,0,0,0,0,0,0,0,0,0,0,1,0,0,0,0,0,0,0,0,0,0,0,0,0,1,0,0,0,0,0,0,0,0,0,1,0,1,0,0,0,0,2784,2432,192,10,198.8571428571429,1,0,2.5,0.3571428571428571,15.0,1,9,51,51,0,0,2,192,1,192,0,0.7465900933237617,1,18,30,9,14,0.4998204667863555
831,831,832,160,30.0,3180,4,2,7,5,2005,2005,0.0,3,3,4,3,1,1,0,1,0,600,600,4,1,4,520,600,80,1200,0,0,2,1,2,1,4,4,7,480,2,0,166,0,0,0,0,0.0,0,0,6,2006,11.92504173829169,0,0,0,1,0,0,0,0,0,0,0,0,1,2.0,4,False,False,False,False,True,0.0,0.0,6,1,0,0,0,1,1,0,0,1,0,0,1,0,0,0,1,0,1,0,0,0,0,0,0,0,1,0,0,0,0,0,0,0,0,0,0,0,0,0,0,0,0,0,0,0,0,0,0,0,0,0,1,0,0,0,0,0,0,1,0,0,0,0,1,0,0,1,0,0,0,0,1,0,0,0,0,0,0,0,0,0,0,0,0,0,1,0,0,0,0,0,0,0,0,0,0,0,0,0,1,0,0,0,0,0,0,0,0,0,0,1,0,0,0,1720,1120,166,7,240.0,2,1,2.5,0.5,17.5,1,16,1,1,0,1,4,166,1,166,0,0.0,0,24,35,9,18,0.6972690296339338
832,832,833,60,44.0,9548,4,2,7,6,2003,2003,223.0,4,3,4,3,1,6,483,1,0,458,941,4,1,4,941,888,0,1829,1,0,2,1,3,1,4,7,7,613,2,192,39,0,0,0,0,0.0,0,0,1,2010,12.37581963951765,0,0,0,1,0,0,0,0,0,0,0,0,1,2.0,4,True,False,False,False,False,3.0,2.079441541679836,6,0,0,1,0,1,0,0,0,0,0,0,1,1,0,0,0,0,1,0,0,0,0,0,0,0,1,0,0,0,0,0,0,0,0,0,1,0,0,0,0,0,0,0,0,0,0,0,0,0,0,0,0,0,0,0,0,0,0,0,0,0,0,0,1,0,0,1,0,0,0,0,1,0,0,0,0,0,0,0,0,0,0,0,0,0,0,0,0,0,1,0,0,0,0,0,0,0,0,0,0,0,0,0,0,1,0,0,1,0,0,1,0,0,0,2770,2312,231,11,228.625,2,1,3.5,0.4375,24.5,1,16,7,7,0,1,4,39,1,231,0,0.5127388535031847,1,24,42,12,19,0.6600505232767954
833,833,834,20,100.0,10004,4,2,6,6,1964,1964,180.0,3,3,3,3,1,3,196,4,345,975,1516,2,1,4,1516,0,0,1516,0,0,1,1,3,1,3,6,7,472,2,0,0,0,0,152,0,0.0,0,0,2,2009,12.025755079404917,0,0,0,1,0,0,0,0,0,0,0,0,1,2.0,2,True,False,False,False,False,0.0,0.0,6,0,0,1,0,1,0,0,0,1,0,0,1,0,0,0,1,0,1,0,0,0,0,0,0,0,1,0,0,0,0,0,0,0,0,0,0,0,0,0,0,0,0,1,0,0,0,0,0,0,0,0,0,0,0,0,0,0,0,0,0,1,0,0,0,0,0,1,0,0,0,0,1,0,0,0,0,0,0,0,0,0,0,0,1,0,0,0,0,0,0,0,0,0,0,0,0,0,0,0,0,0,1,0,0,0,0,0,1,0,1,0,0,0,0,3032,2057,152,10,216.57142857142856,1,0,1.5,0.2142857142857142,9.0,1,9,45,45,0,0,2,152,1,152,0,0.3566249176005273,1,18,36,9,14,0.4998351467194197
834,834,835,20,75.0,7875,4,2,5,6,1961,1961,136.0,3,3,3,3,1,3,572,1,0,572,1144,3,1,4,1144,0,0,1144,1,0,1,0,3,1,3,6,7,456,2,0,0,0,0,0,0,1.0,0,0,9,2008,11.849047640327148,0,0,0,1,0,0,0,0,0,0,0,0,1,2.0,2,True,False,False,False,False,0.0,0.0,6,0,0,1,0,1,0,0,0,1,0,0,1,0,0,0,1,0,1,0,0,0,0,0,0,0,1,0,0,0,0,0,0,0,0,0,0,0,0,0,0,0,0,1,0,0,0,0,0,0,0,0,0,0,0,0,0,0,0,0,0,1,0,0,0,0,0,1,0,0,0,0,1,0,0,0,0,0,0,0,0,0,0,0,0,0,0,0,0,0,1,0,0,0,0,0,0,0,0,0,0,0,0,0,0,1,0,0,1,0,1,0,0,0,0,2288,1716,0,10,163.42857142857142,1,0,2.0,0.2857142857142857,10.0,1,9,47,47,0,0,2,0,0,0,0,0.4995633187772926,1,18,30,9,14,0.4997815640017475
835,835,836,20,60.0,9600,4,2,4,7,1950,1995,0.0,3,3,4,3,1,4,442,1,0,625,1067,2,1,4,1067,0,0,1067,0,0,2,0,2,1,4,4,5,436,2,290,0,0,0,0,0,0.0,0,0,2,2010,11.759793355371237,0,0,0,1,0,0,0,0,0,0,0,0,1,2.0,3,True,False,False,False,False,0.0,0.0,6,0,0,1,0,1,0,0,0,1,0,0,1,0,0,0,1,0,1,0,0,0,0,0,0,0,1,0,0,0,0,0,0,0,0,0,0,0,0,0,0,0,0,0,0,0,0,0,0,0,1,0,0,0,0,0,0,0,0,0,0,1,0,0,0,0,0,1,0,0,0,0,1,0,0,0,0,0,0,0,0,0,0,0,0,0,0,0,0,0,1,0,0,0,0,0,0,0,1,0,0,0,0,0,0,0,0,0,0,0,1,0,0,0,0,2134,1509,290,7,213.4,1,0,2.0,0.4,8.0,1,16,60,15,1,0,2,0,0,290,0,0.4138576779026217,1,24,28,9,13,0.4997658079625293
836,836,837,30,90.0,8100,4,2,5,6,1948,1973,0.0,3,3,3,3,1,3,338,1,0,1221,1559,3,1,4,1559,0,0,1559,1,0,1,0,2,1,3,5,5,812,2,0,116,230,0,0,0,1.0,0,0,6,2007,11.941462360646147,0,0,0,1,0,0,0,0,0,0,0,0,0,2.0,1,False,False,False,False,True,0.0,0.0,6,0,0,0,1,1,1,0,0,1,0,0,1,0,0,0,1,0,1,0,0,0,0,0,0,0,1,0,0,0,0,0,0,0,0,0,0,0,0,0,0,0,0,0,0,0,0,0,1,0,0,0,0,0,0,0,0,0,0,0,0,1,0,0,0,0,0,1,0,0,0,0,1,0,0,0,0,0,0,0,0,0,0,0,0,0,0,0,0,0,1,0,0,0,0,0,0,0,0,0,0,0,0,0,0,1,0,0,0,0,0,0,0,0,0,3118,1897,346,8,259.8333333333333,1,0,2.0,0.3333333333333333,10.0,1,9,59,34,1,0,2,346,1,346,0,0.2166666666666666,1,18,30,9,14,0.4998396922090413
837,837,838,160,21.0,1680,4,2,6,5,1973,1973,158.0,3,3,3,3,1,4,330,1,0,153,483,2,1,4,483,504,0,987,1,0,1,1,2,1,3,5,7,264,2,0,0,0,0,0,0,0.0,0,0,11,2008,11.51293546492023,0,0,0,1,0,0,0,0,0,0,0,0,1,2.0,2,False,False,False,False,True,0.0,0.0,6,0,0,0,1,1,0,0,0,1,0,0,1,0,0,0,1,0,1,0,0,0,0,0,0,0,1,0,0,0,0,0,0,1,0,0,0,0,0,0,0,0,0,0,0,0,0,0,0,0,0,0,0,0,0,0,0,0,1,0,0,0,0,0,1,0,0,1,0,0,0,0,1,0,0,0,0,0,0,0,0,0,0,0,1,0,0,0,0,0,0,0,0,0,0,0,0,0,1,0,0,0,0,0,0,0,0,0,1,0,1,0,0,0,0,1470,1317,0,8,164.5,2,1,2.5,0.4166666666666667,15.0,1,9,35,35,0,0,2,0,0,0,0,0.6818181818181818,1,18,30,9,14,0.6709721278042148
838,838,839,20,75.0,9525,4,2,5,6,1995,2006,0.0,3,3,4,3,1,1,0,1,0,1099,1099,4,1,4,1099,0,0,1099,0,0,1,1,3,1,4,6,7,352,2,278,0,0,0,0,0,0.0,0,0,6,2008,11.87757552297847,0,0,0,1,0,0,0,0,0,0,0,0,1,2.0,3,True,False,False,False,False,0.0,0.0,6,0,0,1,0,1,0,0,0,1,0,0,1,0,0,0,1,0,1,0,0,0,0,0,0,0,1,0,0,0,0,0,0,0,0,0,1,0,0,0,0,0,0,0,0,0,0,0,0,0,0,0,0,0,0,0,0,0,0,0,0,1,0,0,0,0,0,1,0,0,0,0,1,0,0,0,0,0,0,0,0,0,0,0,0,0,0,0,0,0,1,0,0,0,0,0,0,0,0,0,0,0,0,0,0,1,0,0,0,0,0,1,0,0,0,2198,1099,278,10,157.0,1,0,1.5,0.2142857142857142,7.5,1,16,13,2,1,1,3,0,0,278,0,0.0,0,24,30,9,16,0.4997726239199636
839,839,840,50,70.0,11767,4,2,5,6,1946,1995,0.0,3,3,3,3,1,4,352,1,0,416,768,4,1,4,768,432,0,1200,0,0,1,0,3,1,3,6,7,240,2,0,0,0,0,0,0,0.0,0,0,5,2008,11.779136168550774,0,0,0,1,0,0,0,0,0,0,0,0,1,2.0,1,False,False,False,False,True,0.0,0.0,6,0,0,1,0,1,0,0,0,1,0,0,1,0,0,0,1,0,1,0,0,0,0,0,0,0,1,0,0,0,0,0,0,0,0,0,0,0,1,0,0,0,0,0,0,0,0,0,0,0,0,0,0,0,0,0,0,0,0,0,0,0,0,0,0,0,0,1,0,0,0,0,1,0,0,0,0,0,0,0,0,0,0,0,0,0,1,0,0,0,0,0,0,0,0,0,0,0,0,0,1,0,0,0,0,0,0,0,0,0,1,0,0,0,0,1968,1552,0,10,171.42857142857142,2,1,1.0,0.1428571428571428,5.0,1,9,62,13,1,0,1,0,0,0,0,0.4577373211963589,1,18,30,9,15,0.6094464195022854
840,840,841,70,0.0,12155,4,2,6,8,1925,1950,0.0,3,3,3,3,1,4,156,1,0,516,672,2,0,4,810,672,0,1482,0,0,2,0,4,1,2,7,7,400,1,0,0,254,0,0,0,0.0,0,0,3,2008,11.849404844423074,0,0,0,1,0,0,0,0,0,0,0,0,1,2.0,1,False,False,False,False,True,0.0,0.0,6,0,1,0,0,1,0,0,0,0,0,0,1,0,0,0,1,0,1,0,0,0,0,0,0,0,1,0,0,0,0,0,0,0,0,0,0,0,0,0,0,0,0,0,0,0,0,0,0,1,0,0,0,0,0,0,0,0,0,0,0,0,0,0,1,0,0,1,0,0,0,0,1,0,0,0,0,0,0,0,0,0,0,0,0,0,0,0,0,0,0,1,0,0,0,0,0,0,0,0,0,0,0,0,0,0,1,0,0,0,0,0,0,0,0,2154,1638,254,12,185.25,2,1,2.0,0.25,12.0,1,4,83,58,1,0,1,254,1,254,0,0.2317979197622585,1,18,48,9,13,0.6877030162412993
841,841,842,70,60.0,10440,4,2,5,8,1904,2002,0.0,3,3,3,3,1,1,0,1,0,650,650,3,1,4,958,581,0,1539,0,0,2,0,3,1,4,8,7,686,1,70,78,68,0,0,0,0.0,0,0,6,2008,11.967187086434018,0,0,0,1,0,0,0,0,0,0,0,0,1,2.5,3,False,False,False,False,True,1.0,0.6931471805599453,6,0,0,0,1,1,0,0,0,1,0,0,1,0,0,0,1,0,1,0,0,0,0,0,0,0,1,0,0,0,0,0,0,0,0,0,0,0,0,0,0,0,0,0,0,0,0,0,1,0,0,0,0,0,0,0,0,0,0,0,0,0,0,0,1,0,0,1,0,0,0,0,1,0,0,0,0,0,0,0,0,0,0,0,0,0,1,0,0,0,0,0,0,0,0,0,0,0,0,0,1,0,0,0,0,0,0,0,0,0,0,1,0,0,0,2189,1539,216,12,171.0,2,1,2.0,0.2222222222222222,10.0,1,16,104,6,1,1,1,146,1,216,0,0.0,0,18,40,9,15,0.7027397260273973
842,842,843,80,82.0,9020,4,2,6,7,1966,1966,183.0,3,3,3,3,4,3,312,5,539,276,1127,2,1,4,1165,0,0,1165,1,0,1,1,3,1,3,6,7,490,2,0,129,0,0,0,0,3.0,0,0,5,2008,12.071975378543236,0,0,0,1,0,0,0,0,0,0,0,0,1,3.0,2,True,False,False,False,False,0.0,0.0,6,0,0,1,0,1,0,0,0,1,0,0,1,0,0,0,1,0,1,0,0,0,0,0,0,0,1,0,0,0,0,0,0,0,0,0,0,0,0,0,0,0,0,1,0,0,0,0,0,0,0,0,0,0,0,0,0,0,0,0,0,0,0,0,0,0,1,1,0,0,0,0,1,0,0,0,0,0,0,0,0,0,0,0,1,0,0,0,0,0,0,0,0,0,0,0,0,0,1,0,0,0,0,0,0,0,0,0,1,0,1,0,0,0,0,2292,2016,129,10,166.42857142857142,1,0,2.5,0.3571428571428571,15.0,1,9,42,42,0,0,2,129,1,129,0,0.7544326241134752,1,45,42,9,14,0.5080680331443523
843,843,844,90,80.0,8000,4,2,5,4,1961,1961,0.0,3,3,3,3,1,1,0,1,0,1800,1800,4,0,4,1800,0,0,1800,0,0,2,0,6,2,3,10,7,0,2,0,0,0,0,0,0,0.0,0,0,7,2007,11.856522261533735,0,0,0,1,0,0,0,0,0,0,0,0,1,0.0,0,False,False,False,False,False,0.0,0.0,6,0,0,1,0,1,0,0,0,1,0,0,1,0,0,0,0,0,0,0,0,0,0,0,0,0,1,0,0,0,0,0,0,0,0,0,0,0,0,0,0,0,0,1,0,0,0,0,0,0,0,0,0,0,0,0,0,1,0,0,0,1,0,0,0,0,0,1,0,0,0,0,1,0,0,0,0,0,0,0,0,1,0,0,0,0,0,0,0,0,0,0,0,0,0,1,0,0,0,0,0,0,0,0,0,0,0,0,0,0,1,0,0,0,0,3600,1800,0,18,163.63636363636363,1,0,2.0,0.1818181818181818,10.0,2,9,46,46,0,0,2,0,0,0,0,0.0,0,18,20,9,15,0.4998611496806442
844,844,845,50,100.0,12665,4,2,5,8,1915,1950,0.0,3,3,3,3,2,1,0,1,0,876,876,3,1,4,876,540,0,1416,0,0,1,1,4,1,3,7,7,720,2,418,0,194,0,0,0,0.0,0,0,6,2008,11.944064817531656,0,0,0,1,0,0,0,0,0,0,0,0,1,2.0,1,False,False,False,False,True,4.0,2.772588722239781,6,0,0,0,1,1,0,0,0,0,0,0,1,0,0,0,1,0,0,0,0,0,0,0,0,0,1,0,0,0,0,0,0,0,0,0,0,0,0,0,0,0,0,0,0,0,0,0,1,0,0,0,0,0,0,0,0,0,0,0,0,0,0,0,0,0,0,1,0,0,0,0,1,0,0,0,0,0,0,0,0,0,0,0,0,0,0,0,0,0,0,1,0,0,0,0,0,0,0,0,0,0,0,0,0,0,1,0,0,0,0,0,0,0,0,2292,1416,612,12,177.0,2,1,1.5,0.1875,7.5,1,9,93,58,1,0,1,194,1,612,0,0.0,0,27,40,9,14,0.6175316179677278
845,845,846,85,0.0,16647,4,2,5,5,1975,1981,0.0,3,3,4,3,4,5,1390,1,0,0,1390,2,1,4,1701,0,0,1701,1,0,2,0,3,1,3,6,5,611,2,0,0,0,0,0,0,0.0,0,0,1,2007,12.049424683420916,0,0,0,1,0,0,0,0,0,0,0,0,1,2.0,2,False,True,False,False,False,3.0,3.295836866004329,6,0,0,1,0,1,0,0,0,0,0,0,1,1,0,0,0,0,0,0,0,1,0,0,0,0,1,0,0,0,0,0,0,0,0,0,0,0,0,0,0,0,0,0,0,0,0,0,0,0,1,0,0,0,0,0,0,0,0,0,0,0,0,0,0,1,0,1,0,0,0,0,1,0,0,0,0,0,0,0,0,0,0,0,1,0,0,0,0,0,0,0,0,0,0,0,0,0,1,0,0,0,0,0,0,0,0,0,0,0,1,0,0,0,0,3091,3091,0,10,243.0,1,0,3.0,0.4285714285714285,15.0,1,9,32,26,1,0,2,0,0,0,0,0.9992810927390366,1,60,25,9,13,0.5501293661060802
846,846,847,60,75.0,9317,4,2,7,5,1993,1993,137.0,4,3,4,3,1,5,513,1,0,227,740,4,1,4,1006,769,0,1775,1,0,2,1,3,1,4,7,7,425,2,234,72,192,0,0,0,0.0,0,0,7,2009,12.269052139516225,0,0,0,1,0,0,0,0,0,0,0,0,1,2.0,3,True,False,False,False,False,3.0,2.079441541679836,6,0,0,1,0,1,0,0,0,1,0,0,1,0,0,0,1,0,1,0,0,0,0,0,0,0,1,0,0,0,0,0,0,0,0,0,0,0,0,0,0,0,0,0,0,0,0,0,0,0,0,1,0,0,0,0,0,0,0,0,0,0,0,0,1,0,0,1,0,0,0,0,1,0,0,0,0,0,0,0,0,0,0,0,1,0,0,0,0,0,0,0,0,0,0,0,0,0,1,0,0,0,0,0,0,0,0,0,1,0,0,1,0,0,0,2515,2288,498,11,221.875,2,1,3.5,0.4375,24.5,1,16,16,16,0,0,3,264,1,498,0,0.6923076923076923,1,24,35,12,19,0.7054848966613673
847,847,848,20,36.0,15523,4,2,5,6,1972,1972,0.0,3,3,3,3,3,4,460,1,0,404,864,4,1,4,864,0,0,864,1,0,1,0,3,1,3,5,7,338,2,0,0,0,0,0,0,0.0,0,0,8,2009,11.80186424743109,0,0,0,1,0,0,0,0,0,0,0,0,1,2.0,2,True,False,False,False,False,2.0,1.3862943611198906,6,0,0,1,0,1,0,0,0,0,0,0,1,1,0,0,0,0,1,0,0,0,0,0,0,0,1,0,0,0,0,0,0,0,0,0,1,0,0,0,0,0,0,0,0,0,0,0,0,0,0,0,0,0,0,0,0,0,0,0,0,1,0,0,0,0,0,1,0,0,0,0,1,0,0,0,0,0,0,0,0,0,0,0,1,0,0,0,0,0,0,0,0,0,0,0,0,0,0,0,0,0,1,0,0,0,0,0,0,0,1,0,0,0,0,1728,1324,0,9,144.0,1,0,2.0,0.3333333333333333,10.0,1,9,37,37,0,0,2,0,0,0,0,0.5317919075144508,1,36,30,9,15,0.4997108155002892
848,848,849,50,75.0,45600,4,2,6,8,1908,1997,0.0,3,3,3,3,1,1,0,1,0,907,907,2,1,4,1307,1051,0,2358,0,0,3,0,5,1,3,10,7,360,2,486,40,0,0,175,0,0.0,0,0,9,2008,12.388398368982116,0,0,0,1,0,0,0,0,0,0,0,0,1,2.0,1,False,False,False,False,True,4.0,2.772588722239781,6,0,0,1,0,1,0,1,0,0,0,0,0,0,0,0,1,0,1,0,0,0,0,0,0,0,1,0,0,0,0,0,0,0,0,1,0,0,0,0,0,0,0,0,0,0,0,0,0,0,0,0,0,0,0,0,0,0,0,0,0,0,0,0,0,0,0,1,0,0,0,0,1,0,0,0,0,0,0,0,0,0,0,0,0,0,0,0,0,0,0,1,0,0,0,0,0,0,0,0,0,0,0,0,0,0,1,0,0,0,0,0,0,0,0,3265,2358,701,16,214.3636363636364,2,1,3.0,0.2727272727272727,18.0,1,9,100,11,1,0,1,215,1,701,0,0.0,0,18,48,9,14,0.7219840783833436
849,849,850,80,80.0,9600,4,2,6,7,1976,1994,360.0,4,4,3,3,1,1,0,1,0,528,528,4,1,4,1094,761,0,1855,0,0,2,1,3,1,3,7,7,512,2,113,100,0,0,0,0,0.0,0,0,8,2007,12.138869243416009,0,0,0,1,0,0,0,0,0,0,0,0,1,2.0,2,True,False,False,False,False,3.0,2.079441541679836,6,0,0,1,0,1,0,0,0,1,0,0,1,0,1,0,0,1,0,0,0,0,0,0,0,0,1,0,0,0,0,0,0,0,0,0,0,0,0,0,0,0,0,0,0,0,0,0,0,0,0,0,0,0,0,1,0,0,0,0,0,0,0,0,0,0,1,0,0,1,0,0,1,0,0,0,0,0,0,0,0,0,0,0,0,0,0,1,0,0,0,0,0,0,0,0,0,0,0,0,0,0,1,0,0,0,0,0,1,0,1,0,0,0,0,2383,1855,213,11,231.875,2,1,2.5,0.3125,15.0,1,9,31,13,1,0,2,100,1,213,0,0.0,0,18,42,16,17,0.7781040268456376
850,850,851,120,36.0,4435,4,2,6,5,2003,2003,170.0,4,3,4,3,3,6,659,1,0,189,848,4,1,4,848,0,0,848,1,0,1,0,1,1,4,3,7,420,2,140,0,0,0,0,0,0.0,0,0,11,2007,11.78676973513378,0,0,0,1,0,0,0,0,0,0,0,0,1,2.0,4,True,False,False,False,False,0.0,0.0,6,0,0,0,1,1,0,0,0,1,0,0,1,0,0,0,1,0,1,0,0,0,0,0,0,0,1,0,0,0,0,0,0,0,0,0,1,0,0,0,0,0,0,0,0,0,0,0,0,0,0,0,0,0,0,0,0,0,0,1,0,1,0,0,0,0,0,1,0,0,0,0,1,0,0,0,0,0,0,0,0,0,0,0,0,0,0,0,0,0,1,0,0,0,0,0,0,0,0,0,0,0,0,0,0,1,0,0,1,0,0,1,0,0,0,1696,1507,140,5,212.0,1,0,2.0,0.5,12.0,1,16,4,4,0,1,4,0,0,140,0,0.7762073027090695,1,48,30,12,18,0.4997053624042428
851,851,852,120,0.0,3196,4,2,8,5,2003,2003,40.0,4,3,4,3,4,1,0,1,0,1273,1273,4,1,4,1456,0,0,1456,0,0,2,0,2,1,4,7,7,400,2,143,20,0,0,0,0,0.0,0,0,5,2006,12.278397958261774,0,0,0,1,0,0,0,0,0,0,0,0,1,2.0,4,True,False,False,False,False,3.0,2.079441541679836,6,0,0,1,0,1,0,0,0,1,0,0,1,0,0,0,1,0,1,0,0,0,0,0,0,0,1,0,0,0,0,0,0,0,0,0,0,0,0,0,0,0,0,0,0,0,0,0,0,0,0,0,0,0,0,0,0,0,0,1,0,1,0,0,0,0,0,1,0,0,0,0,1,0,0,0,0,0,0,0,0,0,0,0,0,0,0,0,0,0,1,0,0,0,0,0,0,0,0,0,0,0,0,0,0,1,0,0,1,0,0,1,0,0,0,2729,1456,163,10,182.0,1,0,2.0,0.25,16.0,1,16,3,3,0,1,4,20,1,163,0,0.0,0,60,40,12,20,0.5333333333333333
852,852,853,75,53.0,7128,4,2,7,5,1941,1950,0.0,3,4,3,3,1,3,364,1,0,554,918,3,1,4,918,728,0,1646,0,0,2,0,4,1,3,7,7,240,2,0,0,0,0,126,0,2.0,0,0,8,2007,12.00762780434872,0,0,0,1,0,0,0,0,0,0,0,0,1,2.0,1,False,False,False,False,True,4.0,4.394449154672439,6,0,0,1,0,1,0,0,0,1,0,0,1,0,0,0,1,0,1,0,0,0,0,0,0,0,1,0,0,0,0,0,0,0,0,0,0,1,0,0,0,0,0,0,0,0,0,0,0,0,0,0,0,0,0,0,0,0,0,0,0,0,0,1,0,0,0,1,0,0,0,0,1,0,0,0,0,0,0,0,0,0,0,0,0,0,1,0,0,0,0,0,0,0,0,0,0,0,0,0,1,0,0,0,0,0,0,0,0,0,1,0,0,0,0,2564,2010,126,12,205.75,2,1,2.0,0.25,14.0,1,9,66,57,1,0,1,126,1,126,0,0.3960826985854189,1,18,35,12,16,0.6417153996101365
853,853,854,80,0.0,12095,4,2,6,6,1964,1964,115.0,3,4,3,3,4,3,564,1,0,563,1127,2,1,4,1445,0,0,1445,0,0,1,1,3,1,3,7,7,645,2,180,0,0,0,0,0,2.0,0,0,8,2009,11.970356641103,0,0,0,1,0,0,0,0,0,0,0,0,1,2.0,2,True,False,False,False,False,2.0,1.3862943611198906,6,0,0,1,0,1,0,0,0,0,0,0,1,0,0,0,0,0,1,0,0,0,0,0,0,0,1,0,0,0,0,0,0,0,0,0,0,0,0,0,0,0,0,1,0,0,0,0,0,0,0,0,0,0,0,0,0,0,0,0,0,0,0,0,0,0,1,1,0,0,0,0,1,0,0,0,0,0,0,0,0,0,0,0,0,0,1,0,0,0,0,0,0,0,0,0,0,0,1,0,0,0,0,0,0,0,0,0,1,0,1,0,0,0,0,2572,2009,180,11,180.625,1,0,1.5,0.1875,9.0,1,9,45,45,0,0,2,0,0,180,0,0.5,1,45,36,12,14,0.5616012436844151
854,854,855,20,102.0,17920,4,2,5,4,1955,1974,0.0,3,3,3,3,2,5,306,3,1085,372,1763,2,1,4,1779,0,0,1779,1,0,1,1,3,1,3,6,7,454,2,0,418,0,0,312,0,0.0,0,0,7,2006,12.04355959836804,0,0,0,0,0,0,0,0,0,0,0,0,1,2.0,2,True,False,False,False,False,4.0,2.772588722239781,6,0,0,1,0,1,0,0,0,1,0,0,1,0,0,0,1,0,1,0,0,0,0,0,0,0,1,0,0,0,0,0,0,0,0,0,0,0,0,0,0,0,0,0,0,0,0,0,0,0,1,0,0,0,0,0,0,0,0,0,0,1,0,0,0,0,0,0,0,1,0,0,1,0,0,0,0,0,0,0,0,0,0,0,0,0,0,0,0,0,0,1,0,0,0,0,0,0,0,0,0,0,1,0,0,0,0,0,0,0,1,0,0,0,0,3542,3170,730,10,254.14285714285717,1,0,2.5,0.3571428571428571,12.5,1,9,51,32,1,0,2,730,1,730,0,0.7885487528344671,1,27,20,9,13,0.502116850127011
855,855,856,20,0.0,6897,4,2,5,8,1962,2010,0.0,3,4,3,3,1,5,659,1,0,381,1040,4,1,4,1040,0,0,1040,1,0,1,1,3,1,3,6,7,260,2,0,104,0,0,0,0,0.0,0,0,4,2010,11.751950239425476,0,0,0,1,0,0,0,0,0,0,0,0,1,2.0,2,False,False,False,False,True,0.0,0.0,6,0,0,1,0,1,0,0,0,0,0,0,1,0,0,0,0,0,1,0,0,0,0,0,0,0,1,0,0,0,0,0,0,0,0,0,0,0,0,0,0,0,0,0,0,0,0,0,0,0,1,0,0,0,0,0,0,0,0,0,0,1,0,0,0,0,0,1,0,0,0,0,1,0,0,0,0,0,0,0,0,0,0,0,1,0,0,0,0,0,0,0,0,0,0,0,0,0,1,0,0,0,0,0,0,0,0,0,0,0,1,0,0,0,0,2080,1699,104,10,148.57142857142858,1,0,2.5,0.3571428571428571,12.5,1,9,48,0,1,1,2,104,1,104,0,0.633045148895293,1,18,40,12,15,0.4997597308986064
856,856,857,80,0.0,10970,4,1,6,6,1978,1978,0.0,3,3,4,4,4,6,505,2,435,0,940,2,1,4,1026,0,0,1026,1,0,1,0,3,1,3,5,7,576,2,0,0,34,0,0,0,2.0,0,0,10,2008,11.898194668458824,0,0,0,1,0,0,0,0,0,0,0,0,1,2.0,3,False,False,False,False,True,0.0,0.0,6,0,0,1,0,1,0,0,0,0,0,1,0,0,0,0,1,0,1,0,0,0,0,0,0,0,1,0,0,0,0,0,0,0,0,0,1,0,0,0,0,0,0,0,0,0,0,0,0,0,0,0,0,0,0,0,0,0,0,0,0,0,0,0,0,0,1,1,0,0,0,0,1,0,0,0,0,0,0,0,0,0,0,0,0,0,0,1,0,0,0,0,0,0,0,0,0,0,1,0,0,0,0,0,0,0,0,0,0,0,1,0,0,0,0,1966,1966,34,9,171.0,1,0,2.0,0.3333333333333333,12.0,1,9,30,30,0,0,3,34,1,34,0,0.9989373007438896,1,80,36,9,14,0.5216065073716319
857,857,858,60,65.0,8125,4,2,6,5,1994,1995,0.0,3,3,4,3,1,1,0,1,0,702,702,3,1,4,702,779,0,1481,0,0,2,1,3,1,3,6,7,343,2,0,36,0,0,0,0,0.0,0,0,3,2009,12.066816325306588,0,0,0,1,0,0,0,0,0,0,0,0,1,2.0,3,True,False,False,False,False,3.0,2.079441541679836,6,0,0,1,0,1,0,0,0,1,0,0,1,0,0,0,1,0,1,0,0,0,0,0,0,0,1,0,0,0,0,0,0,0,0,0,0,0,0,1,0,0,0,0,0,0,0,0,0,0,0,0,0,0,0,0,0,0,0,0,0,0,0,0,1,0,0,1,0,0,0,0,1,0,0,0,0,0,0,0,0,0,0,0,1,0,0,0,0,0,0,0,0,0,0,0,0,0,1,0,0,0,0,0,0,0,0,0,0,0,0,1,0,0,0,2183,1481,36,10,211.57142857142856,2,1,2.5,0.3571428571428571,15.0,1,9,15,14,1,0,3,36,1,36,0,0.0,0,24,30,9,15,0.6781135531135531
858,858,859,20,80.0,10400,4,2,7,5,1976,1976,189.0,3,3,4,3,1,1,0,1,0,1090,1090,2,1,4,1370,0,0,1370,0,0,2,0,3,1,3,6,7,479,2,0,0,0,0,0,0,2.0,0,0,6,2009,11.93164237875414,0,0,1,0,0,0,0,0,0,0,0,0,1,2.0,2,True,False,False,False,False,3.0,2.079441541679836,6,0,0,1,0,1,0,0,0,1,0,0,1,0,0,0,1,0,1,0,0,0,0,0,0,0,1,0,0,0,0,0,0,0,0,0,0,0,0,0,0,0,0,0,0,1,0,0,0,0,0,0,0,0,0,0,0,0,0,0,0,1,0,0,0,0,0,1,0,0,0,0,1,0,0,0,0,0,0,0,0,0,0,0,1,0,0,0,0,0,0,0,0,0,0,0,0,0,1,0,0,0,0,0,0,0,0,0,1,0,1,0,0,0,0,2460,1370,0,10,195.7142857142857,1,0,2.0,0.2857142857142857,14.0,1,9,33,33,0,0,2,0,0,0,0,0.0,0,24,35,9,15,0.5566842746850874
859,859,860,60,0.0,11029,4,2,6,7,1968,1984,220.0,3,3,3,3,2,4,619,1,0,435,1054,2,1,4,1512,1142,0,2654,1,0,2,1,4,1,4,9,7,619,2,0,65,0,0,222,0,0.0,0,0,8,2006,12.429220196836384,0,0,0,1,0,0,0,0,0,0,0,0,1,2.0,2,True,False,False,False,False,4.0,2.772588722239781,6,0,0,1,0,1,0,0,0,0,0,0,1,0,0,0,0,0,0,1,0,0,0,0,0,0,1,0,0,0,0,0,0,0,0,0,0,0,0,0,0,0,0,0,0,1,0,0,0,0,0,0,0,0,0,0,0,0,0,0,0,0,0,0,1,0,0,1,0,0,0,0,1,0,0,0,0,0,0,0,0,0,0,0,1,0,0,0,0,0,0,0,0,0,0,0,0,0,1,0,0,0,0,0,0,0,0,0,1,0,1,0,0,0,0,3708,3273,287,14,265.4,2,1,3.5,0.35,21.0,1,16,38,22,1,0,2,287,1,287,0,0.5867298578199052,1,27,42,9,15,0.7155567538420059
860,860,861,50,55.0,7642,4,2,7,8,1918,1998,0.0,4,3,3,3,1,1,0,1,0,912,912,3,1,4,912,514,0,1426,0,0,1,1,3,1,4,7,7,216,2,0,240,0,0,0,0,3.0,0,0,6,2007,12.154521423145216,0,0,0,1,0,0,0,0,0,0,0,0,1,2.0,1,False,False,False,False,True,4.0,2.772588722239781,6,0,0,1,0,1,0,0,0,1,0,0,1,0,0,0,0,0,1,0,0,0,0,0,0,0,1,0,0,0,0,0,0,0,0,0,0,1,0,0,0,0,0,0,0,0,0,0,0,0,0,0,0,0,0,0,0,0,0,0,0,0,0,0,0,0,0,1,0,0,0,0,1,0,0,0,0,0,0,0,0,0,0,0,0,0,0,0,0,0,0,1,0,0,0,0,0,0,0,0,0,0,0,0,0,0,1,0,0,0,0,0,0,0,0,2338,1426,240,11,178.25,2,1,1.5,0.1875,10.5,1,16,89,9,1,1,1,240,1,240,0,0.0,0,18,56,12,18,0.6096622488242839
861,861,862,190,75.0,11625,4,2,5,4,1965,1965,0.0,3,3,3,3,2,4,841,1,0,198,1039,4,1,4,1039,0,0,1039,1,0,1,1,3,1,3,6,7,504,2,0,0,0,0,0,0,0.0,0,0,4,2010,11.78676973513378,0,0,0,1,0,0,0,0,0,0,0,0,1,2.0,2,True,False,False,False,False,0.0,0.0,6,0,0,1,0,1,0,0,0,1,0,0,1,0,0,0,1,0,1,0,0,0,0,0,0,0,1,0,0,0,0,0,0,0,0,0,0,0,0,0,0,0,0,0,0,0,0,0,0,0,1,0,0,0,0,0,1,0,0,0,0,1,0,0,0,0,0,0,0,1,0,0,1,0,0,0,0,0,0,0,0,0,0,0,0,0,0,1,0,0,0,0,0,0,0,0,0,0,1,0,0,0,0,0,0,0,0,0,0,0,0,1,0,0,0,2078,1880,0,10,148.42857142857142,1,0,2.5,0.3571428571428571,12.5,1,9,45,45,0,0,2,0,0,0,0,0.8086538461538462,1,27,20,9,15,0.4997594997594997
862,862,863,20,81.0,9672,4,2,6,5,1984,1985,0.0,3,3,4,3,1,6,338,1,0,702,1040,2,1,4,1097,0,0,1097,0,0,2,0,3,1,3,6,7,480,2,0,0,0,0,0,0,3.0,0,0,5,2010,11.93164237875414,0,0,0,1,0,0,0,0,0,0,0,0,1,2.0,3,True,False,False,False,False,0.0,0.0,6,0,0,1,0,1,0,0,0,1,0,0,1,0,0,0,0,0,1,0,0,0,0,0,0,0,1,0,0,0,0,0,0,0,0,0,0,0,0,0,0,0,0,0,0,0,0,0,0,0,0,1,0,0,0,0,0,0,0,0,0,1,0,0,0,0,0,0,0,1,0,0,1,0,0,0,0,0,0,0,0,0,0,0,1,0,0,0,0,0,0,0,0,0,0,0,0,0,0,0,0,0,1,0,0,0,0,0,0,0,0,1,0,0,0,2137,1435,0,10,156.71428571428572,1,0,2.0,0.2857142857142857,12.0,1,9,26,25,1,0,3,0,0,0,0,0.3246878001921229,1,24,30,9,14,0.5130963517305893
863,863,864,20,70.0,7931,4,2,5,5,1959,1959,0.0,3,3,3,3,1,4,1148,1,0,0,1148,2,1,4,1148,0,0,1148,1,0,1,0,3,1,3,6,7,672,2,0,0,0,0,0,0,3.0,0,0,7,2009,11.794345471549745,0,0,0,1,0,0,0,0,0,0,0,0,1,2.0,2,True,False,False,False,False,0.0,0.0,6,0,0,1,0,1,0,0,0,1,0,0,1,0,0,0,1,0,1,0,0,0,0,0,0,0,1,0,0,0,0,0,0,0,0,0,0,0,0,0,0,0,0,1,0,0,0,0,0,0,0,0,0,0,0,0,0,0,0,0,0,1,0,0,0,0,0,0,0,1,0,0,1,0,0,0,0,0,0,0,0,1,0,0,0,0,0,0,0,0,0,0,0,0,0,0,0,0,0,0,0,0,1,0,0,0,0,0,0,0,1,0,0,0,0,2296,2296,0,10,164.0,1,0,2.0,0.2857142857142857,10.0,1,9,50,50,0,0,2,0,0,0,0,0.999129677980853,1,18,25,9,13,0.499782324771441
864,864,865,20,72.0,8640,4,2,7,5,2007,2008,0.0,4,3,5,3,1,1,0,1,0,1372,1372,4,1,4,1372,0,0,1372,0,0,2,0,3,1,4,6,7,529,2,0,140,0,0,0,0,0.0,0,0,5,2008,12.43153750053306,0,0,0,0,1,0,0,0,0,0,1,0,0,2.0,4,True,False,False,False,False,0.0,0.0,6,1,0,0,0,1,0,0,0,1,0,0,1,0,0,0,1,0,1,0,0,0,0,0,0,0,1,0,0,0,0,0,0,0,0,0,0,0,0,0,0,0,0,0,0,0,0,0,0,0,0,0,1,0,0,0,0,0,0,0,0,1,0,0,0,0,0,1,0,0,0,0,1,0,0,0,0,0,0,0,0,0,0,0,0,0,0,0,0,0,1,0,0,0,0,0,0,0,0,0,0,0,0,0,0,1,0,0,0,0,0,1,0,0,0,2744,1372,140,10,196.0,1,0,2.0,0.2857142857142857,14.0,1,16,1,0,1,1,4,140,1,140,0,0.0,0,30,35,12,19,0.4998178506375227
865,865,866,20,0.0,8750,4,2,5,6,1970,1970,76.0,3,3,3,3,1,4,828,1,0,174,1002,2,1,4,1002,0,0,1002,1,0,1,0,3,1,3,5,7,902,2,0,0,0,0,0,0,2.0,0,0,8,2009,11.908346971208951,0,0,0,1,0,0,0,0,0,0,0,0,1,2.0,2,False,False,False,False,True,0.0,0.0,6,0,0,1,0,1,0,0,0,0,0,0,1,0,0,0,1,0,1,0,0,0,0,0,0,0,1,0,0,0,0,0,0,0,0,0,0,0,0,0,0,0,0,1,0,0,0,0,0,0,0,0,0,0,0,0,0,0,0,0,0,1,0,0,0,0,0,1,0,0,0,0,1,0,0,0,0,0,0,0,0,0,0,0,0,0,1,0,0,0,0,0,0,0,0,0,0,0,0,0,1,0,0,0,0,0,0,0,1,0,1,0,0,0,0,2004,1830,0,9,167.0,1,0,2.0,0.3333333333333333,10.0,1,9,39,39,0,0,2,0,0,0,0,0.8255234297108675,1,18,30,9,13,0.4997506234413965
866,866,867,20,67.0,10656,4,2,8,5,2006,2007,274.0,4,3,4,3,3,1,0,1,0,1638,1638,4,1,4,1646,0,0,1646,0,0,2,0,3,1,4,6,7,870,2,192,80,0,0,0,0,0.0,0,0,11,2007,12.424810506025397,0,0,0,0,1,0,0,0,0,0,1,0,0,2.0,4,True,False,False,False,False,4.0,2.772588722239781,6,0,0,1,0,1,0,0,0,0,1,0,0,0,0,0,1,0,1,0,0,0,0,0,0,0,1,0,0,0,0,0,0,0,0,0,0,0,0,0,0,0,0,0,0,0,0,0,0,0,0,0,0,0,1,0,0,0,0,0,0,1,0,0,0,0,0,1,0,0,0,0,1,0,0,0,0,0,0,0,0,0,0,0,0,0,0,0,0,0,1,0,0,0,0,0,0,0,0,0,0,0,0,0,0,1,0,0,0,1,0,1,0,0,0,3284,1646,272,10,235.14285714285717,1,0,2.0,0.2857142857142857,16.0,1,16,1,0,1,1,4,80,1,272,0,0.0,0,48,40,12,20,0.5010654490106545
867,867,868,20,85.0,6970,4,2,4,5,1961,1961,0.0,3,3,3,3,1,5,932,1,0,108,1040,2,1,4,1120,0,0,1120,1,0,1,1,3,1,2,5,7,544,2,168,0,0,0,0,0,0.0,1,400,5,2007,11.767575435251748,0,0,0,1,0,0,0,0,0,0,0,0,1,2.0,2,True,False,False,False,False,0.0,0.0,6,0,0,1,0,1,0,0,0,1,0,0,1,0,0,0,0,1,0,0,0,0,0,0,0,0,1,0,0,0,0,0,0,0,0,0,0,0,0,0,0,0,0,0,0,0,0,0,0,0,1,0,0,0,0,0,0,0,0,0,0,1,0,0,0,0,0,1,0,0,0,0,1,0,0,0,0,0,0,0,0,0,0,0,0,0,0,0,0,0,1,0,0,0,0,0,0,0,0,0,0,0,0,0,0,1,0,0,0,0,1,0,0,0,0,2160,2052,168,9,186.66666666666663,1,0,2.5,0.4166666666666667,10.0,1,4,46,46,0,0,2,0,0,168,0,0.8952929875120077,1,18,20,9,11,0.5182785747339195
868,868,869,60,0.0,14762,4,2,5,6,1948,1950,0.0,3,3,0,0,0,0,0,0,0,0,0,3,1,4,1547,720,53,2320,0,0,2,0,2,1,3,7,7,672,1,120,144,0,0,0,0,0.0,0,0,5,2006,12.037659911047468,0,0,0,1,0,0,0,0,0,0,0,0,1,2.0,2,True,False,False,False,False,3.0,2.079441541679836,6,0,0,1,0,1,0,1,0,0,0,0,1,0,0,0,0,1,0,0,0,0,0,0,0,0,1,0,0,0,0,0,0,0,0,0,0,0,0,1,0,0,0,0,0,0,0,0,0,0,0,0,0,0,0,0,0,0,0,0,0,0,0,0,1,0,0,1,0,0,0,0,1,0,0,0,0,0,0,0,0,0,0,0,0,0,0,1,0,0,0,0,0,0,0,0,0,0,0,0,0,0,1,0,0,0,0,0,0,0,0,0,1,0,0,2267,2267,264,10,290.0,2,1,2.0,0.25,10.0,1,9,58,56,1,0,2,144,1,264,0,0.0,0,0,30,9,14,1.0229276895943562
869,869,870,60,80.0,9938,4,2,7,5,1993,1994,246.0,4,3,4,3,1,6,750,1,0,300,1050,4,1,4,1062,887,0,1949,1,0,2,1,3,1,4,8,7,574,2,156,90,0,0,0,0,3.0,0,0,6,2010,12.371591321286903,0,0,0,1,0,0,0,0,0,0,0,0,1,2.0,3,True,False,False,False,False,3.0,2.079441541679836,6,0,0,1,0,1,0,0,0,1,0,0,1,0,0,0,1,0,1,0,0,0,0,0,0,0,1,0,0,0,0,0,0,0,0,0,0,0,0,0,0,0,0,0,0,0,0,0,0,0,0,1,0,0,0,0,0,0,0,0,0,0,0,0,1,0,0,1,0,0,0,0,1,0,0,0,0,0,0,0,0,0,0,0,0,0,1,0,0,0,0,0,0,0,0,0,0,0,0,0,1,0,0,0,0,0,0,0,1,0,0,1,0,0,0,2999,2699,246,12,216.55555555555557,2,1,3.5,0.3888888888888889,24.5,1,16,17,16,1,0,3,90,1,246,0,0.7136060894386299,1,24,35,12,19,0.6496666666666666
870,870,871,20,60.0,6600,4,2,5,5,1962,1962,0.0,3,3,3,3,1,1,0,1,0,894,894,3,0,4,894,0,0,894,0,0,1,0,2,1,3,5,7,308,2,0,0,0,0,0,0,0.0,0,0,8,2009,11.603688960617085,0,0,0,1,0,0,0,0,0,0,0,0,1,2.0,2,False,False,False,False,True,0.0,0.0,6,0,0,1,0,1,0,0,0,1,0,0,1,0,0,0,1,0,0,0,1,0,0,0,0,0,1,0,0,0,0,0,0,0,0,0,0,0,0,0,0,0,0,1,0,0,0,0,0,0,0,0,0,0,0,0,0,0,0,0,0,1,0,0,0,0,0,0,0,1,0,0,1,0,0,0,0,0,0,0,0,0,0,0,0,0,1,0,0,0,0,0,0,0,0,0,0,0,0,0,1,0,0,0,0,0,0,0,0,0,1,0,0,0,0,1788,894,0,8,149.0,1,0,1.0,0.1666666666666666,5.0,1,9,47,47,0,0,2,0,0,0,0,0.0,0,18,25,9,14,0.499720514253773
871,871,872,60,70.0,8750,4,2,6,5,1998,1998,116.0,3,3,4,3,1,6,505,1,0,299,804,4,1,4,804,878,0,1682,0,0,2,1,3,1,4,7,7,523,2,0,77,0,0,0,0,0.0,0,0,6,2010,12.208574513247497,0,0,0,1,0,0,0,0,0,0,0,0,1,2.0,3,True,False,False,False,False,0.0,0.0,6,0,0,1,0,1,0,0,0,1,0,0,1,0,0,0,1,0,1,0,0,0,0,0,0,0,1,0,0,0,0,0,0,0,0,0,1,0,0,0,0,0,0,0,0,0,0,0,0,0,0,0,0,0,0,0,0,0,0,0,0,0,0,0,1,0,0,1,0,0,0,0,1,0,0,0,0,0,0,0,0,0,0,0,0,0,0,0,0,0,1,0,0,0,0,0,0,0,0,0,0,0,0,0,0,1,0,0,1,0,0,1,0,0,0,2486,2187,77,11,210.25,2,1,2.5,0.3125,15.0,1,16,12,12,0,0,3,77,1,77,0,0.6273291925465838,1,24,30,9,17,0.6763168476075593
872,872,873,20,74.0,8892,4,2,5,7,1953,1996,0.0,4,3,3,3,3,1,0,1,0,105,105,3,1,4,910,0,0,910,0,0,1,0,3,1,4,5,7,414,2,196,0,150,0,0,0,1.0,0,0,10,2008,11.661354090741,0,0,0,1,0,0,0,0,0,0,0,0,1,2.0,2,True,False,False,False,False,0.0,0.0,6,0,0,1,0,1,0,0,0,1,0,0,1,0,0,0,0,0,1,0,0,0,0,0,0,0,1,0,0,0,0,0,0,0,0,0,0,0,0,0,0,0,0,1,0,0,0,0,0,0,0,0,0,0,0,0,0,0,0,0,0,1,0,0,0,0,0,1,0,0,0,0,1,0,0,0,0,0,0,0,0,0,0,0,0,0,0,0,0,0,0,0,1,0,0,0,0,0,0,0,0,0,0,0,0,0,0,1,0,0,0,0,0,1,0,1015,910,346,9,151.66666666666666,1,0,1.0,0.1666666666666666,5.0,1,16,55,12,1,0,2,150,1,346,0,0.0,0,36,35,12,16,0.8956692913385826
873,873,874,40,60.0,12144,4,2,5,7,1949,1950,0.0,4,3,3,3,1,3,375,1,0,457,832,3,1,4,1036,0,232,1268,0,0,1,0,3,1,3,6,7,288,2,0,28,0,0,0,0,0.0,1,0,9,2009,11.798111925972618,0,0,0,1,0,0,0,0,0,0,0,0,1,2.0,1,True,False,False,False,False,4.0,2.772588722239781,6,0,0,1,0,1,0,0,0,1,0,0,1,0,0,0,1,0,1,0,0,0,0,0,0,0,1,0,0,0,0,0,0,0,0,0,0,0,0,0,0,0,0,1,0,0,0,0,0,0,0,0,0,0,0,0,0,0,0,0,0,1,0,0,0,0,0,1,0,0,0,0,1,0,0,0,0,0,0,0,0,0,0,0,1,0,0,0,0,0,0,0,0,0,0,0,0,0,1,0,0,0,0,0,0,0,0,0,0,0,1,0,0,0,0,1868,1411,28,10,181.14285714285717,1,0,1.0,0.1428571428571428,5.0,1,9,60,59,1,0,2,28,1,28,0,0.4501800720288115,1,18,35,12,15,0.6784376672017122
874,874,875,50,52.0,5720,4,2,5,6,1941,1950,0.0,3,3,3,3,1,1,0,1,0,676,676,4,1,4,676,455,0,1131,0,0,1,1,3,1,3,5,7,200,2,26,0,0,0,0,0,0.0,0,0,8,2009,11.104972264124868,0,0,0,0,0,0,0,0,0,0,0,0,1,2.0,1,False,False,False,False,True,0.0,0.0,6,0,0,0,1,1,0,0,0,1,0,0,1,0,0,0,1,0,0,0,0,0,0,0,0,0,1,0,0,0,0,0,0,0,0,0,0,0,0,0,0,0,0,0,0,0,0,0,1,0,0,0,0,0,0,0,0,0,0,0,0,0,0,0,0,0,0,1,0,0,0,0,1,0,0,0,0,0,0,0,0,0,0,0,0,0,0,0,0,0,0,1,0,0,0,0,0,0,0,0,0,0,0,0,0,0,1,0,0,0,1,0,0,0,0,1807,1131,26,9,188.5,2,1,1.5,0.25,7.5,1,9,68,59,1,0,1,0,0,26,0,0.0,0,18,30,9,15,0.6255530973451328
875,875,876,60,75.0,9000,4,2,8,5,2007,2007,0.0,4,3,4,3,3,6,64,1,0,1120,1184,4,1,4,1184,1426,0,2610,0,0,2,1,4,1,5,11,7,550,2,208,364,0,0,0,0,0.0,0,0,8,2007,12.623064399210184,0,0,0,0,1,0,0,0,0,0,1,0,0,2.0,4,False,False,True,False,False,4.0,2.772588722239781,6,1,0,0,0,1,0,0,0,1,0,0,1,0,0,0,1,0,1,0,0,0,0,0,0,0,1,0,0,0,0,0,0,0,0,0,0,0,0,0,0,0,0,0,0,0,0,0,0,0,0,0,1,0,0,0,0,0,0,0,0,0,0,0,1,0,0,1,0,0,0,0,1,0,0,0,0,0,0,0,0,0,0,1,0,0,0,0,0,0,0,0,0,0,0,0,0,1,0,0,0,0,0,0,0,0,0,0,0,0,0,1,0,0,0,3794,2674,572,16,217.5,2,1,2.5,0.2083333333333333,20.0,1,25,0,0,0,1,4,364,1,572,0,0.0540084388185654,1,48,40,12,21,0.6877470355731226
876,876,877,20,94.0,25286,4,1,4,5,1963,1963,0.0,3,3,3,3,4,5,633,1,0,431,1064,3,1,4,1040,0,0,1040,1,0,1,0,3,1,3,5,7,648,2,0,0,0,0,0,0,0.0,0,0,1,2007,11.792456911128632,0,0,0,1,0,0,0,0,0,0,0,0,1,2.0,2,True,False,False,False,False,0.0,0.0,6,0,0,1,0,1,0,0,0,1,1,0,0,0,0,0,1,0,1,0,0,0,0,0,0,0,1,0,0,0,0,0,0,0,0,0,0,0,0,0,0,0,1,0,0,0,0,0,0,0,0,0,0,0,0,0,0,0,0,0,0,1,0,0,0,0,0,1,0,0,0,0,1,0,0,0,0,0,0,0,0,0,0,0,1,0,0,0,0,0,0,0,0,0,0,0,0,0,0,0,0,0,1,0,0,0,0,0,0,0,0,1,0,0,0,2104,1673,0,9,173.33333333333334,1,0,2.0,0.3333333333333333,8.0,1,9,44,44,0,0,2,0,0,0,0,0.5943661971830986,1,45,20,9,13,0.4940617577197149
877,877,878,60,74.0,8834,4,2,9,5,2004,2005,216.0,4,3,5,3,1,6,1170,1,0,292,1462,4,1,4,1462,762,0,2224,1,0,2,1,4,1,5,10,7,738,2,184,0,0,0,0,0,0.0,0,0,6,2009,12.765691290604371,0,0,0,1,0,0,0,0,0,0,0,0,1,2.0,4,True,False,False,False,False,4.0,2.772588722239781,6,0,0,1,0,1,0,0,0,1,0,0,1,0,0,0,1,0,1,0,0,0,0,0,0,0,1,0,0,0,0,0,0,0,0,0,0,0,0,0,0,0,0,0,0,0,0,1,0,0,0,0,0,0,0,0,0,0,0,0,0,0,0,0,1,0,0,0,0,1,0,0,1,0,0,0,0,0,0,0,0,0,0,0,0,0,0,0,0,0,1,0,0,0,0,0,0,0,0,0,0,0,0,0,0,1,0,0,0,1,0,1,0,0,0,3686,3394,184,15,202.1818181818182,2,1,3.5,0.3181818181818182,31.5,1,25,5,4,1,1,4,0,0,184,0,0.7997265892002734,1,30,45,12,22,0.6032004339571467
878,878,879,85,88.0,11782,4,2,5,7,1961,1995,0.0,3,3,3,3,3,5,899,1,0,210,1109,2,1,4,1155,0,0,1155,1,0,1,0,3,1,4,6,5,576,2,192,0,0,0,0,0,2.0,1,400,6,2010,11.904974309480185,0,0,0,1,0,0,0,0,0,0,0,0,1,2.0,3,False,False,False,False,True,0.0,0.0,6,0,0,1,0,1,0,0,0,0,0,0,1,0,0,0,1,0,1,0,0,0,0,0,0,0,1,0,0,0,0,0,0,0,0,0,0,0,0,0,0,0,0,0,0,0,0,0,0,0,1,0,0,0,0,0,0,0,0,0,0,0,0,0,0,1,0,1,0,0,0,0,1,0,0,0,0,0,0,0,0,0,0,0,1,0,0,0,0,0,0,0,0,0,0,0,0,0,1,0,0,0,0,0,0,0,0,0,0,0,1,0,0,0,0,2264,2054,192,10,165.0,1,0,2.0,0.2857142857142857,10.0,1,16,49,15,1,0,2,0,0,192,0,0.80990990990991,1,36,35,9,14,0.5099337748344371
879,879,880,20,0.0,7000,4,2,5,8,1978,2005,90.0,4,4,3,3,1,5,646,1,0,218,864,4,1,4,864,0,0,864,1,0,1,0,3,1,3,6,7,336,2,0,0,0,0,0,0,1.0,0,0,7,2009,11.824087219587645,0,0,0,1,0,0,0,0,0,0,0,0,1,2.0,2,True,False,False,False,False,0.0,0.0,6,0,0,1,0,1,0,0,0,0,0,0,1,1,0,0,0,0,1,0,0,0,0,0,0,0,1,0,0,0,0,0,0,0,0,0,1,0,0,0,0,0,0,0,0,0,0,0,0,0,0,0,0,0,0,0,0,0,0,0,0,1,0,0,0,0,0,1,0,0,0,0,1,0,0,0,0,0,0,0,0,0,0,0,0,0,0,0,0,0,1,0,0,0,0,0,0,0,0,0,0,0,0,0,0,1,0,0,1,0,1,0,0,0,0,1728,1510,0,10,123.42857142857144,1,0,2.0,0.2857142857142857,10.0,1,9,31,4,1,1,2,0,0,0,0,0.7468208092485549,1,18,40,16,16,0.4997108155002892
880,880,881,20,60.0,7024,4,2,5,5,2005,2006,0.0,3,3,5,4,1,5,980,1,0,110,1090,3,1,4,1090,0,0,1090,1,0,1,1,2,1,3,5,7,450,2,0,49,0,0,0,0,0.0,0,0,6,2007,11.964007453736912,0,0,0,1,0,0,0,0,0,0,0,0,1,2.0,4,True,False,False,False,False,0.0,0.0,6,0,0,1,0,1,0,0,0,1,0,0,1,0,0,0,1,0,1,0,0,0,0,0,0,0,1,0,0,0,0,0,0,0,0,0,0,0,1,0,0,0,0,0,0,0,0,0,0,0,0,0,0,0,0,0,0,0,0,0,0,1,0,0,0,0,0,1,0,0,0,0,1,0,0,0,0,0,0,0,0,0,0,0,0,0,0,0,0,0,1,0,0,0,0,0,0,0,0,0,0,0,0,0,0,1,0,0,0,0,0,1,0,0,0,2180,2070,49,8,181.66666666666663,1,0,2.5,0.4166666666666667,12.5,1,9,2,1,1,1,4,49,1,49,0,0.8982584784601283,1,40,25,9,14,0.4997707473635946
881,881,882,50,44.0,13758,4,2,7,5,1990,1991,117.0,4,4,4,3,2,2,902,1,0,254,1156,4,1,4,1187,530,0,1717,0,0,2,1,3,1,4,7,7,400,2,168,36,0,0,0,0,0.0,0,0,4,2007,12.141539457711714,0,0,0,1,0,0,0,0,0,0,0,0,1,2.0,3,True,False,False,False,False,3.0,2.079441541679836,6,0,0,1,0,1,0,0,0,0,0,0,1,1,0,0,0,0,1,0,0,0,0,0,0,0,1,0,0,0,0,0,0,0,0,0,0,0,0,0,0,0,0,0,0,0,0,0,0,0,0,0,0,0,1,0,0,0,0,0,0,0,0,0,0,0,0,1,0,0,0,0,1,0,0,0,0,0,0,0,0,0,0,0,1,0,0,0,0,0,0,0,0,0,0,0,0,0,1,0,0,0,0,0,0,0,0,0,1,0,1,0,0,0,0,2873,2619,204,11,214.625,2,1,2.5,0.3125,17.5,1,16,17,16,1,0,3,36,1,204,0,0.7796024200518582,1,36,35,16,19,0.5974251913709117
882,882,883,60,0.0,9636,4,2,6,5,1992,1993,0.0,3,3,4,3,1,1,0,1,0,808,808,3,1,4,808,785,0,1593,0,0,2,1,3,1,3,7,7,389,2,342,40,0,0,0,0,2.0,0,0,12,2009,12.08954444723597,0,0,0,1,0,0,0,0,0,0,0,0,1,2.0,3,False,False,True,False,False,3.0,2.079441541679836,6,0,0,1,0,1,0,0,0,0,0,0,1,0,0,0,0,0,1,0,0,0,0,0,0,0,1,0,0,0,0,0,0,0,0,0,0,0,0,1,0,0,0,0,0,0,0,0,0,0,0,0,0,0,0,0,0,0,0,0,0,0,0,0,1,0,0,1,0,0,0,0,1,0,0,0,0,0,0,0,0,0,0,0,0,0,0,0,0,0,1,0,0,0,0,0,0,0,0,0,0,0,0,0,0,1,0,0,0,0,0,1,0,0,0,2401,1593,382,11,199.125,2,1,2.5,0.3125,15.0,1,9,17,16,1,0,3,40,1,382,0,0.0,0,24,30,9,15,0.6631973355537052
883,883,884,75,60.0,6204,4,2,4,5,1912,1950,0.0,4,3,3,2,1,1,0,1,0,795,795,2,0,4,954,795,481,2230,1,0,1,0,5,1,3,10,7,440,2,0,188,0,0,0,0,0.0,0,0,3,2006,11.682676678340282,0,0,0,1,0,0,0,0,0,0,0,0,1,2.5,3,False,False,False,False,True,0.0,0.0,6,0,0,1,0,1,0,0,0,1,0,0,0,0,0,0,1,0,1,0,0,0,0,0,0,0,1,0,0,0,0,0,0,0,0,0,0,0,0,0,0,0,0,0,0,0,0,0,0,1,0,0,0,0,0,0,0,0,0,0,0,0,1,0,0,0,0,1,0,0,0,0,1,0,0,0,0,0,0,0,0,0,0,0,0,0,0,0,0,0,0,1,0,0,0,0,0,0,0,0,0,0,0,0,0,0,1,0,0,0,0,1,0,0,0,2544,1749,188,16,202.72727272727272,2,1,2.0,0.1818181818181818,8.0,1,9,94,56,1,0,1,188,1,188,0,0.0,0,12,20,12,13,0.8762278978388998
884,884,885,20,65.0,7150,4,2,5,5,1967,1967,60.0,3,3,3,3,1,4,432,1,0,460,892,2,1,4,892,0,0,892,0,0,1,0,3,1,3,5,7,288,2,0,0,0,0,0,0,1.0,0,0,7,2009,11.51293546492023,0,0,0,1,0,0,0,0,0,0,0,0,1,2.0,2,True,False,False,False,False,0.0,0.0,6,0,0,1,0,1,0,0,0,1,0,0,1,0,0,0,1,0,1,0,0,0,0,0,0,0,1,0,0,0,0,0,0,0,0,0,0,0,0,0,0,0,0,1,0,0,0,0,0,0,0,0,0,0,0,0,0,0,0,0,0,1,0,0,0,0,0,1,0,0,0,0,1,0,0,0,0,0,0,0,0,0,0,0,1,0,0,0,0,0,0,0,0,0,0,0,0,0,1,0,0,0,0,0,0,0,0,0,1,0,1,0,0,0,0,1784,1324,0,9,148.66666666666666,1,0,1.0,0.1666666666666666,5.0,1,9,42,42,0,0,2,0,0,0,0,0.4837625979843225,1,18,25,9,13,0.4997198879551821
885,885,886,120,50.0,5119,4,2,9,5,1999,2000,60.0,4,3,5,3,3,6,1238,1,0,460,1698,4,1,4,1709,0,0,1709,1,0,2,0,2,1,4,5,7,506,2,97,65,0,0,0,0,0.0,0,0,1,2008,12.70351207261035,0,0,0,0,0,1,0,0,0,0,0,0,0,2.0,3,True,False,False,False,False,3.0,2.079441541679836,6,1,0,0,0,1,0,0,0,0,0,0,1,1,0,0,0,0,1,0,0,0,0,0,0,0,1,0,0,0,0,0,0,0,0,0,0,0,0,0,0,0,0,0,0,0,0,0,0,0,0,0,1,0,0,0,0,0,0,1,0,1,0,0,0,0,0,1,0,0,0,0,1,0,0,0,0,0,0,0,0,0,0,0,0,0,1,0,0,0,0,0,0,0,0,0,0,0,0,0,1,0,0,0,0,0,0,0,1,0,0,1,0,0,0,3407,2947,162,8,284.8333333333333,1,0,3.0,0.5,27.0,1,16,9,8,1,1,4,65,1,162,0,0.7286639199529135,1,60,45,12,21,0.5014671361502347
886,886,887,90,70.0,8393,4,2,5,5,1959,2005,122.0,3,3,3,3,1,2,528,1,0,1098,1626,4,1,4,1712,0,0,1712,0,0,2,0,4,2,3,8,7,588,2,272,54,0,0,0,0,0.0,0,0,6,2006,11.884495917930655,0,0,1,0,0,0,0,0,0,0,0,0,1,2.0,4,True,False,False,False,False,0.0,0.0,6,0,0,1,0,1,0,0,0,1,0,0,1,0,0,0,0,0,1,0,0,0,0,0,0,0,1,0,0,0,0,0,0,0,0,0,0,0,0,0,0,0,0,1,0,0,0,0,0,0,0,0,0,0,0,0,0,1,0,0,0,1,0,0,0,0,0,1,0,0,0,0,1,0,0,0,0,0,0,0,0,0,0,0,0,0,1,0,0,0,0,0,0,0,0,0,0,0,0,0,1,0,0,0,0,0,0,0,1,0,1,0,0,0,0,3338,2240,326,14,190.22222222222223,1,0,2.0,0.2222222222222222,10.0,2,9,47,1,1,1,2,54,1,326,0,0.3245236631837738,1,18,25,9,15,0.5127283617849656
887,887,888,50,59.0,16466,4,2,5,7,1955,1955,0.0,3,4,3,3,1,1,0,1,0,816,816,2,1,4,872,521,0,1393,0,0,1,1,3,1,3,8,7,300,2,121,0,0,0,265,0,0.0,0,0,4,2008,11.81673429934846,0,0,0,1,0,0,0,0,0,0,0,0,1,2.0,2,True,False,False,False,False,0.0,0.0,6,0,0,1,0,1,0,0,0,0,0,0,1,0,0,0,1,0,1,0,0,0,0,0,0,0,1,0,0,0,0,0,0,0,0,0,0,0,1,0,0,0,0,0,0,0,0,0,0,0,0,0,0,0,0,0,0,0,0,0,0,0,0,0,0,0,0,1,0,0,0,0,1,0,0,0,0,0,0,0,0,0,0,0,0,0,1,0,0,0,0,0,0,0,0,0,0,0,0,0,1,0,0,0,0,0,0,0,0,0,0,1,0,0,0,2209,1393,386,12,154.77777777777777,2,1,1.5,0.1666666666666666,7.5,1,9,53,53,0,0,2,265,1,386,0,0.0,0,18,35,12,13,0.630316742081448
888,888,889,20,95.0,15865,4,1,8,6,1970,1970,0.0,4,4,3,4,4,5,351,3,823,1043,2217,4,1,4,2217,0,0,2217,1,0,2,0,4,1,4,8,7,621,2,81,207,0,0,224,0,0.0,0,0,10,2007,12.498745990829317,0,0,0,1,0,0,0,0,0,0,0,0,1,2.0,2,True,False,False,False,False,3.0,2.079441541679836,6,0,0,1,0,1,0,0,0,0,0,0,1,0,0,0,1,0,1,0,0,0,0,0,0,0,1,0,0,0,0,0,0,0,0,0,0,0,0,0,0,0,0,1,0,0,0,0,0,0,0,0,0,0,0,0,0,0,0,0,0,1,0,0,0,0,0,0,0,0,0,0,0,0,0,0,1,0,0,0,0,0,0,0,0,0,0,0,0,0,0,1,0,0,0,0,0,0,0,0,0,0,0,0,0,0,1,0,0,0,0,1,0,0,0,4434,3391,512,13,246.33333333333331,1,0,3.0,0.3333333333333333,24.0,1,16,37,37,0,0,2,431,1,512,0,0.5293056807935077,1,60,48,16,20,0.4998872604284103
889,889,890,20,128.0,12160,4,2,6,4,1953,1953,90.0,3,3,3,3,1,4,1024,1,0,481,1505,4,1,4,1505,0,0,1505,1,0,1,0,2,1,3,6,7,505,2,0,0,0,162,0,0,0.0,0,0,2,2009,11.91505836075372,0,0,0,1,0,0,0,0,0,0,0,0,1,2.0,2,True,False,False,False,False,3.0,2.079441541679836,6,0,0,1,0,1,0,0,0,1,0,0,1,0,0,0,1,1,0,0,0,0,0,0,0,0,1,0,0,0,0,0,0,0,0,0,0,0,0,0,0,0,0,1,0,0,0,0,0,0,0,0,0,0,0,0,0,0,0,0,0,1,0,0,0,0,0,0,0,1,0,0,1,0,0,0,0,0,0,0,0,0,0,0,0,0,0,0,0,0,0,1,0,0,0,0,0,0,0,0,0,0,0,0,0,0,1,0,1,0,1,0,0,0,0,3010,2529,162,9,215.0,1,0,2.0,0.2857142857142857,12.0,1,9,56,56,0,0,2,162,1,162,0,0.6799468791500664,1,18,24,9,16,0.4998339422118897
890,890,891,50,60.0,8064,4,2,5,7,1949,2006,0.0,3,4,3,3,2,1,0,1,0,672,672,4,1,4,672,252,0,924,0,0,1,0,3,1,3,6,7,576,2,0,0,0,0,0,0,2.0,1,2000,7,2007,11.719134432217524,0,0,0,1,0,0,0,0,0,0,0,0,1,2.0,4,False,False,False,False,True,1.0,0.6931471805599453,6,0,0,1,0,1,0,0,0,1,0,0,1,0,0,0,0,0,0,0,0,0,0,0,0,0,1,0,0,0,0,0,0,0,0,0,0,0,0,0,0,0,0,1,0,0,0,0,0,0,0,0,0,0,0,0,0,0,0,0,0,0,0,0,0,0,0,1,0,0,0,0,1,0,0,0,0,0,0,0,0,0,0,0,0,0,1,0,0,0,0,0,0,0,0,0,0,0,0,0,1,0,0,0,0,0,0,0,0,0,1,0,0,0,0,1596,924,0,10,132.0,2,1,1.0,0.1428571428571428,5.0,1,9,58,1,1,1,2,0,0,0,0,0.0,0,27,35,12,15,0.5785848465873513
891,891,892,60,70.0,11184,4,2,6,5,1978,1978,92.0,3,3,3,3,1,2,226,3,500,192,918,3,1,4,918,765,0,1683,0,0,2,1,3,1,3,7,7,440,2,243,0,0,0,0,0,0.0,0,0,7,2009,12.058158312538197,0,0,0,1,0,0,0,0,0,0,0,0,1,2.0,2,True,False,False,False,False,3.0,2.079441541679836,6,0,0,1,0,1,0,0,0,1,0,0,1,0,0,0,1,0,1,0,0,0,0,0,0,0,1,0,0,0,0,0,0,0,0,0,0,0,0,0,0,0,0,0,0,0,0,0,0,0,1,0,0,0,0,0,0,0,0,0,0,0,0,0,1,0,0,0,0,1,0,0,1,0,0,0,0,0,0,0,0,0,0,0,1,0,0,0,0,0,0,0,0,0,0,0,0,0,1,0,0,0,0,0,0,0,0,0,1,0,1,0,0,0,0,2601,2409,243,11,210.375,2,1,2.5,0.3125,15.0,1,9,31,31,0,0,2,0,0,243,0,0.7899891186071817,1,18,30,9,15,0.6468101460415066
892,892,893,20,70.0,8414,4,2,6,8,1963,2003,0.0,3,3,3,3,1,6,663,1,0,396,1059,2,1,4,1068,0,0,1068,0,1,1,0,3,1,3,6,7,264,2,192,0,0,0,0,0,2.0,0,0,2,2006,11.9479558477909,0,0,0,1,0,0,0,0,0,0,0,0,1,2.0,2,True,False,False,False,False,0.0,0.0,6,0,0,1,0,1,0,0,0,1,0,0,1,0,0,0,1,0,1,0,0,0,0,0,0,0,1,0,0,0,0,0,0,0,0,0,0,0,0,0,0,0,0,0,0,0,0,0,0,0,1,0,0,0,0,0,0,0,0,0,0,1,0,0,0,0,0,0,0,1,0,0,1,0,0,0,0,0,0,0,0,0,0,0,1,0,0,0,0,0,0,0,0,0,0,0,0,0,1,0,0,0,0,0,0,0,0,0,0,0,1,0,0,0,0,2127,1731,192,10,152.57142857142858,1,0,1.5,0.2142857142857142,9.0,1,9,43,3,1,1,2,0,0,192,0,0.6254716981132076,1,18,48,9,14,0.5018796992481203
893,893,894,20,0.0,13284,4,2,5,5,1954,1954,0.0,3,3,4,3,2,4,1064,1,0,319,1383,2,1,4,1383,0,0,1383,1,0,1,0,3,1,3,6,7,354,2,511,116,0,0,0,0,3.0,0,0,6,2008,12.013706813470414,0,0,0,1,0,0,0,0,0,0,0,0,1,2.0,2,True,False,False,False,False,4.0,2.772588722239781,6,0,0,1,0,1,0,0,0,1,0,0,1,0,0,0,1,0,0,0,1,0,0,0,0,0,1,0,0,0,0,0,0,0,0,0,0,0,0,0,0,0,0,0,0,0,0,0,0,0,1,0,0,0,0,0,0,0,0,0,0,1,0,0,0,0,0,1,0,0,0,0,1,0,0,0,0,0,0,0,0,0,0,0,0,0,0,0,0,0,0,1,0,0,0,0,0,0,0,0,0,0,1,0,0,0,0,0,0,0,0,1,0,0,0,2766,2447,627,10,197.57142857142856,1,0,2.0,0.2857142857142857,10.0,1,9,54,54,0,0,2,116,1,627,0,0.7687861271676301,1,36,25,9,13,0.499819298879653
894,894,895,90,64.0,7018,4,2,5,5,1979,1979,0.0,3,3,0,0,0,0,0,0,0,0,0,2,1,4,1535,0,0,1535,0,0,2,0,4,2,3,8,7,400,2,0,0,0,0,0,0,0.0,0,0,6,2009,11.685693195625964,0,1,0,0,0,0,0,0,0,0,0,0,1,2.0,2,True,False,False,False,False,0.0,0.0,6,0,0,1,0,1,0,0,0,1,0,0,0,0,0,0,1,0,1,0,0,0,0,0,0,0,1,0,0,0,0,0,0,0,0,0,0,0,0,0,0,0,0,0,0,0,0,0,0,0,0,1,0,0,0,0,0,1,0,0,0,1,0,0,0,0,0,1,0,0,0,0,1,0,0,0,0,0,0,0,0,0,0,0,0,0,0,1,0,0,0,0,0,0,0,0,0,0,0,0,0,0,1,0,0,0,0,0,0,0,0,0,1,0,0,1535,1535,0,14,170.55555555555554,1,0,2.0,0.2222222222222222,10.0,2,9,30,30,0,0,3,0,0,0,0,0.0,0,0,25,9,13,0.9993489583333334
895,895,896,60,71.0,7056,4,2,6,5,1963,1963,415.0,3,3,3,3,1,4,400,1,0,380,780,2,1,4,983,813,0,1796,1,0,1,1,4,1,3,8,7,483,2,0,50,0,0,0,0,0.0,0,0,10,2008,11.849404844423074,0,0,0,1,0,0,0,0,0,0,0,0,1,2.0,2,True,False,False,False,False,3.0,2.079441541679836,6,0,0,1,0,1,0,0,0,1,0,0,1,0,0,0,1,0,1,0,0,0,0,0,0,0,1,0,0,0,0,0,0,0,0,0,0,0,0,0,0,0,0,1,0,0,0,0,0,0,0,0,0,0,0,0,0,0,0,0,0,0,0,0,1,0,0,0,0,1,0,0,1,0,0,0,0,0,0,0,0,0,0,0,1,0,0,0,0,0,0,0,0,0,0,0,0,0,1,0,0,0,0,0,0,0,0,0,1,0,1,0,0,0,0,2576,2196,50,13,199.55555555555557,2,1,2.5,0.2777777777777778,15.0,1,9,45,45,0,0,2,50,1,50,0,0.5121638924455826,1,18,30,9,14,0.6969344198680636
896,896,897,30,50.0,8765,4,2,4,6,1936,1950,0.0,3,3,3,3,1,5,285,1,0,666,951,4,0,4,951,0,0,951,0,0,1,0,2,1,3,6,7,327,2,0,28,0,0,0,0,0.0,0,0,4,2006,11.575909653758895,0,0,0,0,0,0,0,0,0,0,0,0,1,2.0,1,False,False,False,False,True,0.0,0.0,6,0,0,0,1,1,0,0,0,1,0,0,1,0,0,0,1,0,1,0,0,0,0,0,0,0,1,0,0,0,0,0,0,0,0,0,0,0,0,0,1,0,0,0,0,0,0,0,0,0,0,0,0,0,0,0,0,0,0,0,0,1,0,0,0,0,0,1,0,0,0,0,1,0,0,0,0,0,0,0,0,0,0,0,0,0,0,0,0,0,0,1,0,0,0,0,0,0,0,0,0,0,0,0,0,0,1,0,0,0,0,0,0,0,0,1902,1236,28,9,135.85714285714286,1,0,1.0,0.1428571428571428,4.0,1,9,70,56,1,0,1,28,1,28,0,0.2993697478991596,1,18,24,9,14,0.4997372569626905
897,897,898,90,64.0,7018,4,2,5,5,1979,1979,0.0,3,3,0,0,0,0,0,0,0,0,0,2,1,4,1120,1120,0,2240,0,0,2,0,6,2,3,12,7,528,2,154,0,0,0,0,0,0.0,0,0,6,2009,11.870278179170796,0,1,0,0,0,0,0,0,0,0,0,0,1,2.0,2,False,False,False,False,True,0.0,0.0,6,0,0,1,0,1,0,0,0,1,0,0,1,0,0,0,1,1,0,0,0,0,0,0,0,0,1,0,0,0,0,0,0,0,0,0,0,0,0,0,0,0,0,0,0,0,0,0,0,0,0,1,0,0,0,0,0,1,0,0,0,0,0,0,1,0,0,1,0,0,0,0,1,0,0,0,0,0,0,0,0,0,0,0,0,0,0,1,0,0,0,0,0,0,0,0,0,0,0,0,0,0,1,0,0,0,0,0,0,0,0,0,1,0,0,2240,2240,154,20,172.30769230769232,2,1,2.0,0.1538461538461538,10.0,2,9,30,30,0,0,3,0,0,154,0,0.0,0,0,25,9,13,0.999553770638108
898,898,899,20,100.0,12919,4,2,9,5,2009,2010,760.0,5,3,5,3,4,6,2188,1,0,142,2330,4,1,4,2364,0,0,2364,1,0,2,1,2,1,5,11,7,820,2,0,67,0,0,0,0,0.0,0,0,3,2010,13.323928581764989,0,0,0,0,1,0,0,0,0,0,1,0,0,2.0,4,True,False,False,False,False,4.0,4.394449154672439,6,0,0,1,0,1,0,0,0,0,0,0,1,0,0,0,1,0,1,0,0,0,0,0,0,0,1,0,0,0,0,0,0,0,0,0,0,0,0,0,0,0,0,0,0,0,0,1,0,0,0,0,0,0,0,0,0,0,0,0,0,1,0,0,0,0,0,0,0,1,0,0,1,0,0,0,0,0,0,0,0,0,0,0,0,0,0,0,0,0,1,0,0,0,0,0,0,0,0,0,0,0,0,0,0,1,0,0,0,1,0,1,0,0,0,4694,4552,67,14,197.0,1,0,3.5,0.2916666666666667,31.5,1,25,1,0,1,1,4,67,1,67,0,0.9386529386529386,1,75,45,15,23,0.5035143769968051
899,899,900,20,65.0,6993,4,2,5,7,1961,1994,0.0,3,3,3,3,1,4,465,1,0,447,912,2,1,4,1236,0,0,1236,0,0,1,0,3,1,3,6,7,288,2,0,0,0,0,0,0,0.0,0,0,6,2006,11.81303746480054,0,0,0,1,0,0,0,0,0,0,0,0,1,2.0,2,True,False,False,False,False,3.0,2.079441541679836,6,0,0,1,0,1,0,0,0,1,0,0,1,0,0,0,1,1,0,0,0,0,0,0,0,0,1,0,0,0,0,0,0,0,0,0,0,0,0,0,0,0,0,0,0,0,0,0,0,0,1,0,0,0,0,0,0,0,0,0,0,1,0,0,0,0,0,1,0,0,0,0,1,0,0,0,0,0,0,0,0,0,0,0,1,0,0,0,0,0,0,0,0,0,0,0,0,0,0,0,0,0,1,0,0,0,0,0,0,0,1,0,0,0,0,2148,1701,0,10,176.57142857142858,1,0,1.0,0.1428571428571428,5.0,1,9,45,12,1,0,2,0,0,0,0,0.5093099671412924,1,18,35,9,13,0.5751512331316891
900,900,901,20,0.0,7340,4,2,4,6,1971,1971,0.0,3,3,3,3,1,5,322,1,0,536,858,2,1,4,858,0,0,858,0,0,1,0,2,1,3,4,7,684,2,0,0,0,0,0,0,0.0,0,0,6,2007,11.60824473564232,0,0,0,1,0,0,0,0,0,0,0,0,1,2.0,2,False,False,False,False,True,0.0,0.0,6,0,0,1,0,1,0,0,0,0,0,0,1,0,0,0,1,0,1,0,0,0,0,0,0,0,1,0,0,0,0,0,0,0,0,0,0,0,0,0,0,0,0,1,0,0,0,0,0,0,0,0,0,0,0,0,0,0,0,0,0,1,0,0,0,0,0,1,0,0,0,0,1,0,0,0,0,0,0,0,0,0,0,0,1,0,0,0,0,0,0,0,0,0,0,0,0,0,1,0,0,0,0,0,0,0,0,0,0,0,1,0,0,0,0,1716,1180,0,7,171.6,1,0,1.0,0.2,4.0,1,9,36,36,0,0,2,0,0,0,0,0.3748544819557625,1,18,24,9,12,0.4997087944088526
901,901,902,20,64.0,8712,4,2,5,7,1957,2000,0.0,3,4,3,3,2,4,860,1,0,132,992,2,1,4,1306,0,0,1306,1,0,1,0,2,1,3,5,7,756,2,0,0,0,0,0,0,0.0,0,0,5,2009,11.938199736300923,0,0,0,1,0,0,0,0,0,0,0,0,1,2.0,2,False,False,False,False,True,0.0,0.0,6,0,0,1,0,1,0,0,0,0,0,0,1,0,0,0,1,0,1,0,0,0,0,0,0,0,1,0,0,0,0,0,0,0,0,0,0,0,0,0,0,0,0,1,0,0,0,0,0,0,0,0,0,0,0,0,0,0,0,0,0,1,0,0,0,0,0,0,0,1,0,0,1,0,0,0,0,0,0,0,0,0,0,0,0,0,1,0,0,0,0,0,0,0,0,0,0,0,0,0,1,0,0,0,0,0,0,0,0,0,1,0,0,0,0,2298,2166,0,8,217.66666666666663,1,0,2.0,0.3333333333333333,10.0,1,9,52,9,1,1,2,0,0,0,0,0.8660624370594159,1,27,35,12,13,0.5680730752501087
902,902,903,60,63.0,7875,4,2,7,5,2003,2003,0.0,4,3,4,3,1,1,0,1,0,783,783,4,1,4,807,702,0,1509,0,0,2,1,3,1,4,8,7,393,2,0,75,0,0,0,0,0.0,0,0,7,2006,12.100717685412471,0,0,0,1,0,0,0,0,0,0,0,0,1,2.0,4,True,False,False,False,False,4.0,2.772588722239781,6,0,0,1,0,1,0,0,0,1,0,0,1,0,0,0,1,0,1,0,0,0,0,0,0,0,1,0,0,0,0,0,0,0,0,0,0,0,0,1,0,0,0,0,0,0,0,0,0,0,0,0,0,0,0,0,0,0,0,0,0,0,0,0,1,0,0,1,0,0,0,0,1,0,0,0,0,0,0,0,0,0,0,0,0,0,0,0,0,0,1,0,0,0,0,0,0,0,0,0,0,0,0,0,0,1,0,0,0,0,0,1,0,0,0,2292,1509,75,12,167.66666666666666,2,1,2.5,0.2777777777777778,17.5,1,16,3,3,0,1,4,75,1,75,0,0.0,0,24,35,12,19,0.6580898386393371
903,903,904,20,50.0,14859,4,2,7,5,2006,2006,27.0,4,3,4,3,1,1,0,1,0,1670,1670,4,1,4,1670,0,0,1670,0,0,2,0,3,1,4,7,7,690,2,144,60,0,0,0,0,0.0,0,0,8,2006,12.388398368982116,0,0,0,0,1,0,0,0,0,0,1,0,0,2.0,4,True,False,False,False,False,4.0,2.772588722239781,6,0,0,1,0,1,0,0,0,0,1,0,0,1,0,0,0,0,1,0,0,0,0,0,0,0,1,0,0,0,0,0,0,0,0,0,0,0,0,1,0,0,0,0,0,0,0,0,0,0,0,0,0,0,0,0,0,0,0,0,0,1,0,0,0,0,0,0,0,1,0,0,1,0,0,0,0,0,0,0,0,0,0,0,0,0,0,0,0,0,1,0,0,0,0,0,0,0,0,0,0,0,0,0,0,1,0,0,1,0,0,1,0,0,0,3340,1670,204,11,208.75,1,0,2.0,0.25,14.0,1,16,0,0,0,1,4,60,1,204,0,0.0,0,24,35,12,19,0.4998503442083208
904,904,905,20,0.0,6173,4,2,5,6,1967,1967,75.0,3,3,3,3,1,6,599,1,0,277,876,2,1,4,902,0,0,902,0,0,1,0,3,1,3,6,7,288,2,0,0,0,0,0,0,2.0,0,0,8,2007,11.74006900564972,0,0,0,1,0,0,0,0,0,0,0,0,1,2.0,2,True,False,False,False,False,0.0,0.0,6,0,0,1,0,1,0,0,0,0,0,0,1,0,0,0,1,0,1,0,0,0,0,0,0,0,1,0,0,0,0,0,0,0,0,0,0,0,0,0,0,0,0,0,0,0,0,0,0,0,1,0,0,0,0,0,0,0,0,0,0,1,0,0,0,0,0,1,0,0,0,0,1,0,0,0,0,0,0,0,0,0,0,0,1,0,0,0,0,0,0,0,0,0,0,0,0,0,0,0,0,0,0,0,0,0,1,0,1,0,1,0,0,0,0,1778,1501,0,10,128.85714285714286,1,0,1.0,0.1428571428571428,5.0,1,9,40,40,0,0,2,0,0,0,0,0.6830102622576967,1,18,30,9,13,0.507026419336706
905,905,906,20,80.0,9920,4,2,5,5,1954,1954,110.0,3,3,3,3,1,3,354,2,290,412,1056,2,1,4,1063,0,0,1063,1,0,1,0,3,1,3,6,7,280,2,0,0,164,0,0,0,2.0,0,0,2,2010,11.759793355371237,0,0,0,1,0,0,0,0,0,0,0,0,1,2.0,2,True,False,False,False,False,0.0,0.0,6,0,0,1,0,1,0,0,0,1,0,0,1,0,0,0,1,0,1,0,0,0,0,0,0,0,1,0,0,0,0,0,0,0,0,0,0,0,0,0,0,0,0,1,0,0,0,0,0,0,0,0,0,0,0,0,0,0,0,0,0,1,0,0,0,0,0,1,0,0,0,0,1,0,0,0,0,0,0,0,0,0,0,0,1,0,0,0,0,0,0,0,0,0,0,0,0,0,1,0,0,0,0,0,0,0,0,0,0,1,1,0,0,0,0,2119,1707,164,10,151.85714285714286,1,0,2.0,0.2857142857142857,10.0,1,9,56,56,0,0,2,164,1,164,0,0.609271523178808,1,18,25,9,13,0.5014150943396226
906,906,907,20,116.0,13501,4,2,8,5,2006,2006,208.0,4,3,4,3,1,6,63,1,0,1560,1623,4,1,4,1636,0,0,1636,1,0,2,0,3,1,4,8,7,865,2,0,60,0,0,0,0,0.0,0,0,6,2007,12.449022745701502,0,0,0,1,0,0,0,0,0,0,0,0,1,2.0,4,True,False,False,False,False,4.0,2.772588722239781,6,0,0,1,0,1,0,0,0,0,0,0,1,0,0,0,0,0,1,0,0,0,0,0,0,0,1,0,0,0,0,0,0,0,0,0,0,0,0,0,0,0,0,0,0,0,0,0,0,0,0,0,1,0,0,0,0,0,0,0,0,1,0,0,0,0,0,1,0,0,0,0,1,0,0,0,0,0,0,0,0,0,0,0,0,0,0,0,0,0,1,0,0,0,0,0,0,0,0,0,0,0,0,0,0,1,0,0,0,1,0,1,0,0,0,3259,1699,60,12,181.77777777777777,1,0,3.0,0.3333333333333333,24.0,1,16,1,1,0,1,4,60,1,60,0,0.0387931034482758,1,24,40,12,20,0.501840490797546
907,907,908,50,86.0,11500,4,2,7,7,1936,1987,0.0,4,3,4,3,1,3,223,1,0,794,1017,3,1,4,1020,1037,0,2057,0,0,1,1,3,1,4,6,7,180,2,0,0,0,0,322,0,0.0,0,0,6,2006,12.429220196836384,0,0,0,1,0,0,0,0,0,0,0,0,1,2.0,1,True,False,False,False,False,4.0,2.772588722239781,6,0,0,1,0,1,0,0,0,0,0,0,1,0,0,0,1,0,1,0,0,0,0,0,0,0,1,0,0,0,0,0,0,0,0,0,0,1,0,0,0,0,0,0,0,0,0,0,0,0,0,0,0,0,0,0,0,0,0,0,0,0,0,0,0,0,0,1,0,0,0,0,1,0,0,0,0,0,0,0,0,1,0,0,0,0,0,0,0,0,0,0,0,0,0,1,0,0,0,0,0,0,0,0,0,0,0,0,0,0,1,0,0,0,0,3074,2280,322,10,293.85714285714283,2,1,1.5,0.2142857142857142,10.5,1,16,70,19,1,0,1,322,1,322,0,0.2190569744597249,1,24,49,12,18,0.6689430894308943
908,908,909,20,0.0,8885,4,1,5,5,1983,1983,0.0,3,3,4,3,3,4,301,5,324,239,864,2,1,4,902,0,0,902,1,0,1,0,2,1,3,5,7,484,2,164,0,0,0,0,0,2.0,0,0,6,2006,11.78296023574194,0,0,0,1,0,0,0,0,0,0,0,0,1,2.0,3,True,False,False,False,False,0.0,0.0,6,0,0,1,0,1,0,0,0,0,0,1,0,0,0,0,1,0,1,0,0,0,0,0,0,0,1,0,0,0,0,0,0,0,0,0,0,0,0,0,0,0,1,0,0,0,0,0,0,0,0,0,0,0,0,0,0,0,0,0,0,1,0,0,0,0,0,1,0,0,0,0,1,0,0,0,0,0,0,0,0,0,0,0,1,0,0,0,0,0,0,0,0,0,0,0,0,0,1,0,0,0,0,0,0,0,0,0,0,0,1,0,0,0,0,1766,1527,164,8,150.33333333333334,1,0,2.0,0.3333333333333333,10.0,1,9,23,23,0,0,3,0,0,164,0,0.7225433526011561,1,48,25,9,13,0.5104697226938314
909,909,910,60,149.0,12589,4,2,6,5,2005,2005,0.0,4,3,4,3,1,1,0,1,0,742,742,4,1,4,742,742,0,1484,0,0,2,1,3,1,4,8,7,390,2,36,24,0,0,0,0,0.0,0,0,6,2009,12.066816325306588,0,0,0,1,0,0,0,0,0,0,0,0,1,2.0,4,True,False,False,False,False,4.0,2.772588722239781,6,0,0,1,0,1,0,1,0,0,0,0,1,0,0,0,1,0,1,0,0,0,0,0,0,0,1,0,0,0,0,0,0,0,0,0,0,0,0,1,0,0,0,0,0,0,0,0,0,0,0,0,0,0,0,0,0,0,0,0,0,0,0,0,1,0,0,1,0,0,0,0,1,0,0,0,0,0,0,0,0,0,0,0,0,0,0,0,0,0,1,0,0,0,0,0,0,0,0,0,0,0,0,0,0,1,0,0,0,0,0,1,0,0,0,2226,1484,60,12,164.88888888888889,2,1,2.5,0.2777777777777778,15.0,1,16,4,4,0,1,4,24,1,60,0,0.0,0,24,30,12,18,0.6663673102828918
910,910,911,90,80.0,11600,4,2,5,5,1960,1960,361.0,3,3,3,3,1,3,443,1,0,662,1105,2,1,3,1105,1169,0,2274,0,0,2,0,5,2,3,12,7,480,2,0,0,0,0,0,0,0.0,0,0,1,2010,11.946660519211653,0,0,0,1,0,0,0,0,0,0,0,0,1,2.0,2,False,False,False,False,True,0.0,0.0,6,0,0,1,0,1,0,0,0,1,0,0,1,0,0,0,0,1,0,0,0,0,0,0,0,0,1,0,0,0,0,0,0,0,0,0,0,0,0,0,0,0,0,1,0,0,0,0,0,0,0,0,0,0,0,0,0,1,0,0,0,0,0,0,1,0,0,1,0,0,0,0,1,0,0,0,0,0,0,0,0,0,0,0,0,0,1,0,0,0,0,0,0,0,0,0,0,0,0,0,1,0,0,0,0,0,0,0,1,0,1,0,0,0,0,3379,2717,0,19,174.92307692307693,2,1,2.0,0.1538461538461538,10.0,2,9,50,50,0,0,2,0,0,0,0,0.4005424954792043,1,18,25,9,13,0.6727810650887573
911,911,912,20,0.0,9286,4,1,5,7,1977,1989,0.0,3,3,4,4,3,5,196,1,0,1072,1268,2,1,4,1268,0,0,1268,0,0,1,1,3,1,4,5,7,252,2,173,0,0,0,0,0,0.0,0,0,10,2009,11.874097282798648,0,0,0,1,0,0,0,0,0,0,0,0,1,2.0,2,False,False,False,False,True,0.0,0.0,6,0,0,1,0,1,0,0,0,0,0,0,1,1,0,0,0,0,1,0,0,0,0,0,0,0,1,0,0,0,0,0,0,0,0,0,1,0,0,0,0,0,0,0,0,0,0,0,0,0,0,0,0,0,0,0,0,0,0,0,0,1,0,0,0,0,0,1,0,0,0,0,1,0,0,0,0,0,0,0,0,0,0,0,1,0,0,0,0,0,0,0,0,0,0,0,0,0,0,0,0,0,1,0,0,0,0,0,0,0,1,0,0,0,0,2536,1464,173,9,211.33333333333331,1,0,1.5,0.25,7.5,1,16,32,20,1,0,2,0,0,173,0,0.1544523246650906,1,64,35,9,14,0.4998029168309026
912,912,913,30,51.0,6120,4,2,5,7,1925,1950,0.0,3,3,3,3,1,3,489,1,0,279,768,2,0,4,1015,0,0,1015,0,0,1,0,3,1,3,6,6,450,2,0,0,112,0,120,0,2.0,1,620,7,2006,11.38510345703214,0,0,0,0,0,0,0,0,0,0,0,0,1,2.0,1,False,False,False,False,True,0.0,0.0,6,0,0,0,1,1,0,0,0,1,0,0,1,0,0,0,1,0,1,0,0,0,0,0,0,0,1,0,0,0,0,0,0,0,1,0,0,0,0,0,0,0,0,0,0,0,0,0,0,0,0,0,0,0,0,0,0,0,0,0,0,1,0,0,0,0,0,1,0,0,0,0,1,0,0,0,0,0,0,0,0,0,0,0,0,0,1,0,0,0,0,0,0,0,0,0,0,0,0,0,1,0,0,0,0,0,0,0,0,0,0,0,0,0,0,1783,1504,232,10,145.0,1,0,1.0,0.1428571428571428,5.0,1,9,81,56,1,0,1,232,1,232,0,0.635890767230169,1,18,35,9,13,0.5689461883408071
913,913,914,90,82.0,6270,4,2,5,6,1949,1950,0.0,3,3,3,3,1,4,284,1,0,717,1001,2,0,3,1001,1001,0,2002,0,0,2,0,4,2,3,8,7,871,2,0,0,0,0,0,0,0.0,0,0,8,2007,11.884495917930655,0,0,0,1,0,0,0,0,0,0,0,0,1,2.0,1,False,False,False,False,False,0.0,0.0,6,0,1,0,0,1,0,0,0,1,1,0,0,0,0,0,1,0,1,0,0,0,0,0,0,0,1,0,0,0,0,0,0,0,0,0,0,1,0,0,0,0,0,0,0,0,0,0,0,0,0,0,0,0,0,0,0,1,0,0,0,0,0,0,1,0,0,1,0,0,0,0,1,0,0,0,0,0,0,0,0,0,0,0,0,0,1,0,0,0,0,0,0,0,0,0,0,0,0,0,1,0,0,0,0,0,0,0,0,0,1,0,0,0,0,3003,2286,0,14,222.44444444444449,2,1,2.0,0.2222222222222222,10.0,2,9,58,57,1,0,2,0,0,0,0,0.2834331337325349,1,18,30,9,13,0.666444740346205
914,914,915,160,30.0,3000,4,2,6,5,2009,2009,76.0,4,3,4,3,3,6,294,1,0,318,612,4,1,4,612,612,0,1224,0,0,2,1,2,1,4,4,7,528,2,0,234,0,0,0,0,0.0,0,0,6,2009,12.065280672855897,0,0,0,0,1,0,0,0,0,0,1,0,0,2.0,4,False,False,False,False,True,0.0,0.0,6,1,0,0,0,1,1,0,0,1,0,0,1,0,0,0,1,0,1,0,0,0,0,0,0,0,1,0,0,0,0,0,0,0,0,0,0,0,0,0,0,0,0,0,0,0,0,0,0,0,0,0,1,0,0,0,0,0,0,1,0,0,0,0,1,0,0,1,0,0,0,0,1,0,0,0,0,0,0,0,0,0,0,0,0,0,0,0,0,0,1,0,0,0,0,0,0,0,0,0,0,0,0,0,0,1,0,0,0,1,0,1,0,0,0,1836,1518,234,7,244.8,2,1,2.5,0.5,15.0,1,16,0,0,0,1,4,234,1,234,0,0.4796084828711256,1,48,30,12,18,0.6663037561241154
915,915,916,160,21.0,2001,4,2,4,5,1970,1970,80.0,3,3,3,3,1,1,0,1,0,546,546,1,1,4,546,546,0,1092,0,0,1,1,3,1,3,6,7,286,2,0,0,0,0,0,0,0.0,0,0,1,2007,11.225256725762891,0,0,0,1,0,0,0,0,0,0,0,0,1,2.0,2,True,False,False,False,False,0.0,0.0,6,0,0,0,1,1,0,0,0,1,0,0,1,0,0,0,1,0,1,0,0,0,0,0,0,0,1,0,0,0,0,0,0,0,0,0,0,0,0,0,0,1,0,0,0,0,0,0,0,0,0,0,0,0,0,0,0,0,1,0,0,0,0,0,1,0,0,1,0,0,0,0,1,0,0,0,0,0,0,0,0,0,0,1,0,0,0,0,0,0,0,0,0,0,0,0,0,1,0,0,0,0,0,0,0,0,0,0,1,0,1,0,0,0,0,1638,1092,0,10,156.0,2,1,1.5,0.2142857142857142,6.0,1,9,37,37,0,0,2,0,0,0,0,0.0,0,18,20,9,11,0.6662599145820622
916,916,917,20,50.0,9000,4,2,2,3,1949,1950,0.0,3,3,3,3,3,4,50,1,0,430,480,2,0,3,480,0,0,480,1,0,0,0,1,1,3,4,7,308,2,0,0,0,0,0,0,0.0,0,0,10,2006,10.471978128496518,0,0,0,0,0,0,0,0,0,0,0,0,1,2.0,2,False,False,False,False,True,0.0,0.0,6,0,0,0,0,1,0,0,0,1,0,0,1,0,0,0,1,0,1,0,0,0,0,0,0,0,1,0,0,0,0,0,0,0,0,0,0,0,0,0,1,0,0,0,0,0,0,0,0,0,0,0,0,0,0,0,0,0,0,0,0,1,0,0,0,0,0,1,0,0,0,0,1,0,0,0,0,0,0,0,0,0,0,0,0,0,0,0,0,0,0,0,0,0,0,0,0,0,0,0,0,0,0,0,0,0,0,0,0,0,1,0,0,0,0,960,530,0,6,96.0,1,0,1.0,0.2,2.0,1,9,57,56,1,0,2,0,0,0,0,0.1039501039501039,1,36,6,9,10,0.4994797086368366
917,917,918,20,0.0,17140,4,2,4,6,1956,1956,0.0,3,3,3,3,1,5,1059,1,0,75,1134,4,1,3,1229,0,0,1229,0,0,1,0,3,1,3,6,7,284,2,0,0,0,0,0,0,0.0,0,0,4,2009,11.81303746480054,0,0,0,1,0,0,0,0,0,0,0,0,1,2.0,2,True,False,False,False,False,0.0,0.0,6,0,0,1,0,1,0,0,0,1,0,0,1,0,0,0,1,0,1,0,0,0,0,0,0,0,1,0,0,0,0,0,0,0,0,0,0,0,1,0,0,0,0,0,0,0,0,0,0,0,0,0,0,0,0,0,0,0,0,0,0,1,0,0,0,0,0,1,0,0,0,0,1,0,0,0,0,0,0,0,0,0,0,0,0,0,0,0,0,0,1,0,0,0,0,0,0,0,0,0,0,0,0,0,0,1,0,0,0,0,1,0,0,0,0,2363,2288,0,10,175.57142857142858,1,0,1.0,0.1428571428571428,4.0,1,9,53,53,0,0,2,0,0,0,0,0.9330396475770923,1,18,24,9,14,0.5198815566835872
918,918,919,60,103.0,13125,4,2,7,5,1991,1991,0.0,4,3,5,3,2,4,48,6,634,422,1104,4,1,4,912,1215,0,2127,1,0,2,1,4,1,4,8,7,833,2,72,192,224,0,0,0,3.0,0,0,11,2007,12.380030154325455,0,0,0,1,0,0,0,0,0,0,0,0,1,2.0,3,True,False,False,False,False,3.0,2.079441541679836,6,0,0,1,0,1,0,0,0,0,0,0,1,0,0,0,0,0,1,0,0,0,0,0,0,0,1,0,0,0,0,0,0,0,0,0,0,0,0,0,0,0,0,0,0,0,0,0,0,0,0,1,0,0,0,0,0,0,0,0,0,0,0,0,1,0,0,1,0,0,0,0,1,0,0,0,0,0,0,0,0,0,0,0,1,0,0,0,0,0,0,0,0,0,0,0,0,0,1,0,0,0,0,0,0,0,0,0,0,0,0,1,0,0,0,3231,2809,488,13,236.33333333333331,2,1,3.5,0.3888888888888889,24.5,1,16,16,16,0,0,3,416,1,488,0,0.6171945701357466,1,45,35,12,19,0.6581064356435643
919,919,920,20,87.0,11029,4,2,6,8,1958,2002,0.0,5,3,4,3,1,5,528,4,411,245,1184,4,1,4,1414,0,0,1414,1,0,1,0,3,1,3,6,6,601,2,0,51,0,0,190,0,0.0,0,0,5,2008,12.08108182106182,0,0,0,1,0,0,0,0,0,0,0,0,1,2.0,3,True,False,False,False,False,3.0,2.079441541679836,6,0,0,1,0,1,0,0,0,0,0,0,1,0,0,0,0,0,1,0,0,0,0,0,0,0,1,0,0,0,0,0,0,0,0,0,0,0,0,0,0,0,0,1,0,0,0,0,0,0,0,0,0,0,0,0,0,0,0,0,0,1,0,0,0,0,0,0,0,1,0,0,1,0,0,0,0,0,0,0,0,0,0,0,0,0,1,0,0,0,0,0,0,0,0,0,0,0,0,0,1,0,0,0,0,0,0,0,0,0,1,0,0,0,0,2598,2353,241,10,202.0,1,0,2.0,0.2857142857142857,12.0,1,9,50,6,1,1,2,241,1,241,0,0.7924050632911392,1,24,48,15,18,0.544055405925356
920,920,921,60,70.0,8462,4,2,6,5,1994,1994,105.0,4,4,4,4,1,6,814,1,0,114,928,4,1,4,936,785,0,1721,0,1,2,1,3,1,4,7,7,471,2,300,87,0,0,0,0,0.0,0,0,7,2007,12.211065162153217,0,0,0,1,0,0,0,0,0,0,0,0,1,2.0,3,True,False,False,False,False,0.0,0.0,6,0,0,1,0,1,0,0,0,0,0,0,1,0,0,0,1,0,1,0,0,0,0,0,0,0,1,0,0,0,0,0,0,0,0,0,0,0,0,0,0,0,0,0,0,0,0,0,0,0,0,1,0,0,0,0,0,0,0,0,0,0,0,0,1,0,0,1,0,0,0,0,1,0,0,0,0,0,0,0,0,0,0,0,1,0,0,0,0,0,0,0,0,0,0,0,0,0,1,0,0,0,0,0,0,0,0,0,1,0,0,1,0,0,0,2649,2535,387,11,215.125,2,1,3.0,0.375,18.0,1,16,13,13,0,0,3,87,1,387,0,0.876210979547901,1,32,30,16,18,0.649433962264151
921,921,922,90,67.0,8777,4,2,5,7,1900,2003,0.0,3,3,3,3,1,5,1084,1,0,188,1272,3,1,4,1272,928,0,2200,2,0,2,2,4,2,3,9,7,0,0,0,70,0,0,0,0,3.0,0,0,9,2008,11.890683588496984,0,0,0,1,0,0,0,0,0,0,0,0,1,0.0,0,False,False,False,False,False,0.0,0.0,6,0,0,1,0,1,0,0,0,1,0,0,1,0,0,0,1,1,0,0,0,0,0,0,0,0,1,0,0,0,0,0,0,0,0,0,0,0,1,0,0,0,0,0,0,0,0,0,0,0,0,0,0,0,0,0,0,1,0,0,0,0,0,0,0,0,0,1,0,0,0,0,1,0,0,0,0,0,0,0,0,0,0,0,0,0,1,0,0,0,0,0,0,0,0,0,0,0,0,0,1,0,0,0,0,0,0,0,0,0,1,0,0,0,0,3472,3284,70,15,220.0,2,1,5.0,0.5,25.0,2,9,108,5,1,1,1,70,1,70,0,0.8515318146111548,1,18,35,9,14,0.6334581053843938
922,922,923,20,65.0,10237,4,2,6,5,2005,2006,0.0,4,3,4,3,1,6,28,1,0,1288,1316,4,1,4,1316,0,0,1316,0,0,2,0,3,1,4,6,7,397,2,100,0,0,23,0,0,0.0,0,0,10,2006,12.043500773454497,0,0,0,0,1,0,0,0,0,0,1,0,0,2.0,4,True,False,False,False,False,4.0,2.772588722239781,6,0,0,1,0,1,0,0,0,1,0,0,1,0,0,0,1,0,0,0,0,0,1,0,0,0,1,0,0,0,0,0,0,0,0,0,0,0,0,1,0,0,0,0,0,0,0,0,0,0,0,0,0,0,0,0,0,0,0,0,0,1,0,0,0,0,0,1,0,0,0,0,1,0,0,0,0,0,0,0,0,0,0,0,0,0,0,0,0,0,1,0,0,0,0,0,0,0,0,0,0,0,0,0,0,1,0,0,0,0,0,1,0,0,0,2632,1344,123,10,188.0,1,0,2.0,0.2857142857142857,12.0,1,16,1,0,1,1,4,23,1,123,0,0.0212604403948367,1,24,30,12,18,0.4998101025446259
923,923,924,120,50.0,8012,4,2,6,5,1993,1994,0.0,4,3,4,3,1,2,165,6,841,598,1604,4,1,4,1617,0,0,1617,1,0,2,0,2,1,4,5,7,533,2,0,69,0,0,0,0,0.0,0,0,7,2008,12.170450649220747,0,0,0,1,0,0,0,0,0,0,0,0,1,2.0,3,True,False,False,False,False,2.0,1.3862943611198906,6,0,0,1,0,1,0,0,0,1,0,0,1,0,0,0,1,0,1,0,0,0,0,0,0,0,1,0,0,0,0,0,0,0,0,0,0,0,0,0,0,0,0,0,0,0,0,0,0,0,0,1,0,0,0,0,0,0,0,1,0,1,0,0,0,0,0,1,0,0,0,0,1,0,0,0,0,0,0,0,0,0,0,0,0,0,0,1,0,0,0,0,0,0,0,0,0,0,0,0,0,0,1,0,0,0,0,0,0,0,0,1,0,0,0,3221,2623,69,8,269.5,1,0,3.0,0.5,18.0,1,16,15,14,1,0,3,69,1,69,0,0.626791277258567,1,24,30,12,18,0.5018621973929237
924,924,925,20,79.0,10240,4,2,6,6,1980,1980,157.0,3,4,4,3,1,4,625,2,1061,0,1686,2,1,4,1686,0,0,1686,1,0,2,0,3,1,3,7,7,612,2,384,131,0,0,0,0,0.0,0,0,5,2006,12.242891437918386,0,0,0,1,0,0,0,0,0,0,0,0,1,2.0,2,True,False,False,False,False,3.0,2.079441541679836,6,0,0,1,0,1,0,0,0,1,0,0,1,0,0,0,1,0,1,0,0,0,0,0,0,0,1,0,0,0,0,0,0,0,0,0,0,0,0,0,0,0,0,0,0,1,0,0,0,0,0,0,0,0,0,0,0,0,0,0,0,1,0,0,0,0,0,1,0,0,0,0,1,0,0,0,0,0,0,0,0,0,0,0,0,0,0,1,0,0,0,0,0,0,0,0,0,0,0,0,0,0,1,0,0,0,0,0,1,0,1,0,0,0,0,3372,3372,515,11,210.75,1,0,3.0,0.375,18.0,1,9,26,26,0,0,3,131,1,515,0,0.999407231772377,1,24,36,12,14,0.4998517640083012
925,925,926,20,0.0,15611,4,2,5,6,1977,1977,0.0,3,3,4,3,3,5,767,2,93,266,1126,2,1,4,1126,0,0,1126,0,1,2,0,3,1,5,6,7,540,2,180,0,0,0,0,0,0.0,0,0,3,2008,12.07254696717504,0,0,0,0,0,0,0,0,0,0,0,0,1,2.0,2,True,False,False,False,False,0.0,0.0,6,0,0,1,0,1,0,0,0,0,0,0,1,0,0,0,0,0,1,0,0,0,0,0,0,0,1,0,0,0,0,0,0,0,0,0,0,0,0,0,0,0,0,0,0,1,0,0,0,0,0,0,0,0,0,0,0,0,0,0,0,1,0,0,0,0,0,1,0,0,0,0,1,0,0,0,0,0,0,0,0,0,0,0,0,0,0,0,0,0,1,0,0,0,0,0,0,0,0,0,0,0,0,0,0,1,0,0,0,0,0,1,0,0,0,2252,1986,180,10,160.85714285714286,1,0,2.5,0.3571428571428571,12.5,1,25,31,31,0,0,2,0,0,180,0,0.7630878438331854,1,48,30,9,15,0.4997780736795384
926,926,927,60,93.0,11999,4,2,8,5,2003,2004,340.0,4,3,4,3,1,1,0,1,0,1181,1181,4,1,4,1234,1140,0,2374,0,0,2,1,4,1,5,10,7,656,2,104,100,0,0,0,0,0.0,0,0,5,2007,12.560247968016562,0,0,0,1,0,0,0,0,0,0,0,0,1,2.0,4,False,False,True,False,False,4.0,2.772588722239781,6,0,0,1,0,1,0,0,0,1,0,0,1,0,0,0,1,0,1,0,0,0,0,0,0,0,1,0,0,0,0,0,0,0,0,0,0,0,0,0,0,0,0,0,0,0,0,1,0,0,0,0,0,0,0,0,0,0,0,0,0,0,0,0,1,0,0,0,0,1,0,0,1,0,0,0,0,0,0,0,0,0,0,0,0,0,0,0,0,0,1,0,0,0,0,0,0,0,0,0,0,0,0,0,0,1,0,0,1,0,0,1,0,0,0,3555,2374,204,15,215.8181818181818,2,1,2.5,0.2272727272727272,20.0,1,25,4,3,1,1,4,100,1,204,0,0.0,0,24,40,12,21,0.6676040494938132
927,927,928,60,0.0,9900,4,2,7,5,1968,1968,342.0,3,3,3,3,1,4,552,1,0,280,832,3,1,4,1098,880,0,1978,0,0,2,1,4,1,3,9,7,486,2,0,43,0,0,0,0,3.0,0,0,4,2008,12.07824495582233,0,0,0,1,0,0,0,0,0,0,0,0,1,2.0,2,True,False,False,False,False,4.0,2.772588722239781,6,0,0,1,0,1,0,0,0,1,0,0,1,0,0,0,1,1,0,0,0,0,0,0,0,0,1,0,0,0,0,0,0,0,0,0,0,0,0,0,0,0,0,0,0,1,0,0,0,0,0,0,0,0,0,0,0,0,0,0,0,0,0,0,1,0,0,1,0,0,0,0,1,0,0,0,0,0,0,0,0,0,0,0,0,0,1,0,0,0,0,0,0,0,0,0,0,0,0,0,1,0,0,0,0,0,0,0,1,0,1,0,0,0,0,2810,2530,43,14,197.8,2,1,2.5,0.25,17.5,1,9,40,40,0,0,2,43,1,43,0,0.6626650660264105,1,18,35,9,16,0.7036641764496621
928,928,929,20,0.0,11838,4,2,8,5,2001,2001,0.0,4,3,4,3,3,1,0,1,0,1753,1753,4,1,4,1788,0,0,1788,0,0,2,0,3,1,5,7,7,522,2,202,151,0,0,0,0,0.0,0,0,6,2009,12.373707715234994,0,0,0,1,0,0,0,0,0,0,0,0,1,2.0,4,True,False,False,False,False,3.0,2.079441541679836,6,0,0,1,0,1,0,0,0,1,0,0,1,0,0,0,1,0,1,0,0,0,0,0,0,0,1,0,0,0,0,0,0,0,0,0,1,0,0,0,0,0,0,0,0,0,0,0,0,0,0,0,0,0,0,0,0,0,0,0,0,1,0,0,0,0,0,0,0,1,0,0,1,0,0,0,0,0,0,0,0,0,0,0,0,0,0,0,0,0,1,0,0,0,0,0,0,0,0,0,0,0,0,0,0,1,0,0,0,0,0,1,0,0,0,3541,1788,353,11,223.5,1,0,2.0,0.25,16.0,1,25,8,8,0,1,4,151,1,353,0,0.0,0,48,40,12,21,0.5047995482778092
929,929,930,60,0.0,13006,4,2,7,5,1997,1997,285.0,3,3,4,3,1,1,0,1,0,964,964,3,1,4,993,1243,0,2236,0,0,2,1,4,1,4,8,7,642,2,0,0,0,0,0,0,0.0,0,0,11,2006,12.310437165348777,0,0,0,1,0,0,0,0,0,0,0,0,1,2.0,3,False,False,True,False,False,3.0,2.079441541679836,6,0,0,1,0,1,0,0,0,0,0,0,1,0,0,0,0,0,1,0,0,0,0,0,0,0,1,0,0,0,0,0,0,0,0,0,0,0,0,1,0,0,0,0,0,0,0,0,0,0,0,0,0,0,0,0,0,0,0,0,0,0,0,0,1,0,0,1,0,0,0,0,1,0,0,0,0,0,0,0,0,0,0,0,1,0,0,0,0,0,0,0,0,0,0,0,0,0,1,0,0,0,0,0,0,0,0,0,1,0,0,1,0,0,0,3200,2236,0,13,248.44444444444449,2,1,2.5,0.2777777777777778,17.5,1,16,9,9,0,1,4,0,0,0,0,0.0,0,24,35,9,17,0.6985317088409871
930,930,931,20,73.0,8925,4,2,8,5,2007,2007,0.0,4,3,4,3,3,6,16,1,0,1450,1466,4,1,4,1466,0,0,1466,0,0,2,0,3,1,4,7,7,610,2,100,18,0,0,0,0,0.0,0,0,7,2009,12.211065162153217,0,0,0,1,0,0,0,0,0,0,0,0,1,2.0,4,True,False,False,False,False,0.0,0.0,6,0,0,1,0,1,0,0,0,0,1,0,0,0,0,0,1,0,1,0,0,0,0,0,0,0,1,0,0,0,0,0,0,0,0,0,0,0,0,0,0,0,0,0,0,0,0,0,0,0,0,0,0,0,1,0,0,0,0,0,0,1,0,0,0,0,0,1,0,0,0,0,1,0,0,0,0,0,0,0,0,0,0,0,0,0,0,0,0,0,1,0,0,0,0,0,0,0,0,0,0,0,0,0,0,1,0,0,0,0,0,1,0,0,0,2932,1482,118,11,183.25,1,0,2.0,0.25,16.0,1,16,2,2,0,1,4,18,1,118,0,0.0109066121336059,1,48,40,12,20,0.4998295260825093
931,931,932,20,70.0,9100,4,2,5,6,1965,1965,0.0,3,3,3,3,1,4,338,3,466,121,925,4,1,4,925,0,0,925,0,1,1,0,2,1,3,5,7,429,2,0,0,0,0,0,0,1.0,0,0,7,2009,11.674202123168431,0,0,0,1,0,0,0,0,0,0,0,0,1,2.0,2,False,False,False,False,True,0.0,0.0,6,0,0,1,0,1,0,0,0,1,0,0,1,0,0,0,1,0,1,0,0,0,0,0,0,0,1,0,0,0,0,0,0,0,0,0,0,0,0,0,0,0,0,1,0,0,0,0,0,0,0,0,0,0,0,0,0,0,0,0,0,1,0,0,0,0,0,1,0,0,0,0,1,0,0,0,0,0,0,0,0,0,0,0,0,0,0,0,0,0,1,0,0,0,0,0,0,0,0,0,0,0,0,0,0,1,0,0,0,0,1,0,0,0,0,1850,1729,0,8,154.16666666666666,1,0,1.5,0.25,7.5,1,9,44,44,0,0,2,0,0,0,0,0.8682505399568035,1,18,30,9,15,0.4997298757428417
932,932,933,20,84.0,11670,4,2,9,5,2006,2006,302.0,5,3,5,4,1,1,0,1,0,1905,1905,4,1,4,1905,0,0,1905,0,0,2,0,3,1,5,8,7,788,2,0,191,0,0,0,0,0.0,0,0,3,2007,12.676079399771028,0,0,0,1,0,0,0,0,0,0,0,0,1,2.0,4,True,False,False,False,False,4.0,2.772588722239781,6,0,0,1,0,1,0,0,0,0,0,0,1,0,0,0,0,0,0,0,0,0,0,0,1,0,1,0,0,0,0,0,0,0,0,0,0,0,0,0,0,0,0,0,0,0,0,0,0,0,0,0,1,0,0,0,0,0,0,0,0,1,0,0,0,0,0,0,0,1,0,0,1,0,0,0,0,0,0,0,0,0,0,0,0,0,0,0,0,0,1,0,0,0,0,0,0,0,0,1,0,0,0,0,0,0,0,0,0,1,0,1,0,0,0,3810,1905,191,12,211.66666666666663,1,0,2.0,0.2222222222222222,18.0,1,25,1,1,0,1,4,191,1,191,0,0.0,0,40,45,15,23,0.4998688008396746
933,933,934,20,63.0,8487,4,2,7,5,2004,2004,210.0,4,3,4,3,3,6,20,1,0,1480,1500,4,1,4,1500,0,0,1500,0,0,2,0,3,1,4,6,7,570,2,192,36,0,0,0,0,0.0,0,0,8,2009,12.154784614286667,0,0,0,1,0,0,0,0,0,0,0,0,1,2.0,4,True,False,False,False,False,0.0,0.0,6,0,0,1,0,1,0,0,0,1,0,0,1,0,1,0,0,0,1,0,0,0,0,0,0,0,1,0,0,0,0,0,0,0,0,0,1,0,0,0,0,0,0,0,0,0,0,0,0,0,0,0,0,0,0,0,0,0,0,0,0,1,0,0,0,0,0,1,0,0,0,0,1,0,0,0,0,0,0,0,0,0,0,0,0,0,0,0,0,0,1,0,0,0,0,0,0,0,0,0,0,0,0,0,0,1,0,0,1,0,0,1,0,0,0,3000,1520,228,10,214.28571428571428,1,0,2.0,0.2857142857142857,14.0,1,16,5,5,0,1,4,36,1,228,0,0.0133244503664223,1,48,35,12,19,0.4998333888703765
934,934,935,20,313.0,27650,4,1,7,7,1960,2007,0.0,3,3,4,3,4,6,425,1,0,160,585,4,1,4,2069,0,0,2069,1,0,2,0,4,1,4,9,7,505,2,0,0,0,0,0,0,0.0,0,0,11,2008,12.396697137361691,0,0,0,1,0,0,0,0,0,0,0,0,1,2.0,2,True,False,False,False,False,4.0,2.772588722239781,6,0,0,1,0,1,0,1,0,0,1,0,0,0,0,0,1,0,0,1,0,0,0,0,0,0,1,0,0,0,0,0,0,0,0,0,0,0,0,0,0,0,0,1,0,0,0,0,0,0,0,0,0,0,0,0,0,0,0,0,0,1,0,0,0,0,0,0,0,0,0,0,0,0,0,0,1,0,0,0,0,0,0,0,0,0,0,0,0,0,0,1,0,0,0,0,0,0,0,0,0,0,0,0,0,0,1,0,0,0,1,0,0,0,0,2654,2494,0,14,206.9,1,0,3.0,0.3,21.0,1,16,48,1,1,1,2,0,0,0,0,0.7252559726962458,1,60,49,9,18,0.7792843691148776
935,935,936,30,52.0,5825,4,2,4,5,1926,1953,108.0,3,4,2,3,2,1,0,1,0,600,600,3,1,4,747,0,0,747,0,0,1,0,1,1,3,5,7,528,2,0,0,32,0,0,0,0.0,0,0,6,2006,11.2885436473206,0,0,0,1,0,0,0,0,0,0,0,0,1,2.0,2,False,False,False,False,True,0.0,0.0,6,0,0,1,0,1,0,0,0,0,0,0,1,0,0,0,1,0,1,0,0,0,0,0,0,0,1,0,0,0,0,0,0,0,1,0,0,0,0,0,0,0,0,0,0,0,0,0,0,0,0,0,0,0,0,0,0,0,0,0,0,1,0,0,0,0,0,1,0,0,0,0,1,0,0,0,0,0,0,0,0,0,0,0,0,0,1,0,0,0,0,0,0,0,0,0,0,0,0,0,1,0,0,0,0,0,0,0,1,0,0,1,0,0,0,1347,747,32,7,124.5,1,0,1.0,0.1666666666666666,4.0,1,9,80,53,1,0,1,32,1,32,0,0.0,0,18,20,12,13,0.5541543026706232
936,936,937,20,67.0,10083,4,2,7,5,2003,2003,0.0,4,3,4,3,1,6,833,1,0,343,1176,4,1,4,1200,0,0,1200,1,0,2,0,2,1,4,5,7,555,2,0,41,0,0,0,0,0.0,0,0,8,2009,12.127575825689416,0,0,0,1,0,0,0,0,0,0,0,0,1,2.0,4,True,False,False,False,False,0.0,0.0,6,0,0,1,0,1,0,0,0,1,0,0,1,0,0,0,1,0,1,0,0,0,0,0,0,0,1,0,0,0,0,0,0,0,0,0,0,0,0,0,0,0,0,0,0,0,0,0,0,0,0,1,0,0,0,0,0,0,0,0,0,1,0,0,0,0,0,1,0,0,0,0,1,0,0,0,0,0,0,0,0,0,0,0,0,0,0,0,0,0,1,0,0,0,0,0,0,0,0,0,0,0,0,0,0,1,0,0,0,0,0,1,0,0,0,2376,2033,41,8,200.0,1,0,3.0,0.5,21.0,1,16,6,6,0,1,4,41,1,41,0,0.707731520815633,1,24,35,12,19,0.5048380311316786
937,937,938,60,75.0,9675,4,2,7,5,2005,2005,0.0,4,3,4,3,2,6,341,1,0,772,1113,4,1,4,1113,858,0,1971,0,0,2,1,3,1,4,8,7,689,2,0,48,0,0,0,0,0.0,0,0,2,2009,12.441148720271016,0,0,0,1,0,0,0,0,0,0,0,0,1,2.0,4,True,False,False,False,False,4.0,2.772588722239781,6,0,0,1,0,1,0,0,0,1,0,0,1,0,0,0,1,0,1,0,0,0,0,0,0,0,1,0,0,0,0,0,0,0,0,0,0,0,0,0,0,0,0,0,0,0,0,0,0,0,0,0,1,0,0,0,0,0,0,0,0,0,0,0,1,0,0,1,0,0,0,0,1,0,0,0,0,0,0,0,0,0,0,0,0,0,0,0,0,0,1,0,0,0,0,0,0,0,0,0,0,0,0,0,0,1,0,0,0,0,0,1,0,0,0,3084,2312,48,12,219.0,2,1,2.5,0.2777777777777778,17.5,1,16,4,4,0,1,4,48,1,48,0,0.3061041292639138,1,36,35,12,19,0.6388978930307941
938,938,939,60,73.0,8760,4,2,7,5,2006,2006,0.0,4,3,4,4,2,6,464,1,0,927,1391,4,1,4,1391,571,0,1962,0,0,2,1,3,1,4,7,7,868,2,0,90,0,0,0,0,0.0,0,0,8,2006,12.387560521575551,0,0,0,0,1,0,0,0,0,0,1,0,0,2.0,4,True,False,False,False,False,0.0,0.0,6,0,0,1,0,1,0,0,0,1,0,0,1,0,0,0,1,0,1,0,0,0,0,0,0,0,1,0,0,0,0,0,0,0,0,0,1,0,0,0,0,0,0,0,0,0,0,0,0,0,0,0,0,0,0,0,0,0,0,0,0,0,0,0,1,0,0,1,0,0,0,0,1,0,0,0,0,0,0,0,0,0,0,0,0,0,0,0,0,0,1,0,0,0,0,0,0,0,0,0,0,0,0,0,0,1,0,0,0,0,0,1,0,0,0,3353,2426,90,11,245.25,2,1,2.5,0.3125,17.5,1,16,0,0,0,1,4,90,1,90,0,0.3333333333333333,1,48,35,12,19,0.5849731663685152
939,939,940,70,0.0,24090,4,2,7,7,1940,1950,0.0,3,4,3,3,2,1,0,1,0,1032,1032,4,1,4,1207,1196,0,2403,0,0,2,0,4,1,3,10,7,349,2,56,0,318,0,0,0,0.0,0,0,6,2010,12.406565597924237,0,0,0,1,0,0,0,0,0,0,0,0,0,2.0,1,True,False,False,False,False,3.0,3.295836866004329,6,0,0,1,0,1,0,0,0,1,0,0,1,0,0,0,1,0,1,0,0,0,0,0,0,0,1,0,0,0,0,0,0,0,0,1,0,0,0,0,0,0,0,0,0,0,0,0,0,0,0,0,0,0,0,0,0,0,0,0,0,0,0,0,1,0,0,1,0,0,0,0,1,0,0,0,0,0,0,0,0,0,0,0,0,0,1,0,0,0,0,0,0,0,0,0,0,0,0,0,1,0,0,0,0,0,0,0,0,0,1,0,0,0,0,3435,2403,374,15,218.45454545454547,2,1,2.0,0.1818181818181818,14.0,1,9,70,60,1,0,1,318,1,374,0,0.0,0,27,49,12,17,0.6993597206053551
940,940,941,90,55.0,12640,4,2,6,5,1976,1976,0.0,3,3,3,3,4,3,936,2,396,396,1728,2,1,4,1728,0,0,1728,0,0,2,0,4,2,3,8,7,574,2,40,0,0,0,0,0,0.0,0,0,7,2006,11.924379271639218,0,0,0,1,0,0,0,0,0,0,0,0,1,2.0,2,True,False,False,False,False,0.0,0.0,6,0,0,1,0,1,0,0,0,0,0,0,1,0,0,0,1,0,1,0,0,0,0,0,0,0,1,0,0,0,0,0,0,0,0,0,0,0,0,0,0,0,1,0,0,0,0,0,0,0,0,0,0,0,0,0,0,1,0,0,0,1,0,0,0,0,0,1,0,0,0,0,1,0,0,0,0,0,0,0,0,0,0,0,0,0,0,1,0,0,0,0,0,0,0,0,0,0,0,0,0,0,1,0,0,0,0,0,0,0,1,0,0,0,0,3456,3060,40,14,192.0,1,0,2.0,0.2222222222222222,12.0,2,9,30,30,0,0,3,0,0,40,0,0.7703875072296125,1,45,30,9,14,0.4998553659242117
941,941,942,60,0.0,8755,4,2,7,5,1999,1999,298.0,4,3,4,3,1,5,772,1,0,220,992,4,1,4,1022,1038,0,2060,1,0,2,1,3,1,4,8,7,390,2,0,0,0,168,0,0,3.0,0,0,6,2009,12.273735966890268,0,0,0,1,0,0,0,0,0,0,0,0,1,2.0,3,False,False,True,False,False,3.0,2.079441541679836,6,0,0,1,0,1,0,0,0,0,0,0,1,0,1,0,0,0,0,0,0,0,0,0,1,0,1,0,0,0,0,0,0,0,0,0,0,0,0,1,0,0,0,0,0,0,0,0,0,0,0,0,0,0,0,0,0,0,0,0,0,0,0,0,1,0,0,1,0,0,0,0,1,0,0,0,0,0,0,0,0,0,0,0,0,0,0,0,0,0,1,0,0,0,0,0,0,0,0,0,0,0,0,0,0,1,0,0,1,0,0,1,0,0,0,3052,2832,168,12,228.88888888888889,2,1,3.5,0.3888888888888889,24.5,1,16,10,10,0,1,4,168,1,168,0,0.7774420946626385,1,24,35,12,19,0.674746151326564
942,942,943,90,42.0,7711,4,2,4,3,1977,1977,0.0,3,3,4,3,4,6,1440,1,0,0,1440,2,1,4,1440,0,0,1440,2,0,2,0,4,2,3,8,7,0,0,321,0,0,0,0,0,0.0,0,0,8,2007,11.918397239722838,0,0,0,0,0,0,0,0,0,0,0,1,0,0.0,0,False,False,False,False,False,0.0,0.0,6,0,0,1,0,1,0,0,0,0,0,0,1,0,0,0,1,0,1,0,0,0,0,0,0,0,1,0,0,0,0,0,0,0,0,0,0,0,1,0,0,0,0,0,0,0,0,0,0,0,0,0,0,0,0,0,0,1,0,0,0,1,0,0,0,0,0,1,0,0,0,0,1,0,0,0,0,0,0,0,0,0,0,0,0,0,1,0,0,0,0,0,0,0,0,0,0,0,0,0,1,0,0,0,0,0,0,0,0,0,0,1,0,0,0,2880,2880,321,14,160.0,1,0,4.0,0.4444444444444444,16.0,2,9,30,30,0,0,3,0,0,321,0,0.9993060374739764,1,60,12,9,12,0.4998264491496008
943,943,944,90,100.0,25000,4,2,5,4,1967,1967,0.0,3,3,3,3,3,1,0,1,0,1632,1632,2,1,4,1632,0,0,1632,0,0,2,0,4,2,3,8,7,576,1,0,0,0,0,0,0,0.0,0,0,6,2007,11.870606902224589,0,0,0,1,0,0,0,0,0,0,0,0,1,2.0,2,True,False,False,False,False,0.0,0.0,6,0,0,1,0,1,0,0,0,1,0,1,0,0,0,0,1,0,1,0,0,0,0,0,0,0,1,0,0,0,0,0,0,0,0,0,0,0,0,0,0,0,1,0,0,0,0,0,0,0,0,0,0,0,0,0,0,1,0,0,0,1,0,0,0,0,0,1,0,0,0,0,1,0,0,0,0,0,0,0,0,0,0,0,1,0,0,0,0,0,0,0,0,0,0,0,0,0,0,0,0,0,1,0,0,0,0,0,0,0,1,0,0,0,0,3264,1632,0,14,181.33333333333331,1,0,2.0,0.2222222222222222,10.0,2,9,40,40,0,0,2,0,0,0,0,0.0,0,36,20,9,13,0.4998468606431853
944,944,945,20,0.0,14375,2,2,6,6,1958,1958,541.0,3,3,3,3,1,6,111,3,354,354,819,3,1,3,1344,0,0,1344,0,1,1,0,3,1,4,7,7,525,2,0,118,0,0,233,0,0.0,0,0,1,2009,11.83138646878959,0,0,0,0,0,0,0,0,0,0,0,0,0,2.0,2,False,True,False,False,False,4.0,2.772588722239781,6,0,0,1,0,1,0,0,0,0,0,0,1,1,0,0,0,0,1,0,0,0,0,0,0,0,1,0,0,0,0,0,0,0,0,0,0,0,0,0,0,0,0,0,0,0,0,0,0,0,0,0,0,0,1,0,0,0,0,0,0,0,0,0,0,0,1,1,0,0,0,0,1,0,0,0,0,0,0,0,0,0,0,0,1,0,0,0,0,0,0,0,0,0,0,0,0,0,1,0,0,0,0,0,0,0,0,0,1,0,1,0,0,0,0,2163,1809,351,11,168.0,1,0,1.5,0.1875,9.0,1,16,51,51,0,0,2,351,1,351,0,0.5670731707317073,1,18,36,9,16,0.6210720887245841
945,945,946,50,98.0,8820,4,2,5,6,1890,1996,0.0,3,3,3,3,1,2,1088,1,0,0,1088,2,1,4,1188,561,120,1869,0,0,1,0,2,1,3,7,7,456,2,48,0,244,0,0,0,0.5,0,0,9,2009,11.73527670248674,0,0,0,1,0,0,0,0,0,0,0,0,1,2.0,2,False,False,False,False,True,0.0,0.0,6,0,0,0,1,1,0,0,0,1,0,0,1,0,0,0,0,0,1,0,0,0,0,0,0,0,1,0,0,0,0,0,0,0,0,0,0,0,0,0,0,0,0,0,0,0,0,0,1,0,0,0,0,0,0,0,0,0,0,0,0,0,0,0,0,0,0,0,0,1,0,0,1,0,0,0,0,0,0,0,0,0,0,0,0,0,0,0,0,0,1,0,0,0,0,0,0,0,0,0,0,0,0,0,0,1,0,0,0,0,0,0,0,0,0,2837,2837,292,10,233.625,2,1,1.0,0.125,5.0,1,9,119,13,1,0,1,244,1,292,0,0.9990817263544536,1,18,30,9,13,0.6585623678646935
946,946,947,80,70.0,8163,4,2,5,6,1959,1959,128.0,3,4,3,3,3,5,748,4,294,102,1144,2,1,4,1144,0,0,1144,1,0,1,0,3,1,3,6,7,796,2,86,0,0,0,0,0,0.0,0,0,3,2006,11.870606902224589,0,0,0,1,0,0,0,0,0,0,0,0,1,2.0,2,True,False,False,False,False,3.0,2.079441541679836,6,0,0,1,0,1,0,0,0,1,0,0,1,0,0,0,1,0,1,0,0,0,0,0,0,0,1,0,0,0,0,0,0,0,0,0,0,0,0,0,0,0,0,1,0,0,0,0,0,0,0,0,0,0,0,0,0,0,0,0,0,0,0,0,0,0,1,1,0,0,0,0,1,0,0,0,0,0,0,0,0,0,0,0,1,0,0,0,0,0,0,0,0,0,0,0,0,0,1,0,0,0,0,0,0,0,0,0,1,0,1,0,0,0,0,2288,2186,86,10,163.42857142857142,1,0,2.0,0.2857142857142857,10.0,1,9,47,47,0,0,2,0,0,86,0,0.9100436681222708,1,36,30,12,13,0.4997815640017475
947,947,948,20,85.0,14536,4,2,8,5,2002,2003,236.0,4,3,4,3,3,6,1300,1,0,316,1616,4,1,4,1629,0,0,1629,1,0,2,0,3,1,4,9,7,808,2,0,252,0,0,0,0,0.0,0,0,11,2007,12.506180941677355,0,0,0,1,0,0,0,0,0,0,0,0,1,2.0,4,True,False,False,False,False,4.0,2.772588722239781,6,0,0,1,0,1,0,0,0,1,0,0,1,0,0,0,1,0,1,0,0,0,0,0,0,0,1,0,0,0,0,0,0,0,0,0,0,0,0,0,0,0,0,0,0,0,0,0,0,0,0,0,0,0,1,0,0,0,0,0,0,1,0,0,0,0,0,0,0,1,0,0,1,0,0,0,0,0,0,0,0,0,0,0,0,0,0,0,0,0,1,0,0,0,0,0,0,0,0,0,0,0,0,0,0,1,0,0,1,0,0,1,0,0,0,3245,2929,252,13,162.9,1,0,3.0,0.3,24.0,1,16,5,4,1,1,4,252,1,252,0,0.8039579468150897,1,48,40,12,20,0.5018484288354899
948,948,949,60,65.0,14006,4,2,7,5,2002,2002,144.0,4,3,4,3,0,1,0,1,0,936,936,4,1,4,936,840,0,1776,0,0,2,1,3,1,4,7,7,474,2,144,96,0,0,0,0,0.0,0,0,2,2006,12.167856627501678,0,0,0,1,0,0,0,0,0,0,0,0,1,2.0,4,True,False,False,False,False,3.0,2.079441541679836,6,0,0,1,0,1,0,0,0,0,0,0,1,0,0,0,1,0,1,0,0,0,0,0,0,0,1,0,0,0,0,0,0,0,0,0,1,0,0,0,0,0,0,0,0,0,0,0,0,0,0,0,0,0,0,0,0,0,0,0,0,0,0,0,1,0,0,1,0,0,0,0,1,0,0,0,0,0,0,0,0,0,0,0,0,0,0,0,0,0,1,0,0,0,0,0,0,0,0,0,0,0,0,0,0,1,0,0,1,0,0,1,0,0,0,2712,1776,240,11,222.0,2,1,2.5,0.3125,17.5,1,16,4,4,0,1,4,96,1,240,0,0.0,0,12,35,12,19,0.6546258754146701
949,949,950,20,78.0,9360,4,2,6,7,1972,2006,0.0,3,3,3,3,1,5,982,1,0,179,1161,2,1,4,1381,0,0,1381,1,0,1,1,3,1,4,5,7,676,2,0,0,0,0,0,0,0.0,0,0,3,2010,12.193498926601634,0,0,0,1,0,0,0,0,0,0,0,0,1,2.0,2,True,False,False,False,False,3.0,2.079441541679836,6,0,0,1,0,1,0,0,0,1,0,0,1,0,0,0,1,0,1,0,0,0,0,0,0,0,1,0,0,0,0,0,0,0,0,0,0,0,0,0,0,0,0,0,0,1,0,0,0,0,0,0,0,0,0,0,0,0,0,0,0,1,0,0,0,0,0,0,0,1,0,0,1,0,0,0,0,0,0,0,0,0,0,0,0,0,0,1,0,0,0,0,0,0,0,0,0,0,0,0,0,0,1,0,0,0,0,0,0,0,1,0,0,0,0,2542,2363,0,9,230.16666666666663,1,0,2.5,0.4166666666666667,15.0,1,16,38,4,1,1,2,0,0,0,0,0.8450946643717728,1,18,42,9,15,0.5430593786865906
950,950,951,20,60.0,7200,4,2,5,8,1950,2002,0.0,3,3,3,3,1,5,398,4,149,317,864,3,1,4,864,0,0,864,1,0,1,0,3,1,4,5,7,720,2,194,0,0,0,0,0,0.0,0,0,7,2007,11.767575435251748,0,0,0,1,0,0,0,0,0,0,0,0,1,2.0,2,False,False,False,False,True,0.0,0.0,6,0,0,1,0,1,0,0,0,1,0,0,1,0,0,0,1,0,1,0,0,0,0,0,0,0,1,0,0,0,0,0,0,0,0,0,0,0,0,0,0,0,0,1,0,0,0,0,0,0,0,0,0,0,0,0,0,0,0,0,0,1,0,0,0,0,0,1,0,0,0,0,1,0,0,0,0,0,0,0,0,0,0,0,0,0,0,0,0,0,1,0,0,0,0,0,0,0,0,0,0,0,0,0,0,1,0,0,0,0,1,0,0,0,0,1728,1411,194,9,144.0,1,0,2.0,0.3333333333333333,10.0,1,16,57,5,1,1,2,0,0,194,0,0.6323699421965318,1,18,40,9,15,0.4997108155002892
951,951,952,20,60.0,7800,4,2,5,5,1965,1965,0.0,3,3,3,3,1,4,641,1,0,187,828,3,1,4,965,0,0,965,1,0,1,0,3,1,3,6,7,300,2,421,0,0,0,0,0,2.0,0,0,7,2006,11.694421681264394,0,0,0,0,0,0,0,0,0,0,0,0,1,2.0,2,False,False,False,False,True,0.0,0.0,6,0,1,0,0,1,0,0,0,1,0,0,1,0,0,0,0,0,1,0,0,0,0,0,0,0,1,0,0,0,0,0,0,0,0,0,0,0,0,0,0,0,0,0,0,0,0,0,0,0,0,1,0,0,0,0,0,0,0,0,0,1,0,0,0,0,0,1,0,0,0,0,1,0,0,0,0,0,0,0,0,0,0,0,0,0,0,0,0,0,1,0,0,0,0,0,0,0,0,0,0,0,0,0,0,1,0,0,0,0,1,0,0,0,0,1793,1606,421,10,137.85714285714286,1,0,2.0,0.2857142857142857,10.0,1,9,41,41,0,0,2,0,0,421,0,0.773220747889023,1,18,25,9,14,0.5379041248606466
952,952,953,85,60.0,7200,4,2,5,8,1972,2003,0.0,3,4,4,3,3,6,660,1,0,108,768,3,1,4,768,0,0,768,0,1,1,0,2,1,3,5,7,396,2,192,0,0,0,0,0,2.0,0,0,4,2009,11.804855999911272,0,0,0,1,0,0,0,0,0,0,0,0,1,2.0,2,False,False,False,False,True,0.0,0.0,6,0,0,1,0,1,0,0,0,1,0,0,1,0,0,0,1,0,1,0,0,0,0,0,0,0,1,0,0,0,0,0,0,0,0,0,1,0,0,0,0,0,0,0,0,0,0,0,0,0,0,0,0,0,0,0,0,0,0,0,0,0,0,0,0,1,0,1,0,0,0,0,1,0,0,0,0,0,0,0,0,0,0,0,0,0,0,0,0,0,0,0,1,0,0,0,0,0,1,0,0,0,0,0,0,0,0,0,0,0,1,0,0,0,0,1536,1428,192,8,128.0,1,0,1.5,0.25,7.5,1,9,37,6,1,1,2,0,0,192,0,0.8582574772431729,1,48,40,12,14,0.4996746909564086
953,953,954,60,0.0,11075,4,1,5,4,1969,1969,232.0,3,3,3,3,3,5,562,2,193,29,784,4,1,4,1168,800,0,1968,0,1,2,1,4,1,3,7,5,530,2,305,189,0,0,0,0,2.0,1,400,9,2008,12.055255569732177,0,0,0,1,0,0,0,0,0,0,0,0,1,2.0,2,True,False,False,False,False,1.0,0.6931471805599453,6,0,0,1,0,1,0,0,0,0,0,0,1,0,0,0,1,0,1,0,0,0,0,0,0,0,1,0,0,0,0,0,0,0,0,0,0,0,0,0,0,0,1,0,0,0,0,0,0,0,0,0,0,0,0,0,0,0,0,0,0,0,0,0,1,0,0,1,0,0,0,0,1,0,0,0,0,0,0,0,0,0,0,0,1,0,0,0,0,0,0,0,0,0,0,0,0,0,1,0,0,0,0,0,0,0,0,0,1,0,1,0,0,0,0,2752,2723,494,12,246.0,2,1,3.0,0.375,15.0,1,9,39,39,0,0,2,189,1,494,0,0.961783439490446,1,36,20,9,15,0.7148565201598256
954,954,955,90,35.0,9400,4,2,6,5,1975,1975,250.0,3,3,4,4,4,6,945,1,0,0,945,2,1,4,980,0,0,980,0,2,2,0,4,0,3,4,7,0,2,0,0,0,0,0,0,0.0,0,0,10,2006,11.755879486687116,1,0,0,0,0,0,0,0,0,0,0,0,1,0.0,0,False,False,False,False,False,0.0,0.0,6,0,0,1,0,1,0,0,0,0,0,0,1,1,0,0,0,0,1,0,0,0,0,0,0,0,1,0,0,0,0,0,0,0,0,0,0,0,1,0,0,0,0,0,0,0,0,0,0,0,0,0,0,0,0,0,0,1,0,0,0,0,0,0,0,1,0,0,0,0,0,0,0,0,0,0,1,0,0,0,0,0,0,0,0,0,0,0,0,0,0,0,1,0,0,0,0,0,0,0,0,0,1,0,0,0,0,0,1,0,1,0,0,0,0,1925,1925,0,8,196.0,1,0,3.0,0.6,18.0,0,9,31,31,0,0,2,0,0,0,0,0.9989429175475688,1,80,30,9,14,0.5088265835929388
955,955,956,90,82.0,7136,4,2,6,6,1946,1950,423.0,3,3,4,3,1,3,484,1,0,495,979,2,0,2,979,979,0,1958,0,0,2,0,4,2,3,8,7,492,2,0,0,0,0,0,0,0.0,0,0,8,2007,11.884495917930655,0,0,0,1,0,0,0,0,0,0,0,0,1,2.0,1,True,False,False,False,False,0.0,0.0,6,0,1,0,0,1,0,0,0,0,1,0,0,0,0,0,1,0,1,0,0,0,0,0,0,0,1,0,0,0,0,0,0,0,0,0,0,1,0,0,0,0,0,0,0,0,0,0,0,0,0,0,0,0,0,0,0,1,0,0,0,0,0,0,1,0,0,1,0,0,0,0,1,0,0,0,0,0,0,0,0,0,0,0,0,0,1,0,0,0,0,0,0,0,0,0,0,0,0,0,1,0,0,0,0,0,0,0,1,0,1,0,0,0,0,2937,2442,0,14,217.55555555555557,2,1,2.0,0.2222222222222222,12.0,2,9,61,57,1,0,1,0,0,0,0,0.4938775510204081,1,24,36,9,14,0.6664397549353301
956,956,957,160,24.0,1300,4,2,6,6,1980,1980,0.0,3,3,4,3,1,5,285,1,0,276,561,2,1,4,561,668,0,1229,0,0,1,1,2,1,3,5,7,462,2,150,0,0,0,0,0,3.0,0,0,5,2009,11.728044909070784,0,0,0,1,0,0,0,0,0,0,0,0,1,2.0,2,True,False,False,False,False,3.0,2.079441541679836,6,0,0,0,1,1,0,0,0,1,0,0,1,0,0,0,1,0,1,0,0,0,0,0,0,0,1,0,0,0,0,0,1,0,0,0,0,0,0,0,0,0,0,0,0,0,0,0,0,0,0,0,0,0,0,0,0,0,0,1,0,0,0,0,1,0,0,1,0,0,0,0,1,0,0,0,0,0,0,0,0,0,0,0,0,0,1,0,0,0,0,0,0,0,0,0,0,0,0,0,1,0,0,0,0,0,0,0,0,0,1,0,0,0,0,1790,1514,150,8,204.83333333333331,2,1,1.5,0.25,9.0,1,9,29,29,0,0,3,0,0,150,0,0.5071174377224199,1,24,36,9,14,0.6862088218872139
957,957,958,20,70.0,7420,4,2,5,5,1962,1962,0.0,3,3,3,3,1,3,417,1,0,640,1057,2,1,4,1057,0,0,1057,0,0,1,0,3,1,3,6,7,576,2,0,0,0,0,0,0,0.0,0,0,4,2007,11.790564777297387,0,0,0,1,0,0,0,0,0,0,0,0,1,2.0,2,False,False,False,False,True,0.0,0.0,6,0,0,1,0,1,0,0,0,1,0,0,1,0,0,0,1,0,1,0,0,0,0,0,0,0,1,0,0,0,0,0,0,0,0,0,0,0,0,0,0,0,0,0,0,0,0,0,0,0,1,0,0,0,0,0,0,0,0,0,0,1,0,0,0,0,0,0,0,1,0,0,1,0,0,0,0,0,0,0,0,0,0,0,0,0,1,0,0,0,0,0,0,0,0,0,0,0,0,0,1,0,0,0,0,0,0,0,0,0,1,0,0,0,0,2114,1474,0,10,151.0,1,0,1.0,0.1428571428571428,5.0,1,9,45,45,0,0,2,0,0,0,0,0.3941398865784499,1,18,25,9,13,0.4997635933806146
958,958,959,20,65.0,8450,4,2,7,5,2003,2003,0.0,4,3,4,3,2,6,699,1,0,638,1337,4,1,4,1337,0,0,1337,1,0,2,0,3,1,4,6,7,531,2,0,39,0,0,0,0,0.0,0,0,10,2007,12.128116509451258,0,0,0,1,0,0,0,0,0,0,0,0,1,2.0,4,True,False,False,False,False,0.0,0.0,6,0,0,1,0,1,0,0,0,1,0,0,1,0,0,0,1,0,1,0,0,0,0,0,0,0,1,0,0,0,0,0,0,0,0,0,1,0,0,0,0,0,0,0,0,0,0,0,0,0,0,0,0,0,0,0,0,0,0,0,0,1,0,0,0,0,0,1,0,0,0,0,1,0,0,0,0,0,0,0,0,0,0,0,0,0,0,0,0,0,1,0,0,0,0,0,0,0,0,0,0,0,0,0,0,1,0,0,0,0,0,1,0,0,0,2674,2036,39,10,191.0,1,0,3.0,0.4285714285714285,21.0,1,16,4,4,0,1,4,39,1,39,0,0.5224215246636771,1,36,35,12,19,0.4998130841121495
959,959,960,160,24.0,2572,4,2,7,5,1999,1999,0.0,4,3,4,3,1,5,604,1,0,92,696,4,1,4,696,720,0,1416,1,0,2,1,3,1,4,6,7,484,2,0,44,0,0,0,0,0.0,0,0,5,2010,11.951186847493476,0,0,0,1,0,0,0,0,0,0,0,0,1,2.0,3,False,False,False,False,True,0.0,0.0,6,1,0,0,0,1,0,0,0,1,0,0,1,0,1,0,0,0,1,0,0,0,0,0,0,0,1,0,0,0,0,0,0,0,0,0,0,0,0,0,0,0,0,0,0,0,0,0,0,0,0,0,1,0,0,0,0,0,1,0,0,0,0,0,1,0,0,0,0,1,0,0,1,0,0,0,0,0,0,0,0,0,0,0,0,0,1,0,0,0,0,0,0,0,0,0,0,0,0,0,1,0,0,0,0,0,0,0,0,0,0,1,0,0,0,2112,2020,44,10,202.28571428571428,2,1,3.5,0.5,24.5,1,16,11,11,0,0,3,44,1,44,0,0.866571018651363,1,24,35,12,19,0.6701372456223379
960,960,961,20,50.0,7207,4,2,5,7,1958,2008,0.0,3,4,3,3,4,4,696,1,0,162,858,3,1,4,858,0,0,858,1,0,1,0,2,1,3,4,7,0,2,117,0,0,0,0,0,0.0,0,0,2,2010,11.66565513564204,0,0,0,1,0,0,0,0,0,0,0,0,1,0.0,0,False,False,False,False,False,0.0,0.0,6,0,0,1,0,1,0,0,0,0,0,0,1,0,0,0,1,0,1,0,0,0,0,0,0,0,1,0,0,0,0,0,0,0,1,0,0,0,0,0,0,0,0,0,0,0,0,0,0,0,0,0,0,0,0,0,0,0,0,0,0,1,0,0,0,0,0,1,0,0,0,0,1,0,0,0,0,0,0,0,0,0,0,0,0,0,0,0,0,0,0,1,0,0,0,0,0,0,0,0,0,0,1,0,0,0,0,0,0,0,1,0,0,0,0,1716,1554,117,7,171.6,1,0,2.0,0.4,10.0,1,9,52,2,1,1,2,0,0,117,0,0.810244470314319,1,45,35,12,14,0.4997087944088526
961,961,962,60,0.0,12227,4,2,6,7,1977,1995,424.0,3,4,4,4,1,5,896,1,0,434,1330,2,1,4,1542,1330,0,2872,1,0,2,1,4,1,3,11,7,619,2,550,282,0,0,0,0,0.0,0,0,7,2008,12.513561021741964,0,0,0,1,0,0,0,0,0,0,0,0,1,2.0,2,True,False,False,False,False,3.0,2.079441541679836,6,0,0,1,0,1,0,0,0,0,0,0,1,0,0,0,0,0,0,0,1,0,0,0,0,0,1,0,0,0,0,0,0,0,0,0,0,0,0,0,0,0,0,0,0,1,0,0,0,0,0,0,0,0,0,0,0,0,0,0,0,0,0,0,1,0,0,1,0,0,0,0,1,0,0,0,0,0,0,0,0,0,0,0,1,0,0,0,0,0,0,0,0,0,0,0,0,0,1,0,0,0,0,0,0,0,0,0,1,0,1,0,0,0,0,4202,3768,832,16,239.33333333333331,2,1,3.5,0.2916666666666667,21.0,1,9,31,13,1,0,2,282,1,832,0,0.6731780616078137,1,32,42,12,14,0.6833214370687604
962,962,963,160,24.0,2308,4,2,6,6,1976,1976,0.0,3,3,4,3,1,5,556,1,0,248,804,2,1,4,804,744,0,1548,1,0,2,1,3,1,4,7,7,440,2,48,0,0,0,0,0,0.0,0,0,7,2007,11.951186847493476,0,0,0,1,0,0,0,0,0,0,0,0,1,2.0,2,False,False,False,False,True,3.0,2.079441541679836,6,0,0,1,0,1,0,0,0,1,0,0,1,0,0,0,0,0,1,0,0,0,0,0,0,0,1,0,0,0,0,0,0,0,0,0,0,0,0,0,0,0,0,0,1,0,0,0,0,0,0,0,0,0,0,0,0,0,0,1,0,0,0,0,1,0,0,1,0,0,0,0,1,0,0,0,0,0,0,0,0,0,0,0,0,0,0,1,0,0,0,0,0,0,1,0,0,0,0,0,0,0,0,0,0,0,0,0,0,0,1,0,0,0,0,2352,2104,48,11,193.5,2,1,3.5,0.4375,21.0,1,16,31,31,0,0,2,0,0,48,0,0.6906832298136646,1,24,36,9,15,0.6578835529111772
963,963,964,20,122.0,11923,4,2,9,5,2007,2007,0.0,4,3,5,3,1,1,0,1,0,1800,1800,4,1,4,1800,0,0,1800,0,0,2,0,2,1,5,7,7,702,2,288,136,0,0,0,0,0.0,0,0,5,2009,12.384223015005311,0,0,0,1,0,0,0,0,0,0,0,0,1,2.0,4,True,False,False,False,False,0.0,0.0,6,0,0,1,0,1,0,0,0,0,0,0,1,0,0,0,0,0,1,0,0,0,0,0,0,0,1,0,0,0,0,0,0,0,0,0,1,0,0,0,0,0,0,0,0,0,0,0,0,0,0,0,0,0,0,0,0,0,0,0,0,1,0,0,0,0,0,1,0,0,0,0,1,0,0,0,0,0,0,0,0,0,0,0,0,0,0,0,0,0,1,0,0,0,0,0,0,0,0,0,0,0,0,0,0,1,0,0,0,0,0,1,0,0,0,3600,1800,424,10,225.0,1,0,2.0,0.25,18.0,1,25,2,2,0,1,4,136,1,424,0,0.0,0,30,45,12,22,0.4998611496806442
964,964,965,60,80.0,11316,4,2,7,5,2002,2003,44.0,4,3,4,3,1,6,624,1,0,193,817,4,1,4,824,1070,0,1894,1,0,2,1,4,1,4,8,7,510,2,0,40,0,0,0,0,0.0,0,0,2,2010,12.277932735946903,0,0,0,1,0,0,0,0,0,0,0,0,1,2.0,4,False,False,True,False,False,4.0,2.772588722239781,6,0,0,1,0,1,0,0,0,1,0,0,1,0,0,0,0,0,1,0,0,0,0,0,0,0,1,0,0,0,0,0,0,0,0,0,0,0,0,0,0,0,0,0,0,0,0,0,0,0,0,0,0,0,1,0,0,0,0,0,0,0,0,0,1,0,0,1,0,0,0,0,1,0,0,0,0,0,0,0,0,0,0,0,0,0,0,0,0,0,1,0,0,0,0,0,0,0,0,0,0,0,0,0,0,1,0,0,1,0,0,1,0,0,0,2711,2518,40,13,210.44444444444449,2,1,3.5,0.3888888888888889,24.5,1,16,8,7,1,1,4,40,1,40,0,0.7628361858190709,1,24,35,12,19,0.698377581120944
965,965,966,60,65.0,10237,4,2,6,5,2005,2007,0.0,4,3,4,3,1,1,0,1,0,783,783,4,1,4,783,701,0,1484,0,0,2,1,3,1,4,8,7,393,2,0,72,0,0,0,0,0.0,0,0,7,2007,12.094587859196112,0,0,0,0,1,0,0,0,0,0,1,0,0,2.0,4,True,False,False,False,False,4.0,2.772588722239781,6,0,0,1,0,1,0,0,0,1,0,0,1,0,0,0,1,0,0,0,0,0,1,0,0,0,1,0,0,0,0,0,0,0,0,0,0,0,0,1,0,0,0,0,0,0,0,0,0,0,0,0,0,0,0,0,0,0,0,0,0,0,0,0,1,0,0,1,0,0,0,0,1,0,0,0,0,0,0,0,0,0,0,0,0,0,0,0,0,0,1,0,0,0,0,0,0,0,0,0,0,0,0,0,0,1,0,0,0,0,0,1,0,0,0,2267,1484,72,12,164.88888888888889,2,1,2.5,0.2777777777777778,15.0,1,16,2,0,1,1,4,72,1,72,0,0.0,0,24,30,12,18,0.654320987654321
966,966,967,50,130.0,9600,4,2,5,7,1940,1950,0.0,4,4,3,2,1,3,428,1,0,300,728,4,1,4,976,332,0,1308,1,0,1,1,2,1,3,7,5,256,2,0,70,0,0,0,0,0.0,0,0,6,2009,11.982935344196433,0,0,0,1,0,0,0,0,0,0,0,0,1,2.0,1,False,False,False,False,True,3.0,3.295836866004329,6,0,0,1,0,1,0,0,0,0,1,0,0,0,0,0,1,0,1,0,0,0,0,0,0,0,1,0,0,0,0,0,0,0,0,0,0,1,0,0,0,0,0,0,0,0,0,0,0,0,0,0,0,0,0,0,0,0,0,0,0,0,0,0,0,0,0,1,0,0,0,0,1,0,0,0,0,0,0,0,0,0,0,0,0,0,1,0,0,0,0,0,0,0,0,0,0,0,0,0,1,0,0,0,0,0,0,0,0,0,0,0,0,0,0,2036,1736,70,10,163.5,2,1,2.5,0.3125,12.5,1,9,69,59,1,0,1,70,1,70,0,0.5871056241426612,1,12,35,16,16,0.6421207658321061
967,967,968,20,0.0,7390,4,2,5,7,1955,1955,151.0,3,3,3,3,1,5,902,1,0,196,1098,2,1,4,1098,0,0,1098,1,0,1,0,3,1,3,6,7,260,2,0,0,0,0,0,0,0.0,0,0,7,2008,11.81303746480054,0,0,0,1,0,0,0,0,0,0,0,0,1,2.0,2,True,False,False,False,False,0.0,0.0,6,0,0,1,0,1,0,0,0,0,0,0,1,0,0,0,1,0,1,0,0,0,0,0,0,0,1,0,0,0,0,0,0,0,0,0,0,0,0,0,0,0,0,1,0,0,0,0,0,0,0,0,0,0,0,0,0,0,0,0,0,1,0,0,0,0,0,0,0,1,0,0,1,0,0,0,0,0,0,0,0,0,0,0,0,0,0,0,0,0,0,1,0,0,0,0,0,0,0,0,0,0,0,0,0,0,1,0,1,0,1,0,0,0,0,2196,2000,0,10,156.85714285714286,1,0,2.0,0.2857142857142857,10.0,1,9,53,53,0,0,2,0,0,0,0,0.8207461328480437,1,18,35,9,13,0.4997724169321802
968,968,969,50,50.0,5925,4,2,3,6,1910,1950,0.0,3,3,3,3,1,1,0,1,0,600,600,1,0,4,600,368,0,968,0,0,1,0,2,1,3,6,7,0,2,0,0,0,0,0,0,1.0,0,0,5,2009,10.542732775946709,0,0,0,0,0,0,0,0,0,0,0,0,1,0.0,0,False,False,False,False,False,0.0,0.0,1,0,0,0,1,1,0,0,0,1,0,0,1,0,0,0,1,0,1,0,0,0,0,0,0,0,1,0,0,0,0,0,0,0,0,0,0,0,0,0,0,0,0,0,0,0,0,0,1,0,0,0,0,0,0,0,0,0,0,0,0,0,0,0,0,0,0,1,0,0,0,0,1,0,0,0,0,0,0,0,0,0,0,0,0,0,0,0,0,0,1,0,0,0,0,0,0,0,0,0,0,0,0,0,0,1,0,0,0,0,0,0,0,0,0,1568,968,0,9,138.28571428571428,2,1,1.0,0.1428571428571428,3.0,1,9,99,59,1,0,1,0,0,0,0,0.0,0,18,18,9,10,0.6169534735500318
969,969,970,190,75.0,10382,4,2,6,5,1958,1958,105.0,3,2,3,3,4,5,513,1,0,75,588,2,1,4,1095,0,0,1095,1,0,1,0,2,1,3,6,7,264,2,0,0,0,0,0,0,0.0,0,0,3,2006,11.849404844423074,0,0,0,1,0,0,0,1,0,0,0,0,0,2.0,2,True,False,False,False,False,0.0,0.0,6,0,0,1,0,1,0,0,0,1,0,0,1,0,0,0,1,0,1,0,0,0,0,0,0,0,1,0,0,0,0,0,0,0,0,0,0,0,0,0,0,0,0,1,0,0,0,0,0,0,0,0,0,0,0,0,1,0,0,0,0,0,0,0,0,0,1,0,0,1,0,0,1,0,0,0,0,0,0,0,0,0,0,0,1,0,0,0,0,0,0,0,0,0,0,0,0,0,1,0,0,0,0,0,0,0,0,0,1,0,1,0,0,0,0,1683,1608,0,9,156.42857142857142,1,0,2.0,0.2857142857142857,12.0,1,9,48,48,0,0,2,0,0,0,0,0.8709677419354839,1,45,30,6,14,0.6502375296912114
970,970,971,50,60.0,10800,4,2,4,4,1949,1950,0.0,3,3,3,3,1,1,0,1,0,720,720,2,0,3,720,472,0,1192,0,0,1,1,4,1,3,6,7,0,2,0,0,0,0,0,0,0.0,0,0,12,2006,11.81303746480054,0,0,0,0,0,0,0,0,0,0,0,0,1,0.0,0,False,False,False,False,False,0.0,0.0,6,0,0,1,0,1,0,0,0,1,0,0,1,0,0,0,1,0,1,0,0,0,0,0,0,0,1,0,0,0,0,0,0,0,0,0,0,0,0,0,0,0,0,1,0,0,0,0,0,0,0,0,0,0,0,0,0,0,0,0,0,0,0,0,0,0,0,1,0,0,0,0,1,0,0,0,0,0,0,0,0,0,0,0,0,0,0,0,0,0,0,0,0,0,0,0,0,0,0,0,0,0,0,0,0,0,0,0,0,0,1,0,0,0,0,1912,1192,0,11,170.28571428571428,2,1,1.5,0.2142857142857142,6.0,1,9,57,56,1,0,2,0,0,0,0,0.0,0,18,16,9,12,0.6231050705697857
971,971,972,160,36.0,2268,4,2,7,5,2003,2004,106.0,4,3,4,3,1,6,567,1,0,197,764,4,1,4,764,862,0,1626,0,0,2,0,2,1,4,6,7,474,2,0,27,0,0,0,0,0.0,0,0,7,2009,12.06105265381003,0,0,0,1,0,0,0,0,0,0,0,0,1,2.0,4,False,False,True,False,False,0.0,0.0,6,0,0,1,0,1,0,0,0,1,0,0,1,0,0,0,1,0,1,0,0,0,0,0,0,0,1,0,0,0,0,0,0,0,0,0,0,0,0,0,0,0,0,0,0,0,0,1,0,0,0,0,0,0,0,0,0,0,1,0,0,0,0,0,1,0,0,1,0,0,0,0,1,0,0,0,0,0,0,0,0,0,0,0,0,0,0,0,0,0,1,0,0,0,0,0,0,0,0,0,0,0,0,0,0,0,0,1,0,1,0,1,0,0,0,2390,2193,27,9,232.28571428571428,2,1,2.0,0.2857142857142857,14.0,1,16,6,5,1,1,4,27,1,27,0,0.7411764705882353,1,24,35,12,19,0.6800501882057717
972,972,973,120,55.0,7892,4,2,6,5,1979,1979,0.0,3,3,4,3,1,1,0,1,0,918,918,2,1,4,918,0,0,918,0,0,2,0,2,1,3,5,7,264,2,28,0,0,0,0,0,0.0,0,0,4,2010,11.507922973347435,0,0,0,1,0,0,0,0,0,0,0,0,1,2.0,2,True,False,False,False,False,3.0,2.079441541679836,6,0,0,1,0,1,0,0,0,1,0,0,1,0,0,0,1,0,1,0,0,0,0,0,0,0,1,0,0,0,0,0,0,0,0,0,0,0,0,0,0,0,0,0,0,0,0,0,0,0,0,1,0,0,0,0,0,0,0,1,0,1,0,0,0,0,0,1,0,0,0,0,1,0,0,0,0,0,0,0,0,0,0,0,0,0,0,1,0,0,0,0,0,0,0,0,0,0,0,0,0,0,1,0,0,0,0,0,0,0,1,0,0,0,0,1836,918,28,8,153.0,1,0,2.0,0.3333333333333333,12.0,1,9,31,31,0,0,2,0,0,28,0,0.0,0,24,30,9,14,0.4997278170930865
973,973,974,20,95.0,11639,4,2,7,5,2007,2008,0.0,4,3,4,3,1,1,0,1,0,1428,1428,4,1,4,1428,0,0,1428,0,0,2,0,3,1,4,6,7,480,2,0,120,0,0,0,0,0.0,0,0,12,2008,12.111767460549332,0,0,0,0,1,0,0,0,0,0,1,0,0,2.0,4,True,False,False,False,False,0.0,0.0,6,1,0,0,0,1,0,0,0,1,0,0,1,0,0,0,0,0,1,0,0,0,0,0,0,0,1,0,0,0,0,0,0,0,0,0,0,0,0,0,0,0,0,0,0,0,0,0,0,0,0,0,1,0,0,0,0,0,0,0,0,1,0,0,0,0,0,1,0,0,0,0,1,0,0,0,0,0,0,0,0,0,0,1,0,0,0,0,0,0,0,0,0,0,0,0,0,1,0,0,0,0,0,0,0,0,0,0,0,0,0,1,0,0,0,2856,1428,120,10,204.0,1,0,2.0,0.2857142857142857,14.0,1,16,1,0,1,1,4,120,1,120,0,0.0,0,24,35,12,19,0.4998249912495625
974,974,975,70,60.0,11414,4,2,7,8,1910,1993,0.0,3,4,4,3,1,1,0,1,0,728,728,2,0,4,1136,883,0,2019,0,0,1,0,3,1,4,8,7,532,2,509,135,0,0,0,0,3.0,0,0,10,2009,12.02874460037869,0,0,0,1,0,0,0,0,0,0,0,0,1,2.0,3,False,False,False,False,True,0.0,0.0,6,0,0,1,0,1,0,0,0,0,0,0,1,0,0,0,0,0,0,0,0,0,1,0,0,1,0,0,0,0,0,0,0,0,1,0,0,0,0,0,0,0,0,0,0,0,0,0,0,0,0,0,0,0,0,0,0,0,0,0,0,0,0,0,1,0,0,1,0,0,0,0,1,0,0,0,0,0,0,0,0,0,0,0,1,0,0,0,0,0,0,0,0,0,0,0,0,0,1,0,0,0,0,0,0,0,0,0,0,0,0,0,0,0,0,2747,2019,644,12,224.33333333333331,2,1,1.0,0.1111111111111111,7.0,1,16,99,16,1,0,1,135,1,644,0,0.0,0,24,56,12,16,0.7347161572052402
975,975,976,160,0.0,2651,4,2,7,5,2000,2000,0.0,4,3,4,3,1,6,641,1,0,32,673,4,1,4,673,709,0,1382,1,0,2,1,3,1,4,6,7,490,2,153,50,0,0,0,0,0.0,0,0,4,2006,12.013706813470414,0,0,0,1,0,0,0,0,0,0,0,0,1,2.0,3,False,False,False,False,True,0.0,0.0,6,1,0,0,0,1,0,0,0,1,0,0,1,0,1,0,0,0,1,0,0,0,0,0,0,0,1,0,0,0,0,0,0,0,0,0,0,0,0,0,0,0,0,0,0,0,0,0,0,0,0,0,1,0,0,0,0,0,1,0,0,0,0,0,1,0,0,1,0,0,0,0,1,0,0,0,0,0,0,0,0,0,0,0,0,0,1,0,0,0,0,0,0,0,0,0,0,0,0,0,1,0,0,0,0,0,0,0,0,0,0,1,0,0,0,2055,2023,203,10,197.42857142857144,2,1,3.5,0.5,24.5,1,16,6,6,0,1,4,50,1,203,0,0.9510385756676558,1,24,35,12,19,0.6721789883268483
976,976,977,30,51.0,5900,4,2,4,7,1923,1958,0.0,3,3,4,3,1,1,0,1,0,440,440,2,1,3,869,0,0,869,0,0,1,0,2,1,2,4,7,0,2,0,0,0,0,0,0,0.0,0,0,8,2006,11.356283350762888,0,0,0,1,0,0,0,0,0,0,0,0,1,0.0,0,False,False,False,False,False,0.0,0.0,6,0,0,1,0,1,0,0,0,0,0,0,0,0,0,0,1,0,1,0,0,0,0,0,0,0,1,0,0,0,0,0,0,0,1,0,0,0,0,0,0,0,0,0,0,0,0,0,0,0,0,0,0,0,0,0,0,0,0,0,0,1,0,0,0,0,0,1,0,0,0,0,1,0,0,0,0,0,0,0,0,0,0,0,0,0,0,0,0,0,0,1,0,0,0,0,0,0,0,0,0,0,0,0,0,0,1,0,0,0,0,1,0,0,0,1309,869,0,7,173.8,1,0,1.0,0.2,4.0,1,4,83,48,1,0,1,0,0,0,0,0.0,0,24,28,9,11,0.6633587786259542
977,977,978,120,35.0,4274,4,2,7,5,2006,2007,0.0,4,3,4,3,1,6,1106,1,0,135,1241,4,1,4,1241,0,0,1241,1,0,1,1,1,1,4,4,7,569,2,0,116,0,0,0,0,0.0,0,0,11,2007,12.20557752297723,0,0,0,0,1,0,0,0,0,0,1,0,0,2.0,4,True,False,False,False,False,0.0,0.0,6,1,0,0,0,1,1,0,0,0,0,0,1,0,0,0,1,0,1,0,0,0,0,0,0,0,1,0,0,0,0,0,0,0,0,0,0,0,0,0,0,0,0,0,0,0,0,0,0,0,0,0,1,0,0,0,0,0,0,1,0,1,0,0,0,0,0,1,0,0,0,0,1,0,0,0,0,0,0,0,0,0,0,0,0,0,0,0,0,0,1,0,0,0,0,0,0,0,0,0,0,0,0,0,0,1,0,0,0,0,0,1,0,0,0,2482,2347,116,6,248.2,1,0,2.5,0.5,17.5,1,16,1,0,1,1,4,116,1,116,0,0.8904991948470209,1,24,35,12,19,0.499798630688683
978,978,979,20,68.0,9450,4,1,4,5,1954,1954,0.0,3,3,3,3,1,2,552,1,0,342,894,4,1,4,894,0,0,894,0,0,1,0,3,1,3,5,7,400,2,0,0,0,0,0,0,0.0,0,0,5,2007,11.60824473564232,0,0,0,0,0,0,0,0,0,0,0,0,1,2.0,3,False,False,False,False,True,0.0,0.0,6,0,0,1,0,1,0,0,0,1,0,0,0,0,0,0,1,0,1,0,0,0,0,0,0,0,1,0,0,0,0,0,0,0,0,0,0,0,1,0,0,0,0,0,0,0,0,0,0,0,0,0,0,0,0,0,0,0,0,0,0,1,0,0,0,0,0,1,0,0,0,0,1,0,0,0,0,0,0,0,0,0,0,0,0,0,1,0,0,0,0,0,0,0,0,0,0,0,0,0,1,0,0,0,0,0,0,0,0,0,1,0,0,0,0,1788,1446,0,9,149.0,1,0,1.0,0.1666666666666666,4.0,1,9,53,53,0,0,2,0,0,0,0,0.6167597765363129,1,18,20,9,14,0.499720514253773
979,979,980,20,80.0,8816,4,2,5,6,1963,1963,0.0,3,3,3,3,1,3,651,1,0,470,1121,2,1,4,1121,0,0,1121,1,0,1,0,3,1,3,5,7,480,2,0,80,0,0,0,0,2.0,0,0,6,2009,11.842236406331557,0,0,0,1,0,0,0,0,0,0,0,0,1,2.0,2,False,False,False,False,True,0.0,0.0,6,0,0,1,0,1,0,0,0,1,0,0,1,0,0,0,0,1,0,0,0,0,0,0,0,0,1,0,0,0,0,0,0,0,0,0,0,0,0,0,0,0,0,0,0,0,0,0,0,0,1,0,0,0,0,0,0,0,0,0,0,1,0,0,0,0,0,1,0,0,0,0,1,0,0,0,0,0,0,0,0,0,0,0,0,0,0,0,0,0,1,0,0,0,0,0,0,0,0,0,0,0,0,0,0,1,0,0,0,0,0,1,0,0,0,2242,1772,80,9,186.83333333333331,1,0,2.0,0.3333333333333333,10.0,1,9,46,46,0,0,2,80,1,80,0,0.5802139037433155,1,18,30,9,13,0.4997770842621489
980,980,981,85,0.0,12122,4,2,7,9,1961,2007,210.0,5,3,3,3,3,5,867,1,0,77,944,3,1,4,999,0,0,999,1,0,1,0,3,1,5,6,7,588,2,144,76,0,0,0,0,0.0,0,0,7,2008,12.091789104493502,0,0,0,1,0,0,0,0,0,0,0,0,1,2.0,2,True,False,False,False,False,0.0,0.0,6,0,0,1,0,1,0,0,0,0,0,0,1,0,0,0,0,0,1,0,0,0,0,0,0,0,1,0,0,0,0,0,0,0,0,0,0,0,0,0,0,0,0,1,0,0,0,0,0,0,0,0,0,0,0,0,0,0,0,0,0,0,0,0,0,1,0,1,0,0,0,0,1,0,0,0,0,0,0,0,0,0,0,1,0,0,0,0,0,0,0,0,0,0,0,0,0,1,0,0,0,0,0,0,0,0,0,0,0,1,1,0,0,0,0,1943,1866,220,10,142.71428571428572,1,0,2.0,0.2857142857142857,14.0,1,25,47,1,1,1,2,76,1,220,0,0.9174603174603174,1,36,63,15,20,0.5138888888888888
981,981,982,60,98.0,12203,4,2,8,5,1998,1999,975.0,4,3,4,3,1,6,854,1,0,371,1225,4,1,4,1276,1336,0,2612,1,0,2,1,4,1,4,8,7,676,2,250,0,0,0,0,0,0.0,0,0,7,2009,12.724869415131389,0,0,0,1,0,0,0,0,0,0,0,0,1,2.0,3,True,False,False,False,False,3.0,2.079441541679836,6,0,0,1,0,1,0,0,0,0,0,0,1,0,0,0,0,0,1,0,0,0,0,0,0,0,1,0,0,0,0,0,0,0,0,0,0,0,0,0,0,0,0,0,0,0,1,0,0,0,0,0,0,0,0,0,0,0,0,0,0,0,0,0,1,0,0,0,0,1,0,0,1,0,0,0,0,0,0,0,0,0,0,0,0,0,0,0,0,0,1,0,0,0,0,0,0,0,0,0,0,0,0,0,0,1,0,0,1,0,0,1,0,0,0,3837,3466,250,13,290.22222222222223,2,1,3.5,0.3888888888888889,28.0,1,16,11,10,1,1,3,0,0,250,0,0.6965742251223491,1,24,40,12,20,0.6805627931214174
982,982,983,20,43.0,3182,4,2,7,5,2007,2007,16.0,4,3,4,3,3,1,0,1,0,1266,1266,4,1,4,1266,0,0,1266,0,0,2,0,2,1,4,6,7,388,2,100,16,0,0,0,0,0.0,0,0,3,2008,11.982278882874375,0,0,0,1,0,0,0,0,0,0,0,0,1,2.0,4,True,False,False,False,False,4.0,2.772588722239781,6,0,0,1,0,1,0,0,0,1,0,0,1,0,0,0,1,0,1,0,0,0,0,0,0,0,1,0,0,0,0,0,0,0,0,0,0,0,0,0,0,0,0,0,0,0,0,0,0,0,0,0,0,0,0,0,0,0,0,0,0,1,0,0,0,0,0,1,0,0,0,0,1,0,0,0,0,0,0,0,0,0,0,0,0,0,0,0,0,0,1,0,0,0,0,0,0,0,0,0,0,0,0,0,0,1,0,0,1,0,0,1,0,0,0,2532,1266,116,9,180.8571428571429,1,0,2.0,0.2857142857142857,14.0,1,16,1,1,0,1,4,16,1,116,0,0.0,0,48,35,12,19,0.4998026056060008
983,983,984,60,0.0,11250,4,2,8,5,2002,2002,0.0,4,3,4,3,2,1,0,1,0,1128,1128,4,1,4,1149,1141,0,2290,0,0,2,1,4,1,4,9,7,779,2,0,0,0,0,0,0,0.0,0,0,5,2008,12.45254592991672,0,0,0,1,0,0,0,0,0,0,0,0,1,2.0,4,True,False,False,False,False,4.0,2.772588722239781,6,0,0,1,0,1,0,0,0,1,0,0,1,0,0,0,0,0,1,0,0,0,0,0,0,0,1,0,0,0,0,0,0,0,0,0,1,0,0,0,0,0,0,0,0,0,0,0,0,0,0,0,0,0,0,0,0,0,0,0,0,0,0,0,1,0,0,1,0,0,0,0,1,0,0,0,0,0,0,0,0,0,0,1,0,0,0,0,0,0,0,0,0,0,0,0,0,1,0,0,0,0,0,0,0,0,0,0,0,0,0,1,0,0,0,3418,2290,0,14,229.0,2,1,2.5,0.25,20.0,1,16,6,6,0,1,4,0,0,0,0,0.0,0,36,40,12,20,0.6697864872769815
984,984,985,90,75.0,10125,4,2,5,5,1977,1977,0.0,3,3,0,0,0,0,0,0,0,0,0,2,1,4,1302,432,0,1734,0,0,2,0,4,2,4,8,7,539,2,0,0,0,0,0,0,0.0,0,0,8,2009,11.744045122410055,0,0,0,1,0,0,0,0,0,0,0,0,0,2.0,2,True,False,False,False,False,0.0,0.0,6,0,0,1,0,1,0,0,0,1,0,0,1,0,0,0,1,0,1,0,0,0,0,0,0,0,1,0,0,0,0,0,0,0,0,0,0,0,0,0,0,0,1,0,0,0,0,0,0,0,0,0,0,0,0,0,0,1,0,0,0,0,0,0,0,0,0,1,0,0,0,0,1,0,0,0,0,0,0,0,0,0,0,0,0,0,0,1,0,0,0,0,0,0,0,0,0,0,0,0,0,0,1,0,0,0,0,0,0,0,1,0,0,0,0,1734,1734,0,14,192.66666666666663,2,1,2.0,0.2222222222222222,10.0,2,16,32,32,0,0,2,0,0,0,0,0.0,0,0,25,9,14,0.9994236311239192
985,985,986,190,68.0,10880,4,2,5,5,1950,1950,0.0,3,3,3,3,1,5,1040,1,0,124,1164,2,0,4,1164,0,0,1164,1,0,1,0,3,1,3,5,7,240,2,0,48,0,0,0,0,0.0,0,0,8,2008,11.736077016252436,0,0,0,1,0,0,0,1,0,0,0,0,0,2.0,1,False,False,False,False,True,0.0,0.0,5,0,0,1,0,1,0,0,0,1,0,0,1,0,0,0,1,0,1,0,0,0,0,0,0,0,1,0,0,0,0,0,0,0,0,0,0,0,1,0,0,0,0,0,0,0,0,0,0,0,0,0,0,0,0,0,1,0,0,0,0,1,0,0,0,0,0,1,0,0,0,0,1,0,0,0,0,0,0,0,0,0,0,0,0,0,1,0,0,0,0,0,0,0,0,0,0,0,0,0,1,0,0,0,0,0,0,0,0,0,1,0,0,0,0,2328,2204,48,9,194.0,1,0,2.0,0.3333333333333333,10.0,1,9,58,58,0,0,2,48,1,48,0,0.8927038626609443,1,18,25,9,13,0.4997853155860884
986,986,987,50,59.0,5310,4,2,6,8,1910,2003,0.0,3,4,3,2,1,1,0,1,0,485,485,3,1,4,1001,634,0,1635,0,0,1,0,2,1,4,5,7,255,2,394,0,0,0,0,0,0.0,0,0,6,2006,11.669937760751914,0,0,0,1,0,0,0,0,0,0,0,0,1,2.0,1,True,False,False,False,False,0.0,0.0,6,0,0,0,1,1,0,0,0,1,0,0,1,0,0,0,0,1,0,0,0,0,0,0,0,0,1,0,0,0,0,0,0,0,0,0,0,0,0,0,0,0,0,0,0,0,0,0,1,0,0,0,0,0,0,0,0,0,0,0,0,0,0,0,0,0,0,0,0,1,0,0,1,0,0,0,0,0,0,0,0,0,0,0,0,0,0,0,0,0,1,0,0,0,0,0,0,0,0,0,0,0,0,0,0,1,0,0,0,0,1,0,0,0,0,2120,1635,394,8,272.5,2,1,1.0,0.1666666666666666,6.0,1,16,96,3,1,1,1,0,0,394,0,0.0,0,12,48,12,16,0.7708628005657708
987,987,988,20,83.0,10159,4,2,9,5,2009,2010,450.0,5,3,5,3,3,6,1646,1,0,284,1930,4,1,4,1940,0,0,1940,1,0,2,1,3,1,5,8,7,606,2,168,95,0,0,0,0,0.0,0,0,4,2010,12.887129532148371,0,0,0,0,1,0,0,0,0,0,1,0,0,2.0,4,True,False,False,False,False,4.0,2.772588722239781,6,0,0,1,0,1,0,0,0,0,0,0,1,0,0,0,1,0,1,0,0,0,0,0,0,0,1,0,0,0,0,0,0,0,0,0,0,0,0,0,0,0,0,0,0,0,0,1,0,0,0,0,0,0,0,0,0,0,0,0,0,1,0,0,0,0,0,0,0,1,0,0,1,0,0,0,0,0,0,0,0,0,0,0,0,0,0,0,0,0,1,0,0,0,0,0,0,0,0,0,0,0,0,0,0,1,0,0,0,1,0,1,0,0,0,3870,3586,263,12,215.55555555555557,1,0,3.5,0.3888888888888889,31.5,1,25,1,0,1,1,4,95,1,263,0,0.8524080787156914,1,60,45,15,23,0.5011624903125808
988,988,989,60,0.0,12046,4,2,6,6,1976,1976,298.0,3,3,3,3,1,2,156,1,0,692,848,2,1,4,1118,912,0,2030,0,0,2,1,4,1,4,8,7,551,2,0,224,0,0,0,0,0.0,0,0,6,2007,12.180759965737863,0,0,0,1,0,0,0,0,0,0,0,0,1,2.0,2,True,False,False,False,False,3.0,2.079441541679836,6,0,0,1,0,1,0,0,0,0,0,0,1,0,0,0,1,0,1,0,0,0,0,0,0,0,1,0,0,0,0,0,0,0,0,0,0,0,0,0,0,0,0,0,0,1,0,0,0,0,0,0,0,0,0,0,0,0,0,0,0,0,0,0,1,0,0,1,0,0,0,0,1,0,0,0,0,0,0,0,0,0,0,0,0,0,0,1,0,0,0,0,0,0,0,0,0,0,0,0,0,0,1,0,0,0,0,0,1,0,1,0,0,0,0,2878,2186,224,13,225.55555555555557,2,1,2.5,0.2777777777777778,15.0,1,16,31,31,0,0,2,224,1,224,0,0.1837455830388692,1,18,36,9,15,0.705105939562348
989,989,990,60,65.0,8125,4,2,7,5,2006,2006,0.0,4,3,4,4,1,1,0,1,0,770,770,4,1,4,778,798,0,1576,0,0,2,1,3,1,4,6,7,614,2,0,50,0,0,0,0,0.0,0,0,8,2006,12.190964083849376,0,0,0,0,1,0,0,0,0,0,1,0,0,2.0,4,True,False,False,False,False,0.0,0.0,6,1,0,0,0,1,0,0,0,1,0,0,1,0,0,0,1,0,1,0,0,0,0,0,0,0,1,0,0,0,0,0,0,0,0,0,0,0,0,0,0,0,0,0,0,0,0,0,0,0,0,0,1,0,0,0,0,0,0,0,0,0,0,0,1,0,0,1,0,0,0,0,1,0,0,0,0,0,0,0,0,0,0,0,0,0,0,0,0,0,1,0,0,0,0,0,0,0,0,0,0,0,0,0,0,1,0,0,0,0,0,1,0,0,0,2346,1576,50,10,225.14285714285717,2,1,2.5,0.3571428571428571,17.5,1,16,0,0,0,1,4,50,1,50,0,0.0,0,32,35,12,19,0.6714955262036643
990,990,991,60,82.0,9452,4,2,8,5,1997,1998,423.0,4,3,4,3,1,6,1074,1,0,322,1396,4,1,4,1407,985,0,2392,1,0,2,1,3,1,4,7,7,870,2,0,70,0,0,0,0,0.0,0,0,6,2006,12.759960632315702,0,0,0,1,0,0,0,0,0,0,0,0,1,2.0,3,True,False,False,False,False,3.0,2.079441541679836,6,0,0,1,0,1,0,0,0,1,0,0,1,0,0,0,1,0,1,0,0,0,0,0,0,0,1,0,0,0,0,0,0,0,0,0,0,0,0,0,0,0,0,0,0,0,1,0,0,0,0,0,0,0,0,0,0,0,0,0,0,0,0,0,1,0,0,1,0,0,0,0,1,0,0,0,0,0,0,0,0,0,0,0,0,0,0,0,0,0,1,0,0,0,0,0,0,0,0,0,0,0,0,0,0,1,0,0,1,0,0,1,0,0,0,3788,3466,70,11,299.0,2,1,3.5,0.4375,28.0,1,16,9,8,1,1,4,70,1,70,0,0.768790264853257,1,24,40,12,20,0.6313011348640802
991,991,992,70,121.0,17671,4,2,8,9,1882,1986,0.0,4,4,3,3,1,4,216,1,0,700,916,3,1,4,916,826,0,1742,0,0,1,1,4,1,4,8,7,424,1,0,169,0,0,0,0,0.0,0,0,11,2009,12.031725210748633,0,0,0,1,0,0,0,0,0,0,0,0,1,2.0,1,True,False,False,False,False,4.0,2.772588722239781,6,0,0,0,1,1,0,0,0,1,0,0,1,0,0,0,0,0,0,0,0,0,0,0,0,0,1,0,0,0,0,0,0,0,0,0,0,0,0,0,0,0,0,0,0,0,0,0,1,0,0,0,0,0,0,0,0,0,0,0,0,0,0,0,1,0,0,1,0,0,0,0,1,0,0,0,0,0,0,0,0,0,0,0,0,0,0,0,0,0,0,1,0,0,0,0,0,0,0,0,0,0,0,0,0,0,1,0,0,0,0,0,0,0,0,2658,1958,169,13,193.55555555555557,2,1,1.5,0.1666666666666666,12.0,1,16,127,23,1,0,1,169,1,169,0,0.2355507088331515,1,18,72,16,19,0.655133508837909
992,992,993,60,80.0,9760,4,1,6,8,1964,1993,340.0,3,3,3,3,4,4,536,3,117,169,822,3,1,4,1020,831,0,1851,0,0,2,1,3,1,4,7,7,440,2,239,42,0,0,0,0,0.5,0,0,7,2007,12.138869243416009,0,0,0,1,0,0,0,0,0,0,0,0,1,2.0,2,True,False,False,False,False,2.0,1.3862943611198906,6,0,0,1,0,1,0,0,0,1,0,0,1,0,0,0,1,0,1,0,0,0,0,0,0,0,1,0,0,0,0,0,0,0,0,0,0,0,0,0,0,0,0,1,0,0,0,0,0,0,0,0,0,0,0,0,0,0,0,0,0,0,0,0,1,0,0,0,0,1,0,0,1,0,0,0,0,0,0,0,0,0,0,0,0,0,0,0,0,0,0,1,0,0,0,0,0,0,0,0,0,0,0,0,0,0,1,0,1,0,1,0,0,0,0,2673,2504,281,11,231.375,2,1,2.5,0.3125,15.0,1,16,43,14,1,0,2,42,1,281,0,0.7934386391251519,1,45,48,9,16,0.6922213911742707
993,993,994,60,68.0,8846,4,2,6,5,2005,2006,0.0,3,3,4,3,1,1,0,1,0,750,750,4,1,4,750,750,0,1500,0,0,2,1,3,1,4,6,7,564,2,0,35,0,0,0,0,0.0,0,0,8,2006,12.066241450757124,0,0,0,0,1,0,0,0,0,0,1,0,0,2.0,4,True,False,False,False,False,0.0,0.0,6,0,0,1,0,1,0,0,0,1,0,0,1,0,0,0,1,0,1,0,0,0,0,0,0,0,1,0,0,0,0,0,0,0,0,0,1,0,0,0,0,0,0,0,0,0,0,0,0,0,0,0,0,0,0,0,0,0,0,0,0,0,0,0,1,0,0,1,0,0,0,0,1,0,0,0,0,0,0,0,0,0,0,0,0,0,0,0,0,0,1,0,0,0,0,0,0,0,0,0,0,0,0,0,0,1,0,0,0,0,0,1,0,0,0,2250,1500,35,10,214.28571428571428,2,1,2.5,0.3571428571428571,15.0,1,16,1,0,1,1,4,35,1,35,0,0.0,0,24,30,9,17,0.6663705019991115
994,994,995,20,96.0,12456,4,2,10,5,2006,2007,230.0,5,3,5,3,4,6,1172,1,0,528,1700,4,1,4,1718,0,0,1718,1,0,2,0,3,1,5,7,7,786,2,216,48,0,0,0,0,0.0,0,0,7,2009,12.729323752253295,0,0,0,1,0,0,0,0,0,0,0,0,1,2.0,4,True,False,False,False,False,4.0,2.772588722239781,6,0,0,1,0,1,0,0,0,1,0,0,1,0,1,0,0,0,1,0,0,0,0,0,0,0,1,0,0,0,0,0,0,0,0,0,0,0,0,0,0,0,0,0,0,0,0,1,0,0,0,0,0,0,0,0,0,0,0,0,0,1,0,0,0,0,0,0,0,1,0,0,1,0,0,0,0,0,0,0,0,0,0,1,0,0,0,0,0,0,0,0,0,0,0,0,0,1,0,0,0,0,0,0,0,0,0,0,0,1,0,1,0,0,0,3418,2890,264,11,214.75,1,0,3.0,0.375,30.0,1,25,3,2,1,1,4,48,1,264,0,0.6890064667842446,1,75,50,15,24,0.5024861070488447
995,995,996,50,51.0,4712,4,1,4,7,1946,1950,0.0,3,3,3,3,1,5,384,1,0,363,747,2,1,4,774,456,0,1230,1,0,1,1,3,1,3,5,7,305,2,0,57,0,0,63,0,2.0,0,0,8,2006,11.7085004721646,0,0,0,0,0,0,0,0,0,0,0,0,1,2.0,1,False,False,False,False,True,0.0,0.0,6,0,0,1,0,1,0,0,0,0,0,0,1,0,0,0,1,1,0,0,0,0,0,0,0,0,1,0,0,0,0,0,0,0,1,0,0,0,0,0,0,0,0,0,0,0,0,0,0,0,0,0,0,0,0,0,0,0,0,0,0,0,0,0,0,0,0,1,0,0,0,0,1,0,0,0,0,0,0,0,0,0,0,0,0,0,1,0,0,0,0,0,0,0,0,0,0,0,0,0,1,0,0,0,0,0,0,0,0,0,1,0,0,0,0,1977,1614,120,9,205.0,2,1,2.5,0.4166666666666667,10.0,1,9,60,56,1,0,2,120,1,120,0,0.5133689839572193,1,18,28,9,12,0.621840242669363
996,996,997,20,0.0,10659,4,2,5,6,1961,1961,0.0,3,3,3,3,1,3,915,1,0,135,1050,2,1,4,1050,0,0,1050,1,0,1,0,3,1,3,6,7,368,2,0,319,0,0,0,0,0.0,0,0,1,2006,11.824087219587645,0,0,0,1,0,0,0,0,0,0,0,0,0,2.0,2,True,False,False,False,False,0.0,0.0,6,0,0,1,0,1,0,0,0,0,0,0,1,0,0,0,1,0,1,0,0,0,0,0,0,0,1,0,0,0,0,0,0,0,0,0,0,0,0,0,0,0,0,1,0,0,0,0,0,0,0,0,0,0,0,0,0,0,0,0,0,1,0,0,0,0,0,0,0,1,0,0,1,0,0,0,0,0,0,0,0,0,0,0,0,0,0,0,0,0,0,1,0,0,0,0,0,0,0,0,0,0,0,0,0,0,1,0,0,0,1,0,0,0,0,2100,1965,319,10,150.0,1,0,2.0,0.2857142857142857,10.0,1,9,45,45,0,0,2,319,1,319,0,0.8705994291151284,1,18,30,9,13,0.4997620180866254
997,997,998,20,0.0,11717,4,2,6,6,1970,1970,571.0,3,3,3,3,1,1,0,1,0,1442,1442,2,1,4,1442,0,0,1442,0,0,2,0,2,1,3,6,7,615,2,371,0,0,0,0,0,0.0,0,0,2,2009,12.128116509451258,0,0,0,1,0,0,0,0,0,0,0,0,1,2.0,2,True,False,False,False,False,3.0,2.079441541679836,6,0,0,1,0,1,0,0,0,0,0,0,1,0,0,0,1,0,0,1,0,0,0,0,0,0,1,0,0,0,0,0,0,0,0,0,0,0,0,0,0,0,0,0,0,1,0,0,0,0,0,0,0,0,0,0,0,0,0,0,0,1,0,0,0,0,0,0,0,1,0,0,1,0,0,0,0,0,0,0,0,0,0,0,1,0,0,0,0,0,0,0,0,0,0,0,0,0,1,0,0,0,0,0,0,0,0,0,1,0,1,0,0,0,0,2884,1442,371,9,206.0,1,0,2.0,0.2857142857142857,12.0,1,9,39,39,0,0,2,0,0,371,0,0.0,0,18,36,9,14,0.4998266897746967
998,998,999,30,60.0,9786,4,2,3,4,1922,1950,0.0,3,3,3,2,1,1,0,1,0,1007,1007,1,0,4,1077,0,0,1077,0,0,1,0,3,1,3,6,7,210,1,0,100,48,0,0,0,0.0,0,0,5,2006,11.418625774449598,0,0,0,1,0,0,0,0,0,0,0,0,1,2.0,1,False,False,False,False,True,4.0,2.772588722239781,6,0,0,0,1,1,0,0,0,1,0,0,1,0,0,0,1,0,1,0,0,0,0,0,0,0,1,0,0,0,0,0,0,0,0,0,0,0,0,0,1,0,0,0,0,0,0,0,0,0,0,0,0,0,0,0,0,0,0,0,0,1,0,0,0,0,0,0,0,1,0,0,1,0,0,0,0,0,0,0,0,0,0,0,0,0,0,0,0,0,0,1,0,0,0,0,0,0,0,0,0,0,0,0,0,0,1,0,0,0,0,0,0,0,0,2084,1077,148,10,153.85714285714286,1,0,1.0,0.1428571428571428,3.0,1,9,84,56,1,0,1,148,1,148,0,0.0,0,12,12,9,10,0.516546762589928
999,999,1000,20,64.0,6762,4,2,7,5,2006,2006,24.0,4,3,4,3,3,6,686,1,0,501,1187,4,1,4,1208,0,0,1208,1,0,2,0,2,1,4,6,7,632,2,105,61,0,0,0,0,0.0,0,0,2,2010,12.235636302128867,0,0,0,1,0,0,0,0,0,0,0,0,1,2.0,4,True,False,False,False,False,0.0,0.0,6,0,0,1,0,1,0,0,0,1,0,0,1,0,0,0,1,0,1,0,0,0,0,0,0,0,1,0,0,0,0,0,0,0,0,0,1,0,0,0,0,0,0,0,0,0,0,0,0,0,0,0,0,0,0,0,0,0,0,0,0,1,0,0,0,0,0,1,0,0,0,0,1,0,0,0,0,0,0,0,0,0,0,0,0,0,0,0,0,0,1,0,0,0,0,0,0,0,0,0,0,0,0,0,0,1,0,0,0,1,0,1,0,0,0,2395,1894,166,9,172.57142857142858,1,0,3.0,0.4285714285714285,21.0,1,16,4,4,0,1,4,61,1,166,0,0.5774410774410774,1,48,35,12,19,0.5041736227045075
1000,1000,1001,20,74.0,10206,4,2,3,3,1952,1952,0.0,3,3,0,0,0,0,0,0,0,0,0,1,0,2,944,0,0,944,0,0,1,0,2,1,2,4,6,528,2,0,0,0,0,0,0,0.0,0,0,7,2009,11.31448672129398,0,0,0,1,0,0,0,0,0,0,0,0,1,2.0,2,False,False,False,False,True,0.0,0.0,5,0,0,1,0,1,0,0,0,1,0,0,1,0,0,0,0,0,1,0,0,0,0,0,0,0,1,0,0,0,0,0,0,0,0,0,0,0,1,0,0,0,0,0,0,0,0,0,0,0,0,0,0,0,0,0,0,0,0,0,0,1,0,0,0,0,0,0,0,0,0,0,0,0,0,0,1,0,0,0,1,0,0,0,0,0,0,0,0,0,0,0,0,0,1,0,0,0,0,0,0,0,0,0,0,0,0,0,0,0,0,0,1,0,0,944,944,0,7,188.8,1,0,1.0,0.2,3.0,1,4,57,57,0,0,2,0,0,0,0,0.0,0,0,9,9,9,0.9989417989417988
1001,1001,1002,30,60.0,5400,4,2,5,6,1920,1950,0.0,3,3,2,3,1,1,0,1,0,691,691,4,1,3,691,0,0,691,0,0,1,0,2,1,5,4,7,216,0,0,20,94,0,0,0,0.0,0,0,1,2007,11.362114203075018,0,0,0,0,0,0,0,0,0,0,0,0,1,2.0,1,False,False,False,False,True,0.0,0.0,6,0,0,1,0,1,0,0,0,1,0,0,1,0,0,0,0,0,1,0,0,0,0,0,0,0,1,0,0,0,0,0,0,0,0,0,0,0,0,0,0,0,0,0,0,0,0,0,1,0,0,0,0,0,0,0,0,0,0,0,0,1,0,0,0,0,0,1,0,0,0,0,1,0,0,0,0,0,0,0,0,0,0,0,0,0,0,0,0,0,0,1,0,0,0,0,0,0,0,0,0,0,0,0,0,0,1,0,0,0,0,0,0,0,0,1382,691,114,7,138.2,1,0,1.0,0.2,5.0,1,25,87,57,1,0,1,114,1,114,0,0.0,0,12,30,9,17,0.4996384671005061
1002,1002,1003,20,75.0,11957,4,2,8,5,2006,2006,53.0,4,3,4,3,1,6,24,1,0,1550,1574,4,1,4,1574,0,0,1574,0,0,2,0,3,1,4,7,7,824,2,144,104,0,0,0,0,0.0,0,0,7,2008,12.354496960983983,0,0,0,1,0,0,0,0,0,0,0,0,1,2.0,4,True,False,False,False,False,4.0,2.772588722239781,6,0,0,1,0,1,0,0,0,0,0,0,1,0,0,0,1,0,0,0,0,0,1,0,0,0,1,0,0,0,0,0,0,0,0,0,0,0,0,0,0,0,0,0,0,0,0,0,0,0,0,0,1,0,0,0,0,0,0,0,0,1,0,0,0,0,0,1,0,0,0,0,1,0,0,0,0,0,0,0,0,0,0,0,0,0,0,0,0,0,1,0,0,0,0,0,0,0,0,0,0,0,0,0,0,1,0,0,1,0,0,1,0,0,0,3148,1598,248,11,196.75,1,0,2.0,0.25,16.0,1,16,2,2,0,1,4,104,1,248,0,0.0152380952380952,1,24,40,12,20,0.4998412194347412
1003,1003,1004,90,0.0,11500,4,2,5,6,1976,1976,164.0,3,3,3,3,1,1,0,1,0,1680,1680,1,1,4,1680,0,0,1680,0,0,2,0,4,2,3,8,7,528,2,0,0,0,0,0,0,0.0,0,0,6,2007,11.827049837927534,0,0,0,1,0,0,0,0,0,0,0,0,1,2.0,2,False,False,False,False,True,0.0,0.0,6,0,0,1,0,1,0,0,0,0,0,0,1,0,0,0,0,1,0,0,0,0,0,0,0,0,0,0,0,0,1,0,0,0,0,0,0,0,0,0,0,0,0,0,0,1,0,0,0,0,0,0,0,0,0,0,0,1,0,0,0,1,0,0,0,0,0,1,0,0,0,0,1,0,0,0,0,0,0,0,0,0,0,0,0,0,0,0,0,0,1,0,0,0,0,0,0,0,0,0,0,0,0,0,0,1,0,0,1,0,1,0,0,0,0,3360,1680,0,14,186.66666666666663,1,0,2.0,0.2222222222222222,10.0,2,9,31,31,0,0,2,0,0,0,0,0.0,0,18,30,9,12,0.499851234751562
1004,1004,1005,120,43.0,3182,4,2,7,5,2005,2006,16.0,4,3,4,3,1,6,16,1,0,1330,1346,4,1,4,1504,0,0,1504,0,0,2,0,1,1,4,7,7,457,2,156,0,0,0,0,0,0.0,0,0,5,2009,12.10625783509458,0,0,0,1,0,0,0,0,0,0,0,0,1,2.0,4,True,False,False,False,False,4.0,2.772588722239781,6,0,0,1,0,1,0,0,0,1,0,0,1,0,0,0,1,0,1,0,0,0,0,0,0,0,1,0,0,0,0,0,0,0,0,0,0,0,0,0,0,0,0,0,0,0,0,0,0,0,0,0,0,0,0,0,0,0,0,1,0,1,0,0,0,0,0,1,0,0,0,0,1,0,0,0,0,0,0,0,0,0,0,0,0,0,0,0,0,0,1,0,0,0,0,0,0,0,0,0,0,0,0,0,0,1,0,0,1,0,0,1,0,0,0,2850,1520,156,9,188.0,1,0,2.0,0.25,14.0,1,16,4,3,1,1,4,0,0,156,0,0.0118782479584261,1,24,35,12,19,0.5275341985268327
1005,1005,1006,80,65.0,8385,4,2,5,8,1977,1977,220.0,4,3,4,4,3,6,595,1,0,390,985,2,1,4,985,0,0,985,0,0,2,0,3,1,3,6,7,328,2,210,0,0,0,0,0,0.0,0,0,11,2008,11.917730355182512,0,0,0,1,0,0,0,0,0,0,0,0,1,2.0,2,True,False,False,False,False,0.0,0.0,6,0,0,1,0,1,0,0,0,1,0,0,1,0,0,0,1,0,1,0,0,0,0,0,0,0,1,0,0,0,0,0,0,0,0,0,1,0,0,0,0,0,0,0,0,0,0,0,0,0,0,0,0,0,0,0,0,0,0,0,0,0,0,0,0,0,1,1,0,0,0,0,1,0,0,0,0,0,0,0,0,0,0,0,1,0,0,0,0,0,0,0,0,0,0,0,0,0,1,0,0,0,0,0,0,0,0,0,1,0,1,0,0,0,0,1970,1580,210,10,140.71428571428572,1,0,2.0,0.2857142857142857,10.0,1,9,31,31,0,0,2,0,0,210,0,0.603448275862069,1,64,40,12,14,0.4997463216641298
1006,1006,1007,20,0.0,12155,4,2,6,3,1970,1970,0.0,3,3,4,3,1,2,1237,1,0,420,1657,3,1,4,1657,0,0,1657,0,1,2,0,3,1,3,7,7,484,2,0,0,0,0,147,0,0.0,0,0,3,2007,12.004574385508691,0,0,0,1,0,0,0,0,0,0,0,0,1,2.0,2,True,False,False,False,False,3.0,2.079441541679836,6,0,0,1,0,1,0,0,1,0,0,0,1,0,0,0,1,0,0,0,1,0,0,0,0,0,1,0,0,0,0,0,0,0,0,0,0,0,0,0,0,0,0,1,0,0,0,0,0,0,0,0,0,0,0,0,0,0,0,0,0,1,0,0,0,0,0,1,0,0,0,0,1,0,0,0,0,0,0,0,0,0,0,0,0,0,0,1,0,0,0,0,0,0,0,0,0,0,0,0,0,0,1,0,0,0,0,0,0,0,1,0,0,0,0,3314,2894,147,11,207.125,1,0,2.5,0.3125,15.0,1,9,37,37,0,0,2,147,1,147,0,0.7460796139927623,1,24,18,9,15,0.4998491704374057
1007,1007,1008,160,21.0,2217,4,2,4,4,1970,1970,0.0,3,3,3,3,1,4,273,2,273,0,546,2,1,4,546,546,0,1092,0,0,1,1,3,1,3,6,7,286,2,238,0,0,0,0,0,0.0,0,0,8,2009,11.38510345703214,0,0,0,1,0,0,0,0,0,0,0,0,1,2.0,2,True,False,False,False,False,0.0,0.0,6,0,0,0,1,1,0,0,0,1,0,0,1,0,0,0,1,0,1,0,0,0,0,0,0,0,1,0,0,0,0,0,0,0,0,0,0,0,0,0,0,1,0,0,0,0,0,0,0,0,0,0,0,0,0,0,0,0,0,1,0,0,0,0,1,0,0,1,0,0,0,0,1,0,0,0,0,0,0,0,0,0,0,1,0,0,0,0,0,0,0,0,0,0,0,0,0,1,0,0,0,0,0,0,0,0,0,0,0,0,1,0,0,0,0,1638,1638,238,10,156.0,2,1,1.5,0.2142857142857142,6.0,1,9,39,39,0,0,2,0,0,238,0,0.9981718464351006,1,18,16,9,12,0.6662599145820622
1008,1008,1009,20,43.0,12118,4,2,7,5,2004,2005,108.0,4,3,5,3,2,1,0,1,0,1710,1710,4,1,4,1710,0,0,1710,0,0,2,0,3,1,4,7,7,550,2,100,48,0,0,180,0,0.0,0,0,4,2009,12.388398368982116,0,0,0,1,0,0,0,0,0,0,0,0,1,2.0,4,True,False,False,False,False,4.0,2.772588722239781,6,0,0,1,0,1,0,0,0,0,0,0,1,1,0,0,0,0,1,0,0,0,0,0,0,0,1,0,0,0,0,0,0,0,0,0,0,0,0,0,0,0,1,0,0,0,0,0,0,0,0,0,0,0,0,0,0,0,0,0,0,1,0,0,0,0,0,0,0,1,0,0,1,0,0,0,0,0,0,0,0,0,0,0,0,0,0,0,0,0,1,0,0,0,0,0,0,0,0,0,0,0,0,0,0,1,0,0,0,1,0,1,0,0,0,3420,1710,328,11,213.75,1,0,2.0,0.25,14.0,1,16,5,4,1,1,4,228,1,328,0,0.0,0,45,35,12,19,0.4998538439052908
1009,1009,1010,50,60.0,6000,4,2,5,5,1926,1950,0.0,3,2,3,3,1,1,0,1,0,1008,1008,4,1,4,1008,0,514,1522,0,0,2,0,4,1,3,7,7,0,1,0,0,138,0,0,0,0.0,0,0,6,2006,11.53273789613992,0,0,0,1,0,0,0,0,0,0,0,0,1,0.0,0,False,False,False,False,False,0.0,0.0,6,0,0,1,0,1,0,0,0,1,0,0,1,0,0,0,1,0,1,0,0,0,0,0,0,0,1,0,0,0,0,0,0,0,0,0,0,0,0,0,0,0,0,0,0,0,0,0,0,1,0,0,0,0,0,0,0,0,0,0,0,0,0,0,0,0,0,1,0,0,0,0,1,0,0,0,0,0,0,0,0,0,0,0,0,0,0,0,0,0,0,1,0,0,0,0,0,0,0,0,0,0,0,0,0,0,1,0,0,0,0,0,0,0,0,2016,1008,138,12,190.25,1,0,2.0,0.25,10.0,1,9,80,56,1,0,1,138,1,138,0,0.0,0,18,25,6,15,0.7545860188398612
1010,1010,1011,50,115.0,21286,4,2,5,5,1948,1950,0.0,3,3,3,3,1,1,0,1,0,720,720,2,1,4,720,551,0,1271,0,0,2,0,4,1,3,7,7,312,2,0,0,108,0,0,0,0.0,0,0,8,2008,11.81303746480054,0,0,0,1,0,0,0,0,0,0,0,0,1,2.0,1,True,False,False,False,False,4.0,2.772588722239781,6,0,0,1,0,1,0,0,0,1,0,0,1,0,0,0,1,0,1,0,0,0,0,0,0,0,1,0,0,0,0,0,0,0,0,0,0,0,0,0,0,0,0,0,0,0,0,0,0,0,1,0,0,0,0,0,0,0,0,0,0,0,0,0,0,0,0,1,0,0,0,0,1,0,0,0,0,0,0,0,0,0,0,0,0,0,0,0,0,0,0,1,0,0,0,0,0,0,0,0,0,0,0,0,0,0,1,0,0,0,1,0,0,0,0,1991,1271,108,12,158.875,2,1,2.0,0.25,10.0,1,9,60,58,1,0,2,108,1,108,0,0.0,0,18,25,9,13,0.6380522088353414
1011,1011,1012,90,75.0,9825,4,2,5,5,1965,1965,0.0,3,3,0,0,0,0,0,0,0,0,0,2,0,4,1664,0,0,1664,0,0,2,0,4,2,3,8,7,0,2,0,0,0,0,0,0,0.0,0,0,5,2010,11.51293546492023,0,0,0,1,0,0,0,0,0,0,0,0,1,0.0,0,False,False,False,False,False,0.0,0.0,6,0,0,1,0,1,0,0,0,1,0,0,1,0,0,0,1,0,1,0,0,0,0,0,0,0,1,0,0,0,0,0,0,0,0,0,0,0,1,0,0,0,0,0,0,0,0,0,0,0,0,0,0,0,0,0,0,1,0,0,0,1,0,0,0,0,0,0,0,1,0,0,1,0,0,0,0,0,0,1,0,0,0,0,0,0,0,0,0,0,0,0,0,1,0,0,0,0,0,0,0,0,0,0,0,0,0,0,0,0,1,0,0,0,0,1664,1664,0,14,184.88888888888889,1,0,2.0,0.2222222222222222,10.0,2,9,45,45,0,0,2,0,0,0,0,0.0,0,0,25,9,13,0.9993993993993994
1012,1012,1013,70,55.0,10592,4,2,6,7,1923,1996,0.0,3,4,3,2,1,1,0,1,0,602,602,2,1,4,900,602,0,1502,0,0,1,1,3,1,4,7,7,180,2,96,0,112,0,53,0,0.0,0,0,8,2007,12.013706813470414,0,0,0,1,0,0,0,0,0,0,0,0,1,2.0,1,False,False,False,False,True,3.0,3.295836866004329,6,0,0,1,0,1,0,0,0,1,0,0,1,0,0,0,1,0,1,0,0,0,0,0,0,0,1,0,0,0,0,0,0,0,0,0,0,1,0,0,0,0,0,0,0,0,0,0,0,0,0,0,0,0,0,0,0,0,0,0,0,0,0,0,1,0,0,0,0,1,0,0,1,0,0,0,0,0,0,0,0,0,0,0,0,0,0,0,0,0,0,1,0,0,0,0,0,0,0,0,0,0,0,0,0,0,1,0,0,0,0,1,0,0,0,2104,1502,261,11,187.75,2,1,1.5,0.1875,9.0,1,16,84,11,1,0,1,165,1,261,0,0.0,0,12,42,12,15,0.7135391923990498
1013,1013,1014,30,60.0,7200,4,2,5,4,1910,2006,0.0,3,3,3,3,1,5,247,3,465,310,1022,2,0,4,1022,0,0,1022,1,0,1,0,2,1,3,4,2,280,2,0,30,226,0,0,0,0.0,0,0,6,2009,11.350418300109132,0,0,0,1,0,0,0,0,0,0,0,0,1,2.0,2,False,False,False,False,True,0.0,0.0,5,0,0,0,1,1,0,0,0,1,0,0,1,0,0,0,1,0,1,0,0,0,0,0,0,0,1,0,0,0,0,0,0,0,0,0,0,0,0,0,0,0,0,0,0,0,0,0,1,0,0,0,0,0,0,0,0,0,0,0,0,1,0,0,0,0,0,0,0,1,0,0,1,0,0,0,0,0,0,0,0,0,0,0,0,0,1,0,0,0,0,0,0,0,0,0,0,0,0,0,0,0,0,0,1,0,0,0,0,0,0,0,0,0,0,2044,1734,256,7,204.4,1,0,2.0,0.4,10.0,1,9,99,3,1,1,1,256,1,256,0,0.6959921798631477,1,18,20,9,13,0.4997555012224939
1014,1014,1015,20,60.0,11664,4,2,6,5,1948,1950,206.0,3,3,3,2,1,4,336,1,0,746,1082,2,1,4,1082,0,0,1082,0,0,1,0,2,1,3,5,7,240,2,0,130,0,0,0,0,0.0,0,0,11,2007,11.688566422839942,0,0,0,1,0,0,0,0,0,0,0,0,1,2.0,1,False,False,False,False,True,4.0,2.772588722239781,6,0,0,1,0,1,0,0,0,1,0,0,1,0,0,0,1,0,0,0,0,0,0,0,0,0,1,0,0,0,0,0,0,0,0,0,0,0,0,0,0,0,0,1,0,0,0,0,0,0,0,0,0,0,0,0,0,0,0,0,0,1,0,0,0,0,0,1,0,0,0,0,1,0,0,0,0,0,0,0,0,0,0,0,0,0,1,0,0,0,0,0,0,0,0,0,0,0,0,0,1,0,0,0,0,0,0,0,1,0,1,0,0,0,0,2164,1418,130,8,180.33333333333331,1,0,1.0,0.1666666666666666,6.0,1,9,59,57,1,0,2,130,1,130,0,0.3102493074792243,1,12,30,9,14,0.4997690531177829
1015,1015,1016,60,70.0,8400,4,2,8,6,2001,2001,0.0,4,3,4,3,1,6,643,1,0,167,810,4,1,4,810,855,0,1665,1,0,2,1,3,1,4,6,7,528,2,0,45,0,0,0,0,0.0,0,0,11,2009,12.33270970174018,0,0,0,1,0,0,0,0,0,0,0,0,1,2.0,4,True,False,False,False,False,0.0,0.0,6,0,0,1,0,1,0,0,0,1,0,0,1,0,0,0,1,0,1,0,0,0,0,0,0,0,1,0,0,0,0,0,0,0,0,0,0,0,0,0,0,0,0,0,0,1,0,0,0,0,0,0,0,0,0,0,0,0,0,0,0,0,0,0,1,0,0,1,0,0,0,0,1,0,0,0,0,0,0,0,0,0,0,0,0,0,0,0,0,0,1,0,0,0,0,0,0,0,0,0,0,0,0,0,0,1,0,0,0,0,0,1,0,0,0,2475,2308,45,10,237.8571428571429,2,1,3.5,0.5,28.0,1,16,8,8,0,1,4,45,1,45,0,0.7928483353884094,1,24,48,12,20,0.6724555735056543
1016,1016,1017,20,73.0,11883,4,2,7,5,1996,1996,196.0,4,3,4,3,4,6,690,1,0,814,1504,4,1,4,1504,0,0,1504,1,0,2,0,3,1,4,6,7,478,2,115,66,0,0,0,0,0.0,0,0,6,2009,12.220966184120163,0,0,0,1,0,0,0,0,0,0,0,0,1,2.0,3,True,False,False,False,False,3.0,2.079441541679836,6,0,0,1,0,1,0,0,0,1,0,0,1,0,0,0,1,0,1,0,0,0,0,0,0,0,1,0,0,0,0,0,0,0,0,0,1,0,0,0,0,0,0,0,0,0,0,0,0,0,0,0,0,0,0,0,0,0,0,0,0,1,0,0,0,0,0,0,0,1,0,0,1,0,0,0,0,0,0,0,0,0,0,0,0,0,0,0,0,0,1,0,0,0,0,0,0,0,0,0,0,0,0,0,0,1,0,0,1,0,0,1,0,0,0,3008,2194,181,10,214.8571428571429,1,0,3.0,0.4285714285714285,21.0,1,16,13,13,0,0,3,66,1,181,0,0.4584717607973422,1,60,35,12,19,0.4998338318378199
1017,1017,1018,120,0.0,5814,4,2,8,5,1984,1984,0.0,4,3,4,3,3,6,1036,1,0,184,1220,3,1,4,1360,0,0,1360,1,0,1,0,1,1,4,4,7,565,2,63,0,0,0,0,0,0.0,0,0,8,2009,12.141539457711714,0,0,0,0,0,0,0,0,0,0,0,0,0,2.0,3,True,False,False,False,False,5.0,3.4657359027997265,6,0,0,1,0,1,0,0,0,0,0,0,1,1,0,0,0,0,1,0,0,0,0,0,0,0,1,0,0,0,0,0,0,0,0,0,0,0,0,0,0,0,0,0,0,0,0,0,0,0,0,0,0,1,0,0,0,0,0,1,0,1,0,0,0,0,0,1,0,0,0,0,1,0,0,0,0,0,0,0,0,0,0,0,1,0,0,0,0,0,0,0,0,0,0,0,0,0,1,0,0,0,0,0,0,0,0,0,0,0,1,0,0,0,0,2580,2396,63,6,272.0,1,0,2.0,0.4,16.0,1,16,25,25,0,0,3,0,0,63,0,0.8484848484848485,1,48,40,12,19,0.5269275474622239
1018,1018,1019,80,0.0,10784,4,2,7,5,1991,1992,76.0,4,3,4,3,1,1,0,1,0,384,384,3,1,4,802,670,0,1472,0,0,2,1,3,1,4,7,7,402,2,164,0,0,0,0,0,0.0,0,0,5,2007,11.982935344196433,0,0,0,1,0,0,0,0,0,0,0,0,1,2.0,3,True,False,False,False,False,3.0,2.079441541679836,6,0,0,1,0,1,0,0,0,0,0,0,1,0,1,0,0,0,1,0,0,0,0,0,0,0,1,0,0,0,0,0,0,0,0,0,0,0,0,1,0,0,0,0,0,0,0,0,0,0,0,0,0,0,0,0,0,0,0,0,0,0,0,0,0,0,1,1,0,0,0,0,1,0,0,0,0,0,0,0,0,0,0,0,1,0,0,0,0,0,0,0,0,0,0,0,0,0,1,0,0,0,0,0,0,0,0,0,1,0,0,1,0,0,0,1856,1472,164,11,184.0,2,1,2.5,0.3125,17.5,1,16,16,15,1,0,3,0,0,164,0,0.0,0,24,35,12,18,0.7926763597199784
1019,1019,1020,120,43.0,3013,4,2,7,5,2005,2005,145.0,4,3,4,3,4,6,16,1,0,1346,1362,4,1,4,1506,0,0,1506,0,0,2,0,2,1,4,6,7,440,2,142,20,0,0,0,0,0.0,0,0,4,2006,12.271349956195545,0,0,0,1,0,0,0,0,0,0,0,0,1,2.0,4,True,False,False,False,False,4.0,2.772588722239781,6,0,0,1,0,1,0,0,0,1,0,0,1,0,0,0,1,0,1,0,0,0,0,0,0,0,1,0,0,0,0,0,0,0,0,0,0,0,0,0,0,0,0,0,0,0,0,0,0,0,0,0,0,0,0,0,0,0,0,1,0,1,0,0,0,0,0,1,0,0,0,0,1,0,0,0,0,0,0,0,0,0,0,0,0,0,0,0,0,0,1,0,0,0,0,0,0,0,0,0,0,0,0,0,0,1,0,0,1,0,0,1,0,0,0,2868,1522,162,9,215.14285714285717,1,0,2.0,0.2857142857142857,14.0,1,16,1,1,0,1,4,20,1,162,0,0.0117388114453411,1,60,35,12,19,0.5249215754618334
1020,1020,1021,20,60.0,7024,4,2,4,5,2005,2005,0.0,3,3,4,3,1,6,1024,1,0,108,1132,4,1,4,1132,0,0,1132,1,0,1,1,2,1,4,5,7,451,2,252,64,0,0,0,0,0.0,0,0,6,2008,12.07824495582233,0,0,0,1,0,0,0,0,0,0,0,0,1,2.0,4,True,False,False,False,False,0.0,0.0,6,0,0,1,0,1,0,0,0,1,0,0,1,0,0,0,1,0,1,0,0,0,0,0,0,0,1,0,0,0,0,0,0,0,0,0,0,0,1,0,0,0,0,0,0,0,0,0,0,0,0,0,0,0,0,0,0,0,0,0,0,1,0,0,0,0,0,1,0,0,0,0,1,0,0,0,0,0,0,0,0,0,0,0,0,0,0,0,0,0,1,0,0,0,0,0,0,0,0,0,0,0,0,0,0,1,0,0,0,0,0,1,0,0,0,2264,2156,316,8,188.66666666666663,1,0,2.5,0.4166666666666667,10.0,1,16,3,3,0,1,4,64,1,316,0,0.9037952338923212,1,24,20,9,15,0.4997792494481236
1021,1021,1022,20,64.0,7406,4,2,7,5,2006,2006,84.0,4,3,4,3,3,6,684,1,0,515,1199,4,1,4,1220,0,0,1220,1,0,2,0,2,1,4,6,7,632,2,105,54,0,0,0,0,0.0,0,0,7,2006,12.175618592671356,0,0,0,0,1,0,0,0,0,0,1,0,0,2.0,4,True,False,False,False,False,0.0,0.0,6,0,0,1,0,1,0,0,0,1,0,0,1,0,0,0,1,0,1,0,0,0,0,0,0,0,1,0,0,0,0,0,0,0,0,0,1,0,0,0,0,0,0,0,0,0,0,0,0,0,0,0,0,0,0,0,0,0,0,0,0,1,0,0,0,0,0,1,0,0,0,0,1,0,0,0,0,0,0,0,0,0,0,0,0,0,0,0,0,0,1,0,0,0,0,0,0,0,0,0,0,0,0,0,0,1,0,0,0,1,0,1,0,0,0,2419,1904,159,9,174.28571428571428,1,0,3.0,0.4285714285714285,21.0,1,16,0,0,0,1,4,54,1,159,0,0.57,1,48,35,12,19,0.5041322314049587
1022,1022,1023,50,52.0,9439,4,2,5,5,1930,1950,0.0,3,3,3,3,1,2,324,1,0,588,912,3,1,3,912,336,0,1248,0,0,1,0,2,1,3,6,7,160,2,0,0,192,0,0,0,0.0,0,0,3,2007,11.373674891823535,0,0,0,1,0,0,0,0,0,0,0,0,1,2.0,2,False,False,False,False,True,0.0,0.0,6,0,0,0,1,1,0,0,0,1,0,0,1,0,0,0,1,0,1,0,0,0,0,0,0,0,1,0,0,0,0,0,0,0,0,0,0,0,0,0,0,0,0,0,0,0,0,0,1,0,0,0,0,0,0,0,0,0,0,0,0,0,0,0,0,0,0,1,0,0,0,0,1,0,0,0,0,0,0,0,0,0,0,0,0,0,0,0,0,0,0,1,0,0,0,0,0,0,0,0,0,0,0,0,0,0,1,0,0,0,1,0,0,0,0,2160,1572,192,9,178.28571428571428,2,1,1.0,0.1428571428571428,5.0,1,9,77,57,1,0,1,192,1,192,0,0.3548740416210296,1,18,25,9,14,0.5775104118463674
1023,1023,1024,120,43.0,3182,4,2,7,5,2005,2006,14.0,4,3,4,4,1,6,16,1,0,1330,1346,4,1,4,1504,0,0,1504,0,0,2,0,2,1,4,7,7,437,2,156,20,0,0,0,0,0.0,0,0,5,2008,12.160033942617156,0,0,0,1,0,0,0,0,0,0,0,0,1,2.0,4,True,False,False,False,False,4.0,2.772588722239781,6,0,0,1,0,1,0,0,0,1,0,0,1,0,0,0,1,0,1,0,0,0,0,0,0,0,1,0,0,0,0,0,0,0,0,0,0,0,0,0,0,0,0,0,0,0,0,0,0,0,0,0,0,0,0,0,0,0,0,1,0,1,0,0,0,0,0,1,0,0,0,0,1,0,0,0,0,0,0,0,0,0,0,0,0,0,0,0,0,0,1,0,0,0,0,0,0,0,0,0,0,0,0,0,0,1,0,0,1,0,0,1,0,0,0,2850,1520,176,10,188.0,1,0,2.0,0.25,14.0,1,16,3,2,1,1,4,20,1,176,0,0.0118782479584261,1,32,35,12,19,0.5275341985268327
1024,1024,1025,20,0.0,15498,4,2,8,6,1976,1976,0.0,4,3,4,3,3,5,1165,2,400,0,1565,2,1,4,2898,0,0,2898,1,0,2,0,2,1,4,10,7,665,2,0,72,174,0,0,0,0.0,0,0,5,2008,12.567240979056246,0,0,0,0,0,0,0,0,0,0,0,0,0,2.0,2,True,False,False,False,False,4.0,2.772588722239781,6,0,0,1,0,1,0,0,0,0,0,0,1,0,0,0,0,0,1,0,0,0,0,0,0,0,1,0,0,0,0,0,0,0,0,0,0,0,0,0,0,0,0,0,0,0,0,0,0,0,0,0,0,0,1,0,0,0,0,0,0,1,0,0,0,0,0,0,0,1,0,0,0,0,0,0,0,1,0,0,0,0,0,0,0,0,0,0,1,0,0,0,0,0,0,0,0,0,1,0,0,0,0,0,0,0,0,0,0,0,1,0,0,0,0,4463,4463,246,13,263.45454545454544,1,0,3.0,0.2727272727272727,24.0,1,16,32,32,0,0,2,246,1,246,0,0.9993614303959132,1,48,48,12,18,0.6491935483870968
1025,1025,1026,20,70.0,7700,4,2,5,5,1972,1972,0.0,3,3,3,3,1,2,138,3,468,276,882,2,1,4,882,0,0,882,1,0,1,0,3,1,3,5,7,461,2,96,0,0,0,0,0,2.0,0,0,3,2007,11.630717389475995,0,0,0,1,0,0,0,0,0,0,0,0,1,2.0,2,False,False,False,False,True,0.0,0.0,6,0,0,1,0,1,0,0,0,1,0,0,1,0,0,0,0,0,1,0,0,0,0,0,0,0,1,0,0,0,0,0,0,0,0,0,1,0,0,0,0,0,0,0,0,0,0,0,0,0,0,0,0,0,0,0,0,0,0,0,0,1,0,0,0,0,0,1,0,0,0,0,1,0,0,0,0,0,0,0,0,0,0,0,0,0,0,0,0,0,1,0,0,0,0,0,0,0,0,0,0,0,0,0,0,1,0,0,0,0,1,0,0,0,0,1764,1488,96,9,147.0,1,0,2.0,0.3333333333333333,10.0,1,9,35,35,0,0,2,0,0,96,0,0.6862967157417894,1,18,25,9,13,0.4997167138810198
1026,1026,1027,20,73.0,9300,4,2,5,5,1960,1960,324.0,3,3,3,3,1,3,697,1,0,571,1268,2,1,4,1264,0,0,1264,1,0,1,0,3,1,3,6,7,461,2,0,0,0,0,143,0,0.0,0,0,4,2010,12.02874460037869,0,0,0,1,0,0,0,0,0,0,0,0,1,2.0,2,True,False,False,False,False,4.0,4.394449154672439,6,0,0,1,0,1,0,0,0,1,0,0,1,0,0,0,1,1,0,0,0,0,0,0,0,0,1,0,0,0,0,0,0,0,0,0,0,0,0,0,0,0,0,1,0,0,0,0,0,0,0,0,0,0,0,0,0,0,0,0,0,1,0,0,0,0,0,1,0,0,0,0,1,0,0,0,0,0,0,0,0,0,0,0,0,0,1,0,0,0,0,0,0,0,0,0,0,0,1,0,0,0,0,0,0,0,0,0,1,0,1,0,0,0,0,2532,1961,143,10,180.57142857142856,1,0,2.0,0.2857142857142857,10.0,1,9,50,50,0,0,2,143,1,143,0,0.5492513790386131,1,18,25,9,13,0.4990130280300039
1027,1027,1028,20,71.0,9520,4,2,8,5,2007,2008,338.0,4,3,4,3,4,6,1513,1,0,125,1638,4,1,4,1646,0,0,1646,1,0,2,0,3,1,4,7,7,800,2,192,44,0,0,0,0,0.0,0,0,4,2008,12.588194064175278,0,0,0,0,1,0,0,0,0,0,1,0,0,2.0,4,True,False,False,False,False,4.0,2.772588722239781,6,0,0,1,0,1,0,0,0,0,1,0,0,0,0,0,1,0,1,0,0,0,0,0,0,0,1,0,0,0,0,0,0,0,0,0,0,0,0,0,0,0,0,0,0,0,0,0,0,0,0,0,0,0,1,0,0,0,0,0,0,1,0,0,0,0,0,1,0,0,0,0,1,0,0,0,0,0,0,0,0,0,0,0,0,0,0,0,0,0,1,0,0,0,0,0,0,0,0,0,0,0,0,0,0,1,0,0,0,1,0,1,0,0,0,3284,3159,236,11,205.75,1,0,3.0,0.375,24.0,1,16,1,0,1,1,4,44,1,236,0,0.923123856009762,1,60,40,12,20,0.5010654490106545
1028,1028,1029,50,79.0,9492,4,2,5,5,1941,1950,0.0,3,3,3,3,1,3,368,4,41,359,768,2,1,4,968,408,0,1376,1,0,1,0,3,1,3,6,7,240,2,0,0,0,0,0,0,0.0,0,0,4,2007,11.561725152903833,0,0,0,1,0,0,0,0,0,0,0,0,1,2.0,1,True,False,False,False,False,4.0,2.772588722239781,6,0,0,1,0,1,0,0,0,1,0,0,1,0,0,0,1,0,0,0,0,0,0,0,0,0,1,0,0,0,0,0,0,0,0,0,0,0,0,0,0,0,0,1,0,0,0,0,0,0,0,0,0,0,0,0,0,0,0,0,0,0,0,0,0,0,0,1,0,0,0,0,1,0,0,0,0,0,0,0,0,0,0,0,0,0,0,0,0,0,0,0,1,0,0,0,0,0,0,0,0,0,0,0,0,0,0,1,0,0,1,0,0,0,0,2144,1785,0,10,196.57142857142856,2,1,2.0,0.2857142857142857,10.0,1,9,66,57,1,0,1,0,0,0,0,0.5318595578673602,1,18,25,9,13,0.6414918414918415
1029,1029,1030,160,21.0,1680,4,2,6,7,1972,1972,281.0,3,3,3,3,1,4,317,1,0,355,672,3,1,4,672,546,0,1218,0,1,1,1,3,1,3,7,7,264,2,0,28,0,0,0,0,0.0,0,0,5,2006,11.678448377988165,0,0,0,1,0,0,0,0,0,0,0,0,1,2.0,2,False,False,False,False,True,0.0,0.0,6,0,0,0,1,1,0,0,0,1,0,0,1,0,0,0,1,0,1,0,0,0,0,0,0,0,1,0,0,0,0,0,0,1,0,0,0,0,0,0,0,0,0,0,0,0,0,0,0,0,0,0,0,0,0,0,0,0,1,0,0,0,0,0,1,0,0,1,0,0,0,0,1,0,0,0,0,0,0,0,0,0,0,0,1,0,0,0,0,0,0,0,0,0,0,0,0,0,1,0,0,0,0,0,0,0,0,0,1,0,1,0,0,0,0,1890,1535,28,11,152.25,2,1,2.0,0.25,12.0,1,9,34,34,0,0,2,28,1,28,0,0.4710252600297177,1,18,42,9,15,0.6441036488630354
1030,1030,1031,190,0.0,7082,4,2,5,8,1916,1995,0.0,3,3,3,3,2,1,0,1,0,686,686,3,1,4,948,980,0,1928,0,0,2,0,5,2,3,10,7,0,0,0,0,228,0,0,0,0.0,0,0,7,2006,11.982935344196433,0,0,0,1,0,0,0,0,0,0,0,0,1,0.0,0,False,False,False,False,False,0.0,0.0,6,0,1,0,0,1,0,0,0,1,0,0,1,0,0,0,1,0,1,0,0,0,0,0,0,0,1,0,0,0,0,0,0,0,0,0,0,0,0,0,0,0,0,0,0,0,0,0,0,1,0,0,0,0,0,0,1,0,0,0,0,0,0,0,1,0,0,1,0,0,0,0,1,0,0,0,0,0,0,0,0,0,0,0,0,0,0,0,0,0,1,0,0,0,0,0,0,0,0,0,0,0,0,0,0,1,0,0,0,0,0,1,0,0,0,2614,1928,228,17,175.27272727272728,2,1,2.0,0.1818181818181818,10.0,2,9,90,11,1,0,1,228,1,228,0,0.0,0,27,40,9,14,0.7372848948374761
1031,1031,1032,75,102.0,15863,4,2,7,3,1920,1970,0.0,3,3,3,3,1,6,523,1,0,301,824,4,1,4,1687,998,397,3082,1,0,2,1,5,1,3,12,7,672,2,136,63,0,0,0,0,0.0,0,0,8,2009,12.190964083849376,0,0,0,1,0,0,0,0,0,0,0,0,1,2.0,2,False,True,False,False,False,3.0,3.295836866004329,6,0,0,1,0,1,0,0,0,1,0,0,1,0,0,0,0,0,1,0,0,0,0,0,0,0,1,0,0,0,0,0,0,0,0,0,0,0,0,0,0,0,0,0,0,0,0,0,0,1,0,0,0,0,0,0,0,0,0,0,0,0,1,0,0,0,0,1,0,0,0,0,1,0,0,0,0,0,0,0,0,0,0,0,0,0,0,0,0,0,0,1,0,0,0,0,0,0,0,0,0,0,1,0,0,0,0,0,0,0,0,0,0,0,0,3509,3208,199,18,237.07692307692307,2,1,3.5,0.2692307692307692,24.5,1,9,89,39,1,0,1,63,1,199,0,0.6339393939393939,1,18,21,9,17,0.878062678062678
1032,1032,1033,60,0.0,14541,4,2,8,7,1993,1993,0.0,4,4,4,4,1,6,1012,1,0,326,1338,4,1,4,1352,1168,0,2520,1,0,2,1,5,1,4,10,7,796,2,209,55,0,0,0,0,0.0,0,0,11,2006,12.644330802262578,0,0,0,0,0,0,0,0,0,0,0,0,1,2.0,3,True,False,False,False,False,3.0,2.079441541679836,6,0,0,1,0,1,0,0,0,0,0,0,1,0,0,0,0,0,1,0,0,0,0,0,0,0,1,0,0,0,0,0,0,0,0,0,0,0,0,0,0,0,0,0,0,0,1,0,0,0,0,0,0,0,0,0,0,0,0,0,0,0,0,0,1,0,0,1,0,0,0,0,1,0,0,0,0,0,0,0,0,0,0,0,0,0,1,0,0,0,0,0,0,0,0,0,0,0,0,0,1,0,0,0,0,0,0,0,0,0,0,1,0,0,0,3858,3532,264,16,229.0909090909091,2,1,3.5,0.3181818181818182,28.0,1,16,13,13,0,0,3,55,1,264,0,0.7557879014189693,1,32,56,16,20,0.6530189168178284
1033,1033,1034,20,0.0,8125,4,2,7,5,2002,2002,295.0,4,3,4,3,1,6,986,1,0,668,1654,4,1,4,1654,0,0,1654,1,0,2,0,3,1,4,6,7,900,2,0,136,0,0,0,0,0.0,0,0,2,2006,12.345838935721968,0,0,0,1,0,0,0,0,0,0,0,0,1,2.0,4,True,False,False,False,False,0.0,0.0,6,0,0,1,0,1,0,0,0,1,0,0,1,0,0,0,1,0,1,0,0,0,0,0,0,0,1,0,0,0,0,0,0,0,0,0,1,0,0,0,0,0,0,0,0,0,0,0,0,0,0,0,0,0,0,0,0,0,0,0,0,1,0,0,0,0,0,1,0,0,0,0,1,0,0,0,0,0,0,0,0,0,0,0,0,0,0,0,0,0,1,0,0,0,0,0,0,0,0,0,0,0,0,0,0,1,0,0,0,1,0,1,0,0,0,3308,2640,136,10,236.28571428571428,1,0,3.0,0.4285714285714285,21.0,1,16,4,4,0,1,4,136,1,136,0,0.5957703927492447,1,24,35,12,19,0.4998488969477183
1034,1034,1035,30,50.0,6305,4,2,5,7,1938,1950,0.0,3,4,2,2,1,1,0,1,0,920,920,4,1,4,954,0,0,954,0,0,1,0,2,1,2,5,7,240,2,0,0,0,0,0,0,2.0,0,0,6,2007,11.693169865968985,0,0,0,1,0,0,0,0,0,0,0,0,1,2.0,1,False,True,False,False,False,4.0,2.772588722239781,6,0,0,1,0,1,0,0,0,1,0,0,0,0,0,0,1,0,1,0,0,0,0,0,0,0,1,0,0,0,0,0,0,0,0,0,0,1,0,0,0,0,0,0,0,0,0,0,0,0,0,0,0,0,0,0,0,0,0,0,0,1,0,0,0,0,0,1,0,0,0,0,1,0,0,0,0,0,0,0,0,0,0,0,0,0,1,0,0,0,0,0,0,0,0,0,0,0,0,0,1,0,0,0,0,0,0,0,0,0,0,1,0,0,0,1874,954,0,8,159.0,1,0,1.0,0.1666666666666666,5.0,1,4,69,57,1,0,1,0,0,0,0,0.0,0,8,35,12,14,0.5088
1035,1035,1036,20,0.0,11500,4,2,4,3,1957,1957,0.0,3,4,0,0,0,0,0,0,0,0,0,4,0,4,845,0,0,845,0,0,1,0,3,1,3,5,7,290,0,186,0,0,0,0,0,0.0,0,0,1,2009,11.338583982516496,0,0,0,1,0,0,0,0,0,0,0,0,1,2.0,2,False,False,False,False,True,0.0,0.0,6,0,0,1,0,1,0,0,0,0,0,0,1,1,0,0,0,0,1,0,0,0,0,0,0,0,1,0,0,0,0,0,0,0,0,0,0,0,1,0,0,0,0,0,0,0,0,0,0,0,0,0,0,0,0,0,0,0,0,0,0,1,0,0,0,0,0,1,0,0,0,0,1,0,0,0,0,0,0,0,0,0,0,0,0,0,0,0,0,0,0,1,0,0,0,0,0,0,0,0,0,0,0,0,0,0,1,0,0,0,0,0,1,0,0,845,845,186,9,140.83333333333334,1,0,1.0,0.1666666666666666,4.0,1,9,52,52,0,0,2,0,0,186,0,0.0,0,0,12,12,14,0.9988179669030732
1036,1036,1037,20,89.0,12898,4,2,9,5,2007,2008,70.0,4,3,5,3,4,6,1022,1,0,598,1620,4,1,4,1620,0,0,1620,1,0,2,0,2,1,5,6,7,912,2,228,0,0,0,0,0,0.0,0,0,9,2009,12.66191713053049,0,0,0,1,0,0,0,0,0,0,0,0,1,2.0,4,True,False,False,False,False,5.0,3.4657359027997265,6,0,0,1,0,1,0,0,0,0,1,0,0,0,0,0,1,0,1,0,0,0,0,0,0,0,1,0,0,0,0,0,0,0,0,0,0,0,0,0,0,0,0,0,0,0,0,0,0,0,0,0,0,0,1,0,0,0,0,0,0,1,0,0,0,0,0,0,0,1,0,0,1,0,0,0,0,0,0,0,0,0,0,0,0,0,0,0,0,0,1,0,0,0,0,0,0,0,0,0,0,0,0,0,0,1,0,0,0,1,0,1,0,0,0,3240,2642,228,9,231.42857142857144,1,0,3.0,0.4285714285714285,27.0,1,25,2,1,1,1,4,0,0,228,0,0.6304750154225787,1,75,45,12,22,0.4998457266275841
1037,1037,1038,60,0.0,9240,4,2,8,5,2001,2002,396.0,4,3,4,3,1,1,0,1,0,1055,1055,4,1,4,1055,1208,0,2263,0,0,2,1,3,1,4,7,7,905,2,0,45,0,0,189,0,0.0,0,0,9,2008,12.567240979056246,0,0,0,1,0,0,0,0,0,0,0,0,1,2.0,4,False,False,True,False,False,3.0,2.079441541679836,6,0,0,1,0,1,0,0,0,1,0,0,1,0,0,0,1,0,1,0,0,0,0,0,0,0,1,0,0,0,0,0,0,0,0,0,1,0,0,0,0,0,0,0,0,0,0,0,0,0,0,0,0,0,0,0,0,0,0,0,0,0,0,0,1,0,0,1,0,0,0,0,1,0,0,0,0,0,0,0,0,0,0,0,0,0,0,0,0,0,1,0,0,0,0,0,0,0,0,0,0,0,0,0,0,1,0,0,1,0,0,1,0,0,0,3318,2263,234,11,282.875,2,1,2.5,0.3125,20.0,1,16,7,6,1,1,4,234,1,234,0,0.0,0,24,40,12,20,0.681831877071407
1038,1038,1039,160,21.0,1533,4,2,4,6,1970,2008,0.0,3,3,3,3,1,1,0,1,0,546,546,2,1,4,798,546,0,1344,0,0,1,1,3,1,3,6,7,0,2,0,0,0,0,0,0,0.0,0,0,5,2009,11.48247656671073,0,0,0,1,0,0,0,0,0,0,0,0,1,0.0,0,False,False,False,False,False,3.0,2.079441541679836,6,0,0,0,1,1,0,0,0,1,0,0,1,0,0,0,1,0,1,0,0,0,0,0,0,0,1,0,0,0,0,0,0,0,0,0,0,0,0,0,0,1,0,0,0,0,0,0,0,0,0,0,0,0,0,0,0,0,1,0,0,0,0,0,1,0,0,1,0,0,0,0,1,0,0,0,0,0,0,0,0,0,0,1,0,0,0,0,0,0,0,0,0,0,0,0,0,1,0,0,0,0,0,0,0,0,0,0,0,0,1,0,0,0,0,1890,1344,0,10,192.0,2,1,1.5,0.2142857142857142,6.0,1,9,39,1,1,1,2,0,0,0,0,0.0,0,18,24,9,12,0.710735060814384
1039,1039,1040,180,21.0,1477,4,2,4,4,1970,1970,0.0,3,3,4,3,3,6,509,1,0,121,630,2,1,4,630,0,0,630,1,0,1,0,1,1,3,3,7,286,2,0,0,0,0,0,0,0.0,0,0,4,2009,11.289794413577894,0,0,0,1,0,0,0,0,0,0,0,0,1,2.0,2,True,False,False,False,False,0.0,0.0,6,0,0,0,1,1,0,0,0,1,0,0,1,0,0,0,1,0,1,0,0,0,0,0,0,0,1,0,0,0,0,0,0,0,0,0,0,0,0,0,0,1,0,0,0,0,0,0,0,0,0,0,0,0,0,0,0,0,0,1,0,0,0,0,0,1,0,1,0,0,0,0,1,0,0,0,0,0,0,0,0,0,0,1,0,0,0,0,0,0,0,0,0,0,0,0,0,1,0,0,0,0,0,0,0,0,0,0,0,0,1,0,0,0,0,1260,1139,0,5,157.5,1,0,2.0,0.5,8.0,1,9,39,39,0,0,2,0,0,0,0,0.8066561014263075,1,48,16,9,12,0.4996034892942109
1040,1040,1041,20,88.0,13125,4,2,5,4,1957,2000,67.0,3,3,3,3,1,3,168,4,682,284,1134,4,1,4,1803,0,0,1803,1,0,2,0,3,1,3,8,3,484,2,0,0,0,0,0,0,3.0,0,0,1,2006,11.951186847493476,0,0,0,1,0,0,0,0,0,0,0,0,1,2.0,2,True,False,False,False,False,3.0,2.079441541679836,6,0,0,1,0,1,0,0,0,1,0,0,1,0,0,0,0,0,1,0,0,0,0,0,0,0,1,0,0,0,0,0,0,0,0,0,0,0,0,0,0,0,0,0,0,0,0,0,0,0,1,0,0,0,0,0,0,0,0,0,0,1,0,0,0,0,0,1,0,0,0,0,1,0,0,0,0,0,0,0,0,0,0,0,0,0,0,0,0,0,0,1,0,0,0,0,0,0,0,0,0,0,0,0,0,0,1,0,0,0,1,0,0,0,0,2937,2653,0,12,200.33333333333331,1,0,3.0,0.3333333333333333,15.0,1,9,49,6,1,1,2,0,0,0,0,0.748898678414097,1,18,20,9,15,0.6136827773995915
1041,1041,1042,60,0.0,9130,4,2,6,8,1966,2000,252.0,3,3,3,3,1,6,400,3,64,336,800,3,1,4,800,832,0,1632,0,1,1,1,4,1,4,7,7,484,2,0,40,0,0,0,0,0.0,0,0,7,2008,12.06105265381003,0,0,0,1,0,0,0,0,0,0,0,0,1,2.0,2,True,False,False,False,False,0.0,0.0,6,0,0,1,0,1,0,0,0,1,0,0,1,0,0,0,1,1,0,0,0,0,0,0,0,0,1,0,0,0,0,0,0,0,0,0,0,0,0,0,0,0,0,0,0,1,0,0,0,0,0,0,0,0,0,0,0,0,0,0,0,0,0,0,1,0,0,0,0,1,0,0,1,0,0,0,0,0,0,0,0,0,0,0,1,0,0,0,0,0,0,0,0,0,0,0,0,0,1,0,0,0,0,0,0,0,0,0,1,0,1,0,0,0,0,2432,2096,40,12,204.0,2,1,2.0,0.25,12.0,1,16,42,8,1,1,2,40,1,40,0,0.5792759051186017,1,18,48,9,16,0.6707768187422934
1042,1042,1043,120,34.0,5381,4,2,6,5,2005,2005,135.0,4,3,4,3,3,5,900,1,0,406,1306,4,1,4,1306,0,0,1306,1,0,2,0,1,1,4,5,7,624,2,170,63,0,0,0,0,0.0,0,0,8,2009,12.185875040240456,0,0,0,1,0,0,0,0,0,0,0,0,1,2.0,4,True,False,False,False,False,4.0,2.772588722239781,6,0,0,1,0,1,0,0,0,0,0,0,1,0,0,0,1,0,1,0,0,0,0,0,0,0,1,0,0,0,0,0,0,0,0,0,0,0,0,0,0,0,0,0,0,0,0,1,0,0,0,0,0,0,0,0,0,0,1,0,0,1,0,0,0,0,0,1,0,0,0,0,1,0,0,0,0,0,0,0,0,0,0,0,0,0,0,0,0,0,1,0,0,0,0,0,0,0,0,0,0,0,0,0,0,1,0,0,0,1,0,1,0,0,0,2612,2206,233,7,217.66666666666663,1,0,3.0,0.5,18.0,1,16,4,4,0,1,4,63,1,233,0,0.6885998469778117,1,48,30,12,18,0.4998086490623804
1043,1043,1044,60,86.0,11839,4,2,7,5,1990,1990,99.0,3,3,4,3,1,6,1085,1,0,390,1475,4,1,4,1532,797,0,2329,1,0,2,1,4,1,4,10,7,514,2,192,121,0,0,0,0,0.0,0,0,5,2008,12.47717172708952,0,0,0,1,0,0,0,0,0,0,0,0,1,2.0,3,True,False,False,False,False,5.0,3.4657359027997265,6,0,0,1,0,1,0,0,0,1,0,0,1,0,0,0,1,0,1,0,0,0,0,0,0,0,1,0,0,0,0,0,0,0,0,0,0,0,0,0,0,0,0,0,0,0,0,0,0,0,0,1,0,0,0,0,0,0,0,0,0,0,0,0,1,0,0,0,0,1,0,0,1,0,0,0,0,0,0,0,0,0,0,0,1,0,0,0,0,0,0,0,0,0,0,0,0,0,1,0,0,0,0,0,0,0,0,0,1,0,0,1,0,0,0,3804,3414,313,15,211.72727272727272,2,1,3.5,0.3181818181818182,24.5,1,16,18,18,0,0,3,121,1,313,0,0.7350948509485095,1,24,35,9,18,0.6120893561103811
1044,1044,1045,20,80.0,9600,4,2,8,5,1981,1981,0.0,4,3,4,3,1,5,1104,1,0,1420,2524,2,1,4,2524,0,0,2524,1,0,2,1,4,1,4,9,7,542,2,474,120,0,0,0,0,2.0,0,0,7,2009,12.535379989788607,0,0,0,1,0,0,0,0,0,0,0,0,1,2.0,3,True,False,False,False,False,4.0,2.772588722239781,6,0,0,1,0,1,0,0,0,1,0,0,1,0,0,0,1,0,0,0,1,0,0,0,0,0,1,0,0,0,0,0,0,0,0,0,0,0,0,0,0,0,0,0,0,1,0,0,0,0,0,0,0,0,0,0,0,0,0,0,0,1,0,0,0,0,0,0,0,1,0,0,0,0,0,0,0,0,1,0,0,1,0,0,0,0,0,0,0,0,0,0,0,0,0,1,0,0,0,0,0,0,0,0,0,0,0,0,0,0,0,1,0,0,0,5048,3628,594,14,252.4,1,0,3.5,0.35,28.0,1,16,28,28,0,0,3,120,1,594,0,0.4372277227722772,1,24,40,12,18,0.4999009704892058
1045,1045,1046,20,0.0,13680,4,2,3,5,1955,1955,0.0,3,3,0,0,0,0,0,0,0,0,0,4,1,3,1733,0,0,1733,0,0,2,0,4,1,3,8,5,452,2,0,0,0,0,0,0,0.0,0,0,6,2009,11.846543632608537,0,0,0,1,0,0,0,0,0,0,0,0,1,2.0,2,True,False,False,False,False,4.0,2.772588722239781,6,0,0,1,0,1,0,0,0,0,0,0,1,1,0,0,0,0,1,0,0,0,0,0,0,0,1,0,0,0,0,0,0,0,0,0,0,0,1,0,0,0,0,0,0,0,0,0,0,0,0,0,0,0,0,0,0,0,0,0,0,1,0,0,0,0,0,0,0,1,0,0,1,0,0,0,0,0,0,0,0,1,0,0,0,0,0,0,0,0,0,0,0,0,0,0,0,0,0,0,0,0,0,0,0,0,1,0,0,0,0,0,1,0,0,1733,1733,0,13,192.55555555555557,1,0,2.0,0.2222222222222222,6.0,1,9,54,54,0,0,2,0,0,0,0,0.0,0,0,15,9,13,0.9994232987312572
1046,1046,1047,60,85.0,16056,4,2,9,5,2005,2006,208.0,4,3,5,3,3,6,240,1,0,1752,1992,4,1,4,1992,876,0,2868,0,0,3,1,4,1,5,11,7,716,2,214,108,0,0,0,0,0.0,0,0,7,2006,13.229569788348703,0,0,0,0,1,0,0,0,0,0,1,0,0,2.0,4,False,False,True,False,False,4.0,2.772588722239781,6,0,0,1,0,1,0,0,0,0,0,0,1,0,0,0,1,0,1,0,0,0,0,0,0,0,1,0,0,0,0,0,0,0,0,0,0,0,0,0,0,0,0,0,0,0,0,0,0,0,0,0,0,1,0,0,0,0,0,0,0,0,0,0,1,0,0,0,0,1,0,0,1,0,0,0,0,0,0,0,0,0,0,1,0,0,0,0,0,0,0,0,0,0,0,0,0,1,0,0,0,0,0,0,0,0,0,0,0,1,0,1,0,0,0,4860,3108,322,16,239.0,2,1,3.5,0.2916666666666667,31.5,1,25,1,0,1,1,4,108,1,322,0,0.1204214751630707,1,60,45,12,22,0.5900020571898786
1047,1047,1048,20,57.0,9245,4,2,5,5,1994,1995,0.0,3,3,4,3,1,6,686,1,0,304,990,4,1,4,990,0,0,990,0,1,1,0,3,1,3,5,7,672,2,0,0,0,0,0,0,0.0,0,0,2,2008,11.884495917930655,0,0,0,1,0,0,0,0,0,0,0,0,1,2.0,3,False,False,False,False,True,0.0,0.0,6,0,0,1,0,1,0,1,0,0,0,0,1,0,0,0,1,0,1,0,0,0,0,0,0,0,1,0,0,0,0,0,0,0,0,0,1,0,0,0,0,0,0,0,0,0,0,0,0,0,0,0,0,0,0,0,0,0,0,0,0,1,0,0,0,0,0,1,0,0,0,0,1,0,0,0,0,0,0,0,0,0,0,0,0,0,0,0,0,0,1,0,0,0,0,0,0,0,0,0,0,0,0,0,0,1,0,0,0,0,0,1,0,0,0,1980,1676,0,9,165.0,1,0,1.5,0.25,7.5,1,9,14,13,1,0,3,0,0,0,0,0.6922300706357215,1,24,25,9,15,0.4997476022211004
1048,1048,1049,20,100.0,21750,4,2,5,4,1960,2006,75.0,3,2,0,0,0,0,0,0,0,0,0,2,1,4,1771,0,0,1771,0,0,1,0,3,1,3,9,6,336,2,0,0,0,0,0,0,3.0,0,0,11,2009,11.652696102959752,0,0,0,1,0,0,0,0,0,0,0,0,1,2.0,2,True,False,False,False,False,3.0,2.079441541679836,6,0,0,1,0,1,0,0,0,1,0,0,1,0,0,0,1,0,1,0,0,0,0,0,0,0,1,0,0,0,0,0,0,0,0,0,0,0,0,0,0,0,1,0,0,0,0,0,0,0,0,0,0,0,0,0,0,0,0,0,0,1,0,0,0,0,0,0,0,1,0,0,1,0,0,0,0,0,0,0,0,0,0,0,1,0,0,0,0,0,0,0,0,0,0,0,0,0,1,0,0,0,0,0,0,0,0,0,1,0,0,0,1,0,0,1771,1771,0,13,177.1,1,0,1.0,0.1,5.0,1,9,49,3,1,1,2,0,0,0,0,0.0,0,0,20,6,13,0.9994356659142212
1049,1049,1050,20,60.0,11100,4,2,4,7,1946,2006,0.0,3,3,0,0,0,0,0,0,0,0,0,4,1,4,930,0,0,930,0,0,1,0,2,1,4,6,7,308,2,0,0,0,0,0,0,0.0,0,0,4,2010,11.349241150793087,0,0,0,0,0,0,0,0,0,0,0,0,1,2.0,1,False,False,False,False,True,0.0,0.0,6,0,0,1,0,1,0,0,0,1,0,1,0,0,0,0,1,0,1,0,0,0,0,0,0,0,1,0,0,0,0,0,0,0,0,0,0,0,1,0,0,0,0,0,0,0,0,0,0,0,0,0,0,0,0,0,0,0,0,0,0,1,0,0,0,0,0,1,0,0,0,0,1,0,0,0,0,0,0,0,0,0,0,0,0,0,1,0,0,0,0,0,0,0,0,0,0,0,0,0,1,0,0,0,0,0,0,0,0,0,1,0,0,0,0,930,930,0,9,132.85714285714286,1,0,1.0,0.1428571428571428,4.0,1,16,64,4,1,1,1,0,0,0,0,0.0,0,0,28,9,15,0.9989258861439312
1050,1050,1051,20,73.0,8993,4,2,7,5,2007,2007,0.0,4,3,4,3,3,1,0,1,0,1302,1302,4,1,4,1302,0,0,1302,0,0,2,0,3,1,4,6,7,436,2,0,22,0,0,0,0,0.0,0,0,8,2007,12.080996832096169,0,0,0,0,1,0,0,0,0,0,1,0,0,2.0,4,True,False,False,False,False,0.0,0.0,6,0,0,1,0,1,0,0,0,0,0,0,1,0,0,0,1,0,1,0,0,0,0,0,0,0,1,0,0,0,0,0,0,0,0,0,0,0,0,1,0,0,0,0,0,0,0,0,0,0,0,0,0,0,0,0,0,0,0,0,0,1,0,0,0,0,0,1,0,0,0,0,1,0,0,0,0,0,0,0,0,0,0,0,0,0,0,0,0,0,1,0,0,0,0,0,0,0,0,0,0,0,0,0,0,1,0,0,0,0,0,1,0,0,0,2604,1302,22,10,186.0,1,0,2.0,0.2857142857142857,14.0,1,16,0,0,0,1,4,22,1,22,0,0.0,0,48,35,12,19,0.4998080614203455
1051,1051,1052,20,103.0,11175,4,2,7,5,2007,2007,0.0,4,3,4,3,3,1,0,1,0,1316,1316,4,1,4,1316,0,0,1316,0,0,2,0,3,1,4,6,7,440,2,0,20,0,0,0,0,0.0,0,0,10,2007,12.206782393599411,0,0,0,0,1,0,0,0,0,0,1,0,0,2.0,4,True,False,False,False,False,4.0,2.772588722239781,6,0,0,1,0,1,0,0,0,0,0,0,1,0,0,0,0,0,1,0,0,0,0,0,0,0,1,0,0,0,0,0,0,0,0,0,1,0,0,0,0,0,0,0,0,0,0,0,0,0,0,0,0,0,0,0,0,0,0,0,0,1,0,0,0,0,0,1,0,0,0,0,1,0,0,0,0,0,0,0,0,0,0,0,0,0,0,0,0,0,1,0,0,0,0,0,0,0,0,0,0,0,0,0,0,1,0,0,0,0,0,1,0,0,0,2632,1316,20,10,188.0,1,0,2.0,0.2857142857142857,14.0,1,16,0,0,0,1,4,20,1,20,0,0.0,0,48,35,12,19,0.4998101025446259
1052,1052,1053,60,100.0,9500,4,2,6,6,1964,1978,272.0,3,3,3,3,1,3,442,1,0,374,816,2,1,4,1127,850,0,1977,0,1,1,1,4,1,3,9,7,540,2,0,52,0,0,0,0,3.0,0,0,6,2007,12.013706813470414,0,0,0,1,0,0,0,0,0,0,0,0,1,2.0,2,True,False,False,False,False,3.0,2.079441541679836,6,0,0,1,0,1,0,0,0,1,0,0,1,0,0,0,0,0,0,0,0,0,0,0,0,0,1,0,0,0,0,0,0,0,0,0,0,0,0,0,0,0,0,1,0,0,0,0,0,0,0,0,0,0,0,0,0,0,0,0,0,0,0,0,1,0,0,1,0,0,0,0,1,0,0,0,0,0,0,0,0,0,0,0,0,0,0,0,0,0,1,0,0,0,0,0,0,0,0,0,0,0,0,0,0,1,0,0,0,0,1,0,0,0,0,2793,2419,52,14,197.7,2,1,2.0,0.2,12.0,1,9,43,29,1,0,2,52,1,52,0,0.5410036719706243,1,18,36,9,14,0.7075876879026486
1053,1053,1054,20,68.0,8562,4,1,5,6,1957,2002,145.0,3,3,3,3,3,3,383,1,0,833,1216,4,1,3,1526,0,0,1526,0,0,1,0,4,1,3,7,5,364,2,116,78,0,0,0,0,0.0,0,0,5,2010,11.881041706925902,0,0,0,1,0,0,0,0,0,0,0,0,1,2.0,2,False,True,False,False,False,4.0,2.772588722239781,6,0,0,1,0,1,0,0,0,1,0,0,1,0,0,0,1,0,1,0,0,0,0,0,0,0,1,0,0,0,0,0,0,0,0,0,0,0,1,0,0,0,0,0,0,0,0,0,0,0,0,0,0,0,0,0,0,0,0,0,0,1,0,0,0,0,0,0,0,1,0,0,1,0,0,0,0,0,0,0,0,0,0,0,1,0,0,0,0,0,0,0,0,0,0,0,0,0,1,0,0,0,0,0,0,0,0,0,0,1,1,0,0,0,0,2742,1909,194,12,190.75,1,0,1.0,0.125,5.0,1,9,53,8,1,1,2,78,1,194,0,0.314708299096138,1,36,30,9,15,0.5563251913962814
1054,1054,1055,60,90.0,11367,4,2,8,5,2002,2002,210.0,4,3,4,3,2,6,932,1,0,133,1065,4,1,4,1091,898,0,1989,1,0,2,1,3,1,4,7,7,586,2,199,60,0,0,0,0,0.0,0,0,11,2006,12.449022745701502,0,0,0,1,0,0,0,0,0,0,0,0,1,2.0,4,True,False,False,False,False,4.0,2.772588722239781,6,0,0,1,0,1,0,0,0,1,0,0,1,0,0,0,0,0,1,0,0,0,0,0,0,0,1,0,0,0,0,0,0,0,0,0,1,0,0,0,0,0,0,0,0,0,0,0,0,0,0,0,0,0,0,0,0,0,0,0,0,0,0,0,1,0,0,1,0,0,0,0,1,0,0,0,0,0,0,0,0,0,0,0,0,0,0,0,0,0,1,0,0,0,0,0,0,0,0,0,0,0,0,0,0,1,0,0,1,0,0,1,0,0,0,3054,2921,259,11,248.625,2,1,3.5,0.4375,28.0,1,16,4,4,0,1,4,60,1,259,0,0.874296435272045,1,36,40,12,20,0.6510638297872341
1055,1055,1056,20,104.0,11361,4,2,6,5,1976,1976,160.0,3,3,4,3,1,5,644,1,0,549,1193,2,1,4,1523,0,0,1523,0,1,2,0,3,1,3,7,7,478,2,0,0,0,0,189,0,2.0,0,0,5,2008,12.100717685412471,0,0,0,0,0,0,0,0,0,0,0,0,0,2.0,2,True,False,False,False,False,3.0,2.079441541679836,6,0,0,1,0,1,0,0,0,1,0,0,1,0,0,0,1,0,1,0,0,0,0,0,0,0,1,0,0,0,0,0,0,0,0,0,0,0,0,0,0,0,0,0,0,1,0,0,0,0,0,0,0,0,0,0,0,0,0,0,0,1,0,0,0,0,0,1,0,0,0,0,1,0,0,0,0,0,0,0,0,0,0,0,0,0,0,1,0,0,0,0,0,0,0,0,0,0,0,0,0,0,1,0,0,0,0,0,1,0,1,0,0,0,0,2716,2167,189,11,190.375,1,0,2.5,0.3125,15.0,1,9,32,32,0,0,2,189,1,189,0,0.5393634840871022,1,24,30,9,14,0.5605447184394553
1056,1056,1057,120,43.0,7052,4,2,7,5,2005,2005,240.0,4,3,4,3,3,6,659,1,0,705,1364,4,1,4,1364,0,0,1364,1,0,2,0,2,1,4,6,7,484,2,192,36,0,0,0,0,0.0,0,0,6,2006,12.13270055639427,0,0,0,1,0,0,0,0,0,0,0,0,1,2.0,4,True,False,False,False,False,4.0,2.772588722239781,6,0,0,1,0,1,0,0,0,0,0,0,1,0,0,0,1,0,1,0,0,0,0,0,0,0,1,0,0,0,0,0,0,0,0,0,0,0,0,0,0,0,0,0,0,0,0,1,0,0,0,0,0,0,0,0,0,0,0,1,0,1,0,0,0,0,0,1,0,0,0,0,1,0,0,0,0,0,0,0,0,0,0,0,0,0,0,0,0,0,1,0,0,0,0,0,0,0,0,0,0,0,0,0,0,1,0,0,0,1,0,1,0,0,0,2728,2023,228,9,194.8571428571429,1,0,3.0,0.4285714285714285,21.0,1,16,1,1,0,1,4,36,1,228,0,0.4827838827838828,1,48,35,12,19,0.4998167827042873
1057,1057,1058,60,0.0,29959,4,2,7,6,1994,1994,0.0,4,3,4,3,1,6,595,1,0,378,973,4,1,4,979,871,0,1850,0,0,2,1,3,1,4,7,7,467,2,168,98,0,0,0,0,0.0,0,0,1,2009,12.421188057397057,0,0,0,1,0,0,0,0,0,0,0,0,1,2.0,3,False,False,True,False,False,4.0,2.772588722239781,6,0,0,1,0,1,0,1,0,0,0,0,1,0,1,0,0,0,1,0,0,0,0,0,0,0,1,0,0,0,0,0,0,0,0,0,0,0,0,0,0,0,0,0,0,0,1,0,0,0,0,0,0,0,0,0,0,0,0,0,0,0,0,0,1,0,0,1,0,0,0,0,1,0,0,0,0,0,0,0,0,0,0,0,1,0,0,0,0,0,0,0,0,0,0,0,0,0,1,0,0,0,0,0,0,0,0,0,0,0,0,1,0,0,0,2823,2445,266,11,231.25,2,1,2.5,0.3125,17.5,1,16,15,15,0,0,3,98,1,266,0,0.6108829568788501,1,24,42,12,19,0.6550991501416431
1058,1058,1059,60,96.0,11308,4,2,9,5,2008,2008,154.0,5,3,5,3,3,6,936,1,0,168,1104,4,1,4,1130,1054,0,2184,1,0,2,1,3,1,5,10,7,836,2,0,102,0,0,0,0,0.0,0,0,7,2009,12.721888795877376,0,0,0,1,0,0,0,0,0,0,0,0,1,2.0,4,True,False,False,False,False,4.0,2.772588722239781,6,0,0,1,0,1,0,0,0,0,0,0,1,0,0,0,1,0,1,0,0,0,0,0,0,0,1,0,0,0,0,0,0,0,0,0,0,0,0,0,0,0,0,0,0,0,0,1,0,0,0,0,0,0,0,0,0,0,0,0,0,0,0,0,1,0,0,1,0,0,0,0,1,0,0,0,0,0,0,0,0,0,0,0,0,0,0,0,0,0,1,0,0,0,0,0,0,0,0,0,0,0,0,0,0,1,0,0,0,1,0,1,0,0,0,3288,3120,102,14,198.54545454545453,2,1,3.5,0.3181818181818182,31.5,1,25,1,1,0,1,4,102,1,102,0,0.8470588235294118,1,60,45,15,23,0.6640316205533597
1059,1059,1060,50,0.0,11275,4,1,6,7,1932,1950,480.0,3,3,3,3,2,3,297,2,557,0,854,2,1,4,1096,895,0,1991,0,0,1,1,3,1,3,7,7,432,2,0,0,19,0,0,0,0.0,0,0,3,2007,12.301387370778713,0,0,0,1,0,0,0,0,0,0,0,0,1,2.0,2,False,False,False,False,True,4.0,2.772588722239781,6,0,0,1,0,1,0,0,0,0,1,0,0,0,0,0,0,0,1,0,0,0,0,0,0,0,1,0,0,0,0,0,0,0,0,0,0,1,0,0,0,0,0,0,0,0,0,0,0,0,0,0,0,0,0,0,0,0,0,0,0,0,0,0,0,0,0,1,0,0,0,0,1,0,0,0,0,0,0,0,0,0,0,0,0,0,1,0,0,0,0,0,0,0,0,0,0,0,0,0,1,0,0,0,0,0,0,0,1,0,1,0,0,0,0,2845,2845,19,11,248.875,2,1,1.5,0.1875,9.0,1,9,75,57,1,0,1,19,1,19,0,0.9988304093567252,1,27,42,9,14,0.6995783555867885
1060,1060,1061,120,41.0,4920,4,2,8,5,2001,2001,0.0,4,3,4,3,2,6,616,1,0,722,1338,4,1,4,1338,0,0,1338,1,0,2,0,2,1,4,6,7,582,2,0,0,170,0,0,0,0.0,0,0,4,2010,12.271396795480596,0,0,0,1,0,0,0,0,0,0,0,0,1,2.0,4,True,False,False,False,False,0.0,0.0,6,0,0,1,0,1,0,0,0,1,0,0,1,0,0,0,1,0,1,0,0,0,0,0,0,0,1,0,0,0,0,0,0,0,0,0,0,0,0,0,0,0,0,0,0,0,0,0,0,0,0,0,0,1,0,0,0,0,0,1,0,1,0,0,0,0,0,1,0,0,0,0,1,0,0,0,0,0,0,0,0,0,0,1,0,0,0,0,0,0,0,0,0,0,0,0,0,1,0,0,0,0,0,0,0,0,0,0,0,0,0,1,0,0,0,2676,1954,170,9,191.14285714285717,1,0,3.0,0.4285714285714285,24.0,1,16,9,9,0,1,4,170,1,170,0,0.4600448095593726,1,36,40,12,20,0.4998132237579379
1061,1061,1062,30,120.0,18000,4,2,3,4,1935,1950,0.0,2,3,3,3,1,1,0,1,0,894,894,2,1,4,894,0,0,894,0,0,1,0,2,1,3,6,7,1248,2,0,20,0,0,0,0,0.0,1,560,8,2008,11.302216779257382,0,0,0,1,0,0,0,1,0,0,0,0,0,2.0,3,False,False,False,False,True,0.0,0.0,6,0,0,0,0,0,0,0,0,1,0,1,0,0,0,0,1,0,1,0,0,0,0,0,0,0,1,0,0,0,0,0,0,0,0,0,0,0,0,0,1,0,0,0,0,0,0,0,0,0,0,0,0,0,0,0,0,0,0,0,0,1,0,0,0,0,0,1,0,0,0,0,1,0,0,0,0,0,0,0,0,0,0,0,0,0,1,0,0,0,0,0,0,0,0,0,0,0,0,0,1,0,0,0,0,0,0,0,0,0,1,0,0,0,0,1788,894,20,9,127.71428571428572,1,0,1.0,0.1428571428571428,3.0,1,9,73,58,1,0,1,20,1,20,0,0.0,0,18,12,6,10,0.499720514253773
1062,1062,1063,190,85.0,13600,4,2,5,5,1900,1950,0.0,3,3,3,3,1,1,0,1,0,662,662,2,0,4,1422,915,0,2337,0,0,2,0,5,2,3,10,5,560,2,0,57,0,0,0,0,0.0,0,0,9,2007,11.407576060361786,0,0,0,1,0,0,0,0,0,0,0,0,1,2.0,1,False,False,False,False,True,0.0,0.0,6,0,0,0,1,1,0,0,0,1,0,0,1,0,0,0,1,0,1,0,0,0,0,0,0,0,1,0,0,0,0,0,0,0,0,0,0,0,0,0,0,0,0,0,0,0,0,0,1,0,0,0,0,0,0,0,1,0,0,0,0,0,0,0,1,0,0,1,0,0,0,0,1,0,0,0,0,0,0,0,0,0,0,0,0,0,0,0,0,0,0,1,0,0,0,0,0,0,0,0,0,0,0,0,0,0,1,0,0,0,0,0,0,0,0,2999,2337,57,17,212.45454545454547,2,1,2.0,0.1818181818181818,10.0,2,9,107,57,1,0,1,57,1,57,0,0.0,0,18,25,9,13,0.779
1063,1063,1064,30,50.0,6000,4,2,6,6,1925,1980,0.0,3,4,3,3,1,4,397,1,0,706,1103,3,1,4,1103,0,0,1103,0,0,1,0,2,1,4,5,7,440,2,166,120,0,0,0,0,2.0,0,0,7,2006,11.612779849672751,0,0,0,1,0,0,0,0,0,0,0,0,1,2.0,2,False,False,False,False,True,4.0,2.772588722239781,6,0,0,0,1,1,0,0,0,1,0,0,1,0,0,0,1,0,0,0,0,0,0,0,0,0,1,0,0,0,0,0,0,0,0,0,0,0,0,0,0,0,0,0,0,0,0,0,1,0,0,0,0,0,0,0,0,0,0,0,0,1,0,0,0,0,0,1,0,0,0,0,1,0,0,0,0,0,0,0,0,0,0,0,0,0,1,0,0,0,0,0,0,0,0,0,0,0,0,0,1,0,0,0,0,0,0,0,0,0,0,0,0,0,0,2206,1500,286,8,183.83333333333331,1,0,1.0,0.1666666666666666,6.0,1,16,81,26,1,0,1,120,1,286,0,0.3596014492753623,1,18,36,12,16,0.4997734481196194
1064,1064,1065,20,0.0,11000,4,2,5,6,1966,1966,200.0,3,3,3,3,2,4,740,3,230,184,1154,4,1,4,1154,0,0,1154,0,0,1,1,3,1,3,6,7,480,2,0,58,0,0,0,0,2.0,0,0,11,2009,11.944714374881176,0,0,0,1,0,0,0,0,0,0,0,0,1,2.0,2,True,False,False,False,False,1.0,0.6931471805599453,6,0,0,1,0,1,0,0,0,0,0,0,1,1,0,0,0,0,1,0,0,0,0,0,0,0,1,0,0,0,0,0,0,0,0,0,0,0,0,0,0,0,0,1,0,0,0,0,0,0,0,0,0,0,0,0,0,0,0,0,0,1,0,0,0,0,0,1,0,0,0,0,1,0,0,0,0,0,0,0,0,0,0,0,0,0,0,1,0,0,0,0,0,0,0,0,0,0,0,0,0,0,1,0,0,0,0,0,1,0,1,0,0,0,0,2308,2124,58,10,164.85714285714286,1,0,1.5,0.2142857142857142,7.5,1,9,43,43,0,0,2,58,1,58,0,0.8398268398268398,1,27,30,9,15,0.4997834560415764
1065,1065,1066,60,80.0,14000,4,1,7,5,1996,1997,0.0,4,3,5,3,4,6,1201,1,0,105,1306,4,1,4,1306,954,0,2260,1,0,2,1,3,1,4,7,7,533,2,296,44,0,0,0,0,0.0,0,0,4,2010,12.700771936142122,0,0,0,1,0,0,0,0,0,0,0,0,1,2.0,3,True,False,False,False,False,0.0,0.0,6,0,0,1,0,1,0,0,0,1,0,0,1,0,0,0,1,0,1,0,0,0,0,0,0,0,1,0,0,0,0,0,0,0,0,1,0,0,0,0,0,0,0,0,0,0,0,0,0,0,0,0,0,0,0,0,0,0,0,0,0,0,0,0,1,0,0,1,0,0,0,0,1,0,0,0,0,0,0,0,0,0,0,0,0,0,0,0,0,0,0,1,0,0,0,0,0,0,0,0,0,0,0,0,0,0,1,0,0,0,0,1,0,0,0,3566,3461,340,11,282.5,2,1,3.5,0.4375,24.5,1,16,14,13,1,0,3,44,1,340,0,0.9188982402448356,1,75,35,12,19,0.6335856462012897
1066,1066,1067,60,59.0,7837,4,2,6,7,1993,1994,0.0,4,3,4,3,1,1,0,1,0,799,799,3,1,4,799,772,0,1571,0,0,2,1,3,1,3,7,7,380,2,0,40,0,0,0,0,0.0,0,0,5,2009,12.08954444723597,0,0,0,1,0,0,0,0,0,0,0,0,1,2.0,3,True,False,False,False,False,3.0,2.079441541679836,6,0,0,1,0,1,0,0,0,0,0,0,1,0,0,0,1,0,1,0,0,0,0,0,0,0,1,0,0,0,0,0,0,0,0,0,0,0,0,1,0,0,0,0,0,0,0,0,0,0,0,0,0,0,0,0,0,0,0,0,0,0,0,0,1,0,0,1,0,0,0,0,1,0,0,0,0,0,0,0,0,0,0,0,0,0,0,0,0,0,1,0,0,0,0,0,0,0,0,0,0,0,0,0,0,1,0,0,0,0,0,1,0,0,0,2370,1571,40,11,196.375,2,1,2.5,0.3125,15.0,1,9,16,15,1,0,3,40,1,40,0,0.0,0,24,42,12,16,0.6625896246309574
1067,1067,1068,60,80.0,9760,4,1,6,6,1964,1964,360.0,3,3,3,3,4,6,674,2,106,0,780,2,1,4,798,813,0,1611,1,0,1,1,4,1,3,7,7,442,2,328,128,0,0,189,0,0.0,0,0,6,2008,12.031129798974042,0,0,0,1,0,0,0,0,0,0,0,0,1,2.0,2,True,False,False,False,False,0.0,0.0,6,0,0,1,0,1,0,0,0,1,0,0,1,0,0,0,1,0,1,0,0,0,0,0,0,0,1,0,0,0,0,0,0,0,0,0,0,0,0,0,0,0,0,1,0,0,0,0,0,0,0,0,0,0,0,0,0,0,0,0,0,0,0,0,1,0,0,1,0,0,0,0,1,0,0,0,0,0,0,0,0,0,0,0,1,0,0,0,0,0,0,0,0,0,0,0,0,0,1,0,0,0,0,0,0,0,0,0,1,0,1,0,0,0,0,2391,2391,645,12,201.375,2,1,2.5,0.3125,15.0,1,9,44,44,0,0,2,317,1,645,0,0.998719590268886,1,45,36,9,14,0.6734949832775919
1068,1068,1069,160,42.0,3964,4,2,6,4,1973,1973,0.0,3,3,4,3,1,5,837,1,0,105,942,3,1,4,1291,1230,0,2521,1,0,2,1,5,1,3,10,3,576,2,728,20,0,0,0,0,3.0,0,0,6,2006,11.927687224983488,0,0,0,1,0,0,0,0,0,0,0,0,1,2.0,2,True,False,False,False,False,4.0,2.772588722239781,6,0,0,0,1,1,0,0,0,1,0,0,1,0,0,0,1,0,1,0,0,0,0,0,0,0,1,0,0,0,0,0,0,0,0,0,0,0,0,0,0,1,0,0,0,0,0,0,0,0,0,0,0,0,0,0,0,0,0,1,0,0,0,0,1,0,0,1,0,0,0,0,1,0,0,0,0,0,0,0,0,0,0,1,0,0,0,0,0,0,0,0,0,0,0,0,0,1,0,0,0,0,0,0,0,0,0,0,0,0,1,0,0,0,0,3463,3358,748,16,229.1818181818182,2,1,3.5,0.3181818181818182,21.0,1,9,33,33,0,0,2,20,1,748,0,0.887592788971368,1,24,24,9,15,0.7277713625866051
1069,1069,1070,45,60.0,9600,4,2,5,7,1949,2003,0.0,3,3,3,3,1,5,220,1,0,625,845,2,1,4,893,0,0,893,0,1,1,0,2,1,4,4,7,576,2,0,0,0,0,0,0,0.0,0,0,5,2007,11.81303746480054,0,0,0,1,0,0,0,0,0,0,0,0,1,2.0,3,False,False,False,False,True,0.0,0.0,6,0,0,1,0,1,0,0,0,1,0,0,1,0,0,0,1,0,1,0,0,0,0,0,0,0,1,0,0,0,0,0,0,0,0,0,0,0,0,0,0,0,0,1,0,0,0,0,0,0,0,0,0,0,0,0,0,0,0,0,1,0,0,0,0,0,0,1,0,0,0,0,1,0,0,0,0,0,0,0,0,0,0,0,0,0,1,0,0,0,0,0,0,0,0,0,0,0,0,0,1,0,0,0,0,0,0,0,0,0,1,0,0,0,0,1738,1113,0,7,178.6,1,0,1.5,0.3,7.5,1,16,58,4,1,1,2,0,0,0,0,0.260047281323877,1,18,35,9,14,0.5135135135135135
1070,1070,1071,20,72.0,10152,4,2,5,5,1956,1956,120.0,3,3,3,3,1,4,586,1,0,462,1048,2,1,4,1048,0,0,1048,1,0,1,0,3,1,3,6,7,286,2,0,20,0,0,192,0,0.0,0,0,6,2007,11.81303746480054,0,0,0,1,0,0,0,0,0,0,0,0,1,2.0,2,True,False,False,False,False,0.0,0.0,6,0,0,1,0,1,0,0,0,1,0,0,1,0,0,0,1,0,1,0,0,0,0,0,0,0,1,0,0,0,0,0,0,0,0,0,0,0,0,0,0,0,0,1,0,0,0,0,0,0,0,0,0,0,0,0,0,0,0,0,0,1,0,0,0,0,0,0,0,1,0,0,1,0,0,0,0,0,0,0,0,0,0,0,0,0,1,0,0,0,0,0,0,0,0,0,0,0,0,0,1,0,0,0,0,0,0,0,1,0,1,0,0,0,0,2096,1634,212,10,149.71428571428572,1,0,2.0,0.2857142857142857,10.0,1,9,51,51,0,0,2,212,1,212,0,0.5586272640610105,1,18,25,9,13,0.4997615641392465
1071,1071,1072,60,78.0,11700,4,2,6,6,1968,1968,0.0,3,3,3,3,1,3,298,1,0,429,727,4,1,4,829,727,0,1556,0,0,1,1,4,1,3,8,7,441,2,0,0,0,0,0,0,0.0,0,0,5,2009,11.944714374881176,0,0,0,1,0,0,0,0,0,0,0,0,1,2.0,2,True,False,False,False,False,0.0,0.0,6,0,0,1,0,1,0,0,0,1,0,0,1,0,0,0,1,0,0,0,0,0,1,0,0,0,1,0,0,0,0,0,0,0,0,0,0,0,0,0,0,0,0,0,0,1,0,0,0,0,0,0,0,0,0,0,0,0,0,0,0,0,0,0,1,0,0,1,0,0,0,0,1,0,0,0,0,0,0,0,0,0,0,0,0,0,1,0,0,0,0,0,0,0,0,0,0,0,0,0,1,0,0,0,0,0,0,0,0,0,1,0,0,0,0,2283,1854,0,13,172.88888888888889,2,1,1.5,0.1666666666666666,9.0,1,9,41,41,0,0,2,0,0,0,0,0.4093406593406593,1,18,36,9,16,0.681260945709282
1072,1072,1073,50,50.0,7585,4,2,5,3,1948,1950,0.0,3,3,2,2,2,1,0,1,0,810,810,1,1,3,1002,454,0,1456,1,1,1,0,4,1,3,7,7,280,1,0,0,0,0,0,0,0.0,0,0,8,2006,11.42410518016564,0,0,0,1,0,0,0,0,0,0,0,0,1,2.0,2,False,False,False,False,True,3.0,2.079441541679836,6,0,0,1,0,1,0,0,0,1,0,0,1,0,0,0,1,0,0,0,0,0,0,0,0,0,1,0,0,0,0,0,0,0,0,0,0,0,1,0,0,0,0,0,0,0,0,0,0,0,0,0,0,0,0,0,0,0,0,0,0,0,0,0,0,0,0,1,0,0,0,0,1,0,0,0,0,0,0,0,0,0,0,0,0,0,1,0,0,0,0,0,0,0,0,0,0,0,0,0,1,0,0,0,0,0,0,0,0,0,1,0,0,0,0,2266,1456,0,12,182.0,2,1,2.5,0.3125,12.5,1,9,58,56,1,0,2,0,0,0,0,0.0,0,12,15,9,12,0.6422584913983238
1073,1073,1074,60,75.0,7950,4,2,6,6,1977,1977,140.0,3,3,3,3,1,4,535,1,0,155,690,2,1,4,698,728,0,1426,0,0,1,1,3,1,3,6,7,440,2,252,0,0,0,0,0,2.0,0,0,7,2009,11.979805470779858,0,0,0,1,0,0,0,0,0,0,0,0,1,2.0,2,True,False,False,False,False,0.0,0.0,6,0,0,1,0,1,0,0,0,0,0,0,0,0,0,0,0,0,1,0,0,0,0,0,0,0,1,0,0,0,0,0,0,0,0,0,0,0,1,0,0,0,0,0,0,0,0,0,0,0,0,0,0,0,0,0,0,0,0,0,0,0,0,0,1,0,0,0,0,1,0,0,1,0,0,0,0,0,0,0,0,0,0,0,1,0,0,0,0,0,0,0,0,0,0,0,0,0,0,0,0,0,1,0,0,0,0,0,1,0,1,0,0,0,0,2116,1961,252,10,203.7142857142857,2,1,1.5,0.2142857142857142,9.0,1,9,32,32,0,0,2,0,0,252,0,0.7742402315484804,1,18,36,9,14,0.6735947094945678
1074,1074,1075,20,74.0,8556,4,2,7,5,2006,2006,0.0,4,3,4,3,3,1,0,1,0,1240,1240,4,1,4,1240,0,0,1240,0,0,2,0,2,1,4,5,7,826,2,140,93,0,0,0,0,0.0,0,0,5,2007,12.175618592671356,0,0,0,1,0,0,0,0,0,0,0,0,1,2.0,4,True,False,False,False,False,0.0,0.0,6,0,0,1,0,1,0,0,0,1,0,0,1,0,0,0,1,0,1,0,0,0,0,0,0,0,1,0,0,0,0,0,0,0,0,0,1,0,0,0,0,0,0,0,0,0,0,0,0,0,0,0,0,0,0,0,0,0,0,0,0,1,0,0,0,0,0,1,0,0,0,0,1,0,0,0,0,0,0,0,0,0,0,0,0,0,0,0,0,0,1,0,0,0,0,0,0,0,0,0,0,0,0,0,0,1,0,0,0,0,0,1,0,0,0,2480,1240,233,8,206.66666666666663,1,0,2.0,0.3333333333333333,14.0,1,16,1,1,0,1,4,93,1,233,0,0.0,0,48,35,12,19,0.4997984683595324
1075,1075,1076,70,75.0,13125,4,2,7,6,1940,1984,0.0,3,3,3,3,1,4,410,1,0,390,800,2,1,4,960,780,0,1740,0,0,1,1,3,1,3,6,7,240,2,0,0,0,0,0,0,0.0,0,0,7,2007,12.299112067295642,0,0,0,1,0,1,0,0,0,0,0,0,0,2.0,1,True,False,False,False,False,4.0,4.394449154672439,6,0,0,1,0,1,0,0,0,1,0,0,1,0,0,0,1,0,1,0,0,0,0,0,0,0,1,0,0,0,0,0,0,0,0,0,0,1,0,0,0,0,0,0,0,0,0,0,0,0,0,0,0,0,0,0,0,0,0,0,0,0,0,0,1,0,0,1,0,0,0,0,1,0,0,0,0,0,0,0,0,0,0,0,0,0,0,0,0,0,0,1,0,0,0,0,0,0,0,0,0,0,0,0,0,0,1,0,0,0,1,0,0,0,0,2540,2150,0,10,248.57142857142856,2,1,1.5,0.2142857142857142,10.5,1,9,67,23,1,0,1,0,0,0,0,0.5118601747815231,1,18,42,9,15,0.6847697756788665
1076,1076,1077,50,60.0,10800,4,2,5,8,1936,1989,0.0,3,3,2,3,1,5,626,1,0,170,796,3,1,4,1096,370,0,1466,0,1,2,0,3,1,4,7,6,566,2,436,21,0,0,0,0,0.0,1,500,4,2006,12.04355959836804,0,0,0,1,0,0,0,0,0,0,0,0,1,2.0,1,True,False,False,False,False,3.0,2.079441541679836,6,0,0,1,0,1,0,0,0,1,0,0,1,0,0,0,1,0,1,0,0,0,0,0,0,0,1,0,0,0,0,0,0,0,0,0,0,0,0,0,0,0,0,0,0,0,0,0,1,0,0,0,0,0,0,0,0,0,0,0,0,0,0,0,0,0,0,1,0,0,0,0,1,0,0,0,0,0,0,0,0,0,0,0,0,0,0,0,0,0,0,1,0,0,0,0,0,0,0,0,0,0,0,0,0,0,1,0,0,0,1,0,0,0,0,2262,2092,457,11,183.25,2,1,2.5,0.3125,12.5,1,16,70,17,1,0,1,21,1,457,0,0.7854454203262233,1,12,40,9,15,0.6478126380910296
1077,1077,1078,20,0.0,15870,4,2,5,5,1969,1969,0.0,3,3,3,3,2,4,75,3,791,230,1096,4,1,4,1096,0,0,1096,1,0,1,0,3,1,3,6,7,299,2,240,32,0,0,0,0,0.0,0,0,3,2006,11.84079653163984,0,0,0,0,0,0,0,0,0,0,0,0,1,2.0,2,True,False,False,False,False,0.0,0.0,6,0,0,1,0,1,0,0,0,0,0,0,1,0,0,0,0,0,1,0,0,0,0,0,0,0,1,0,0,0,0,0,0,0,0,0,0,0,0,0,0,0,0,1,0,0,0,0,0,0,0,0,0,0,0,0,0,0,0,0,0,1,0,0,0,0,0,1,0,0,0,0,1,0,0,0,0,0,0,0,0,0,0,0,0,0,0,0,0,0,1,0,0,0,0,0,0,0,0,0,0,0,1,0,0,0,0,0,0,0,1,0,0,0,0,2192,1962,272,10,156.57142857142858,1,0,2.0,0.2857142857142857,10.0,1,9,37,37,0,0,2,32,1,272,0,0.7894257064721969,1,27,25,9,15,0.4997720018239854
1078,1078,1079,120,37.0,4435,4,2,6,5,2004,2004,169.0,4,3,4,3,2,6,662,1,0,186,848,4,1,4,848,0,0,848,1,0,1,0,1,1,4,3,7,420,2,140,0,0,0,0,0,0.0,0,0,5,2006,11.95697646939348,0,0,0,1,0,0,0,0,0,0,0,0,1,2.0,4,True,False,False,False,False,4.0,2.772588722239781,6,0,0,0,1,1,0,0,0,1,0,0,1,0,0,0,1,0,1,0,0,0,0,0,0,0,1,0,0,0,0,0,0,0,0,0,1,0,0,0,0,0,0,0,0,0,0,0,0,0,0,0,0,0,0,0,0,0,0,1,0,1,0,0,0,0,0,1,0,0,0,0,1,0,0,0,0,0,0,0,0,0,0,0,0,0,0,0,0,0,1,0,0,0,0,0,0,0,0,0,0,0,0,0,0,1,0,0,1,0,0,1,0,0,0,1696,1510,140,5,212.0,1,0,2.0,0.5,12.0,1,16,2,2,0,1,4,0,0,140,0,0.7797408716136631,1,36,30,12,18,0.4997053624042428
1079,1079,1080,20,65.0,8775,4,2,5,5,1994,1994,0.0,3,3,4,3,1,6,495,1,0,495,990,3,1,4,990,0,0,990,0,0,1,0,3,1,3,5,7,299,2,0,64,0,0,0,0,0.0,0,0,4,2007,11.744045122410055,0,0,0,1,0,0,0,0,0,0,0,0,1,2.0,3,True,False,False,False,False,0.0,0.0,6,0,0,1,0,1,0,0,0,1,0,0,1,0,0,0,1,0,1,0,0,0,0,0,0,0,1,0,0,0,0,0,0,0,0,0,1,0,0,0,0,0,0,0,0,0,0,0,0,0,0,0,0,0,0,0,0,0,0,0,0,1,0,0,0,0,0,1,0,0,0,0,1,0,0,0,0,0,0,0,0,0,0,0,0,0,0,0,0,0,1,0,0,0,0,0,0,0,0,0,0,0,0,0,0,1,0,0,0,0,0,1,0,0,0,1980,1485,64,9,165.0,1,0,1.0,0.1666666666666666,5.0,1,9,13,13,0,0,3,64,1,64,0,0.4994954591321897,1,24,25,9,14,0.4997476022211004
1080,1080,1081,20,80.0,11040,4,2,6,7,1971,2004,144.0,4,4,3,3,1,5,656,1,0,602,1258,4,1,4,1258,0,0,1258,0,1,2,0,3,1,4,5,7,528,2,55,0,0,216,0,0,0.0,0,0,10,2008,11.884495917930655,0,0,0,0,0,0,0,0,0,0,0,0,0,2.0,2,True,False,False,False,False,0.0,0.0,6,0,0,1,0,1,0,0,0,1,0,0,1,0,0,0,1,0,1,0,0,0,0,0,0,0,1,0,0,0,0,0,0,0,0,0,0,0,0,0,0,0,0,0,0,1,0,0,0,0,0,0,0,0,0,0,0,0,0,0,0,1,0,0,0,0,0,1,0,0,0,0,1,0,0,0,0,0,0,0,0,0,0,0,0,0,0,0,0,0,1,0,0,0,0,0,0,0,0,0,0,0,0,0,0,1,0,0,1,0,1,0,0,0,0,2516,1914,271,9,209.66666666666663,1,0,2.5,0.4166666666666667,15.0,1,16,37,4,1,1,2,216,1,271,0,0.5210484511517077,1,18,42,16,18,0.4998013508144616
1081,1081,1082,20,75.0,7500,4,2,5,5,1963,1963,0.0,3,3,3,3,1,5,824,1,0,216,1040,1,1,4,1040,0,0,1040,1,0,1,1,3,1,3,5,7,308,2,0,0,220,0,0,0,2.0,0,0,6,2010,11.798111925972618,0,0,0,1,0,0,0,0,0,0,0,0,1,2.0,2,True,False,False,False,False,0.0,0.0,6,0,0,1,0,1,0,0,0,1,0,0,1,0,0,0,0,1,0,0,0,0,0,0,0,0,1,0,0,0,0,0,0,0,0,0,0,0,0,0,0,0,0,0,0,0,0,0,0,0,1,0,0,0,0,0,0,0,0,0,0,1,0,0,0,0,0,1,0,0,0,0,1,0,0,0,0,0,0,0,0,0,0,0,1,0,0,0,0,0,0,0,0,0,0,0,0,0,1,0,0,0,0,0,0,0,0,0,0,0,1,0,0,0,0,2080,1864,220,9,173.33333333333334,1,0,2.5,0.4166666666666667,12.5,1,9,47,47,0,0,2,220,1,220,0,0.7915465898174832,1,18,25,9,12,0.4997597308986064
1082,1082,1083,20,70.0,8749,4,2,7,5,2002,2002,100.0,4,3,4,3,1,1,0,1,0,1459,1459,4,1,4,1459,0,0,1459,0,0,2,0,3,1,4,6,7,527,2,192,39,0,0,0,0,0.0,0,0,9,2007,12.165255859329688,0,0,0,1,0,0,0,0,0,0,0,0,1,2.0,4,True,False,False,False,False,4.0,2.772588722239781,6,0,0,1,0,1,0,0,0,1,0,0,1,0,0,0,1,0,1,0,0,0,0,0,0,0,1,0,0,0,0,0,0,0,0,0,1,0,0,0,0,0,0,0,0,0,0,0,0,0,0,0,0,0,0,0,0,0,0,0,0,1,0,0,0,0,0,1,0,0,0,0,1,0,0,0,0,0,0,0,0,0,0,0,0,0,0,0,0,0,1,0,0,0,0,0,0,0,0,0,0,0,0,0,0,1,0,0,1,0,0,1,0,0,0,2918,1459,231,10,208.42857142857144,1,0,2.0,0.2857142857142857,14.0,1,16,5,5,0,1,4,39,1,231,0,0.0,0,24,35,12,19,0.499828708461802
1083,1083,1084,20,80.0,8800,4,2,6,6,1964,1964,425.0,3,3,3,3,1,4,553,1,0,698,1251,2,1,4,1251,0,0,1251,1,0,1,0,3,1,3,6,7,461,2,0,116,0,0,0,0,2.0,1,700,3,2006,11.982935344196433,0,0,0,1,0,0,0,0,0,0,0,0,1,2.0,2,True,False,False,False,False,4.0,4.394449154672439,6,0,0,1,0,1,0,0,0,1,0,0,1,0,0,0,1,0,1,0,0,0,0,0,0,0,1,0,0,0,0,0,0,0,0,0,0,0,0,0,0,0,0,1,0,0,0,0,0,0,0,0,0,0,0,0,0,0,0,0,0,1,0,0,0,0,0,0,0,1,0,0,1,0,0,0,0,0,0,0,0,0,0,0,1,0,0,0,0,0,0,0,0,0,0,0,0,0,1,0,0,0,0,0,0,0,0,0,1,0,1,0,0,0,0,2502,1804,116,10,178.71428571428572,1,0,2.0,0.2857142857142857,12.0,1,9,42,42,0,0,2,116,1,116,0,0.4416932907348243,1,18,36,9,14,0.4998002397123451
1084,1084,1085,60,0.0,13031,4,2,6,5,1995,1996,0.0,3,3,4,3,1,5,592,1,0,99,691,3,1,4,691,807,0,1498,0,0,2,1,3,1,3,6,7,409,2,315,44,0,0,0,0,0.0,0,0,7,2006,12.141539457711714,0,0,0,1,0,0,0,0,0,0,0,0,1,2.0,3,True,False,False,False,False,3.0,2.079441541679836,6,0,0,1,0,1,0,1,0,0,0,0,1,0,0,0,0,0,1,0,0,0,0,0,0,0,1,0,0,0,0,0,0,0,0,0,0,0,0,1,0,0,0,0,0,0,0,0,0,0,0,0,0,0,0,0,0,0,0,0,0,0,0,0,1,0,0,1,0,0,0,0,1,0,0,0,0,0,0,0,0,0,0,0,1,0,0,0,0,0,0,0,0,0,0,0,0,0,1,0,0,0,0,0,0,0,0,0,0,0,0,1,0,0,0,2189,2090,359,10,214.0,2,1,2.5,0.3571428571428571,15.0,1,9,11,10,1,1,3,44,1,359,0,0.8554913294797688,1,24,30,9,15,0.6840182648401827
1085,1085,1086,85,73.0,9069,4,2,6,6,1992,1992,0.0,3,3,4,3,3,6,747,1,0,189,936,4,1,4,996,0,0,996,1,0,1,0,2,1,4,5,7,564,2,120,0,0,0,0,0,0.0,0,0,4,2010,11.898194668458824,0,0,0,1,0,0,0,0,0,0,0,0,1,2.0,3,True,False,False,False,False,0.0,0.0,6,0,0,1,0,1,0,0,0,1,0,0,1,0,0,0,1,0,1,0,0,0,0,0,0,0,1,0,0,0,0,0,0,0,0,0,0,0,0,0,0,0,0,0,0,0,0,0,0,0,0,1,0,0,0,0,0,0,0,0,0,0,0,0,0,1,0,1,0,0,0,0,1,0,0,0,0,0,0,0,0,0,0,0,1,0,0,0,0,0,0,0,0,0,0,0,0,0,1,0,0,0,0,0,0,0,0,0,0,0,0,1,0,0,0,1932,1743,120,8,166.0,1,0,2.0,0.3333333333333333,12.0,1,16,18,18,0,0,3,0,0,120,0,0.7972251867662753,1,48,36,9,17,0.5152612519399896
1086,1086,1087,160,0.0,1974,4,2,4,5,1973,1973,0.0,3,3,3,3,1,4,334,1,0,212,546,2,1,4,546,546,0,1092,0,0,1,1,3,1,3,6,7,286,2,120,96,0,0,0,0,0.0,0,0,5,2010,11.33261388681514,0,0,0,1,0,0,0,0,0,0,0,0,1,2.0,2,True,False,False,False,False,0.0,0.0,6,0,0,0,1,1,0,0,0,1,0,0,1,0,0,0,1,0,1,0,0,0,0,0,0,0,1,0,0,0,0,0,0,0,0,0,0,0,0,0,0,1,0,0,0,0,0,0,0,0,0,0,0,0,0,0,0,0,0,1,0,0,0,0,1,0,0,1,0,0,0,0,1,0,0,0,0,0,0,0,0,0,0,1,0,0,0,0,0,0,0,0,0,0,0,0,0,1,0,0,0,0,0,0,0,0,0,0,0,0,1,0,0,0,0,1638,1426,216,10,156.0,2,1,1.5,0.2142857142857142,6.0,1,9,37,37,0,0,2,96,1,216,0,0.6106032906764168,1,18,20,9,12,0.6662599145820622
1087,1087,1088,60,85.0,10574,4,2,8,5,2005,2006,0.0,4,3,4,3,2,1,0,1,0,1082,1082,4,1,4,1082,871,0,1953,0,0,2,1,3,1,4,9,7,1043,2,160,50,0,0,0,0,0.0,0,0,5,2009,12.437188334739655,0,0,0,1,0,0,0,0,0,0,0,0,1,2.0,4,True,False,False,False,False,4.0,2.772588722239781,6,1,0,0,0,1,0,0,0,1,0,0,1,0,0,0,1,0,1,0,0,0,0,0,0,0,1,0,0,0,0,0,0,0,0,0,0,0,0,0,0,0,0,0,0,0,0,0,0,0,0,0,1,0,0,0,0,0,0,0,0,0,0,0,1,0,0,1,0,0,0,0,1,0,0,0,0,0,0,0,0,0,0,0,0,0,0,0,0,0,1,0,0,0,0,0,0,0,0,0,0,0,0,0,0,1,0,0,0,0,0,1,0,0,0,3035,1953,210,13,195.3,2,1,2.5,0.25,20.0,1,16,4,3,1,1,4,50,1,210,0,0.0,0,36,40,12,20,0.6432806324110671
1088,1088,1089,160,24.0,2522,4,2,7,5,2004,2004,50.0,4,3,4,3,1,1,0,1,0,970,970,4,1,4,970,739,0,1709,0,0,2,0,3,1,4,7,3,380,2,0,40,0,0,0,0,0.0,0,0,4,2006,11.83138646878959,0,0,0,1,0,0,0,0,0,0,0,0,1,2.0,4,False,False,False,False,True,0.0,0.0,6,0,0,0,1,1,0,0,0,1,0,0,1,0,0,0,1,0,1,0,0,0,0,0,0,0,1,0,0,0,0,0,0,0,0,0,0,0,1,0,0,0,0,0,0,0,0,0,0,0,0,0,0,0,0,0,0,0,1,0,0,0,0,0,1,0,0,1,0,0,0,0,1,0,0,0,0,0,0,0,0,0,0,0,0,0,0,0,0,0,1,0,0,0,0,0,0,0,0,0,0,0,0,0,0,1,0,0,0,1,0,1,0,0,0,2679,1709,40,11,213.625,2,1,2.0,0.25,14.0,1,16,2,2,0,1,4,40,1,40,0,0.0,0,24,35,12,19,0.6376865671641792
1089,1089,1090,120,37.0,3316,4,2,8,5,2005,2005,0.0,4,3,4,3,1,6,1039,1,0,208,1247,4,1,4,1247,0,0,1247,1,0,1,1,1,1,4,4,7,550,2,0,84,0,0,0,0,0.0,0,0,4,2006,12.190964083849376,0,0,0,1,0,0,0,0,0,0,0,0,1,2.0,4,True,False,False,False,False,4.0,2.772588722239781,6,1,0,0,0,1,1,0,0,0,0,0,1,0,0,0,1,0,1,0,0,0,0,0,0,0,1,0,0,0,0,0,0,0,0,0,0,0,0,0,0,0,0,0,0,0,0,0,0,0,0,0,1,0,0,0,0,0,0,1,0,1,0,0,0,0,0,1,0,0,0,0,1,0,0,0,0,0,0,0,0,0,0,0,0,0,1,0,0,0,0,0,0,0,0,0,0,0,0,0,1,0,0,0,0,0,0,0,0,0,0,1,0,0,0,2494,2286,84,6,249.4,1,0,2.5,0.5,20.0,1,16,1,1,0,1,4,84,1,84,0,0.8325320512820513,1,24,40,12,20,0.4997995991983968
1090,1090,1091,90,60.0,8544,4,2,3,4,1950,1950,0.0,3,3,0,0,0,0,0,0,0,0,0,1,0,3,1040,0,0,1040,0,0,2,0,2,2,3,6,7,400,2,0,0,0,0,0,0,0.0,0,0,6,2009,11.439289689006644,0,0,0,1,0,0,0,0,0,0,0,0,1,2.0,3,False,False,False,False,True,0.0,0.0,3,0,0,1,0,1,0,0,0,1,0,0,1,0,0,0,0,0,1,0,0,0,0,0,0,0,1,0,0,0,0,0,0,0,0,0,0,0,0,0,0,0,0,1,0,0,0,0,0,0,0,0,0,0,0,0,0,1,0,0,0,1,0,0,0,0,0,1,0,0,0,0,1,0,0,0,0,0,0,0,0,1,0,0,0,0,0,0,0,0,0,0,0,0,0,1,0,0,0,0,0,0,0,0,0,0,0,0,0,0,0,0,1,0,0,1040,1040,0,10,148.57142857142858,1,0,2.0,0.2857142857142857,6.0,2,9,59,59,0,0,2,0,0,0,0,0.0,0,0,12,9,10,0.999039385206532
1091,1091,1092,160,24.0,2160,4,2,7,5,1999,2000,212.0,4,3,4,3,1,4,510,1,0,90,600,4,1,4,624,628,0,1252,1,0,2,1,2,1,4,4,7,462,2,0,48,0,0,0,0,0.0,0,0,3,2008,11.982935344196433,0,0,0,1,0,0,0,0,0,0,0,0,1,2.0,3,False,False,False,False,True,0.0,0.0,6,1,0,0,0,1,1,0,0,1,0,0,1,0,0,0,1,0,1,0,0,0,0,0,0,0,1,0,0,0,0,0,0,0,0,0,0,0,0,0,0,0,0,0,0,0,0,0,0,0,0,0,1,0,0,0,0,0,1,0,0,0,0,0,1,0,0,1,0,0,0,0,1,0,0,0,0,0,0,0,0,0,0,0,0,0,1,0,0,0,0,0,0,0,0,0,0,0,0,0,1,0,0,0,0,0,0,0,1,0,0,1,0,0,0,1852,1762,48,7,250.4,2,1,3.5,0.7,24.5,1,16,9,8,1,1,4,48,1,48,0,0.848585690515807,1,24,35,12,19,0.675661090124123
1092,1092,1093,50,60.0,8400,4,2,6,5,1925,1950,0.0,3,3,3,3,1,3,423,1,0,758,1181,1,1,4,1390,304,0,1694,0,0,2,0,4,1,3,7,7,576,2,342,0,128,0,0,0,0.0,0,0,6,2008,11.824087219587645,0,0,0,1,0,0,0,0,0,0,0,0,1,2.0,1,False,False,False,False,True,4.0,2.772588722239781,6,0,0,1,0,1,0,0,0,1,0,0,0,0,0,0,1,0,1,0,0,0,0,0,0,0,1,0,0,0,0,0,0,0,0,0,0,0,0,0,0,0,0,0,0,0,0,0,0,1,0,0,0,0,0,0,0,0,0,0,0,0,0,0,0,0,0,1,0,0,0,0,1,0,0,0,0,0,0,0,0,0,0,0,0,0,1,0,0,0,0,0,0,0,0,0,0,0,0,0,1,0,0,0,0,0,0,0,0,0,0,1,0,0,0,2875,2117,470,12,211.75,2,1,2.0,0.25,12.0,1,9,83,58,1,0,1,128,1,470,0,0.3578680203045685,1,18,30,9,13,0.5890125173852573
1093,1093,1094,20,71.0,9230,4,2,5,8,1965,1998,166.0,3,3,3,3,2,6,661,1,0,203,864,3,1,4,1200,0,0,1200,1,0,1,1,1,1,4,6,7,884,2,0,64,0,0,0,0,2.0,0,0,10,2006,11.891368749982083,0,0,0,1,0,0,0,0,0,0,0,0,1,2.0,2,False,False,False,False,True,0.0,0.0,6,0,0,1,0,1,0,0,0,1,0,0,1,0,0,0,0,1,0,0,0,0,0,0,0,0,1,0,0,0,0,0,0,0,0,0,0,0,0,0,0,0,0,1,0,0,0,0,0,0,0,0,0,0,0,0,0,0,0,0,0,1,0,0,0,0,0,0,0,1,0,0,1,0,0,0,0,0,0,0,0,0,0,0,0,0,1,0,0,0,0,0,0,0,0,0,0,0,0,0,1,0,0,0,0,0,0,0,1,0,1,0,0,0,0,2064,1861,64,8,171.42857142857142,1,0,2.5,0.3571428571428571,12.5,1,16,41,8,1,1,2,64,1,64,0,0.7641618497109827,1,27,40,9,15,0.5811138014527845
1094,1094,1095,20,74.0,5868,4,2,5,7,1956,2000,0.0,3,3,3,3,1,4,248,3,240,448,936,4,1,4,936,0,0,936,1,0,1,0,2,1,3,4,7,308,2,0,0,80,0,160,0,0.0,0,0,5,2010,11.767575435251748,0,0,0,1,0,0,0,0,0,0,0,0,1,2.0,2,True,False,False,False,False,0.0,0.0,6,0,0,1,0,1,0,0,0,1,0,0,1,0,0,0,1,0,1,0,0,0,0,0,0,0,1,0,0,0,0,0,0,0,0,0,0,0,0,0,0,0,0,1,0,0,0,0,0,0,0,0,0,0,0,0,0,0,0,0,0,1,0,0,0,0,0,1,0,0,0,0,1,0,0,0,0,0,0,0,0,0,0,0,0,0,1,0,0,0,0,0,0,0,0,0,0,0,0,0,1,0,0,0,0,0,0,0,0,0,1,0,0,0,0,1872,1424,240,7,187.2,1,0,2.0,0.4,10.0,1,9,54,10,1,1,2,240,1,240,0,0.5208110992529349,1,18,35,9,15,0.4997330485851575
1095,1095,1096,20,78.0,9317,4,2,6,5,2006,2006,0.0,4,3,4,3,1,6,24,1,0,1290,1314,3,1,4,1314,0,0,1314,0,0,2,0,3,1,4,6,7,440,2,0,22,0,0,0,0,0.0,0,0,3,2007,12.080696479888449,0,0,0,1,0,0,0,0,0,0,0,0,1,2.0,4,True,False,False,False,False,4.0,2.772588722239781,6,0,0,1,0,1,0,0,0,0,0,0,1,0,0,0,1,0,1,0,0,0,0,0,0,0,1,0,0,0,0,0,0,0,0,0,1,0,0,0,0,0,0,0,0,0,0,0,0,0,0,0,0,0,0,0,0,0,0,0,0,1,0,0,0,0,0,1,0,0,0,0,1,0,0,0,0,0,0,0,0,0,0,0,0,0,0,0,0,0,1,0,0,0,0,0,0,0,0,0,0,0,0,0,0,1,0,0,0,0,0,1,0,0,0,2628,1338,22,10,187.7142857142857,1,0,2.0,0.2857142857142857,12.0,1,16,1,1,0,1,4,22,1,22,0,0.0182509505703422,1,24,30,12,17,0.499809813617345
1096,1096,1097,70,60.0,6882,4,2,6,7,1914,2006,0.0,3,3,3,3,1,1,0,1,0,684,684,2,1,4,773,582,0,1355,0,0,1,1,3,1,4,7,7,0,2,136,0,115,0,0,0,0.0,0,0,3,2007,11.751950239425476,0,0,0,1,0,0,0,0,0,0,0,0,1,0.0,0,False,False,False,False,False,0.0,0.0,6,0,0,0,1,1,0,0,0,1,0,0,1,0,0,0,1,0,1,0,0,0,0,0,0,0,1,0,0,0,0,0,0,0,0,0,0,0,0,0,1,0,0,0,0,0,0,0,0,0,0,0,0,0,0,0,0,0,0,0,0,0,0,0,1,0,0,1,0,0,0,0,1,0,0,0,0,0,0,0,0,0,0,0,0,0,0,0,0,0,0,1,0,0,0,0,0,0,0,0,0,0,0,0,0,0,1,0,0,0,0,1,0,0,0,2039,1355,251,11,169.375,2,1,1.5,0.1875,9.0,1,16,93,1,1,1,1,115,1,251,0,0.0,0,18,42,9,15,0.6642156862745098
1097,1097,1098,120,0.0,3696,4,2,8,5,1986,1986,0.0,4,3,4,3,1,1,0,1,0,1074,1074,4,1,4,1088,0,0,1088,0,0,1,1,2,1,4,5,7,461,2,0,74,137,0,0,0,0.0,0,0,10,2007,12.04355959836804,0,0,0,1,0,0,0,0,0,0,0,0,1,2.0,3,True,False,False,False,False,0.0,0.0,6,0,0,1,0,1,0,0,0,1,0,0,1,0,0,0,1,0,1,0,0,0,0,0,0,0,1,0,0,0,0,0,0,0,0,0,0,0,0,0,0,0,0,0,0,0,0,0,0,0,0,0,0,1,0,0,0,0,0,1,0,1,0,0,0,0,0,1,0,0,0,0,1,0,0,0,0,0,0,0,0,0,0,0,1,0,0,0,0,0,0,0,0,0,0,0,0,0,1,0,0,0,0,0,0,0,0,0,0,0,1,0,0,0,0,2162,1088,211,8,181.33333333333331,1,0,1.5,0.25,12.0,1,16,21,21,0,0,3,211,1,211,0,0.0,0,24,40,12,20,0.5030050855293574
1098,1098,1099,50,50.0,6000,4,2,4,6,1936,1950,0.0,3,3,3,3,1,4,672,1,0,0,672,2,1,4,757,567,0,1324,0,0,1,0,3,1,3,6,7,240,2,0,0,0,0,0,0,0.0,0,0,7,2009,11.759793355371237,0,0,0,1,0,0,0,0,0,0,0,0,1,2.0,1,False,False,False,False,True,0.0,0.0,6,0,0,0,1,1,0,0,0,1,0,0,1,0,0,0,1,0,1,0,0,0,0,0,0,0,1,0,0,0,0,0,0,0,1,0,0,0,0,0,0,0,0,0,0,0,0,0,0,0,0,0,0,0,0,0,0,0,0,0,0,0,0,0,0,0,0,1,0,0,0,0,1,0,0,0,0,0,0,0,0,0,0,0,0,0,1,0,0,0,0,0,0,0,0,0,0,0,0,0,1,0,0,0,0,0,0,0,0,0,0,0,0,0,0,1996,1996,0,10,189.14285714285717,2,1,1.0,0.1428571428571428,4.0,1,9,73,59,1,0,1,0,0,0,0,0.99851411589896,1,18,24,9,12,0.6629944917376064
1099,1099,1100,20,82.0,11880,4,2,7,5,1978,1978,206.0,3,3,4,3,1,5,704,1,0,567,1271,2,1,4,1601,0,0,1601,0,0,2,0,3,1,3,7,7,478,2,0,0,0,0,0,0,0.0,0,0,4,2009,11.964007453736912,0,0,0,0,0,0,0,0,0,0,0,0,0,2.0,2,True,False,False,False,False,3.0,2.079441541679836,6,0,0,1,0,1,0,0,0,0,0,0,1,0,0,0,1,0,0,0,0,0,1,0,0,0,1,0,0,0,0,0,0,0,0,0,0,0,0,0,0,0,0,0,0,1,0,0,0,0,0,0,0,0,0,0,0,0,0,0,0,1,0,0,0,0,0,1,0,0,0,0,1,0,0,0,0,0,0,0,0,0,0,0,0,0,0,1,0,0,0,0,0,0,0,0,0,0,0,0,0,0,1,0,0,0,0,0,1,0,1,0,0,0,0,2872,2305,0,11,200.125,1,0,2.0,0.25,14.0,1,9,31,31,0,0,2,0,0,0,0,0.5534591194968553,1,24,35,9,15,0.5572572224155935
1100,1100,1101,30,60.0,8400,4,2,2,5,1920,1950,0.0,3,3,3,2,1,3,290,1,0,0,290,2,0,2,438,0,0,438,0,0,1,0,1,1,2,3,7,246,0,0,0,0,0,0,0,0.0,0,0,1,2009,11.002116507732016,0,0,0,1,0,0,0,0,0,0,0,0,1,2.0,1,False,False,False,False,True,0.0,0.0,6,0,0,1,0,1,0,0,0,1,0,0,0,0,0,0,1,0,1,0,0,0,0,0,0,0,1,0,0,0,0,0,0,0,0,0,0,0,0,0,0,0,0,0,0,0,0,0,0,1,0,0,0,0,0,0,0,0,0,0,0,1,0,0,0,0,0,1,0,0,0,0,1,0,0,0,0,0,0,0,0,0,0,0,0,0,0,0,0,0,0,1,0,0,0,0,0,0,0,0,0,0,0,0,0,0,1,0,0,0,1,0,0,0,0,728,728,0,5,109.5,1,0,1.0,0.25,2.0,1,4,89,59,1,0,1,0,0,0,0,0.9965635738831616,1,12,10,9,9,0.6008230452674898
1101,1101,1102,20,61.0,9758,4,2,5,5,1971,1971,0.0,3,3,3,3,1,4,412,2,287,251,950,2,1,4,950,0,0,950,0,0,1,0,3,1,3,5,7,280,2,0,0,0,0,0,0,0.0,0,0,7,2007,11.691080018519528,0,0,0,1,0,0,0,0,0,0,0,0,1,2.0,3,False,False,False,False,True,0.0,0.0,6,0,0,1,0,1,0,0,0,0,0,0,1,0,0,0,1,0,1,0,0,0,0,0,0,0,1,0,0,0,0,0,0,0,0,0,0,0,0,0,0,0,0,1,0,0,0,0,0,0,0,0,0,0,0,0,0,0,0,0,0,1,0,0,0,0,0,1,0,0,0,0,1,0,0,0,0,0,0,0,0,0,0,0,1,0,0,0,0,0,0,0,0,0,0,0,0,0,0,0,1,0,0,0,0,0,0,0,0,0,1,0,0,0,0,1900,1649,0,9,158.33333333333334,1,0,1.0,0.1666666666666666,5.0,1,9,36,36,0,0,2,0,0,0,0,0.7350157728706624,1,18,25,9,13,0.4997369805365597
1102,1102,1103,20,70.0,7000,4,2,5,7,1960,2002,45.0,3,3,3,3,1,3,588,1,0,422,1010,4,1,4,1134,0,0,1134,0,0,1,0,2,1,3,6,7,254,2,0,16,0,0,0,0,0.5,0,0,4,2007,11.81303746480054,0,0,1,0,0,0,0,0,0,0,0,0,1,2.0,2,True,False,False,False,False,0.0,0.0,6,0,0,1,0,1,0,0,0,1,0,0,1,0,0,0,1,0,1,0,0,0,0,0,0,0,1,0,0,0,0,0,0,0,0,0,0,0,0,0,0,0,0,1,0,0,0,0,0,0,0,0,0,0,0,0,0,0,0,0,0,1,0,0,0,0,0,1,0,0,0,0,1,0,0,0,0,0,0,0,0,0,0,0,0,0,0,0,0,0,0,1,0,0,0,0,0,0,0,0,0,0,0,0,0,0,1,0,1,0,1,0,0,0,0,2144,1722,16,9,162.0,1,0,1.0,0.1428571428571428,5.0,1,9,47,5,1,1,2,16,1,16,0,0.5816023738872403,1,18,35,9,15,0.5286713286713287
1103,1103,1104,20,79.0,8910,4,2,6,6,1959,1959,0.0,3,3,3,3,2,5,655,1,0,0,655,4,1,4,1194,0,0,1194,0,1,1,0,3,1,3,6,7,539,2,0,0,192,0,0,0,0.0,0,0,7,2006,11.979805470779858,0,0,0,1,0,0,0,0,0,0,0,0,1,2.0,2,False,False,True,False,False,2.0,1.3862943611198906,6,0,0,1,0,1,0,0,0,1,0,0,1,0,0,0,0,0,1,0,0,0,0,0,0,0,1,0,0,0,0,0,0,0,0,0,0,0,0,0,0,0,0,1,0,0,0,0,0,0,0,0,0,0,0,0,0,0,0,0,0,1,0,0,0,0,0,0,0,1,0,0,1,0,0,0,0,0,0,0,0,1,0,0,0,0,0,0,0,0,0,0,0,0,0,1,0,0,0,0,0,0,0,0,0,0,0,0,0,0,1,0,0,0,0,1849,1849,192,10,170.57142857142858,1,0,1.5,0.2142857142857142,9.0,1,9,47,47,0,0,2,192,1,192,0,0.9984756097560976,1,27,36,9,16,0.6454054054054054
1104,1104,1105,160,24.0,2016,4,2,5,5,1970,1970,304.0,3,3,3,3,1,1,0,1,0,630,630,2,1,4,630,672,0,1302,0,0,2,1,3,1,3,6,7,440,2,0,0,0,0,0,0,0.0,0,0,4,2007,11.571203807011967,0,0,0,1,0,0,0,0,0,0,0,0,1,2.0,2,False,False,False,False,True,0.0,0.0,6,0,0,0,1,1,0,0,0,1,0,0,1,0,0,0,1,0,1,0,0,0,0,0,0,0,1,0,0,0,0,0,0,1,0,0,0,0,0,0,0,0,0,0,0,0,0,0,0,0,0,0,0,0,0,0,0,0,0,1,0,0,0,0,1,0,0,1,0,0,0,0,1,0,0,0,0,0,0,0,0,0,0,0,1,0,0,0,0,0,0,0,0,0,0,0,0,0,1,0,0,0,0,0,0,0,0,0,1,0,1,0,0,0,0,1932,1302,0,10,186.0,2,1,2.5,0.3571428571428571,12.5,1,9,37,37,0,0,2,0,0,0,0,0.0,0,18,25,9,13,0.6735644076564925
1105,1105,1106,60,98.0,12256,4,2,8,5,1994,1995,362.0,4,3,5,3,3,6,1032,1,0,431,1463,4,1,4,1500,1122,0,2622,1,0,2,1,3,1,4,9,7,712,2,186,32,0,0,0,0,0.0,0,0,4,2010,12.691583538230216,0,0,0,1,0,0,0,0,0,0,0,0,1,2.0,3,True,False,False,False,False,3.0,3.295836866004329,6,0,0,1,0,1,0,0,0,0,0,0,1,0,0,0,0,0,1,0,0,0,0,0,0,0,1,0,0,0,0,0,0,0,0,0,0,0,0,0,0,0,0,0,0,0,1,0,0,0,0,0,0,0,0,0,0,0,0,0,0,0,0,0,1,0,0,1,0,0,0,0,1,0,0,0,0,0,0,0,0,0,0,0,1,0,0,0,0,0,0,0,0,0,0,0,0,0,1,0,0,0,0,0,0,0,0,0,1,0,0,1,0,0,0,4085,3654,218,13,262.2,2,1,3.5,0.35,28.0,1,16,16,15,1,0,3,32,1,218,0,0.7049180327868853,1,60,40,12,20,0.6417033773861968
1106,1106,1107,20,114.0,10357,4,2,7,5,1990,1991,0.0,4,3,4,3,2,6,738,1,0,172,910,3,1,4,1442,0,0,1442,1,0,2,0,3,1,4,6,7,719,2,0,244,0,0,0,0,0.0,0,0,5,2007,12.100161978566868,0,0,0,1,0,0,0,0,0,0,0,0,1,2.0,3,True,False,False,False,False,3.0,2.079441541679836,6,0,0,1,0,1,0,0,0,0,0,0,1,0,0,0,0,1,0,0,0,0,0,0,0,0,1,0,0,0,0,0,0,0,0,0,0,0,0,0,0,0,0,0,0,0,0,0,0,0,0,1,0,0,0,0,0,0,0,0,0,1,0,0,0,0,0,0,0,1,0,0,1,0,0,0,0,0,0,0,0,0,0,0,1,0,0,0,0,0,0,0,0,0,0,0,0,0,1,0,0,0,0,0,0,0,0,0,0,0,0,1,0,0,0,2352,2180,244,10,206.0,1,0,3.0,0.4285714285714285,21.0,1,16,17,16,1,0,3,244,1,244,0,0.8100987925356751,1,36,35,12,18,0.6128346791330217
1107,1107,1108,60,168.0,23257,4,2,7,5,2006,2006,0.0,4,3,5,4,1,1,0,1,0,868,868,4,1,4,887,1134,0,2021,0,0,2,1,3,1,4,9,7,422,2,0,100,0,0,0,0,0.0,0,0,9,2006,12.52352951631214,0,0,0,0,1,0,0,0,0,0,1,0,0,2.0,4,False,False,True,False,False,4.0,2.772588722239781,6,0,0,1,0,1,0,0,1,0,1,0,0,1,0,0,0,0,1,0,0,0,0,0,0,0,1,0,0,0,0,0,0,0,0,0,0,0,0,1,0,0,0,0,0,0,0,0,0,0,0,0,0,0,0,0,0,0,0,0,0,0,0,0,1,0,0,1,0,0,0,0,1,0,0,0,0,0,0,0,0,0,0,0,0,0,0,0,0,0,1,0,0,0,0,0,0,0,0,0,0,0,0,0,0,1,0,0,0,0,0,1,0,0,0,2889,2021,100,13,202.1,2,1,2.5,0.25,17.5,1,16,0,0,0,1,4,100,1,100,0,0.0,0,40,35,12,19,0.6993079584775086
1108,1108,1109,60,0.0,8063,4,2,6,5,2000,2000,0.0,3,3,4,3,1,1,0,1,0,924,924,4,1,4,948,742,0,1690,0,0,2,1,3,1,3,7,7,463,2,100,48,0,0,0,0,0.0,0,0,11,2007,12.10625783509458,0,0,0,0,0,0,0,0,0,0,0,0,1,2.0,3,True,False,False,False,False,3.0,2.079441541679836,6,0,0,1,0,1,0,0,0,1,0,0,1,0,0,0,1,0,1,0,0,0,0,0,0,0,1,0,0,0,0,0,0,0,0,0,0,0,0,1,0,0,0,0,0,0,0,0,0,0,0,0,0,0,0,0,0,0,0,0,0,0,0,0,1,0,0,1,0,0,0,0,1,0,0,0,0,0,0,0,0,0,0,0,0,0,0,0,0,0,1,0,0,0,0,0,0,0,0,0,0,0,0,0,0,1,0,0,0,0,0,1,0,0,0,2614,1690,148,11,211.25,2,1,2.5,0.3125,15.0,1,9,7,7,0,1,4,48,1,148,0,0.0,0,24,30,9,16,0.6462715105162524
1109,1109,1110,20,107.0,11362,4,2,8,5,2004,2005,42.0,4,3,5,3,2,6,1039,1,0,797,1836,4,1,4,1836,0,0,1836,1,0,2,0,3,1,4,7,7,862,2,125,185,0,0,0,0,0.0,0,0,3,2009,12.54254845357358,0,0,0,1,0,0,0,0,0,0,0,0,1,2.0,4,True,False,False,False,False,4.0,2.772588722239781,6,0,0,1,0,1,0,0,0,0,0,0,1,0,0,0,1,0,1,0,0,0,0,0,0,0,1,0,0,0,0,0,0,0,0,0,0,0,0,0,0,0,0,0,0,0,0,1,0,0,0,0,0,0,0,0,0,0,0,0,0,1,0,0,0,0,0,1,0,0,0,0,1,0,0,0,0,0,0,0,0,0,0,0,0,0,1,0,0,0,0,0,0,0,0,0,0,0,0,0,1,0,0,0,0,0,0,0,0,1,0,1,0,0,0,3672,2875,310,11,229.5,1,0,3.0,0.375,24.0,1,16,5,4,1,1,4,185,1,310,0,0.5655960805661404,1,45,40,12,20,0.4998638714946909
1110,1110,1111,60,0.0,8000,4,2,6,5,1995,1996,0.0,3,3,4,3,1,6,219,1,0,554,773,3,1,4,773,885,0,1658,1,0,2,1,3,1,3,8,7,431,2,224,84,0,0,0,0,0.0,0,0,6,2008,12.144202560946876,0,0,0,1,0,0,0,0,0,0,0,0,1,2.0,3,True,False,False,False,False,3.0,2.079441541679836,6,0,0,1,0,1,0,0,0,1,0,0,1,0,0,0,1,0,1,0,0,0,0,0,0,0,1,0,0,0,0,0,0,0,0,0,0,0,0,1,0,0,0,0,0,0,0,0,0,0,0,0,0,0,0,0,0,0,0,0,0,0,0,0,1,0,0,1,0,0,0,0,1,0,0,0,0,0,0,0,0,0,0,0,1,0,0,0,0,0,0,0,0,0,0,0,0,0,1,0,0,0,0,0,0,0,0,0,0,0,0,1,0,0,0,2431,1877,308,12,184.22222222222223,2,1,3.5,0.3888888888888889,21.0,1,9,13,12,1,0,3,84,1,308,0,0.2829457364341085,1,24,30,9,15,0.6817434210526315
1111,1111,1112,60,80.0,10480,4,2,7,6,1976,1976,660.0,3,3,3,3,1,5,403,1,0,400,803,2,1,4,1098,866,0,1964,0,0,2,1,4,1,3,8,7,483,2,0,69,0,0,0,0,0.0,0,0,9,2008,12.230770136157428,0,0,0,1,0,0,0,0,0,0,0,0,1,2.0,2,True,False,False,False,False,4.0,2.772588722239781,6,0,0,1,0,1,0,0,0,1,0,0,1,0,0,0,1,0,1,0,0,0,0,0,0,0,1,0,0,0,0,0,0,0,0,0,0,0,0,0,0,0,0,0,0,1,0,0,0,0,0,0,0,0,0,0,0,0,0,0,0,0,0,0,1,0,0,0,0,1,0,0,1,0,0,0,0,0,0,0,0,0,0,0,0,0,0,1,0,0,0,0,0,0,0,0,0,0,0,0,0,0,1,0,0,0,0,0,1,0,1,0,0,0,0,2767,2367,69,13,218.22222222222223,2,1,2.5,0.2777777777777778,17.5,1,9,32,32,0,0,2,69,1,69,0,0.5012437810945274,1,18,42,9,15,0.7095375722543352
1112,1112,1113,20,73.0,7100,4,2,5,7,1957,1957,0.0,3,3,3,3,1,6,708,1,0,108,816,2,1,3,816,0,0,816,1,0,1,0,2,1,3,5,7,308,2,0,0,0,0,0,0,0.0,0,0,7,2006,11.774527900858468,0,0,0,1,0,0,0,0,0,0,0,0,1,2.0,2,False,False,False,False,True,0.0,0.0,6,0,0,1,0,1,0,0,0,0,0,0,1,0,0,0,0,0,1,0,0,0,0,0,0,0,1,0,0,0,0,0,0,0,0,0,0,0,0,0,0,0,0,1,0,0,0,0,0,0,0,0,0,0,0,0,0,0,0,0,0,1,0,0,0,0,0,1,0,0,0,0,1,0,0,0,0,0,0,0,0,0,0,0,0,0,0,0,0,0,0,0,1,0,0,0,0,0,0,0,0,0,0,0,0,0,0,1,0,0,1,0,0,0,0,1632,1524,0,8,136.0,1,0,2.0,0.3333333333333333,10.0,1,9,49,49,0,0,2,0,0,0,0,0.8665850673194615,1,18,35,9,13,0.4996938150642988
1113,1113,1114,20,66.0,8923,4,2,5,7,1953,2006,0.0,3,3,3,3,1,4,643,1,0,365,1008,3,1,4,1008,0,0,1008,1,0,1,0,2,1,4,6,7,240,2,0,18,0,0,0,0,0.0,0,0,5,2007,11.80932691294063,0,0,0,1,0,0,0,0,0,0,0,0,1,2.0,2,True,False,False,False,False,0.0,0.0,6,0,0,1,0,1,0,0,0,1,0,0,1,0,0,0,1,0,1,0,0,0,0,0,0,0,1,0,0,0,0,0,0,0,0,0,0,0,0,0,0,0,0,1,0,0,0,0,0,0,0,0,0,0,0,0,0,0,0,0,0,1,0,0,0,0,0,1,0,0,0,0,1,0,0,0,0,0,0,0,0,0,0,0,0,0,0,0,0,0,0,1,0,0,0,0,0,0,0,0,0,0,0,0,0,0,1,0,0,0,1,0,0,0,0,2016,1651,18,9,144.0,1,0,2.0,0.2857142857142857,10.0,1,16,54,1,1,1,2,18,1,18,0,0.6372646184340932,1,18,35,9,15,0.4997521070897372
1114,1114,1115,20,90.0,5400,4,2,5,7,1954,2000,0.0,3,4,3,3,1,3,415,1,0,418,833,4,1,4,833,0,0,833,0,0,1,0,2,1,4,4,7,326,2,0,0,0,0,0,0,2.0,0,0,8,2006,11.669937760751914,0,0,0,1,0,0,0,0,0,0,0,0,1,2.0,2,False,False,False,False,True,0.0,0.0,6,0,0,1,0,1,0,0,0,1,0,0,1,0,0,0,1,0,1,0,0,0,0,0,0,0,1,0,0,0,0,0,0,0,0,0,0,0,0,0,0,0,0,0,0,0,0,0,1,0,0,0,0,0,0,0,0,0,0,0,0,1,0,0,0,0,0,1,0,0,0,0,1,0,0,0,0,0,0,0,0,0,0,0,0,0,1,0,0,0,0,0,0,0,0,0,0,0,0,0,1,0,0,0,0,0,0,0,0,0,1,0,0,0,0,1666,1248,0,7,166.6,1,0,1.0,0.2,5.0,1,16,52,6,1,1,2,0,0,0,0,0.4976019184652278,1,18,35,12,16,0.4997000599880024
1115,1115,1116,20,93.0,12085,4,2,8,5,2007,2007,328.0,4,3,5,3,1,6,1004,1,0,730,1734,4,1,4,1734,0,0,1734,1,0,2,0,3,1,5,7,7,928,2,0,0,0,0,0,0,0.0,0,0,11,2007,12.669809806411456,0,0,0,0,1,0,0,0,0,0,1,0,0,2.0,4,True,False,False,False,False,4.0,2.772588722239781,6,0,0,1,0,1,0,0,0,1,0,0,1,0,0,0,1,0,1,0,0,0,0,0,0,0,1,0,0,0,0,0,0,0,0,0,0,0,0,0,0,0,0,0,0,0,0,1,0,0,0,0,0,0,0,0,0,0,0,0,0,1,0,0,0,0,0,0,0,1,0,0,1,0,0,0,0,0,0,0,0,0,0,0,0,0,0,0,0,0,1,0,0,0,0,0,0,0,0,0,0,0,0,0,0,1,0,0,0,1,0,1,0,0,0,3468,2738,0,11,216.75,1,0,3.0,0.375,24.0,1,25,0,0,0,1,4,0,0,0,0,0.5786743515850145,1,30,40,12,21,0.4998558662438743
1116,1116,1117,80,0.0,7750,4,2,8,5,2002,2002,0.0,4,3,4,3,1,6,353,1,0,55,408,4,1,4,779,640,0,1419,1,0,2,1,3,1,4,7,7,527,2,120,0,0,0,0,0,0.0,0,0,3,2009,12.123239799036943,0,0,0,1,0,0,0,0,0,0,0,0,1,2.0,4,False,False,True,False,False,3.0,2.079441541679836,6,0,0,1,0,1,0,0,0,1,0,0,1,0,0,0,1,0,1,0,0,0,0,0,0,0,1,0,0,0,0,0,0,0,0,0,0,0,0,1,0,0,0,0,0,0,0,0,0,0,0,0,0,0,0,0,0,0,0,0,0,0,0,0,0,0,1,0,0,1,0,0,1,0,0,0,0,0,0,0,0,0,0,0,0,0,0,0,0,0,1,0,0,0,0,0,0,0,0,0,0,0,0,0,0,1,0,0,0,0,0,1,0,0,0,1827,1772,120,11,177.375,2,1,3.5,0.4375,28.0,1,16,7,7,0,1,4,0,0,120,0,0.863080684596577,1,24,40,12,20,0.776258205689278
1117,1117,1118,20,57.0,9764,4,2,5,7,1967,2003,0.0,3,3,3,3,1,4,702,1,0,192,894,4,1,4,894,0,0,894,1,0,1,0,3,1,4,5,7,450,2,0,0,0,0,0,0,0.0,0,0,5,2008,11.775297421715829,0,0,0,1,0,0,0,0,0,0,0,0,1,2.0,2,True,False,False,False,False,0.0,0.0,6,0,0,1,0,1,0,0,0,0,0,0,1,0,1,0,0,1,0,0,0,0,0,0,0,0,1,0,0,0,0,0,0,0,0,0,0,0,0,0,0,0,0,0,0,0,0,0,0,0,1,0,0,0,0,0,0,0,0,0,0,1,0,0,0,0,0,1,0,0,0,0,1,0,0,0,0,0,0,0,0,0,0,0,0,0,0,0,0,0,1,0,0,0,0,0,0,0,0,0,0,0,0,0,0,1,0,0,0,0,1,0,0,0,0,1788,1596,0,9,149.0,1,0,2.0,0.3333333333333333,10.0,1,16,41,5,1,1,2,0,0,0,0,0.7843575418994413,1,18,35,9,16,0.499720514253773
1118,1118,1119,80,85.0,13825,4,2,5,6,1958,1987,0.0,3,4,3,3,1,1,0,1,0,533,533,2,1,4,1021,580,0,1601,0,1,1,0,3,1,3,6,5,300,2,280,34,0,0,0,0,0.0,0,0,12,2008,11.849404844423074,0,0,0,1,0,0,0,0,0,0,0,0,1,2.0,2,False,False,True,False,False,0.0,0.0,6,0,0,1,0,1,0,0,0,1,0,0,1,0,0,0,1,0,1,0,0,0,0,0,0,0,1,0,0,0,0,0,0,0,0,0,0,0,0,0,0,0,0,0,0,0,0,0,0,0,1,0,0,0,0,0,0,0,0,0,0,0,0,0,0,0,1,1,0,0,0,0,1,0,0,0,0,0,0,0,0,0,0,0,0,0,1,0,0,0,0,0,0,0,0,0,0,0,0,0,1,0,0,0,0,0,0,0,0,0,1,0,0,0,0,2134,1601,314,10,228.7142857142857,2,1,1.5,0.2142857142857142,7.5,1,9,50,21,1,0,2,34,1,314,0,0.0,0,18,30,12,13,0.7498829039812647
1119,1119,1120,20,70.0,7560,4,2,5,5,1959,1959,0.0,3,3,3,3,1,2,369,1,0,671,1040,2,1,3,1040,0,0,1040,0,0,1,0,3,1,3,6,7,286,2,140,0,252,0,0,0,1.0,0,0,7,2006,11.803361242493628,0,0,0,1,0,0,0,0,0,0,0,0,1,2.0,2,True,False,False,False,False,0.0,0.0,6,0,0,1,0,1,0,0,0,1,0,0,1,0,0,0,1,0,1,0,0,0,0,0,0,0,1,0,0,0,0,0,0,0,0,0,0,0,0,0,0,0,0,1,0,0,0,0,0,0,0,0,0,0,0,0,0,0,0,0,0,1,0,0,0,0,0,1,0,0,0,0,1,0,0,0,0,0,0,0,0,1,0,0,0,0,0,0,0,0,0,0,0,0,0,0,0,0,0,0,0,0,0,0,0,0,1,0,0,0,1,0,0,0,0,2080,1409,392,10,148.57142857142858,1,0,1.0,0.1428571428571428,5.0,1,9,47,47,0,0,2,252,1,392,0,0.3544668587896253,1,18,25,9,13,0.4997597308986064
1120,1120,1121,30,59.0,8263,4,1,6,5,1920,1950,0.0,3,3,3,3,1,1,0,1,0,1012,1012,2,1,3,1012,0,0,1012,0,0,1,0,2,1,3,6,7,308,2,0,22,112,0,0,0,2.0,0,0,5,2007,11.68183244734232,0,0,0,1,0,0,0,0,0,0,0,0,1,2.0,1,False,False,False,False,True,4.0,2.772588722239781,6,0,0,0,1,1,0,0,0,1,0,0,0,0,0,0,1,0,1,0,0,0,0,0,0,0,1,0,0,0,0,0,0,0,0,0,0,0,0,0,1,0,0,0,0,0,0,0,0,0,0,0,0,0,0,0,0,0,0,0,0,1,0,0,0,0,0,1,0,0,0,0,1,0,0,0,0,0,0,0,0,1,0,0,0,0,0,0,0,0,0,0,0,0,0,1,0,0,0,0,0,0,0,0,0,0,0,0,0,0,0,0,0,0,0,2024,1012,134,9,144.57142857142858,1,0,1.0,0.1428571428571428,6.0,1,9,87,57,1,0,1,134,1,134,0,0.0,0,18,30,9,14,0.4997530864197531
1121,1121,1122,20,84.0,10084,4,2,7,5,2005,2006,196.0,4,3,4,3,3,6,24,1,0,1528,1552,4,1,4,1552,0,0,1552,0,0,2,0,3,1,4,7,7,782,2,144,20,0,0,0,0,0.0,0,0,7,2006,12.268582547911404,0,0,0,0,1,0,0,0,0,0,1,0,0,2.0,4,True,False,False,False,False,0.0,0.0,6,0,0,1,0,1,0,0,0,1,0,0,1,0,0,0,1,0,1,0,0,0,0,0,0,0,1,0,0,0,0,0,0,0,0,0,1,0,0,0,0,0,0,0,0,0,0,0,0,0,0,0,0,0,0,0,0,0,0,0,0,1,0,0,0,0,0,1,0,0,0,0,1,0,0,0,0,0,0,0,0,0,0,0,0,0,0,0,0,0,1,0,0,0,0,0,0,0,0,0,0,0,0,0,0,1,0,0,1,0,0,1,0,0,0,3104,1576,164,11,194.0,1,0,2.0,0.25,14.0,1,16,1,0,1,1,4,20,1,164,0,0.0154539600772698,1,48,35,12,19,0.4998389694041868
1122,1122,1123,20,0.0,8926,4,2,4,3,1956,1956,0.0,3,3,3,3,1,1,0,1,0,672,672,4,1,3,960,0,0,960,0,0,1,0,3,1,3,5,7,288,2,64,0,0,0,160,0,2.0,0,0,10,2009,11.6262630788088,0,0,0,0,0,0,0,0,0,0,0,0,0,2.0,2,False,True,False,False,False,0.0,0.0,6,0,0,1,0,1,0,0,0,0,0,0,1,0,0,0,0,0,1,0,0,0,0,0,0,0,1,0,0,0,0,0,0,0,0,0,0,0,1,0,0,0,0,0,0,0,0,0,0,0,0,0,0,0,0,0,0,0,0,0,0,1,0,0,0,0,0,1,0,0,0,0,1,0,0,0,0,0,0,0,0,0,0,0,0,0,0,0,0,0,0,0,0,0,0,0,0,0,0,0,0,0,0,0,0,0,0,0,0,0,1,0,0,0,0,1632,960,224,9,160.0,1,0,1.0,0.1666666666666666,4.0,1,9,53,53,0,0,2,160,1,224,0,0.0,0,18,12,9,14,0.5878750765462339
1123,1123,1124,20,50.0,9405,4,2,5,9,1947,2008,0.0,3,5,3,3,1,1,0,1,0,698,698,4,1,4,698,0,0,698,0,1,1,0,2,1,3,4,7,0,2,0,200,0,0,0,0,0.0,0,0,6,2009,11.678448377988165,0,0,0,1,0,0,0,0,0,0,0,0,1,0.0,0,False,False,False,False,False,0.0,0.0,6,0,0,1,0,1,0,0,0,1,0,0,1,0,0,0,1,0,1,0,0,0,0,0,0,0,1,0,0,0,0,0,0,0,0,0,0,0,1,0,0,0,0,0,0,0,0,0,0,0,0,0,0,0,0,0,0,0,0,0,0,1,0,0,0,0,0,0,0,1,0,0,1,0,0,0,0,0,0,0,0,0,0,0,0,0,0,0,0,0,1,0,0,0,0,0,0,0,0,0,0,0,0,0,0,1,0,0,0,0,1,0,0,0,0,1396,698,200,7,139.6,1,0,1.5,0.3,7.5,1,9,62,1,1,1,1,200,1,200,0,0.0,0,18,45,15,15,0.4996420901932712
1124,1124,1125,80,0.0,9125,4,2,7,5,1992,1992,170.0,3,3,4,3,1,1,0,1,0,384,384,3,1,4,812,670,0,1482,0,0,2,1,3,1,4,7,7,392,2,100,25,0,0,0,0,0.0,0,0,7,2007,12.007017865994577,0,0,0,1,0,0,0,0,0,0,0,0,1,2.0,3,True,False,False,False,False,3.0,2.079441541679836,6,0,0,1,0,1,0,0,0,0,0,0,1,0,0,0,1,0,1,0,0,0,0,0,0,0,1,0,0,0,0,0,0,0,0,0,0,0,0,1,0,0,0,0,0,0,0,0,0,0,0,0,0,0,0,0,0,0,0,0,0,0,0,0,0,0,1,1,0,0,0,0,1,0,0,0,0,0,0,0,0,0,0,0,1,0,0,0,0,0,0,0,0,0,0,0,0,0,1,0,0,0,0,0,0,0,0,0,1,0,0,1,0,0,0,1866,1482,125,11,185.25,2,1,2.5,0.3125,17.5,1,16,15,15,0,0,3,25,1,125,0,0.0,0,24,35,9,17,0.7937868237814676
1125,1125,1126,20,60.0,10434,4,2,4,5,1955,1955,0.0,3,3,3,3,1,1,0,1,0,1005,1005,2,1,4,1005,0,0,1005,0,0,1,0,2,1,2,5,7,672,2,0,0,0,0,0,0,0.0,0,0,11,2009,11.652696102959752,0,0,0,1,0,0,0,0,0,0,0,0,1,2.0,2,False,False,False,False,True,3.0,2.079441541679836,6,0,0,1,0,1,0,0,0,1,0,0,1,0,0,0,1,0,1,0,0,0,0,0,0,0,1,0,0,0,0,0,0,0,0,0,0,0,0,0,0,0,0,1,0,0,0,0,0,0,0,0,0,0,0,0,0,0,0,0,0,1,0,0,0,0,0,1,0,0,0,0,1,0,0,0,0,0,0,0,0,0,0,0,0,0,0,1,0,0,0,0,0,0,0,0,0,0,0,0,0,0,1,0,0,0,0,0,0,0,1,0,0,0,0,2010,1005,0,8,167.5,1,0,1.0,0.1666666666666666,4.0,1,4,54,54,0,0,2,0,0,0,0,0.0,0,18,20,9,11,0.4997513674788662
1126,1126,1127,120,53.0,3684,4,2,7,5,2007,2007,130.0,4,3,4,3,1,1,0,1,0,1373,1373,4,1,4,1555,0,0,1555,0,0,2,0,2,1,4,7,7,660,2,143,20,0,0,0,0,0.0,0,0,6,2009,12.066816325306588,0,0,0,1,0,0,0,0,0,0,0,0,1,2.0,4,True,False,False,False,False,3.0,2.079441541679836,6,0,0,1,0,1,0,0,0,1,0,0,1,0,0,0,1,0,1,0,0,0,0,0,0,0,1,0,0,0,0,0,0,0,0,0,0,0,0,0,0,0,0,0,0,0,0,0,0,0,0,0,0,0,0,0,0,0,0,1,0,1,0,0,0,0,0,0,0,1,0,0,1,0,0,0,0,0,0,0,0,0,0,0,0,0,0,0,0,0,1,0,0,0,0,0,0,0,0,0,0,0,0,0,0,1,0,0,1,0,0,1,0,0,0,2928,1555,163,10,194.375,1,0,2.0,0.25,14.0,1,16,2,2,0,1,4,20,1,163,0,0.0,0,24,35,12,19,0.5308979173779447
1127,1127,1128,20,182.0,14572,4,2,7,5,2004,2004,0.0,4,3,4,3,3,6,1300,1,0,230,1530,4,1,4,1530,0,0,1530,1,0,2,0,3,1,4,7,7,630,2,144,36,0,0,0,0,0.0,0,0,11,2007,12.464587201678082,0,0,1,0,0,0,0,0,0,0,0,0,1,2.0,4,True,False,False,False,False,4.0,2.772588722239781,6,0,0,1,0,1,0,0,1,0,0,0,1,0,0,0,0,0,1,0,0,0,0,0,0,0,1,0,0,0,0,0,0,0,0,0,0,0,0,1,0,0,0,0,0,0,0,0,0,0,0,0,0,0,0,0,0,0,0,0,0,1,0,0,0,0,0,0,0,1,0,0,1,0,0,0,0,0,0,0,0,0,0,0,0,0,0,0,0,0,1,0,0,0,0,0,0,0,0,0,0,0,0,0,0,1,0,0,0,0,0,1,0,0,0,3060,2830,180,11,191.25,1,0,3.0,0.375,21.0,1,16,3,3,0,1,4,36,1,180,0,0.8491182233834096,1,48,35,12,19,0.4998366546880105
1128,1128,1129,60,59.0,11796,4,2,7,5,2004,2005,0.0,4,3,4,3,3,1,0,1,0,847,847,4,1,4,847,1112,0,1959,0,0,2,1,4,1,4,8,7,434,2,100,48,0,0,0,0,0.0,0,0,7,2007,12.278397958261774,0,0,0,1,0,0,0,0,0,0,0,0,1,2.0,4,False,False,True,False,False,4.0,2.772588722239781,6,0,0,1,0,1,0,0,0,0,0,0,1,0,0,0,1,0,1,0,0,0,0,0,0,0,1,0,0,0,0,0,0,0,0,0,0,0,0,1,0,0,0,0,0,0,0,0,0,0,0,0,0,0,0,0,0,0,0,0,0,0,0,0,1,0,0,1,0,0,0,0,1,0,0,0,0,0,0,0,0,0,0,0,0,0,0,0,0,0,1,0,0,0,0,0,0,0,0,0,0,0,0,0,0,1,0,0,0,0,0,1,0,0,0,2806,1959,148,13,217.66666666666663,2,1,2.5,0.2777777777777778,17.5,1,16,3,2,1,1,4,48,1,148,0,0.0,0,48,35,12,19,0.6978981118631992
1129,1129,1130,90,60.0,7200,4,2,5,5,1980,1980,180.0,3,3,4,3,4,6,936,1,0,0,936,2,1,4,936,0,0,936,1,0,1,0,2,1,3,4,7,672,2,49,0,0,0,0,0,0.0,0,0,8,2007,11.849404844423074,0,0,0,1,0,0,0,0,0,0,0,0,1,2.0,2,False,False,False,False,True,0.0,0.0,6,0,0,0,1,1,0,0,0,1,0,0,1,0,0,0,1,0,1,0,0,0,0,0,0,0,1,0,0,0,0,0,0,0,0,0,0,0,0,0,0,0,0,0,0,0,0,0,1,0,0,0,0,0,0,0,0,1,0,0,0,0,0,0,0,1,0,1,0,0,0,0,1,0,0,0,0,0,0,0,0,0,0,0,0,0,1,0,0,0,0,0,0,0,0,0,0,0,0,0,1,0,0,0,0,0,0,0,1,0,1,0,0,0,0,1872,1872,49,7,187.2,1,0,2.0,0.4,10.0,1,9,27,27,0,0,3,0,0,49,0,0.9989327641408752,1,60,25,9,13,0.4997330485851575
1130,1130,1131,50,65.0,7804,4,2,4,3,1928,1950,0.0,3,3,3,3,1,4,622,1,0,500,1122,2,1,4,1328,653,0,1981,1,0,2,0,4,1,4,7,5,576,2,431,44,0,0,0,0,2.0,0,0,12,2009,11.81303746480054,0,0,0,1,0,0,0,0,0,0,0,0,1,2.0,3,False,False,False,False,True,3.0,3.295836866004329,6,0,0,1,0,1,0,0,0,1,0,0,1,0,0,0,1,0,1,0,0,0,0,0,0,0,1,0,0,0,0,0,0,0,0,0,0,0,0,0,0,0,0,0,0,0,0,0,0,1,0,0,0,0,0,0,0,0,0,0,0,0,0,0,0,0,0,1,0,0,0,0,1,0,0,0,0,0,0,0,0,0,0,0,0,0,0,0,0,0,0,0,1,0,0,0,0,0,0,0,0,0,1,0,0,0,0,0,0,0,0,0,0,0,0,3103,2603,475,12,247.625,2,1,3.0,0.375,12.0,1,16,81,59,1,0,1,44,1,475,0,0.553873552983081,1,18,12,9,13,0.6382087628865979
1131,1131,1132,20,63.0,10712,4,2,5,5,1991,1992,0.0,3,3,4,3,2,4,212,1,0,762,974,2,1,4,974,0,0,974,0,0,1,0,3,1,3,5,7,0,2,0,28,0,0,0,0,2.0,0,0,9,2007,11.445727410406752,0,0,0,0,0,0,0,0,0,0,0,1,0,0.0,0,False,False,False,False,False,0.0,0.0,6,0,0,1,0,1,0,0,0,1,0,0,1,0,0,0,1,0,1,0,0,0,0,0,0,0,1,0,0,0,0,0,0,0,0,0,0,0,0,0,0,0,1,0,0,0,0,0,0,0,0,0,0,0,0,0,0,0,0,0,0,1,0,0,0,0,0,1,0,0,0,0,1,0,0,0,0,0,0,0,0,0,0,0,1,0,0,0,0,0,0,0,0,0,0,0,0,0,1,0,0,0,0,0,0,0,0,0,0,0,0,1,0,0,0,1948,1186,28,9,162.33333333333334,1,0,1.0,0.1666666666666666,5.0,1,9,16,15,1,0,3,28,1,28,0,0.2174358974358974,1,36,25,9,13,0.4997434581836839
1132,1132,1133,70,90.0,9900,4,2,6,4,1880,1950,0.0,3,3,3,3,2,1,0,1,0,1008,1008,2,1,4,1178,1032,0,2210,0,0,2,0,5,1,2,8,7,205,0,0,48,0,0,0,0,0.0,0,0,5,2007,11.674202123168431,0,0,0,1,0,0,0,0,0,0,0,0,1,2.0,1,False,False,False,False,True,0.0,0.0,5,0,0,0,1,1,0,0,0,1,0,0,1,0,0,0,1,0,1,0,0,0,0,0,0,0,1,0,0,0,0,0,0,0,0,0,0,0,0,0,0,0,0,0,0,0,0,0,1,0,0,0,0,0,0,0,0,0,0,0,0,0,0,0,1,0,0,1,0,0,0,0,1,0,0,0,0,0,0,0,0,0,0,0,0,0,0,0,0,0,0,1,0,0,0,0,0,0,0,0,0,0,0,0,0,0,1,0,0,0,0,0,0,0,0,3218,2210,48,14,245.55555555555557,2,1,2.0,0.2222222222222222,12.0,1,4,127,57,1,0,1,48,1,48,0,0.0,0,27,24,9,13,0.6865486175831004
1133,1133,1134,60,80.0,9828,4,2,8,5,1995,1995,0.0,4,3,4,3,1,6,584,1,0,544,1128,4,1,4,1142,878,0,2020,0,0,2,1,3,1,4,8,7,466,2,0,155,0,0,0,0,0.0,0,0,6,2009,12.386312871189734,0,0,0,1,0,0,0,0,0,0,0,0,1,2.0,3,True,False,False,False,False,3.0,2.079441541679836,6,0,0,1,0,1,0,0,0,0,0,0,1,0,0,0,1,0,1,0,0,0,0,0,0,0,1,0,0,0,0,0,0,0,0,0,0,0,0,0,0,0,0,0,0,0,0,0,0,0,0,1,0,0,0,0,0,0,0,0,0,0,0,0,1,0,0,1,0,0,0,0,1,0,0,0,0,0,0,0,0,0,0,0,0,0,0,0,0,0,1,0,0,0,0,0,0,0,0,0,0,0,0,0,0,1,0,0,0,0,0,1,0,0,0,3148,2604,155,12,224.44444444444449,2,1,2.5,0.2777777777777778,20.0,1,16,14,14,0,0,3,155,1,155,0,0.5172719220549159,1,24,40,12,20,0.6414734836456017
1134,1134,1135,60,57.0,8773,4,2,6,5,1997,1997,0.0,3,3,4,3,3,1,0,1,0,916,916,3,1,4,916,684,0,1600,0,0,2,1,3,1,3,7,7,460,2,100,38,0,0,0,0,0.0,0,0,8,2007,12.037659911047468,0,0,0,1,0,0,0,0,0,0,0,0,1,2.0,3,True,False,False,False,False,3.0,2.079441541679836,6,0,0,1,0,1,0,0,0,0,1,0,0,0,0,0,1,0,1,0,0,0,0,0,0,0,1,0,0,0,0,0,0,0,0,0,0,0,0,1,0,0,0,0,0,0,0,0,0,0,0,0,0,0,0,0,0,0,0,0,0,0,0,0,1,0,0,1,0,0,0,0,1,0,0,0,0,0,0,0,0,0,0,0,0,0,0,0,0,0,1,0,0,0,0,0,0,0,0,0,0,0,0,0,0,1,0,0,0,0,0,1,0,0,0,2516,1600,138,11,200.0,2,1,2.5,0.3125,15.0,1,9,10,10,0,1,4,38,1,138,0,0.0,0,48,30,9,15,0.6356773937226857
1135,1135,1136,30,60.0,6180,4,2,6,5,1926,1950,0.0,3,3,3,3,1,1,0,1,0,960,960,2,0,4,986,0,0,986,0,0,1,0,2,1,3,5,7,180,2,0,128,0,0,0,0,0.0,0,0,5,2007,11.53273789613992,0,0,0,1,0,0,0,0,0,0,0,0,1,2.0,1,False,False,False,False,True,4.0,2.772588722239781,6,0,0,0,1,1,0,0,0,1,0,0,1,0,0,0,0,0,1,0,0,0,0,0,0,0,1,0,0,0,0,0,0,0,1,0,0,0,0,0,0,0,0,0,0,0,0,0,0,0,0,0,0,0,0,0,0,0,0,0,0,1,0,0,0,0,0,1,0,0,0,0,1,0,0,0,0,0,0,0,0,0,0,0,0,0,0,0,0,0,0,1,0,0,0,0,0,0,0,0,0,0,0,0,0,0,1,0,0,0,0,0,0,0,0,1946,986,128,8,164.33333333333334,1,0,1.0,0.1666666666666666,6.0,1,9,81,57,1,0,1,128,1,128,0,0.0,0,18,30,9,14,0.5064201335387776
1136,1136,1137,50,80.0,9600,4,2,6,5,1950,1950,0.0,3,3,3,3,1,4,280,1,0,752,1032,2,1,3,1032,220,0,1252,0,0,1,0,3,1,3,6,7,288,2,0,0,96,0,0,0,0.0,0,0,4,2008,11.686887175419702,0,0,0,0,0,0,0,0,0,0,0,0,1,2.0,1,True,False,False,False,False,0.0,0.0,6,0,0,1,0,1,0,0,0,1,0,0,1,0,0,0,1,0,1,0,0,0,0,0,0,0,1,0,0,0,0,0,0,0,0,0,0,0,0,0,0,0,0,1,0,0,0,0,0,0,0,0,0,0,0,0,0,0,0,0,0,0,0,0,0,0,0,1,0,0,0,0,1,0,0,0,0,0,0,0,0,0,0,0,0,0,0,0,0,0,1,0,0,0,0,0,0,0,0,0,0,0,0,0,0,1,0,0,0,0,1,0,0,0,0,2284,1532,96,10,178.85714285714286,2,1,1.0,0.1428571428571428,6.0,1,9,58,58,0,0,2,96,1,96,0,0.271055179090029,1,18,30,9,14,0.5479212253829322
1137,1137,1138,50,54.0,6342,4,2,5,8,1875,1996,0.0,3,4,3,3,1,1,0,1,0,780,780,3,0,4,780,240,0,1020,0,0,1,0,2,1,3,6,7,0,0,0,0,176,0,0,0,0.0,0,0,5,2010,11.451060699493429,0,0,0,1,0,0,0,0,0,0,0,0,1,0.0,0,False,False,False,False,False,0.0,0.0,6,0,0,1,0,1,0,0,0,1,0,0,1,0,0,0,1,1,0,0,0,0,0,0,0,0,1,0,0,0,0,0,0,0,0,0,0,0,0,0,0,0,0,0,0,0,0,0,0,0,1,0,0,0,0,0,0,0,0,0,0,0,0,0,0,0,0,1,0,0,0,0,1,0,0,0,0,0,0,0,0,0,0,0,0,0,0,0,0,0,1,0,0,0,0,0,0,0,0,0,0,0,0,0,0,1,0,0,0,0,1,0,0,0,0,1800,1020,176,9,145.71428571428572,2,1,1.0,0.1428571428571428,5.0,1,9,135,14,1,0,1,176,1,176,0,0.0,0,18,40,12,14,0.5663520266518601
1138,1138,1139,20,0.0,9819,4,1,6,5,1977,1977,0.0,3,3,3,3,4,5,1567,1,0,0,1567,2,1,4,1567,0,0,1567,1,0,2,0,2,1,4,5,7,714,2,264,32,0,0,0,0,0.0,0,0,5,2009,12.185875040240456,0,0,0,1,0,0,0,0,0,0,0,0,1,2.0,2,True,False,False,False,False,3.0,3.295836866004329,6,0,0,1,0,1,0,0,0,0,0,0,1,0,0,0,1,0,1,0,0,0,0,0,0,0,1,0,0,0,0,0,0,0,0,0,0,0,0,0,0,0,1,0,0,0,0,0,0,0,0,0,0,0,0,0,0,0,0,0,0,1,0,0,0,0,0,1,0,0,0,0,1,0,0,0,0,0,0,0,0,0,0,0,0,0,0,1,0,0,0,0,0,0,0,0,0,0,0,1,0,0,0,0,0,0,0,0,0,0,0,1,0,0,0,3134,3134,296,8,261.1666666666667,1,0,3.0,0.5,18.0,1,16,32,32,0,0,2,32,1,296,0,0.9993622448979592,1,45,30,9,15,0.4998405103668261
1139,1139,1140,30,98.0,8731,4,2,5,5,1920,1950,0.0,3,2,3,3,1,4,645,1,0,270,915,2,1,4,1167,0,0,1167,0,0,1,0,3,1,3,6,3,495,2,0,0,216,0,126,0,0.0,0,0,5,2007,11.87757552297847,0,0,0,1,0,0,0,0,0,0,0,0,1,2.0,2,False,False,False,False,True,4.0,2.772588722239781,6,0,0,1,0,1,0,0,0,0,0,0,1,0,0,0,1,0,1,0,0,0,0,0,0,0,1,0,0,0,0,0,0,0,1,0,0,0,0,0,0,0,0,0,0,0,0,0,0,0,0,0,0,0,0,0,0,0,0,0,0,1,0,0,0,0,0,1,0,0,0,0,1,0,0,0,0,0,0,0,0,0,0,0,0,0,0,0,0,1,0,0,0,0,0,0,0,0,0,0,0,0,0,0,1,0,0,0,0,0,0,0,0,0,0,2082,1812,342,10,166.71428571428572,1,0,1.0,0.1428571428571428,5.0,1,9,87,57,1,0,1,342,1,342,0,0.7041484716157205,1,18,25,6,13,0.5602496399423907
1140,1140,1141,20,60.0,7350,4,2,5,7,1951,1951,0.0,3,3,3,3,2,5,852,1,0,100,952,2,1,4,952,0,0,952,1,0,1,0,2,1,3,4,7,840,2,0,0,0,0,0,0,0.0,0,0,6,2008,11.842236406331557,0,0,0,0,0,0,0,0,0,0,0,0,0,2.0,3,False,False,False,False,True,0.0,0.0,6,0,0,1,0,1,0,0,0,1,0,0,1,0,0,0,0,0,1,0,0,0,0,0,0,0,1,0,0,0,0,0,0,0,0,0,0,0,0,0,0,0,0,1,0,0,0,0,0,0,0,0,0,0,0,0,0,0,0,0,0,1,0,0,0,0,0,1,0,0,0,0,1,0,0,0,0,0,0,0,0,0,0,0,1,0,0,0,0,0,0,0,0,0,0,0,0,0,1,0,0,0,0,0,0,0,0,0,0,0,1,0,0,0,0,1904,1804,0,7,190.4,1,0,2.0,0.4,10.0,1,9,57,57,0,0,2,0,0,0,0,0.8940188877229801,1,27,35,9,13,0.4997375328083989
1141,1141,1142,60,0.0,10304,4,2,5,7,1976,1976,44.0,3,4,3,3,1,5,381,1,0,399,780,4,1,4,1088,780,0,1868,1,0,2,1,4,1,4,9,7,484,2,448,96,0,0,0,0,0.0,0,0,10,2009,12.193498926601634,0,0,0,1,0,0,0,0,0,0,0,0,1,2.0,2,True,False,False,False,False,3.0,2.079441541679836,6,0,0,1,0,1,0,0,0,0,0,0,1,1,0,0,0,0,0,0,1,0,0,0,0,0,1,0,0,0,0,0,0,0,0,0,0,0,0,0,0,0,0,0,0,1,0,0,0,0,0,0,0,0,0,0,0,0,0,0,0,0,0,0,1,0,0,1,0,0,0,0,1,0,0,0,0,0,0,0,0,0,0,0,0,0,0,1,0,0,0,0,0,0,0,0,0,0,0,0,0,0,1,0,0,0,0,0,1,0,1,0,0,0,0,2648,2249,544,14,186.8,2,1,3.5,0.35,17.5,1,16,33,33,0,0,2,96,1,544,0,0.4878361075544174,1,18,35,12,16,0.7051717629294073
1142,1142,1143,60,77.0,9965,4,2,8,5,2006,2007,340.0,4,3,5,3,4,6,1150,1,0,316,1466,4,1,4,1466,1362,0,2828,1,0,3,0,4,1,4,11,7,1052,2,125,144,0,0,0,0,0.0,0,0,4,2007,12.959540872420414,0,0,0,0,1,0,0,0,0,0,1,0,0,2.0,4,False,False,True,False,False,3.0,2.079441541679836,6,0,0,1,0,1,0,0,0,1,0,0,1,0,0,0,1,0,1,0,0,0,0,0,0,0,1,0,0,0,0,0,0,0,0,0,1,0,0,0,0,0,0,0,0,0,0,0,0,0,0,0,0,0,0,0,0,0,0,0,0,0,0,0,1,0,0,0,0,1,0,0,1,0,0,0,0,0,0,0,0,0,0,0,0,0,0,0,0,0,1,0,0,0,0,0,0,0,0,0,0,0,0,0,0,1,0,0,0,1,0,1,0,0,0,4294,3978,269,16,235.66666666666663,2,1,4.0,0.3333333333333333,32.0,1,16,1,0,1,1,4,144,1,269,0,0.7839127471029311,1,75,40,12,20,0.6584400465657742
1143,1143,1144,20,0.0,9000,4,2,5,3,1959,1959,0.0,3,3,3,3,1,6,288,1,0,718,1006,2,1,4,1006,0,0,1006,0,0,1,0,3,1,3,5,7,0,2,0,24,0,0,0,0,0.0,0,0,7,2008,11.289794413577894,0,0,0,1,0,0,0,0,0,0,0,0,1,0.0,0,False,False,False,False,False,0.0,0.0,6,0,0,1,0,1,0,0,0,1,0,0,1,0,0,0,1,0,1,0,0,0,0,0,0,0,1,0,0,0,0,0,0,0,0,0,0,0,0,0,0,0,0,0,0,0,0,0,0,0,1,0,0,0,0,0,0,0,0,0,0,1,0,0,0,0,0,1,0,0,0,0,1,0,0,0,0,0,0,0,0,0,0,0,0,0,0,0,0,0,0,1,0,0,0,0,0,0,0,0,0,0,1,0,0,0,0,0,0,0,1,0,0,0,0,2012,1294,24,9,167.66666666666666,1,0,1.0,0.1666666666666666,5.0,1,9,49,49,0,0,2,24,1,24,0,0.2859980139026812,1,18,15,9,13,0.4997516145057128
1144,1144,1145,190,60.0,12180,4,2,4,4,1941,1950,0.0,3,2,4,3,1,4,348,1,0,324,672,1,0,3,672,252,0,924,1,0,1,0,2,1,2,5,7,280,2,0,0,0,0,0,0,2.0,0,0,7,2010,11.289794413577894,0,0,0,1,0,0,0,0,0,0,0,0,1,2.0,1,False,False,False,False,True,0.0,0.0,1,0,0,1,0,1,0,0,0,1,0,0,1,0,0,0,1,0,1,0,0,0,0,0,0,0,1,0,0,0,0,0,0,0,0,0,0,0,1,0,0,0,0,0,0,0,0,0,0,0,0,0,0,0,0,0,1,0,0,0,0,0,0,0,0,0,0,1,0,0,0,0,1,0,0,0,0,0,0,0,0,0,0,0,0,0,1,0,0,0,0,0,0,0,0,0,0,0,0,0,1,0,0,0,0,0,0,0,0,0,0,0,0,0,0,1596,1272,0,8,154.0,2,1,2.0,0.3333333333333333,8.0,1,4,69,60,1,0,1,0,0,0,0,0.5170876671619614,1,24,16,6,10,0.5785848465873513
1145,1145,1146,50,52.0,6240,4,2,5,6,1928,1950,0.0,3,3,3,3,1,1,0,1,0,1042,1042,4,1,4,1042,534,0,1576,0,0,1,0,3,1,3,8,7,225,2,0,0,0,0,0,0,0.0,0,0,8,2006,11.91170829631447,0,0,1,0,0,0,0,0,0,0,0,0,1,2.0,1,False,False,False,False,True,4.0,2.772588722239781,6,0,0,0,1,1,0,0,0,1,0,0,1,0,0,0,1,0,1,0,0,0,0,0,0,0,1,0,0,0,0,0,0,0,1,0,0,0,0,0,0,0,0,0,0,0,0,0,0,0,0,0,0,0,0,0,0,0,0,0,0,0,0,0,0,0,0,1,0,0,0,0,1,0,0,0,0,0,0,0,0,0,0,0,0,0,1,0,0,0,0,0,0,0,0,0,0,0,0,0,1,0,0,0,0,0,0,0,0,0,0,0,0,0,0,2618,1576,0,12,175.11111111111111,2,1,1.0,0.1111111111111111,5.0,1,9,78,56,1,0,1,0,0,0,0,0.0,0,18,30,9,15,0.6017563955708286
1146,1146,1147,20,0.0,11200,4,2,6,5,1985,1985,85.0,4,3,4,3,1,6,1258,1,0,40,1298,2,1,4,1298,0,0,1298,1,0,2,0,3,1,4,5,7,403,2,165,26,0,0,0,0,0.0,0,0,5,2006,12.100717685412471,0,0,0,1,0,0,0,0,0,0,0,0,1,2.0,3,True,False,False,False,False,3.0,2.079441541679836,6,0,0,1,0,1,0,0,0,1,0,0,1,0,0,0,1,0,1,0,0,0,0,0,0,0,1,0,0,0,0,0,0,0,0,0,0,0,0,0,0,0,0,0,0,0,0,0,0,0,0,1,0,0,0,0,0,0,0,0,0,1,0,0,0,0,0,1,0,0,0,0,1,0,0,0,0,0,0,0,0,0,0,0,0,0,0,0,0,0,0,1,0,0,0,0,0,0,0,0,0,0,0,0,0,0,0,1,1,0,1,0,0,0,0,2596,2556,191,9,216.33333333333331,1,0,3.0,0.5,18.0,1,16,21,21,0,0,3,26,1,191,0,0.968437259430331,1,24,30,12,16,0.4998074701578744
1147,1147,1148,70,75.0,12000,4,2,7,7,1941,1950,0.0,3,3,3,3,1,3,275,1,0,429,704,4,1,4,860,704,0,1564,0,0,1,1,3,1,2,7,7,234,2,0,0,0,0,0,0,0.0,0,0,7,2009,12.069685751267224,0,0,0,1,0,0,0,0,0,0,0,0,1,2.0,1,True,False,False,False,False,4.0,2.772588722239781,6,0,0,1,0,1,0,0,0,1,0,0,0,0,0,0,1,0,1,0,0,0,0,0,0,0,1,0,0,0,0,0,0,0,0,0,0,1,0,0,0,0,0,0,0,0,0,0,0,0,0,0,0,0,0,0,0,0,0,0,0,0,0,0,1,0,0,1,0,0,0,0,1,0,0,0,0,0,0,0,0,0,0,0,0,0,1,0,0,0,0,0,0,0,0,0,0,0,0,0,1,0,0,0,0,0,0,0,0,0,1,0,0,0,0,2268,1839,0,11,195.5,2,1,1.5,0.1875,10.5,1,4,68,59,1,0,1,0,0,0,0,0.3900709219858156,1,18,49,9,16,0.6892904363155575
1148,1148,1149,50,0.0,5700,4,2,7,7,1926,1950,0.0,3,3,3,3,1,1,0,1,0,572,572,2,1,4,572,539,0,1111,0,0,1,0,2,1,3,5,7,288,2,0,0,176,0,0,0,0.0,0,0,8,2008,11.669082701743504,0,0,0,1,0,0,0,0,0,0,0,0,1,2.0,3,False,False,False,False,True,4.0,2.772588722239781,6,0,0,0,1,1,0,0,0,1,0,0,1,0,0,0,1,0,1,0,0,0,0,0,0,0,1,0,0,0,0,0,0,0,0,0,0,0,0,0,0,0,0,0,0,0,0,0,1,0,0,0,0,0,0,0,0,0,0,0,0,0,0,0,0,0,0,1,0,0,0,0,1,0,0,0,0,0,0,0,0,0,0,0,0,0,0,0,0,0,0,1,0,0,0,0,0,0,0,0,0,0,0,0,0,0,1,0,0,0,0,1,0,0,0,1683,1111,176,8,185.16666666666663,2,1,1.0,0.1666666666666666,7.0,1,9,82,58,1,0,1,176,1,176,0,0.0,0,18,49,9,15,0.6597387173396675
1149,1149,1150,70,50.0,9000,4,2,7,9,1920,1988,0.0,3,4,3,3,1,5,624,1,0,26,650,4,1,4,832,650,0,1482,0,1,1,0,3,1,3,7,7,324,2,0,0,0,0,0,0,0.0,0,0,7,2009,11.870606902224589,0,0,0,1,0,0,0,0,0,0,0,0,1,2.0,1,False,False,False,False,True,0.0,0.0,6,0,0,0,1,1,0,0,0,1,0,0,1,0,0,0,1,0,0,0,0,0,0,0,0,0,1,0,0,0,0,0,0,0,0,0,0,0,0,0,0,0,0,0,0,0,0,0,1,0,0,0,0,0,0,0,0,0,0,0,0,0,0,0,1,0,0,0,0,1,0,0,1,0,0,0,0,0,0,0,0,0,0,0,0,0,0,0,0,0,1,0,0,0,0,0,0,0,0,0,0,0,0,0,0,1,0,0,0,0,0,1,0,0,0,2132,2106,0,11,185.25,2,1,1.5,0.1875,10.5,1,9,89,21,1,0,1,0,0,0,0,0.9585253456221198,1,18,63,12,17,0.6947960618846695
1150,1150,1151,20,57.0,8280,4,2,6,5,1950,1950,0.0,3,3,3,3,1,1,0,1,0,932,932,4,1,3,932,0,0,932,0,0,1,0,2,1,4,4,7,306,2,0,0,214,0,0,0,3.0,0,0,11,2007,11.728044909070784,0,0,0,1,0,0,0,0,0,0,0,0,1,2.0,1,True,False,False,False,False,4.0,2.772588722239781,6,0,0,1,0,1,0,0,0,0,0,0,1,0,0,0,1,0,1,0,0,0,0,0,0,0,1,0,0,0,0,0,0,0,0,0,0,0,0,0,0,0,0,1,0,0,0,0,0,0,0,0,0,0,0,0,0,0,0,0,0,1,0,0,0,0,0,1,0,0,0,0,1,0,0,0,0,0,0,0,0,1,0,0,0,0,0,0,0,0,0,0,0,0,0,1,0,0,0,0,0,0,0,0,0,0,0,0,0,0,1,0,0,0,0,1864,932,214,7,186.4,1,0,1.0,0.2,6.0,1,16,57,57,0,0,2,214,1,214,0,0.0,0,18,30,9,17,0.4997319034852547
1151,1151,1152,20,134.0,17755,4,2,5,4,1959,1959,132.0,3,3,3,3,1,4,176,1,0,1290,1466,2,1,4,1466,0,0,1466,0,0,1,1,3,1,2,6,7,528,2,0,140,0,0,100,0,0.0,0,0,11,2006,11.917730355182512,0,0,0,1,0,0,0,0,0,0,0,0,1,2.0,2,True,False,False,False,False,4.0,4.394449154672439,6,0,0,1,0,1,0,0,0,1,0,0,1,0,0,0,1,0,1,0,0,0,0,0,0,0,1,0,0,0,0,0,0,0,0,0,0,0,1,0,0,0,0,0,0,0,0,0,0,0,0,0,0,0,0,0,0,0,0,0,0,1,0,0,0,0,0,1,0,0,0,0,1,0,0,0,0,0,0,0,0,0,0,0,1,0,0,0,0,0,0,0,0,0,0,0,0,0,0,0,0,0,1,0,0,0,0,0,1,0,1,0,0,0,0,2932,1642,240,10,209.42857142857144,1,0,1.5,0.2142857142857142,7.5,1,4,47,47,0,0,2,240,1,240,0,0.1199727334696659,1,18,20,9,12,0.4998295260825093
1152,1152,1153,20,90.0,14115,4,2,6,7,1956,2004,0.0,3,3,3,3,1,5,296,6,547,230,1073,4,1,4,1811,0,0,1811,0,0,1,0,2,1,5,6,7,470,2,0,0,280,0,0,0,0.0,0,0,7,2006,12.345838935721968,0,0,0,0,0,0,0,0,0,0,0,0,1,2.0,2,True,False,False,False,False,4.0,2.772588722239781,6,0,0,1,0,1,0,0,0,0,0,0,1,0,0,0,1,0,1,0,0,0,0,0,0,0,1,0,0,0,0,0,0,0,0,0,0,1,0,0,0,0,0,0,0,0,0,0,0,0,0,0,0,0,0,0,0,0,0,0,0,1,0,0,0,0,0,1,0,0,0,0,1,0,0,0,0,0,0,0,0,0,0,0,0,0,0,0,1,0,0,0,0,0,0,0,0,0,0,0,0,0,0,1,0,0,0,0,0,0,0,1,0,0,0,2884,2654,280,9,258.7142857142857,1,0,1.0,0.1428571428571428,6.0,1,25,50,2,1,1,2,280,1,280,0,0.7849162011173184,1,18,42,9,18,0.6277296360485268
1153,1153,1154,30,0.0,5890,4,2,6,8,1930,2007,0.0,4,4,3,3,3,5,538,1,0,278,816,4,1,4,816,0,0,816,0,0,1,0,2,1,3,5,7,432,2,0,0,96,0,0,0,0.0,0,0,6,2008,11.6994133306336,0,0,0,1,0,0,0,0,0,0,0,0,1,2.0,4,False,False,False,False,True,0.0,0.0,6,0,0,0,1,1,0,0,0,1,0,0,1,0,0,0,0,0,1,0,0,0,0,0,0,0,1,0,0,0,0,0,0,0,0,0,0,0,0,0,1,0,0,0,0,0,0,0,0,0,0,0,0,0,0,0,0,0,0,0,0,1,0,0,0,0,0,1,0,0,0,0,1,0,0,0,0,0,0,0,0,0,0,0,0,0,0,0,0,0,0,1,0,0,0,0,0,0,0,0,0,0,0,0,0,0,1,0,0,0,0,0,0,0,0,1632,1354,96,8,136.0,1,0,1.0,0.1666666666666666,6.0,1,9,78,1,1,1,1,96,1,96,0,0.6585067319461444,1,36,48,16,17,0.4996938150642988
1154,1154,1155,60,0.0,13700,4,2,7,6,1965,1988,288.0,3,3,3,3,4,5,454,1,0,410,864,2,1,4,902,918,0,1820,0,0,1,2,4,1,4,8,7,492,2,60,84,0,0,273,0,3.0,0,0,5,2008,12.215037342290756,0,0,0,1,0,0,0,0,0,0,0,0,1,2.0,2,True,False,False,False,False,4.0,4.394449154672439,6,0,0,1,0,1,0,0,0,0,0,0,1,0,0,0,1,0,1,0,0,0,0,0,0,0,1,0,0,0,0,0,0,0,0,0,0,0,0,0,0,0,0,1,0,0,0,0,0,0,0,0,0,0,0,0,0,0,0,0,0,0,0,0,1,0,0,1,0,0,0,0,1,0,0,0,0,0,0,0,0,0,0,0,0,0,0,0,0,0,1,0,0,0,0,0,0,0,0,0,0,0,0,0,0,1,0,0,0,1,1,0,0,0,0,2684,2274,417,13,202.22222222222223,2,1,2.0,0.2222222222222222,14.0,1,16,43,20,1,0,2,357,1,417,0,0.5248554913294797,1,45,42,9,16,0.6778398510242085
1155,1155,1156,20,90.0,10768,4,2,5,8,1976,2004,0.0,4,4,4,3,4,5,1157,1,0,280,1437,2,1,4,1437,0,0,1437,1,0,2,0,3,1,4,6,7,528,2,0,21,0,0,180,0,0.0,0,0,7,2007,12.292254928916668,0,0,0,1,0,0,0,0,0,0,0,0,1,2.0,2,True,False,False,False,False,2.0,1.3862943611198906,6,0,0,1,0,1,0,0,0,0,0,0,1,0,0,0,0,0,1,0,0,0,0,0,0,0,1,0,0,0,0,0,0,0,0,0,0,0,0,0,0,0,0,0,0,0,0,0,0,0,0,0,0,0,0,1,0,0,0,0,0,1,0,0,0,0,0,1,0,0,0,0,1,0,0,0,0,0,0,0,0,0,0,0,0,0,0,1,0,0,0,0,0,0,0,0,0,0,0,0,0,0,1,0,0,0,0,0,0,0,1,0,0,0,0,2874,2594,201,10,205.28571428571428,1,0,3.0,0.4285714285714285,15.0,1,16,31,3,1,1,2,201,1,201,0,0.8045897079276774,1,60,40,16,15,0.4998260869565217
1156,1156,1157,80,85.0,9350,4,2,5,8,1965,1999,0.0,3,4,3,3,4,5,633,1,0,586,1219,3,1,4,1265,0,0,1265,0,1,2,0,3,1,4,6,7,502,2,0,92,0,96,0,0,2.0,0,0,10,2008,12.100161978566868,0,0,0,1,0,0,0,0,0,0,0,0,1,2.0,2,True,False,False,False,False,4.0,2.772588722239781,6,0,0,1,0,1,0,0,0,1,0,0,1,0,0,0,1,0,1,0,0,0,0,0,0,0,1,0,0,0,0,0,0,0,0,0,0,0,0,0,0,0,0,1,0,0,0,0,0,0,0,0,0,0,0,0,0,0,0,0,0,0,0,0,0,0,1,1,0,0,0,0,1,0,0,0,0,0,0,0,0,1,0,0,0,0,0,0,0,0,0,0,0,0,0,1,0,0,0,0,0,0,0,0,0,0,0,0,0,0,0,1,0,0,0,2484,1898,188,10,180.7142857142857,1,0,2.5,0.3571428571428571,12.5,1,16,43,9,1,1,2,188,1,188,0,0.5188524590163934,1,45,40,12,15,0.5090543259557344
1157,1157,1158,120,34.0,5001,4,2,7,5,2007,2008,166.0,4,3,4,3,1,6,904,1,0,410,1314,4,1,4,1314,0,0,1314,1,0,2,0,2,1,4,6,7,626,2,172,62,0,0,0,0,0.0,0,0,7,2009,12.345838935721968,0,0,0,1,0,0,0,0,0,0,0,0,1,2.0,4,True,False,False,False,False,4.0,2.772588722239781,6,0,0,1,0,1,0,0,0,0,0,0,1,0,0,0,1,0,1,0,0,0,0,0,0,0,1,0,0,0,0,0,0,0,0,0,0,0,0,0,0,0,0,0,0,0,0,1,0,0,0,0,0,0,0,0,0,0,1,0,0,1,0,0,0,0,0,1,0,0,0,0,1,0,0,0,0,0,0,0,0,0,0,0,0,0,0,0,0,0,1,0,0,0,0,0,0,0,0,0,0,0,0,0,0,1,0,0,0,1,0,1,0,0,0,2628,2218,234,9,187.7142857142857,1,0,3.0,0.4285714285714285,21.0,1,16,2,1,1,1,4,62,1,234,0,0.6874524714828897,1,24,35,12,19,0.499809813617345
1158,1158,1159,20,92.0,11932,4,2,8,5,2007,2008,186.0,4,3,4,3,1,1,0,1,0,1580,1580,4,1,4,1580,0,0,1580,0,0,2,0,3,1,4,7,7,830,2,0,24,0,0,0,0,0.0,0,0,6,2008,12.367889578686164,0,0,0,0,1,0,0,1,0,0,0,0,0,2.0,4,True,False,False,False,False,0.0,0.0,6,0,0,1,0,1,0,0,0,1,0,0,1,0,1,0,0,1,0,0,0,0,0,0,0,0,1,0,0,0,0,0,0,0,0,0,0,0,0,0,0,0,0,0,0,0,0,0,0,0,0,0,1,0,0,0,0,0,0,0,0,1,0,0,0,0,0,1,0,0,0,0,1,0,0,0,0,0,0,0,0,0,0,0,0,0,0,0,0,0,1,0,0,0,0,0,0,0,0,0,0,0,0,0,0,1,0,0,0,1,0,1,0,0,0,3160,1580,24,11,197.5,1,0,2.0,0.25,16.0,1,16,1,0,1,1,4,24,1,24,0,0.0,0,24,40,12,20,0.499841822208162
1159,1159,1160,60,76.0,9120,4,2,6,6,1974,1974,270.0,4,3,3,3,1,5,442,1,0,459,901,2,1,4,943,933,0,1876,0,0,2,1,4,1,4,8,7,540,2,0,69,0,0,0,0,0.0,0,0,7,2008,12.128116509451258,0,0,0,1,0,0,0,0,0,0,0,0,1,2.5,2,True,False,False,False,False,3.0,2.079441541679836,6,0,0,1,0,1,0,0,0,1,0,0,1,0,0,0,1,0,1,0,0,0,0,0,0,0,1,0,0,0,0,0,0,0,0,0,0,0,0,0,0,0,0,0,0,1,0,0,0,0,0,0,0,0,0,0,0,0,0,0,0,0,0,0,1,0,0,0,0,1,0,0,1,0,0,0,0,0,0,0,0,0,0,0,1,0,0,0,0,0,0,0,0,0,0,0,0,0,1,0,0,0,0,0,0,0,0,0,1,0,1,0,0,0,0,2777,2318,69,13,208.44444444444449,2,1,2.5,0.2777777777777778,15.0,1,16,34,34,0,0,2,69,1,69,0,0.4900221729490022,1,18,36,12,16,0.6753059755219583
1160,1160,1161,160,24.0,2280,4,2,6,5,1978,1978,0.0,3,3,4,3,1,5,311,1,0,544,855,1,1,4,855,601,0,1456,0,0,2,1,3,1,3,7,7,440,2,26,0,0,0,0,0,0.0,0,0,7,2010,11.891368749982083,0,0,0,1,0,0,0,0,0,0,0,0,1,2.0,2,True,False,False,False,False,3.0,2.079441541679836,6,0,0,1,0,1,0,0,0,1,0,0,1,0,0,0,1,0,1,0,0,0,0,0,0,0,1,0,0,0,0,0,0,0,0,0,0,0,0,0,0,0,0,0,1,0,0,0,0,0,0,0,0,0,0,0,0,0,1,0,0,0,0,0,1,0,0,1,0,0,0,0,1,0,0,0,0,0,0,0,0,0,0,0,0,0,0,1,0,0,0,0,0,0,1,0,0,0,0,0,0,0,0,0,0,0,0,0,0,0,1,0,0,0,0,2311,1767,26,11,182.0,2,1,2.5,0.3125,15.0,1,9,32,32,0,0,2,0,0,26,0,0.3633177570093458,1,24,30,9,13,0.629757785467128
1161,1161,1162,20,0.0,14778,4,2,6,7,1954,2006,72.0,4,3,3,3,1,4,728,1,0,568,1296,4,1,4,1640,0,0,1640,1,0,1,0,3,1,4,7,7,924,2,108,0,0,216,0,0,0.0,0,0,11,2008,12.319405795112926,0,0,0,1,0,0,0,0,0,0,0,0,1,2.0,3,False,False,False,False,True,4.0,2.772588722239781,6,0,0,1,0,1,0,0,0,0,0,1,0,1,0,0,0,0,0,0,1,0,0,0,0,0,1,0,0,0,0,0,0,0,0,0,0,1,0,0,0,0,0,0,0,0,0,0,0,0,0,0,0,0,0,0,0,0,0,0,0,1,0,0,0,0,0,0,0,1,0,0,1,0,0,0,0,0,0,0,0,0,0,0,1,0,0,0,0,0,0,0,0,0,0,0,0,0,1,0,0,0,0,0,0,0,0,0,1,0,1,0,0,0,0,2936,2368,324,11,205.0,1,0,2.0,0.25,12.0,1,16,54,2,1,1,2,216,1,324,0,0.5612952968388589,1,18,42,12,18,0.5583929179434798
1162,1162,1163,20,109.0,8724,4,2,5,5,1968,1968,0.0,3,3,4,3,1,4,492,1,0,402,894,3,1,4,894,0,0,894,0,0,1,0,3,1,3,5,7,450,2,0,0,0,0,0,0,0.0,0,0,5,2007,11.767575435251748,0,0,0,1,0,0,0,0,0,0,0,0,1,2.0,2,True,False,False,False,False,1.0,0.6931471805599453,6,0,0,1,0,1,0,0,0,1,0,0,1,0,0,0,1,0,1,0,0,0,0,0,0,0,1,0,0,0,0,0,0,0,0,0,0,0,0,0,0,0,0,0,0,0,0,0,0,0,1,0,0,0,0,0,0,0,0,0,0,1,0,0,0,0,0,1,0,0,0,0,1,0,0,0,0,0,0,0,0,0,0,0,0,0,0,0,0,0,1,0,0,0,0,0,0,0,0,0,0,0,0,0,0,1,0,0,0,0,1,0,0,0,0,1788,1386,0,9,149.0,1,0,1.0,0.1666666666666666,5.0,1,9,39,39,0,0,2,0,0,0,0,0.5497206703910614,1,24,25,9,14,0.499720514253773
1163,1163,1164,90,60.0,12900,4,2,4,4,1969,1969,0.0,3,3,4,3,3,6,1198,1,0,0,1198,2,1,4,1258,0,0,1258,2,0,0,2,0,2,3,6,7,400,2,120,0,0,0,0,0,0.0,0,0,1,2008,11.59873612138334,0,1,0,0,0,0,0,0,0,0,0,0,1,2.0,2,False,False,False,True,False,0.0,0.0,6,0,0,1,0,1,0,0,0,1,0,0,1,0,0,0,1,1,0,0,0,0,0,0,0,0,1,0,0,0,0,0,0,0,0,0,0,0,0,0,0,0,0,0,0,0,0,0,0,0,1,0,0,0,0,0,0,1,0,0,0,0,0,0,0,1,0,1,0,0,0,0,1,0,0,0,0,0,0,0,0,0,0,0,0,0,0,1,0,0,0,0,0,0,0,0,0,0,0,0,0,0,1,0,0,0,0,0,0,0,1,0,0,0,0,2456,2456,120,8,179.71428571428572,1,0,3.0,0.4285714285714285,12.0,2,9,39,39,0,0,2,0,0,120,0,0.999165971643036,1,48,16,9,12,0.512006512006512
1164,1164,1165,80,0.0,16157,4,2,5,7,1978,1978,0.0,3,3,4,3,4,5,680,3,391,289,1360,4,1,4,1432,0,0,1432,1,0,1,1,2,1,4,5,7,588,2,168,180,0,0,0,0,0.0,0,0,6,2007,12.175618592671356,0,0,0,1,0,0,0,0,0,0,0,0,1,2.0,2,True,False,False,False,False,3.0,2.079441541679836,6,0,0,1,0,1,0,0,0,0,0,0,1,0,1,0,0,1,0,0,0,0,0,0,0,0,1,0,0,0,0,0,0,0,0,0,0,0,0,0,0,0,0,0,0,0,0,0,0,0,0,0,0,0,0,1,0,0,0,0,0,0,0,0,0,0,1,1,0,0,0,0,1,0,0,0,0,0,0,0,0,0,0,0,0,0,0,1,0,0,0,0,0,0,0,0,0,0,0,0,0,0,1,0,0,0,0,0,0,0,0,1,0,0,0,2792,2503,348,8,238.66666666666663,1,0,2.5,0.4166666666666667,12.5,1,16,29,29,0,0,3,180,1,348,0,0.786921381337252,1,60,35,9,16,0.5127103472968134
1165,1165,1166,20,79.0,9541,4,2,7,5,2009,2009,268.0,4,3,4,3,1,1,0,1,0,1502,1502,4,1,4,1502,0,0,1502,0,0,2,0,3,1,4,7,7,644,2,0,114,0,0,0,0,0.0,0,0,9,2009,12.359527368950229,0,0,0,0,1,0,0,0,0,0,1,0,0,2.0,4,True,False,False,False,False,0.0,0.0,6,0,0,1,0,1,0,0,0,0,0,0,1,0,0,0,1,0,1,0,0,0,0,0,0,0,1,0,0,0,0,0,0,0,0,0,0,0,0,0,0,0,0,0,0,0,0,1,0,0,0,0,0,0,0,0,0,0,0,0,0,1,0,0,0,0,0,1,0,0,0,0,1,0,0,0,0,0,0,0,0,0,0,0,0,0,0,0,0,0,1,0,0,0,0,0,0,0,0,0,0,0,0,0,0,1,0,0,0,1,0,1,0,0,0,3004,1502,114,11,187.75,1,0,2.0,0.25,14.0,1,16,0,0,0,1,4,114,1,114,0,0.0,0,24,35,12,19,0.4998336106489184
1166,1166,1167,20,64.0,10475,4,2,8,5,2008,2008,72.0,4,3,4,3,3,1,0,1,0,1694,1694,4,1,4,1694,0,0,1694,0,0,2,0,3,1,4,7,7,776,2,160,33,0,0,0,0,0.0,0,0,2,2010,12.41044511731981,0,0,0,1,0,0,0,0,0,0,0,0,1,2.0,4,True,False,False,False,False,0.0,0.0,6,0,0,1,0,1,0,0,0,0,0,0,1,0,0,0,0,0,1,0,0,0,0,0,0,0,1,0,0,0,0,0,0,0,0,0,1,0,0,0,0,0,0,0,0,0,0,0,0,0,0,0,0,0,0,0,0,0,0,0,0,1,0,0,0,0,0,1,0,0,0,0,1,0,0,0,0,0,0,0,0,0,0,0,0,0,0,0,0,0,1,0,0,0,0,0,0,0,0,0,0,0,0,0,0,1,0,0,0,1,0,1,0,0,0,3388,1694,193,11,211.75,1,0,2.0,0.25,16.0,1,16,2,2,0,1,4,33,1,193,0,0.0,0,48,40,12,20,0.4998524638536441
1167,1167,1168,60,58.0,10852,4,2,6,5,2000,2000,0.0,3,3,4,3,1,6,786,1,0,173,959,4,1,4,959,712,0,1671,1,0,2,1,3,1,3,7,7,472,2,0,38,0,0,0,0,0.0,0,0,2,2006,12.06105265381003,0,0,0,1,0,0,0,0,0,0,0,0,1,2.0,3,True,False,False,False,False,3.0,2.079441541679836,6,0,0,1,0,1,0,0,0,0,0,0,1,0,0,0,1,0,0,0,0,0,1,0,0,0,1,0,0,0,0,0,0,0,0,0,0,0,0,1,0,0,0,0,0,0,0,0,0,0,0,0,0,0,0,0,0,0,0,0,0,0,0,0,1,0,0,1,0,0,0,0,1,0,0,0,0,0,0,0,0,0,0,0,0,0,0,0,0,0,1,0,0,0,0,0,0,0,0,0,0,0,0,0,0,1,0,0,0,0,0,1,0,0,0,2630,2457,38,11,208.875,2,1,3.5,0.4375,21.0,1,9,6,6,0,1,4,38,1,38,0,0.81875,1,24,30,9,16,0.6351197263397947
1168,1168,1169,70,120.0,13728,4,2,6,7,1935,1986,0.0,3,3,3,3,1,3,626,1,0,501,1127,4,1,4,1236,872,0,2108,0,0,2,0,4,1,4,7,7,540,2,0,0,0,0,90,0,0.0,0,0,7,2008,12.367345048436391,0,0,0,1,0,0,0,0,0,0,0,0,1,2.0,1,False,True,False,False,False,3.0,3.295836866004329,6,0,0,1,0,1,0,0,0,1,0,0,1,0,0,0,0,0,1,0,0,0,0,0,0,0,1,0,0,0,0,0,0,0,0,0,0,0,1,0,0,0,0,0,0,0,0,0,0,0,0,0,0,0,0,0,0,0,0,0,0,0,0,0,1,0,0,0,0,1,0,0,1,0,0,0,0,0,0,0,0,0,0,0,0,0,0,0,0,1,0,0,0,0,0,0,0,0,0,0,0,0,0,0,1,0,0,0,0,0,1,0,0,0,0,3235,2734,90,12,263.5,2,1,2.0,0.25,12.0,1,16,73,22,1,0,1,90,1,90,0,0.5549645390070922,1,18,42,9,17,0.6514215080346106
1169,1169,1170,60,118.0,35760,4,2,10,5,1995,1996,1378.0,4,4,5,3,4,6,1387,1,0,543,1930,4,1,4,1831,1796,0,3627,1,0,3,1,4,1,4,10,7,807,2,361,76,0,0,0,0,0.0,0,0,7,2006,13.34550852871726,0,0,0,1,0,0,0,0,0,0,0,0,1,2.0,3,True,False,False,False,False,3.0,2.079441541679836,6,0,0,1,0,1,0,0,0,0,0,0,1,1,0,0,0,0,1,0,0,0,0,0,0,0,1,0,0,0,0,0,0,0,0,0,0,0,0,0,0,0,0,0,0,0,1,0,0,0,0,0,0,0,0,0,0,0,0,0,0,0,0,0,1,0,0,0,0,1,0,0,1,0,0,0,0,0,0,0,0,0,0,0,1,0,0,0,0,0,0,0,0,0,0,0,0,0,1,0,0,0,0,0,0,0,0,0,1,0,0,1,0,0,0,5557,5014,437,15,329.72727272727275,2,1,4.5,0.4090909090909091,45.0,1,16,11,10,1,1,3,76,1,437,0,0.7182806835836354,1,75,50,16,22,0.6525728679381072
1170,1170,1171,80,76.0,9880,4,2,6,6,1977,1977,0.0,3,3,3,3,3,5,522,1,0,574,1096,2,1,4,1118,0,0,1118,1,0,1,0,3,1,3,6,7,358,2,203,0,0,0,0,576,3.0,0,0,7,2008,12.049424683420916,0,0,0,1,0,0,0,0,0,0,0,0,1,2.0,2,True,False,False,False,False,1.0,0.6931471805599453,6,0,0,1,0,1,0,0,0,1,0,0,1,0,0,0,1,0,1,0,0,0,0,0,0,0,1,0,0,0,0,0,0,0,0,0,0,0,0,0,0,0,1,0,0,0,0,0,0,0,0,0,0,0,0,0,0,0,0,0,0,0,0,0,0,0,1,1,0,0,0,0,1,0,0,0,0,0,0,0,0,0,0,0,0,0,0,1,0,0,0,0,0,0,0,0,0,0,0,0,0,0,1,0,0,0,0,0,0,0,1,0,0,0,0,2214,1640,779,10,159.71428571428572,1,0,2.0,0.2857142857142857,12.0,1,9,31,31,0,0,2,0,0,779,1,0.4758432087511394,1,36,36,9,14,0.5047404063205417
1171,1171,1172,20,76.0,9120,4,2,6,6,1958,1958,0.0,3,3,3,3,1,5,662,1,0,599,1261,4,1,4,1261,0,0,1261,1,0,1,0,3,1,3,6,7,433,2,0,0,0,0,288,0,0.0,1,1400,11,2008,12.001511614739403,0,0,0,1,0,0,0,0,0,0,0,0,1,2.0,2,True,False,False,False,False,3.0,2.079441541679836,6,0,0,1,0,1,0,0,0,1,0,0,1,0,0,0,1,0,1,0,0,0,0,0,0,0,1,0,0,0,0,0,0,0,0,0,0,0,0,0,0,0,0,1,0,0,0,0,0,0,0,0,0,0,0,0,0,0,0,0,0,1,0,0,0,0,0,0,0,1,0,0,1,0,0,0,0,0,0,0,0,0,0,0,0,0,1,0,0,0,0,0,0,0,0,0,0,0,0,0,1,0,0,0,0,0,0,0,0,0,1,0,0,0,0,2522,1923,288,10,180.14285714285714,1,0,2.0,0.2857142857142857,12.0,1,9,50,50,0,0,2,288,1,288,0,0.5245641838351822,1,18,36,9,16,0.4998018232263179
1172,1172,1173,160,35.0,4017,4,2,7,5,2006,2007,0.0,4,3,4,3,1,1,0,1,0,625,625,4,1,4,625,625,0,1250,0,0,2,1,2,1,4,5,7,625,2,0,54,0,0,0,0,0.0,0,0,3,2008,12.05467400868968,0,0,0,1,0,0,0,0,0,0,0,0,1,2.0,4,False,False,False,False,True,0.0,0.0,6,1,0,0,0,1,1,0,0,0,0,0,1,0,0,0,1,0,1,0,0,0,0,0,0,0,1,0,0,0,0,0,0,0,0,0,0,0,0,0,0,0,0,0,0,0,0,0,0,0,0,0,1,0,0,0,0,0,0,1,0,0,0,0,1,0,0,1,0,0,0,0,1,0,0,0,0,0,0,0,0,0,0,0,0,0,1,0,0,0,0,0,0,0,0,0,0,0,0,0,1,0,0,0,0,0,0,0,0,0,0,1,0,0,0,1875,1250,54,8,208.33333333333331,2,1,2.5,0.4166666666666667,17.5,1,16,2,1,1,1,4,54,1,54,0,0.0,0,24,35,12,19,0.6663113006396588
1173,1173,1174,50,138.0,18030,4,2,5,6,1946,1994,0.0,3,3,3,3,1,3,152,4,469,977,1598,2,1,4,1636,971,479,3086,0,0,3,0,3,1,5,12,3,0,2,122,0,0,0,0,0,2.0,0,0,3,2007,12.208574513247497,0,0,0,1,0,0,0,0,0,0,0,0,1,0.0,0,False,False,False,False,False,4.0,2.772588722239781,6,0,0,1,0,1,0,0,0,0,0,0,0,0,0,0,1,0,1,0,0,0,0,0,0,0,1,0,0,0,0,0,0,0,0,1,0,0,0,0,0,0,0,0,0,0,0,0,0,0,0,0,0,0,0,0,0,0,0,0,0,0,0,0,0,0,0,1,0,0,0,0,1,0,0,0,0,0,0,0,0,0,0,0,0,0,1,0,0,0,0,0,0,0,0,0,0,0,0,0,1,0,0,0,0,0,0,0,0,0,1,0,0,0,0,4205,3228,122,16,237.3846153846154,2,1,3.0,0.2307692307692307,15.0,1,25,61,13,1,0,1,0,0,122,0,0.3883677298311445,1,18,30,9,15,0.7337137422729434
1174,1174,1175,70,80.0,16560,4,2,6,8,1932,1950,0.0,3,3,4,3,1,3,503,1,0,449,952,2,1,4,1170,1175,0,2345,0,0,2,1,4,1,3,9,7,360,2,0,0,0,0,0,0,0.0,0,0,7,2006,12.384223015005311,0,0,0,1,0,0,0,0,0,0,0,0,1,2.0,1,False,False,False,False,True,4.0,2.772588722239781,6,0,0,1,0,1,0,0,0,0,0,0,1,0,0,0,1,0,1,0,0,0,0,0,0,0,1,0,0,0,0,0,0,0,0,0,0,1,0,0,0,0,0,0,0,0,0,0,0,0,0,0,0,0,0,0,0,0,0,0,0,0,0,0,1,0,0,1,0,0,0,0,1,0,0,0,0,0,0,0,0,0,0,0,0,0,0,0,0,0,0,1,0,0,0,0,0,0,0,0,0,0,0,0,0,0,1,0,0,0,0,0,0,0,0,3297,2848,0,14,234.5,2,1,2.5,0.25,15.0,1,9,74,56,1,0,1,0,0,0,0,0.527806925498426,1,24,48,9,14,0.7110369921164342
1175,1175,1176,50,85.0,10678,4,2,8,5,1992,2000,337.0,4,3,4,3,1,6,700,1,0,983,1683,4,1,4,2129,743,0,2872,0,0,2,1,4,1,4,9,7,541,2,0,33,0,0,0,0,0.0,0,0,4,2007,12.560247968016562,0,0,0,1,0,0,0,0,0,0,0,0,1,2.0,3,True,False,False,False,False,3.0,2.079441541679836,6,0,0,1,0,1,0,0,0,1,0,0,1,0,0,0,1,0,1,0,0,0,0,0,0,0,1,0,0,0,0,0,0,0,0,0,0,0,0,0,0,0,0,0,0,0,1,0,0,0,0,0,0,0,0,0,0,0,0,0,0,0,0,0,0,0,0,0,0,1,0,0,1,0,0,0,0,0,0,0,0,0,0,0,1,0,0,0,0,0,0,0,0,0,0,0,0,0,1,0,0,0,0,0,0,0,0,0,1,0,0,1,0,0,0,4555,3572,33,14,287.2,2,1,2.5,0.25,20.0,1,16,15,7,1,1,3,33,1,33,0,0.4156769596199525,1,24,40,12,20,0.630377524143986
1176,1176,1177,20,37.0,6951,4,2,5,5,1984,1985,0.0,3,3,3,3,1,5,658,1,0,218,876,2,1,4,923,0,0,923,1,0,1,0,3,1,3,5,7,264,2,362,0,0,0,0,0,2.0,0,0,10,2008,11.691080018519528,0,0,0,1,0,0,0,0,0,0,0,0,1,2.0,3,True,False,False,False,False,0.0,0.0,6,0,0,1,0,1,0,0,0,0,0,0,1,1,0,0,0,0,1,0,0,0,0,0,0,0,1,0,0,0,0,0,0,0,0,0,0,0,0,0,0,0,1,0,0,0,0,0,0,0,0,0,0,0,0,0,0,0,0,0,0,1,0,0,0,0,0,1,0,0,0,0,1,0,0,0,0,0,0,0,0,0,0,0,1,0,0,0,0,0,0,0,0,0,0,0,0,0,0,0,0,0,1,0,0,0,0,0,0,0,1,0,0,0,0,1799,1581,362,9,153.83333333333334,1,0,2.0,0.3333333333333333,10.0,1,9,24,23,1,0,3,0,0,362,0,0.750285062713797,1,18,25,9,13,0.5127777777777778
1177,1177,1178,50,0.0,3950,4,2,6,8,1926,2004,0.0,3,3,3,3,1,3,468,1,0,350,818,2,1,4,818,406,0,1224,0,0,1,0,3,1,3,5,7,210,0,0,0,116,0,0,0,0.0,0,0,12,2009,11.652696102959752,0,0,0,1,0,0,0,0,0,0,0,0,1,2.0,1,False,False,False,False,True,0.0,0.0,6,0,0,0,1,1,0,0,0,1,0,0,0,0,0,0,1,0,0,0,0,0,0,0,0,0,1,0,0,0,0,0,0,0,0,0,0,0,0,0,0,0,0,0,0,0,0,0,1,0,0,0,0,0,0,0,0,0,0,0,0,0,0,0,0,0,0,1,0,0,0,0,1,0,0,0,0,0,0,0,0,0,0,0,0,0,1,0,0,0,0,0,0,0,0,0,0,0,0,0,1,0,0,0,0,0,0,0,0,0,1,0,0,0,0,2042,1692,116,9,204.0,2,1,1.0,0.1666666666666666,6.0,1,9,83,5,1,1,1,116,1,116,0,0.5714285714285714,1,18,48,9,14,0.5991189427312775
1178,1178,1179,50,54.0,7681,4,2,5,6,1921,1950,0.0,3,3,3,3,1,1,0,1,0,731,731,4,1,4,820,523,0,1343,0,0,1,1,3,1,3,7,7,186,2,192,0,102,0,0,0,0.0,0,0,7,2009,11.950541482162045,0,0,0,1,0,0,0,0,0,0,0,0,1,2.0,1,False,False,False,False,True,4.0,2.772588722239781,6,0,0,1,0,1,0,0,0,0,0,0,1,0,1,0,0,0,1,0,0,0,0,0,0,0,1,0,0,0,0,0,0,0,0,0,0,1,0,0,0,0,0,0,0,0,0,0,0,0,0,0,0,0,0,0,0,0,0,0,0,0,0,0,0,0,0,1,0,0,0,0,1,0,0,0,0,0,0,0,0,0,0,0,0,0,0,0,0,0,0,1,0,0,0,0,0,0,0,0,0,0,0,0,0,0,1,0,0,0,0,0,0,0,0,2074,1343,294,11,167.875,2,1,1.5,0.1875,7.5,1,9,88,59,1,0,1,102,1,294,0,0.0,0,18,30,9,15,0.6472289156626506
1179,1179,1180,20,77.0,8335,4,2,5,5,1954,1954,0.0,3,3,0,0,0,0,0,0,0,0,0,3,1,4,1124,0,0,1124,0,0,1,0,3,1,3,5,5,0,0,0,36,190,0,0,0,0.0,0,0,4,2006,11.440365524765756,0,0,0,1,0,0,0,0,0,0,0,0,1,0.0,0,False,False,False,False,False,4.0,2.772588722239781,6,0,0,1,0,1,0,0,0,1,0,0,1,0,0,0,0,0,1,0,0,0,0,0,0,0,1,0,0,0,0,0,0,0,0,0,0,0,1,0,0,0,0,0,0,0,0,0,0,0,0,0,0,0,0,0,0,0,0,0,0,1,0,0,0,0,0,1,0,0,0,0,1,0,0,0,0,0,0,0,0,0,0,0,0,0,0,0,0,0,0,1,0,0,0,0,0,0,0,0,0,0,0,0,0,0,1,0,0,0,0,0,1,0,0,1124,1124,226,9,187.33333333333331,1,0,1.0,0.1666666666666666,5.0,1,9,52,52,0,0,2,226,1,226,0,0.0,0,0,25,9,14,0.9991111111111112
1180,1180,1181,60,0.0,11170,4,2,7,5,1990,1991,0.0,3,3,4,3,1,2,1216,1,0,0,1216,4,1,4,1298,1216,0,2514,0,0,2,1,4,1,3,8,7,693,2,0,0,0,0,0,0,3.0,0,0,4,2006,12.429220196836384,0,0,0,1,0,0,0,0,0,0,0,0,1,2.0,3,True,False,False,False,False,0.0,0.0,6,0,0,1,0,1,0,1,0,0,0,0,1,0,0,0,0,0,1,0,0,0,0,0,0,0,1,0,0,0,0,0,0,0,0,0,0,0,0,0,0,0,0,0,0,0,0,0,0,0,0,0,0,0,1,0,0,0,0,0,0,0,0,0,1,0,0,1,0,0,0,0,1,0,0,0,0,0,0,0,0,0,0,0,0,0,1,0,0,0,0,0,0,0,0,0,0,0,0,0,1,0,0,0,0,0,0,0,0,0,0,0,0,0,1,3730,3730,0,13,279.3333333333333,2,1,2.5,0.2777777777777778,17.5,1,9,16,15,1,0,3,0,0,0,0,0.9991783073130648,1,24,35,9,17,0.6738139908871617
1181,1181,1182,120,64.0,5587,4,1,8,5,2008,2008,186.0,5,3,5,3,4,6,1480,1,0,120,1600,4,1,4,1652,0,0,1652,1,1,2,0,2,1,4,5,7,482,2,162,53,0,153,0,0,0.0,0,0,11,2008,12.880294363972055,0,0,0,0,1,0,0,0,0,0,1,0,0,2.0,4,True,False,False,False,False,4.0,2.772588722239781,6,0,0,0,1,1,0,0,0,0,1,0,0,0,0,0,1,0,1,0,0,0,0,0,0,0,1,0,0,0,0,0,0,0,0,0,0,1,0,0,0,0,0,0,0,0,0,0,0,0,0,0,0,0,0,0,0,0,0,1,0,1,0,0,0,0,0,0,0,1,0,0,1,0,0,0,0,0,0,0,0,0,0,1,0,0,0,0,0,0,0,0,0,0,0,0,0,1,0,0,0,0,0,0,0,0,0,0,0,1,0,1,0,0,0,3252,3132,368,8,275.3333333333333,1,0,3.5,0.5833333333333334,28.0,1,16,0,0,0,1,4,206,1,368,0,0.924422236102436,1,75,40,15,21,0.5078389179219183
1182,1182,1183,60,160.0,15623,4,2,10,5,1996,1996,0.0,4,3,5,3,3,6,2096,1,0,300,2396,4,1,4,2411,2065,0,4476,1,0,3,1,4,1,5,10,7,813,2,171,78,0,0,0,555,2.0,0,0,7,2007,13.521140839642674,0,0,0,0,0,0,0,0,0,0,0,0,1,2.0,3,True,False,False,False,False,3.0,3.295836866004329,6,0,0,1,0,1,0,0,0,0,0,0,1,0,0,0,0,0,1,0,0,0,0,0,0,0,1,0,0,0,0,0,0,0,0,0,0,0,0,0,0,0,0,0,0,0,1,0,0,0,0,0,0,0,0,0,0,0,0,0,0,0,0,0,1,0,0,0,0,1,0,0,1,0,0,0,0,0,0,0,0,0,0,0,0,0,0,0,0,0,0,1,0,0,0,0,0,0,0,1,0,0,0,0,0,0,0,0,0,0,0,1,0,0,0,6872,6572,804,15,406.9090909090909,2,1,4.5,0.4090909090909091,45.0,1,25,11,11,0,0,3,78,1,804,1,0.8744263662911973,1,60,50,12,23,0.6512439982540376
1183,1183,1184,30,60.0,10800,4,2,5,6,1920,1950,0.0,3,3,3,3,1,3,821,1,0,299,1120,4,1,4,1130,0,0,1130,1,0,1,0,2,1,3,5,7,720,2,229,0,0,0,0,0,0.0,0,0,6,2006,11.695255355062796,0,0,0,1,0,0,0,0,0,0,0,0,1,2.0,2,False,False,False,False,True,4.0,2.772588722239781,6,0,0,1,0,1,0,0,0,1,0,0,1,0,0,0,1,0,1,0,0,0,0,0,0,0,1,0,0,0,0,0,0,0,0,0,0,0,0,0,0,0,0,0,0,0,0,0,1,0,0,0,0,0,0,0,0,0,0,0,0,1,0,0,0,0,0,0,0,1,0,0,1,0,0,0,0,0,0,0,0,0,0,0,0,0,0,0,0,1,0,0,0,0,0,0,0,0,0,0,0,0,0,0,1,0,0,0,0,0,0,0,0,0,0,2250,1951,229,8,188.33333333333331,1,0,2.0,0.3333333333333333,10.0,1,9,86,56,1,0,1,0,0,229,0,0.7323818019625334,1,18,30,9,15,0.5019991115059973
1184,1184,1185,20,50.0,35133,4,1,5,4,1963,1963,226.0,3,3,3,3,4,3,1159,1,0,413,1572,3,1,4,1572,0,0,1572,1,0,1,1,3,1,3,5,7,995,2,0,263,0,0,263,0,0.0,0,0,5,2007,12.137263685701864,0,0,0,1,0,0,0,0,0,0,0,0,1,2.0,2,False,False,False,False,False,3.0,3.295836866004329,6,0,0,1,0,0,0,0,0,1,0,0,1,0,0,0,1,0,1,0,0,0,0,0,0,0,1,0,0,0,0,0,0,0,0,0,0,0,0,0,0,0,0,0,0,0,0,0,0,0,0,0,0,0,1,0,0,0,0,0,0,1,0,0,0,0,0,0,0,1,0,0,1,0,0,0,0,0,0,0,0,0,0,0,0,0,1,0,0,0,0,0,0,0,0,0,0,0,0,0,1,0,0,0,0,0,0,0,1,0,1,0,0,0,0,3144,2731,526,9,262.0,1,0,2.5,0.4166666666666667,12.5,1,9,44,44,0,0,2,526,1,526,0,0.736808645899555,1,45,20,9,14,0.4998410174880763
1185,1185,1186,50,60.0,9738,4,2,5,7,1924,1950,0.0,3,4,3,3,1,4,392,1,0,392,784,3,1,4,949,272,0,1221,1,0,1,0,4,1,3,7,7,392,2,0,0,236,0,0,0,0.0,0,0,3,2006,11.560772327227417,0,0,0,1,0,0,0,0,0,0,0,0,1,2.0,2,True,False,False,False,False,0.0,0.0,6,0,0,1,0,1,0,0,0,1,0,0,1,0,0,0,1,0,1,0,0,0,0,0,0,0,1,0,0,0,0,0,0,0,0,0,0,0,1,0,0,0,0,0,0,0,0,0,0,0,0,0,0,0,0,0,0,0,0,0,0,0,0,0,0,0,0,1,0,0,0,0,1,0,0,0,0,0,0,0,0,0,0,0,0,0,0,0,0,0,0,0,0,0,0,0,0,0,0,0,0,0,0,0,0,0,0,0,0,0,0,0,0,0,0,2005,1613,236,12,152.625,2,1,2.0,0.25,10.0,1,9,82,56,1,0,1,236,1,236,0,0.4993630573248407,1,18,35,12,14,0.6086739780658026
1186,1186,1187,190,107.0,10615,4,1,3,5,1900,1970,0.0,3,3,2,3,2,4,440,1,0,538,978,2,1,4,1014,685,0,1699,1,0,2,0,3,2,3,7,7,420,2,0,74,0,0,0,0,0.0,0,0,8,2009,11.461642696843066,0,0,0,0,0,0,0,0,0,0,0,0,1,2.0,1,False,False,False,True,False,0.0,0.0,6,0,0,1,0,1,0,0,0,0,0,0,0,0,0,0,0,0,0,0,0,0,0,0,0,0,0,0,0,0,0,0,0,0,0,0,0,0,0,0,0,0,0,0,0,0,0,0,1,0,0,0,0,0,0,0,1,0,0,0,0,0,0,0,1,0,0,1,0,0,0,0,1,0,0,0,0,0,0,0,0,0,0,0,1,0,0,0,0,0,0,0,0,0,0,0,0,0,1,0,0,0,0,0,0,0,0,0,0,0,1,0,0,0,0,2677,2139,74,12,212.375,2,1,3.0,0.375,9.0,2,9,109,39,1,0,1,74,1,74,0,0.449438202247191,1,18,15,9,11,0.6344286781179985
1187,1187,1188,20,89.0,12461,4,2,8,5,1994,1995,0.0,4,3,4,3,1,6,1456,1,0,168,1624,4,1,4,1624,0,0,1624,1,0,2,0,2,1,4,5,7,757,2,0,114,192,0,0,0,3.0,0,0,7,2006,12.476103599529845,0,0,0,1,0,0,0,0,0,0,0,0,1,2.0,3,True,False,False,False,False,2.0,1.3862943611198906,6,0,0,1,0,1,0,0,0,1,0,0,1,0,0,0,0,0,1,0,0,0,0,0,0,0,1,0,0,0,0,0,0,0,0,0,0,0,0,0,0,0,0,0,0,0,1,0,0,0,0,0,0,0,0,0,0,0,0,0,0,1,0,0,0,0,0,1,0,0,0,0,1,0,0,0,0,0,0,0,0,0,0,0,0,1,0,0,0,0,0,0,0,0,0,0,0,0,0,1,0,0,0,0,0,0,0,0,0,0,0,1,0,0,0,3248,3080,306,8,270.6666666666667,1,0,3.0,0.5,24.0,1,16,12,11,1,0,3,306,1,306,0,0.896,1,24,40,12,20,0.4998461064943059
1188,1188,1189,60,68.0,8935,4,2,7,5,2002,2002,95.0,4,3,4,3,1,1,0,1,0,831,831,4,1,4,831,829,0,1660,0,0,2,1,3,1,4,7,7,493,2,144,68,0,0,0,0,0.0,0,0,7,2009,12.180759965737863,0,0,0,1,0,0,0,0,0,0,0,0,1,2.0,4,True,False,False,False,False,0.0,0.0,6,0,0,1,0,1,0,0,0,0,0,0,1,0,0,0,1,0,1,0,0,0,0,0,0,0,1,0,0,0,0,0,0,0,0,0,1,0,0,0,0,0,0,0,0,0,0,0,0,0,0,0,0,0,0,0,0,0,0,0,0,0,0,0,1,0,0,1,0,0,0,0,1,0,0,0,0,0,0,0,0,0,0,0,0,0,0,0,0,0,1,0,0,0,0,0,0,0,0,0,0,0,0,0,0,1,0,0,1,0,0,1,0,0,0,2491,1660,212,11,207.5,2,1,2.5,0.3125,17.5,1,16,7,7,0,1,4,68,1,212,0,0.0,0,24,35,12,19,0.666131621187801
1189,1189,1190,60,60.0,7500,4,2,7,5,1999,1999,0.0,3,3,3,3,1,1,0,1,0,994,994,3,1,4,1028,776,0,1804,0,0,2,1,3,1,4,7,7,442,2,140,60,0,0,0,0,0.0,0,0,6,2010,12.149507585033072,0,0,0,1,0,0,0,0,0,0,0,0,1,2.0,3,True,False,False,False,False,3.0,2.079441541679836,6,0,0,1,0,1,0,0,0,1,0,0,1,0,0,0,1,0,1,0,0,0,0,0,0,0,1,0,0,0,0,0,0,0,0,0,0,0,0,1,0,0,0,0,0,0,0,0,0,0,0,0,0,0,0,0,0,0,0,0,0,0,0,0,1,0,0,1,0,0,0,0,1,0,0,0,0,0,0,0,0,0,0,0,0,0,0,0,0,0,1,0,0,0,0,0,0,0,0,0,0,0,0,0,0,1,0,0,0,0,0,1,0,0,0,2798,1804,200,11,225.5,2,1,2.5,0.3125,17.5,1,16,11,11,0,0,3,60,1,200,0,0.0,0,18,35,9,17,0.6445158985351911
1190,1190,1191,190,0.0,32463,4,1,4,4,1961,1975,149.0,3,4,3,3,3,4,1159,1,0,90,1249,4,1,4,1622,0,0,1622,1,0,1,0,3,1,3,7,7,1356,2,439,0,0,0,0,0,0.0,0,0,3,2007,12.031725210748633,0,0,0,1,0,0,0,0,0,0,0,0,1,2.0,2,False,False,False,False,False,3.0,2.079441541679836,6,0,0,1,0,1,0,0,0,1,0,1,0,0,0,0,1,0,1,0,0,0,0,0,0,0,1,0,0,0,0,0,0,0,0,0,0,0,0,0,0,0,1,0,0,0,0,0,0,0,0,0,0,0,0,0,1,0,0,0,0,1,0,0,0,0,0,1,0,0,0,0,1,0,0,0,0,0,0,0,0,0,0,0,0,0,1,0,0,0,0,0,0,0,0,0,0,0,0,0,1,0,0,0,0,0,0,0,0,1,1,0,0,0,0,2871,2781,439,11,202.75,1,0,2.0,0.25,8.0,1,9,46,32,1,0,2,0,0,439,0,0.9272,1,36,16,12,14,0.5647632311977716
1191,1191,1192,160,24.0,2645,4,2,8,5,1999,2000,456.0,4,3,4,3,1,1,0,1,0,776,776,4,1,4,764,677,0,1441,0,0,2,1,2,1,4,5,7,492,2,206,0,0,0,0,0,0.0,0,0,11,2007,12.066816325306588,0,0,0,1,0,0,0,0,0,0,0,0,1,2.0,3,False,False,False,False,True,0.0,0.0,6,1,0,0,0,1,1,0,0,1,0,0,1,0,0,0,1,0,1,0,0,0,0,0,0,0,1,0,0,0,0,0,0,0,0,0,0,0,0,0,0,0,0,0,0,0,0,0,0,0,0,0,1,0,0,0,0,0,1,0,0,0,0,0,1,0,0,1,0,0,0,0,1,0,0,0,0,0,0,0,0,0,0,0,0,0,1,0,0,0,0,0,0,0,0,0,0,0,0,0,1,0,0,0,0,0,0,0,1,0,0,1,0,0,0,2217,1441,206,8,240.16666666666663,2,1,2.5,0.4166666666666667,20.0,1,16,8,7,1,1,4,0,0,206,0,0.0,0,24,40,12,20,0.6496844003606853
1192,1192,1193,50,60.0,9600,4,2,5,8,1925,1994,0.0,3,3,3,3,2,1,0,1,0,702,702,3,1,4,842,630,0,1472,0,0,1,0,3,1,4,6,7,250,1,0,0,84,0,0,0,1.0,0,0,7,2007,11.736077016252436,0,0,0,1,0,0,0,0,0,0,0,0,1,2.0,1,False,False,False,False,True,0.0,0.0,6,0,0,0,1,1,0,0,0,1,0,0,1,0,0,0,1,0,1,0,0,0,0,0,0,0,1,0,0,0,0,0,0,0,0,0,0,0,0,0,0,0,0,0,0,0,0,0,1,0,0,0,0,0,0,0,0,0,0,0,0,0,0,0,0,0,0,0,1,0,0,0,1,0,0,0,0,0,0,0,0,0,0,0,0,0,0,0,0,0,1,0,0,0,0,0,0,0,0,0,0,0,0,0,0,1,0,0,0,0,0,1,0,0,0,2174,1472,84,10,210.28571428571428,2,1,1.0,0.1428571428571428,5.0,1,16,82,13,1,0,1,84,1,84,0,0.0,0,27,40,9,15,0.6767816091954023
1193,1193,1194,120,0.0,4500,4,2,6,5,1999,1999,425.0,3,3,5,3,1,6,883,1,0,341,1224,4,1,4,1224,0,0,1224,1,0,2,0,2,1,3,5,7,402,2,0,304,0,0,0,0,0.0,0,0,6,2009,12.013706813470414,0,0,0,1,0,0,0,0,0,0,0,0,1,2.0,3,True,False,False,False,False,0.0,0.0,6,0,0,0,1,1,0,0,0,1,0,0,1,0,1,0,0,0,1,0,0,0,0,0,0,0,1,0,0,0,0,0,0,0,0,0,0,0,0,0,0,0,1,0,0,0,0,0,0,0,0,0,0,0,0,0,0,0,0,1,0,1,0,0,0,0,0,0,0,1,0,0,1,0,0,0,0,0,0,0,0,0,0,0,0,0,0,0,0,0,1,0,0,0,0,0,0,0,0,0,0,0,0,0,0,1,0,0,1,0,0,1,0,0,0,2448,2107,304,8,204.0,1,0,3.0,0.5,18.0,1,9,10,10,0,1,4,304,1,304,0,0.7208163265306122,1,30,30,9,16,0.499795835034708
1194,1194,1195,60,80.0,9364,4,2,6,7,1969,1969,143.0,3,3,3,3,1,5,371,1,0,292,663,2,1,4,663,689,0,1352,0,0,1,1,4,1,3,7,7,299,2,379,36,0,0,0,0,2.0,0,0,3,2010,11.970356641103,0,0,0,1,0,0,0,0,0,0,0,0,1,2.0,2,True,False,False,False,False,0.0,0.0,6,0,0,1,0,1,0,0,0,1,0,0,1,0,0,0,0,0,1,0,0,0,0,0,0,0,1,0,0,0,0,0,0,0,0,0,0,0,0,0,0,0,0,0,0,0,0,0,0,0,1,0,0,0,0,0,0,0,0,0,0,0,0,0,1,0,0,1,0,0,0,0,1,0,0,0,0,0,0,0,0,0,0,0,1,0,0,0,0,0,0,0,0,0,0,0,0,0,1,0,0,0,0,0,0,0,0,0,0,1,1,0,0,0,0,2015,1723,415,12,169.0,2,1,1.5,0.1875,9.0,1,9,41,41,0,0,2,36,1,415,0,0.5587349397590361,1,18,42,9,14,0.6706349206349206
1195,1195,1196,60,51.0,8029,4,2,6,5,2005,2005,0.0,3,3,4,3,1,1,0,1,0,728,728,4,1,4,728,728,0,1456,0,0,2,1,3,1,4,8,7,400,2,100,24,0,0,0,0,0.0,0,0,7,2008,12.07824495582233,0,0,0,1,0,0,0,0,0,0,0,0,1,2.0,4,True,False,False,False,False,0.0,0.0,6,0,0,1,0,1,0,0,0,0,0,0,1,0,0,0,1,0,1,0,0,0,0,0,0,0,1,0,0,0,0,0,0,0,0,0,0,0,0,1,0,0,0,0,0,0,0,0,0,0,0,0,0,0,0,0,0,0,0,0,0,0,0,0,1,0,0,1,0,0,0,0,1,0,0,0,0,0,0,0,0,0,0,0,0,0,0,0,0,0,1,0,0,0,0,0,0,0,0,0,0,0,0,0,0,1,0,0,0,0,0,1,0,0,0,2184,1456,124,12,161.77777777777777,2,1,2.5,0.2777777777777778,15.0,1,16,3,3,0,1,4,24,1,124,0,0.0,0,24,30,9,17,0.6663615560640732
1196,1196,1197,60,58.0,14054,4,2,7,5,2006,2006,0.0,4,3,4,3,3,1,0,1,0,879,879,4,1,4,879,984,0,1863,0,0,2,1,4,1,4,9,7,660,2,100,17,0,0,0,0,0.0,0,0,11,2006,12.29779001527865,0,0,0,0,1,0,0,0,0,0,1,0,0,2.0,4,False,False,True,False,False,4.0,2.772588722239781,6,0,0,1,0,1,0,0,0,0,0,0,1,0,0,0,1,0,1,0,0,0,0,0,0,0,1,0,0,0,0,0,0,0,0,0,0,0,0,1,0,0,0,0,0,0,0,0,0,0,0,0,0,0,0,0,0,0,0,0,0,0,0,0,1,0,0,1,0,0,0,0,1,0,0,0,0,0,0,0,0,0,0,0,0,0,0,0,0,0,1,0,0,0,0,0,0,0,0,0,0,0,0,0,0,1,0,0,0,0,0,1,0,0,0,2742,1863,117,14,186.3,2,1,2.5,0.25,17.5,1,16,0,0,0,1,4,17,1,117,0,0.0,0,48,35,12,19,0.6791833758658403
1197,1197,1198,75,65.0,8850,4,2,7,6,1916,1950,0.0,3,3,3,3,1,1,0,1,0,815,815,4,1,4,815,875,0,1690,0,0,1,0,3,1,3,7,7,225,2,0,0,330,0,0,0,0.0,0,0,7,2006,11.87757552297847,0,0,0,1,0,0,0,0,0,1,0,0,0,2.0,1,False,False,False,False,True,4.0,2.772588722239781,6,0,0,0,1,1,0,0,0,0,0,0,0,0,0,0,0,0,1,0,0,0,0,0,0,0,1,0,0,0,0,0,0,0,0,0,0,0,0,0,0,0,0,0,0,0,0,0,1,0,0,0,0,0,0,0,0,0,0,0,0,0,0,1,0,0,0,1,0,0,0,0,1,0,0,0,0,0,0,0,0,0,0,0,0,0,1,0,0,0,0,0,0,0,0,0,0,0,0,0,1,0,0,0,0,0,0,0,0,0,0,0,0,0,0,2505,1690,330,11,211.25,2,1,1.0,0.125,7.0,1,9,90,56,1,0,1,330,1,330,0,0.0,0,18,42,9,17,0.6743814844373504
1198,1198,1199,20,70.0,9100,4,2,7,5,2001,2001,0.0,4,3,4,3,1,1,0,1,0,1212,1212,4,1,4,1212,0,0,1212,0,0,2,0,3,1,4,6,7,573,2,356,0,0,0,0,0,0.0,0,0,6,2009,12.08954444723597,0,0,0,1,0,0,0,0,0,0,0,0,1,2.0,4,True,False,False,False,False,0.0,0.0,6,0,0,1,0,1,0,0,0,1,0,0,1,0,0,0,1,0,1,0,0,0,0,0,0,0,1,0,0,0,0,0,0,0,0,0,1,0,0,0,0,0,0,0,0,0,0,0,0,0,0,0,0,0,0,0,0,0,0,0,0,1,0,0,0,0,0,1,0,0,0,0,1,0,0,0,0,0,0,0,0,0,0,0,0,0,0,0,0,0,1,0,0,0,0,0,0,0,0,0,0,0,0,0,0,1,0,0,0,0,0,1,0,0,0,2424,1212,356,10,173.14285714285714,1,0,2.0,0.2857142857142857,14.0,1,16,8,8,0,1,4,0,0,356,0,0.0,0,24,35,12,19,0.4997938144329897
1199,1199,1200,20,75.0,11235,4,2,4,5,1963,1979,51.0,3,3,3,3,1,3,547,1,0,504,1051,3,1,4,1382,0,0,1382,0,0,1,1,3,1,3,6,7,459,2,0,82,0,0,0,0,0.0,0,0,10,2006,11.904974309480185,0,0,0,1,0,0,0,0,0,0,0,0,1,2.0,2,True,False,False,False,False,1.0,0.6931471805599453,6,0,0,1,0,1,0,0,0,1,0,0,1,0,0,0,1,0,1,0,0,0,0,0,0,0,1,0,0,0,0,0,0,0,0,0,0,0,0,0,0,0,0,0,0,0,0,0,0,0,1,0,0,0,0,0,0,0,0,0,0,1,0,0,0,0,0,1,0,0,0,0,1,0,0,0,0,0,0,0,0,0,0,0,1,0,0,0,0,0,0,0,0,0,0,0,0,0,1,0,0,0,0,0,0,0,0,0,1,0,1,0,0,0,0,2433,1929,82,10,197.42857142857144,1,0,1.5,0.2142857142857142,6.0,1,9,43,27,1,0,2,82,1,82,0,0.5199619771863118,1,18,20,9,13,0.5677896466721446
1200,1200,1201,20,71.0,9353,4,2,4,5,1970,1970,0.0,3,3,3,3,1,1,0,1,0,864,864,3,1,4,864,0,0,864,0,0,1,0,3,1,3,5,7,280,2,0,0,0,0,0,0,0.0,1,0,7,2006,11.6617850286409,0,0,0,0,0,0,0,0,0,0,0,1,0,2.0,2,True,False,False,False,False,0.0,0.0,6,0,0,1,0,1,0,0,0,1,0,0,1,0,0,0,1,0,1,0,0,0,0,0,0,0,1,0,0,0,0,0,0,0,0,0,0,0,0,0,0,0,0,1,0,0,0,0,0,0,0,0,0,0,0,0,0,0,0,0,0,1,0,0,0,0,0,1,0,0,0,0,1,0,0,0,0,0,0,0,0,0,0,0,0,0,1,0,0,0,0,0,0,0,0,0,0,0,0,0,1,0,0,0,0,0,0,0,0,0,1,0,0,0,0,1728,864,0,9,144.0,1,0,1.0,0.1666666666666666,4.0,1,9,36,36,0,0,2,0,0,0,0,0.0,0,18,20,9,13,0.4997108155002892
1201,1201,1202,60,80.0,10400,4,2,7,5,1998,1998,0.0,3,3,4,3,3,1,0,1,0,866,866,4,1,4,866,913,0,1779,0,0,2,1,3,1,4,6,7,546,2,198,36,0,0,0,0,0.0,0,0,3,2009,12.19552218463499,0,0,0,1,0,0,0,0,0,0,0,0,1,2.0,3,True,False,False,False,False,0.0,0.0,6,0,0,1,0,1,0,0,0,1,0,0,1,0,0,0,0,0,1,0,0,0,0,0,0,0,1,0,0,0,0,0,0,0,0,0,1,0,0,0,0,0,0,0,0,0,0,0,0,0,0,0,0,0,0,0,0,0,0,0,0,0,0,0,1,0,0,1,0,0,0,0,1,0,0,0,0,0,0,0,0,0,0,0,0,0,0,0,0,0,1,0,0,0,0,0,0,0,0,0,0,0,0,0,0,1,0,0,0,0,0,1,0,0,0,2645,1779,234,10,254.14285714285717,2,1,2.5,0.3571428571428571,17.5,1,16,11,11,0,0,3,36,1,234,0,0.0,0,48,35,9,18,0.6723356009070295
1202,1202,1203,50,50.0,6000,4,2,5,8,1925,1997,0.0,3,3,3,3,1,1,0,1,0,884,884,4,1,4,884,464,0,1348,1,0,1,0,3,1,3,5,7,216,0,0,0,208,0,0,0,0.0,0,0,5,2009,11.669937760751914,0,0,0,1,0,0,0,0,0,0,0,0,1,2.0,2,False,False,False,False,True,2.0,1.3862943611198906,6,0,0,0,1,1,0,0,0,1,0,0,1,0,0,0,0,0,1,0,0,0,0,0,0,0,1,0,0,0,0,0,0,0,1,0,0,0,0,0,0,0,0,0,0,0,0,0,0,0,0,0,0,0,0,0,0,0,0,0,0,0,0,0,0,0,0,1,0,0,0,0,1,0,0,0,0,0,0,0,0,0,0,0,0,0,0,0,0,0,0,1,0,0,0,0,0,0,0,0,0,0,0,0,0,0,1,0,0,0,0,0,0,0,0,2232,1348,208,9,224.66666666666663,2,1,2.0,0.3333333333333333,10.0,1,9,84,12,1,0,1,208,1,208,0,0.0,0,18,40,9,15,0.6036721898790864
1203,1203,1204,20,75.0,9750,4,2,7,5,2000,2001,171.0,4,3,4,3,1,1,0,1,0,1630,1630,4,1,4,1630,0,0,1630,0,0,2,0,3,1,4,6,7,451,2,74,234,0,0,0,0,0.0,0,0,10,2009,12.269052139516225,0,0,0,1,0,0,0,0,0,0,0,0,1,2.0,3,True,False,False,False,False,3.0,2.079441541679836,6,0,0,1,0,1,0,0,0,1,0,0,1,0,0,0,1,0,1,0,0,0,0,0,0,0,1,0,0,0,0,0,0,0,0,0,1,0,0,0,0,0,0,0,0,0,0,0,0,0,0,0,0,0,0,0,0,0,0,0,0,1,0,0,0,0,0,1,0,0,0,0,1,0,0,0,0,0,0,0,0,0,0,0,0,0,0,0,0,0,1,0,0,0,0,0,0,0,0,0,0,0,0,0,0,1,0,0,1,0,0,1,0,0,0,3260,1630,308,10,232.8571428571429,1,0,2.0,0.2857142857142857,14.0,1,16,9,8,1,1,4,234,1,308,0,0.0,0,24,35,12,19,0.4998466727997547
1204,1204,1205,20,78.0,10140,4,2,5,6,1975,1975,0.0,3,3,4,3,1,5,788,1,0,268,1056,4,1,4,1074,0,0,1074,1,0,1,1,3,1,3,6,7,495,2,0,88,0,0,0,0,2.0,0,0,7,2006,11.941462360646147,0,0,0,1,0,0,0,0,0,0,0,0,1,2.0,2,True,False,False,False,False,0.0,0.0,6,0,0,1,0,1,0,0,0,1,0,0,1,0,0,0,1,0,1,0,0,0,0,0,0,0,1,0,0,0,0,0,0,0,0,0,0,0,0,0,0,0,0,0,0,1,0,0,0,0,0,0,0,0,0,0,0,0,0,0,0,1,0,0,0,0,0,1,0,0,0,0,1,0,0,0,0,0,0,0,0,0,0,0,1,0,0,0,0,0,0,0,0,0,0,0,0,0,1,0,0,0,0,0,0,0,0,0,0,0,1,0,0,0,0,2130,1862,88,10,153.42857142857142,1,0,2.5,0.3571428571428571,12.5,1,9,31,31,0,0,2,88,1,88,0,0.7455061494796594,1,24,30,9,15,0.5039887376818395
1205,1205,1206,20,90.0,14684,4,2,7,7,1990,1991,234.0,4,3,4,3,2,5,485,4,177,1496,2158,3,1,4,2196,0,0,2196,0,0,2,0,3,1,4,7,7,701,2,84,70,0,0,0,0,0.0,0,0,6,2009,12.513193308436527,0,0,0,1,0,0,0,0,0,0,0,0,1,2.0,3,True,False,False,False,False,3.0,2.079441541679836,6,0,0,1,0,1,0,0,0,0,0,0,1,1,0,0,0,0,1,0,0,0,0,0,0,0,1,0,0,0,0,0,0,0,0,0,0,0,0,0,0,0,0,0,0,0,0,0,0,0,0,1,0,0,0,0,0,0,0,0,0,1,0,0,0,0,0,0,0,1,0,0,1,0,0,0,0,0,0,0,0,0,0,0,1,0,0,0,0,0,0,0,0,0,0,0,0,0,1,0,0,0,0,0,0,0,0,0,1,0,1,0,0,0,0,4354,2858,154,11,274.5,1,0,2.0,0.25,14.0,1,16,19,18,1,0,3,70,1,154,0,0.3066234367762853,1,36,49,12,18,0.504247990815155
1206,1206,1207,20,0.0,8900,4,2,4,4,1966,1966,0.0,3,3,3,3,1,3,1056,1,0,0,1056,2,1,4,1056,0,0,1056,1,0,1,0,2,1,3,5,7,384,2,0,42,0,0,0,0,2.0,0,0,11,2006,11.580593459194764,0,0,0,1,0,0,0,0,0,0,0,0,1,2.0,2,False,False,False,False,True,0.0,0.0,6,0,1,0,0,1,0,0,0,1,0,0,1,0,0,0,1,0,1,0,0,0,0,0,0,0,1,0,0,0,0,0,0,0,0,0,0,0,0,0,0,0,0,0,0,0,0,0,0,0,0,1,0,0,0,0,0,0,0,0,0,1,0,0,0,0,0,1,0,0,0,0,1,0,0,0,0,0,0,0,0,0,0,0,1,0,0,0,0,0,0,0,0,0,0,0,0,0,1,0,0,0,0,0,0,0,0,0,0,0,1,0,0,0,0,2112,2112,42,8,176.0,1,0,2.0,0.3333333333333333,8.0,1,9,40,40,0,0,2,42,1,42,0,0.999053926206244,1,18,16,9,12,0.4997633696166588
1207,1207,1208,20,70.0,9135,4,2,6,5,2003,2003,120.0,4,3,4,3,3,6,340,1,0,1342,1682,4,1,4,1700,0,0,1700,1,0,2,0,3,1,4,7,7,544,2,192,23,0,0,0,0,0.0,0,0,5,2006,12.206077645517674,0,0,0,1,0,0,0,0,0,0,0,0,1,2.0,4,True,False,False,False,False,0.0,0.0,6,0,0,1,0,1,0,0,0,1,0,0,1,0,0,0,1,0,1,0,0,0,0,0,0,0,1,0,0,0,0,0,0,0,0,0,1,0,0,0,0,0,0,0,0,0,0,0,0,0,0,0,0,0,0,0,0,0,0,0,0,1,0,0,0,0,0,1,0,0,0,0,1,0,0,0,0,0,0,0,0,0,0,0,0,0,0,0,0,0,1,0,0,0,0,0,0,0,0,0,0,0,0,0,0,1,0,0,1,0,0,1,0,0,0,3382,2040,215,11,212.5,1,0,3.0,0.375,18.0,1,16,3,3,0,1,4,23,1,215,0,0.202020202020202,1,48,30,12,18,0.5025125628140703
1208,1208,1209,20,70.0,7763,4,2,5,7,1962,1980,0.0,3,4,3,3,1,3,504,4,108,319,931,2,1,4,1283,0,0,1283,1,0,1,0,3,1,3,6,7,506,2,0,0,0,0,0,0,0.0,0,0,10,2008,11.849404844423074,0,0,0,1,0,0,0,0,0,0,0,0,1,2.0,2,False,False,False,False,True,0.0,0.0,6,0,0,1,0,1,0,0,0,1,0,0,1,0,0,0,1,0,1,0,0,0,0,0,0,0,1,0,0,0,0,0,0,0,0,0,0,0,0,0,0,0,0,1,0,0,0,0,0,0,0,0,0,0,0,0,0,0,0,0,0,1,0,0,0,0,0,1,0,0,0,0,1,0,0,0,0,0,0,0,0,0,0,0,0,0,1,0,0,0,0,0,0,0,0,0,0,0,0,0,1,0,0,0,0,0,0,0,0,0,1,0,0,0,0,2214,1895,0,10,183.28571428571428,1,0,2.0,0.2857142857142857,10.0,1,9,46,28,1,0,2,0,0,0,0,0.6566523605150214,1,18,35,12,13,0.5792325056433408
1209,1209,1210,20,85.0,10182,4,2,8,5,2006,2006,420.0,4,3,5,3,2,6,1220,1,0,440,1660,4,1,4,1660,0,0,1660,1,0,2,0,3,1,4,8,7,500,2,322,50,0,0,0,0,0.0,0,0,5,2006,12.577639650232571,0,0,0,0,1,0,0,0,0,0,1,0,0,2.0,4,True,False,False,False,False,4.0,2.772588722239781,6,0,0,1,0,1,0,0,0,0,0,0,1,1,0,0,0,0,0,0,0,0,0,0,1,0,1,0,0,0,0,0,0,0,0,0,0,0,0,0,0,0,0,0,0,0,0,0,0,0,0,0,1,0,0,0,0,0,0,0,0,1,0,0,0,0,0,0,0,1,0,0,1,0,0,0,0,0,0,0,0,0,0,0,0,0,0,0,0,0,1,0,0,0,0,0,0,0,0,0,0,0,0,0,0,1,0,0,0,1,0,1,0,0,0,3320,2880,372,12,184.44444444444449,1,0,3.0,0.3333333333333333,24.0,1,16,0,0,0,1,4,50,1,372,0,0.7344972907886815,1,45,40,12,20,0.4998494429388738
1210,1210,1211,60,70.0,11218,4,2,6,5,1992,1992,0.0,4,3,4,3,1,1,0,1,0,1055,1055,4,1,4,1055,790,0,1845,0,0,2,1,3,1,4,8,7,462,2,635,104,0,0,0,0,3.0,1,400,5,2010,12.149507585033072,0,0,0,1,0,0,0,0,0,0,0,0,1,2.0,3,True,False,False,False,False,3.0,2.079441541679836,6,0,0,1,0,1,0,0,0,1,0,0,1,0,0,0,1,0,1,0,0,0,0,0,0,0,1,0,0,0,0,0,0,0,0,0,0,0,0,0,0,0,0,0,0,0,0,0,0,0,0,1,0,0,0,0,0,0,0,0,0,0,0,0,1,0,0,1,0,0,0,0,1,0,0,0,0,0,0,0,0,0,0,0,0,0,0,0,0,0,0,1,0,0,0,0,0,0,0,0,0,0,0,0,0,0,1,0,0,0,0,1,0,0,0,2900,1845,739,12,205.0,2,1,2.5,0.2777777777777778,15.0,1,16,18,18,0,0,3,104,1,739,0,0.0,0,24,30,12,18,0.6359875904860393
1211,1211,1212,50,152.0,12134,4,1,8,7,1988,2005,0.0,4,3,4,3,3,6,427,1,0,132,559,3,1,4,1080,672,0,1752,0,0,2,0,4,1,3,8,7,492,2,325,12,0,0,0,0,0.0,0,0,6,2010,12.00762780434872,0,0,0,1,0,0,0,0,0,0,0,0,1,2.0,3,False,True,False,False,False,0.0,0.0,6,0,0,1,0,1,0,0,0,0,0,0,0,0,0,0,1,0,1,0,0,0,0,0,0,0,1,0,0,0,0,0,0,0,0,0,0,0,0,1,0,0,0,0,0,0,0,0,0,0,0,0,0,0,0,0,0,0,0,0,0,0,0,0,0,0,0,1,0,0,0,0,1,0,0,0,0,0,0,0,0,0,0,0,0,0,0,0,0,0,0,1,0,0,0,0,0,0,0,0,0,0,0,0,0,0,1,0,0,0,0,0,0,0,1,2311,2179,337,13,194.66666666666663,2,1,2.0,0.2222222222222222,16.0,1,9,22,5,1,1,3,12,1,337,0,0.7625,1,48,56,12,18,0.7577854671280276
1212,1212,1213,30,50.0,9340,4,2,4,6,1941,1950,0.0,3,3,3,3,1,3,344,1,0,328,672,2,1,4,672,0,0,672,1,0,1,0,2,1,3,4,7,234,0,0,113,0,0,0,0,0.0,0,0,8,2009,11.635151947212842,0,0,0,1,0,0,0,0,0,0,0,0,1,2.0,1,True,False,False,False,False,0.0,0.0,6,0,0,1,0,1,0,0,0,1,0,0,1,0,0,0,1,0,1,0,0,0,0,0,0,0,1,0,0,0,0,0,0,0,0,0,0,0,1,0,0,0,0,0,0,0,0,0,0,0,0,0,0,0,0,0,0,0,0,0,0,1,0,0,0,0,0,0,0,1,0,0,1,0,0,0,0,0,0,0,0,0,0,0,0,0,1,0,0,0,0,0,0,0,0,0,0,0,0,0,1,0,0,0,0,0,0,0,0,0,1,0,0,0,0,1344,1016,113,7,134.4,1,0,2.0,0.4,8.0,1,9,68,59,1,0,1,113,1,113,0,0.5111441307578009,1,18,24,9,12,0.4996282527881041
1213,1213,1214,80,0.0,10246,4,2,4,9,1965,2001,0.0,3,4,3,4,3,6,648,1,0,0,648,4,1,4,960,0,0,960,1,1,0,0,0,1,3,3,7,364,2,88,0,0,0,0,0,0.0,0,0,5,2006,11.884495917930655,0,0,0,1,0,0,0,0,0,0,0,0,1,2.0,2,True,False,False,False,False,0.0,0.0,6,0,0,1,0,1,0,0,0,0,0,0,1,1,0,0,0,0,1,0,0,0,0,0,0,0,1,0,0,0,0,0,0,0,0,0,0,0,0,0,0,0,0,0,0,0,0,0,0,0,1,0,0,0,0,0,0,0,0,0,0,0,0,0,0,0,1,1,0,0,0,0,1,0,0,0,0,0,0,0,0,0,0,0,0,0,0,0,0,0,1,0,0,0,0,0,0,0,0,0,0,0,0,0,0,1,0,0,0,0,1,0,0,0,0,1608,1608,88,4,240.0,1,0,1.5,0.375,6.0,1,9,41,5,1,1,2,0,0,88,0,0.9984591679506932,1,48,36,12,14,0.5966438781852083
1214,1214,1215,85,69.0,10205,4,2,5,5,1962,1962,0.0,3,3,3,3,3,4,784,1,0,141,925,2,1,4,999,0,0,999,1,0,1,0,3,1,3,6,7,300,2,150,72,0,0,0,0,0.0,0,0,5,2006,11.80932691294063,0,0,0,1,0,0,0,0,0,0,0,0,1,2.0,2,True,False,False,False,False,0.0,0.0,6,0,0,1,0,1,0,0,0,0,0,0,1,0,0,0,1,0,1,0,0,0,0,0,0,0,1,0,0,0,0,0,0,0,0,0,0,0,0,0,0,0,0,1,0,0,0,0,0,0,0,0,0,0,0,0,0,0,0,0,0,0,0,0,0,1,0,1,0,0,0,0,1,0,0,0,0,0,0,0,0,0,0,0,0,0,1,0,0,0,0,0,0,0,0,0,0,0,0,0,1,0,0,0,0,0,0,0,0,0,1,0,0,0,0,1924,1783,222,10,142.71428571428572,1,0,2.0,0.2857142857142857,10.0,1,9,44,44,0,0,2,72,1,222,0,0.8466522678185745,1,36,25,9,13,0.518961038961039
1215,1215,1216,20,99.0,7094,4,2,5,5,1966,1966,0.0,3,3,3,3,1,3,180,2,374,340,894,2,1,4,894,0,0,894,0,0,1,0,3,1,3,5,7,384,2,0,0,0,0,0,0,2.0,0,0,5,2007,11.736077016252436,0,0,0,1,0,0,0,0,0,0,0,0,1,2.0,2,False,False,False,False,True,0.0,0.0,6,0,0,1,0,1,0,0,0,0,0,0,1,0,0,0,1,0,1,0,0,0,0,0,0,0,1,0,0,0,0,0,0,0,0,0,0,0,0,0,0,0,0,0,0,0,0,0,0,0,1,0,0,0,0,0,0,0,0,0,0,1,0,0,0,0,0,1,0,0,0,0,1,0,0,0,0,0,0,0,0,0,0,0,0,0,0,0,0,0,1,0,0,0,0,0,0,0,0,0,0,0,0,0,0,1,0,0,0,0,1,0,0,0,0,1788,1448,0,9,149.0,1,0,1.0,0.1666666666666666,5.0,1,9,41,41,0,0,2,0,0,0,0,0.6189944134078212,1,18,25,9,13,0.499720514253773
1216,1216,1217,90,68.0,8930,4,2,6,5,1978,1978,0.0,3,3,0,0,0,0,0,0,0,0,0,2,1,4,1318,584,0,1902,0,0,2,0,4,2,3,8,7,539,2,0,0,0,0,0,0,0.0,0,0,4,2010,11.6262630788088,0,0,0,1,0,0,0,0,0,0,0,0,1,2.0,2,True,False,False,False,False,0.0,0.0,6,0,0,0,1,1,0,0,0,1,0,0,1,0,0,0,1,0,0,0,0,1,0,0,0,0,1,0,0,0,0,0,0,0,0,0,0,0,0,0,0,0,0,0,0,0,0,0,0,0,1,0,0,0,0,0,0,1,0,0,0,0,0,0,0,0,0,1,0,0,0,0,1,0,0,0,0,0,0,0,0,0,0,0,0,0,0,0,0,0,1,0,0,0,0,0,0,0,0,0,0,0,0,0,0,1,0,0,0,0,0,0,1,0,0,1902,1902,0,14,211.33333333333331,2,1,2.0,0.2222222222222222,12.0,2,9,32,32,0,0,2,0,0,0,0,0.0,0,0,30,9,14,0.999474513925381
1217,1217,1218,20,72.0,8640,4,2,8,5,2009,2009,72.0,4,3,4,3,2,6,936,1,0,364,1300,4,1,4,1314,0,0,1314,1,0,2,0,3,1,4,6,7,552,2,135,112,0,0,0,0,0.0,0,0,9,2009,12.343470927093518,0,0,0,0,1,0,0,0,0,0,1,0,0,2.0,4,True,False,False,False,False,0.0,0.0,6,1,0,0,0,1,0,0,0,1,0,0,1,0,0,0,1,0,1,0,0,0,0,0,0,0,1,0,0,0,0,0,0,0,0,0,0,0,0,0,0,0,0,0,0,0,0,0,0,0,0,0,1,0,0,0,0,0,0,0,0,1,0,0,0,0,0,1,0,0,0,0,1,0,0,0,0,0,0,0,0,0,0,1,0,0,0,0,0,0,0,0,0,0,0,0,0,1,0,0,0,0,0,0,0,0,0,0,0,1,0,1,0,0,0,2614,2250,247,10,187.7142857142857,1,0,3.0,0.4285714285714285,24.0,1,16,0,0,0,1,4,112,1,247,0,0.7194465795541891,1,36,40,12,20,0.5024856596558317
1218,1218,1219,50,52.0,6240,4,2,4,5,1947,1950,0.0,3,3,0,0,0,0,0,0,0,0,0,3,0,4,672,240,0,912,0,0,1,0,2,1,3,3,7,0,0,0,0,0,0,0,0,0.0,0,0,7,2006,11.296024885689746,0,0,0,1,0,0,0,0,0,0,0,0,1,0.0,0,False,False,False,False,False,0.0,0.0,6,0,0,0,1,1,0,0,0,1,0,0,1,0,0,0,1,0,1,0,0,0,0,0,0,0,1,0,0,0,0,0,0,0,1,0,0,0,0,0,0,0,0,0,0,0,0,0,0,0,0,0,0,0,0,0,0,0,0,0,0,0,0,0,0,0,0,1,0,0,0,0,1,0,0,0,0,0,0,0,0,0,0,0,0,0,0,0,0,0,0,0,0,0,0,0,0,0,0,0,0,0,0,0,0,0,0,0,0,0,0,0,1,0,0,912,912,0,6,228.0,2,1,1.0,0.25,4.0,1,9,59,56,1,0,2,0,0,0,0,0.0,0,0,20,9,13,0.9989047097480832
1219,1219,1220,160,21.0,1680,4,2,6,5,1971,1971,236.0,3,3,3,3,1,1,0,1,0,672,672,2,1,4,672,546,0,1218,0,0,1,1,3,1,3,7,7,0,0,201,0,0,0,0,0,0.0,0,0,4,2006,11.42410518016564,0,0,0,0,0,0,0,0,0,0,0,0,1,0.0,0,False,False,False,False,False,0.0,0.0,6,0,0,0,1,1,0,0,0,1,0,0,1,0,0,0,1,0,1,0,0,0,0,0,0,0,1,0,0,0,0,0,0,1,0,0,0,0,0,0,0,0,0,0,0,0,0,0,0,0,0,0,0,0,0,0,0,0,1,0,0,0,0,0,1,0,0,1,0,0,0,0,1,0,0,0,0,0,0,0,0,0,0,1,0,0,0,0,0,0,0,0,0,0,0,0,0,1,0,0,0,0,0,0,0,0,0,0,1,0,1,0,0,0,0,1890,1218,201,11,152.25,2,1,1.5,0.1875,9.0,1,9,35,35,0,0,2,0,0,201,0,0.0,0,18,30,9,14,0.6441036488630354
1220,1220,1221,20,66.0,7800,4,2,5,5,1964,1964,0.0,3,3,3,3,1,3,312,2,600,0,912,2,1,4,912,0,0,912,0,0,1,0,2,1,3,5,7,288,2,0,0,0,0,0,0,0.0,0,0,11,2006,11.652696102959752,0,0,0,0,0,0,0,0,0,0,0,0,1,2.0,2,True,False,False,False,False,0.0,0.0,6,0,0,1,0,1,0,0,0,0,0,0,1,0,0,0,1,0,1,0,0,0,0,0,0,0,1,0,0,0,0,0,0,0,0,0,0,0,0,0,0,0,0,1,0,0,0,0,0,0,0,0,0,0,0,0,0,0,0,0,0,1,0,0,0,0,0,1,0,0,0,0,1,0,0,0,0,0,0,0,0,0,0,0,0,0,0,0,0,0,0,1,0,0,0,0,0,0,0,0,0,0,0,0,0,0,1,0,0,0,1,0,0,0,0,1824,1824,0,8,152.0,1,0,1.0,0.1666666666666666,5.0,1,9,42,42,0,0,2,0,0,0,0,0.9989047097480832,1,18,25,9,13,0.4997260273972603
1221,1221,1222,20,55.0,8250,4,2,5,5,1968,1968,0.0,3,3,3,3,1,4,250,2,492,210,952,4,1,4,1211,0,0,1211,0,0,1,0,3,1,3,5,7,322,2,0,63,0,0,0,0,0.0,0,0,8,2008,11.80560254159177,0,0,0,1,0,0,0,0,0,0,0,0,1,2.0,2,True,False,False,False,False,3.0,2.079441541679836,6,0,0,1,0,1,0,0,0,1,0,0,1,0,0,0,1,1,0,0,0,0,0,0,0,0,1,0,0,0,0,0,0,0,0,0,0,0,0,0,0,0,0,0,0,0,0,0,0,0,1,0,0,0,0,0,0,0,0,0,0,1,0,0,0,0,0,0,0,1,0,0,1,0,0,0,0,0,0,0,0,0,0,0,1,0,0,0,0,0,0,0,0,0,0,0,0,0,1,0,0,0,0,0,0,0,0,0,0,0,1,0,0,0,0,2163,1953,63,9,201.83333333333331,1,0,1.0,0.1666666666666666,5.0,1,9,40,40,0,0,2,63,1,63,0,0.7785939139559287,1,18,25,9,15,0.5596118299445472
1222,1222,1223,50,78.0,10496,4,2,6,6,1949,1950,320.0,3,3,3,3,2,3,196,1,0,844,1040,4,1,4,1168,678,0,1846,0,0,2,0,3,1,3,7,7,315,2,0,0,0,0,0,0,1.0,0,0,1,2007,11.870606902224589,0,0,0,1,0,0,0,0,0,0,0,0,1,2.0,1,True,False,False,False,False,4.0,2.772588722239781,6,0,0,1,0,1,0,0,0,1,0,0,1,0,0,0,1,0,0,0,0,0,0,0,0,0,1,0,0,0,0,0,0,0,0,0,0,0,0,0,0,0,0,1,0,0,0,0,0,0,0,0,0,0,0,0,0,0,0,0,0,0,0,0,0,0,0,1,0,0,0,0,1,0,0,0,0,0,0,0,0,0,0,0,0,0,0,0,0,0,0,1,0,0,0,0,0,0,0,0,0,0,0,0,0,0,1,0,1,0,1,0,0,0,0,2886,2042,0,11,230.75,2,1,2.0,0.25,12.0,1,9,58,57,1,0,2,0,0,0,0,0.1882804995196926,1,27,36,9,16,0.6394180810529961
1223,1223,1224,20,89.0,10680,4,2,5,3,1951,1951,44.0,3,3,3,2,1,2,756,1,0,1380,2136,2,0,3,2136,0,0,2136,0,0,2,0,4,1,3,7,4,528,2,0,30,0,0,0,0,2.0,0,0,10,2006,11.834291315386718,0,0,0,1,0,0,0,0,0,0,0,0,1,2.0,2,False,False,False,False,True,0.0,0.0,6,0,0,1,0,1,0,0,0,1,0,0,1,0,0,0,1,0,1,0,0,0,0,0,0,0,1,0,0,0,0,0,0,0,0,0,0,0,0,0,0,0,0,1,0,0,0,0,0,0,0,0,0,0,0,0,0,0,0,0,0,1,0,0,0,0,0,0,0,1,0,0,1,0,0,0,0,0,0,0,0,0,0,0,0,0,0,0,0,0,0,1,0,0,0,0,0,0,0,0,0,0,0,0,0,0,1,0,1,0,1,0,0,0,0,4272,2892,30,12,267.0,1,0,2.0,0.25,10.0,1,9,55,55,0,0,2,30,1,30,0,0.3537669630322883,1,12,15,9,13,0.4998829861923707
1224,1224,1225,60,60.0,15384,4,2,7,5,2004,2005,0.0,4,3,4,3,3,6,724,1,0,64,788,4,1,4,788,702,0,1490,1,0,2,1,3,1,4,8,7,388,2,100,75,0,0,0,0,0.0,0,0,2,2008,12.122696471358964,0,0,0,1,0,0,0,0,0,0,0,0,1,2.0,4,True,False,False,False,False,4.0,2.772588722239781,6,0,0,1,0,1,0,0,0,0,0,0,1,0,0,0,1,0,0,0,0,0,1,0,0,0,1,0,0,0,0,0,0,0,0,0,0,0,0,1,0,0,0,0,0,0,0,0,0,0,0,0,0,0,0,0,0,0,0,0,0,0,0,0,1,0,0,1,0,0,0,0,1,0,0,0,0,0,0,0,0,0,0,0,0,0,0,0,0,0,1,0,0,0,0,0,0,0,0,0,0,0,0,0,0,1,0,0,0,0,0,1,0,0,0,2278,2214,175,12,165.55555555555554,2,1,3.5,0.3888888888888889,24.5,1,16,4,3,1,1,4,75,1,175,0,0.917617237008872,1,48,35,12,19,0.6537955243527863
1225,1225,1226,80,65.0,10482,4,2,6,8,1958,1958,63.0,3,4,3,3,3,6,507,1,0,81,588,4,1,4,1138,0,0,1138,0,1,1,0,3,1,3,6,7,264,2,224,0,0,0,0,0,0.5,0,0,6,2007,11.884495917930655,0,0,0,1,0,0,0,0,0,0,0,0,1,2.0,2,True,False,False,False,False,0.0,0.0,6,0,0,1,0,1,0,0,0,1,0,0,1,0,0,0,1,0,1,0,0,0,0,0,0,0,1,0,0,0,0,0,0,0,0,0,0,0,0,0,0,0,0,1,0,0,0,0,0,0,0,0,0,0,0,0,0,0,0,0,0,0,0,0,0,0,1,0,0,1,0,0,1,0,0,0,0,0,0,0,0,0,0,0,0,0,0,0,0,0,1,0,0,0,0,0,0,0,0,0,0,0,0,0,0,1,0,0,1,0,1,0,0,0,0,1726,1645,224,10,162.57142857142858,1,0,1.5,0.2142857142857142,9.0,1,9,49,49,0,0,2,0,0,224,0,0.8607809847198642,1,36,48,12,16,0.6589461493920092
1226,1226,1227,60,86.0,14598,4,2,6,5,2007,2007,74.0,4,3,4,3,2,1,0,1,0,894,894,4,1,4,894,1039,0,1933,0,0,2,1,4,1,4,9,7,668,2,100,18,0,0,0,0,0.0,0,0,1,2008,12.273735966890268,0,0,0,1,0,0,0,0,0,0,0,0,1,2.0,4,False,False,True,False,False,4.0,2.772588722239781,6,0,0,1,0,1,0,0,0,0,0,0,1,1,0,0,0,1,0,0,0,0,0,0,0,0,1,0,0,0,0,0,0,0,0,0,0,0,0,0,0,0,0,0,0,0,0,0,0,0,0,0,1,0,0,0,0,0,0,0,0,0,0,0,1,0,0,1,0,0,0,0,1,0,0,0,0,0,0,0,0,0,0,0,0,0,0,0,0,0,1,0,0,0,0,0,0,0,0,0,0,0,0,0,0,1,0,0,0,1,0,1,0,0,0,2827,1933,118,14,193.3,2,1,2.5,0.25,15.0,1,16,1,1,0,1,4,18,1,118,0,0.0,0,36,30,12,18,0.6835219236209336
1227,1227,1228,20,72.0,8872,4,2,5,8,1965,2008,300.0,3,3,3,3,1,5,595,1,0,317,912,4,1,4,912,0,0,912,1,0,1,0,2,1,4,5,7,576,2,0,240,0,0,0,0,0.0,0,0,12,2008,11.898194668458824,0,0,0,1,0,0,0,0,0,0,0,0,1,2.0,3,False,False,False,False,True,0.0,0.0,6,0,0,1,0,1,0,0,0,1,0,0,1,0,0,0,0,0,1,0,0,0,0,0,0,0,1,0,0,0,0,0,0,0,0,0,0,0,0,0,0,0,0,1,0,0,0,0,0,0,0,0,0,0,0,0,0,0,0,0,0,1,0,0,0,0,0,1,0,0,0,0,1,0,0,0,0,0,0,0,0,0,0,0,0,0,0,0,0,0,1,0,0,0,0,0,0,0,0,0,0,0,0,0,0,1,0,0,1,0,1,0,0,0,0,1824,1507,240,8,152.0,1,0,2.0,0.3333333333333333,10.0,1,16,43,0,1,1,2,240,1,240,0,0.651697699890471,1,18,40,9,16,0.4997260273972603
1228,1228,1229,120,65.0,8769,4,2,9,5,2008,2008,766.0,5,3,5,3,1,6,1540,1,0,162,1702,4,1,4,1702,0,0,1702,1,0,1,1,1,1,5,7,7,1052,2,0,72,0,0,224,0,0.0,0,0,10,2008,12.813920618864572,0,0,0,0,1,0,0,0,0,0,1,0,0,2.0,4,True,False,False,False,False,4.0,2.772588722239781,6,0,0,1,0,1,0,0,0,1,0,0,1,0,0,0,0,0,1,0,0,0,0,0,0,0,1,0,0,0,0,0,0,0,0,0,0,0,0,0,0,0,0,0,0,0,0,1,0,0,0,0,0,0,0,0,0,0,0,1,0,1,0,0,0,0,0,0,0,1,0,0,1,0,0,0,0,0,0,0,0,0,0,0,0,0,1,0,0,0,0,0,0,0,0,0,0,0,0,0,1,0,0,0,0,0,0,0,1,0,0,1,0,0,0,3404,3242,296,9,212.75,1,0,2.5,0.3125,22.5,1,25,0,0,0,1,4,296,1,296,0,0.904286553141515,1,30,45,15,23,0.4998531571218796
1229,1229,1230,80,70.0,7910,4,2,5,5,1960,1960,0.0,3,3,3,3,1,5,666,1,0,409,1075,3,1,4,1507,0,0,1507,0,0,2,0,4,1,3,7,3,404,2,0,0,0,0,0,0,1.0,0,0,8,2008,11.751950239425476,0,0,0,1,0,0,0,0,0,0,0,0,1,2.0,2,False,True,False,False,False,0.0,0.0,6,0,0,1,0,1,0,0,0,1,0,0,1,0,0,0,1,0,1,0,0,0,0,0,0,0,1,0,0,0,0,0,0,0,0,0,0,0,0,0,0,0,0,1,0,0,0,0,0,0,0,0,0,0,0,0,0,0,0,0,0,0,0,0,0,0,1,0,0,1,0,0,1,0,0,0,0,0,0,0,0,1,0,0,0,0,0,0,0,0,0,0,0,0,0,0,0,0,1,0,0,0,0,0,0,0,0,0,0,0,1,0,0,0,0,2582,2173,0,12,188.375,1,0,2.0,0.25,10.0,1,9,48,48,0,0,2,0,0,0,0,0.6189591078066915,1,18,25,9,14,0.5834301200154859
1230,1230,1231,90,0.0,18890,4,2,5,5,1977,1977,1.0,3,3,4,3,1,6,498,3,211,652,1361,4,1,4,1361,1259,0,2620,0,0,2,2,4,2,3,12,7,600,0,155,24,145,0,0,0,0.0,2,8300,8,2007,12.154784614286667,0,0,0,1,0,0,0,0,0,0,0,0,1,2.0,2,False,False,True,False,False,3.0,2.079441541679836,6,0,0,1,0,1,0,0,0,0,0,0,1,0,0,0,1,1,0,0,0,0,0,0,0,0,0,0,0,1,0,0,0,0,0,0,0,0,0,0,0,0,0,0,0,0,0,0,0,0,1,0,0,0,0,0,0,1,0,0,0,0,0,0,0,0,0,0,0,0,0,1,1,0,0,0,0,0,0,0,0,0,0,0,0,0,0,1,0,0,0,0,0,0,0,0,0,0,0,0,0,0,1,0,0,0,0,0,0,0,1,0,0,0,0,3981,3329,324,18,201.53846153846155,2,1,3.0,0.2307692307692307,15.0,2,9,30,30,0,0,3,169,1,324,0,0.5205580029368576,1,24,25,9,15,0.6579608237066801
1231,1231,1232,90,70.0,7728,4,2,5,6,1962,1962,120.0,3,3,3,3,3,5,803,1,0,303,1106,2,1,4,1190,0,0,1190,1,0,1,0,3,1,3,6,7,540,2,0,18,0,0,0,0,1.0,0,0,5,2006,11.794345471549745,0,0,0,1,0,0,0,0,0,0,0,0,1,2.0,2,True,False,False,False,False,0.0,0.0,6,0,0,1,0,1,0,0,0,1,0,0,1,0,0,0,1,0,1,0,0,0,0,0,0,0,1,0,0,0,0,0,0,0,0,0,0,0,0,0,0,0,0,1,0,0,0,0,0,0,0,0,0,0,0,0,0,1,0,0,0,0,0,0,0,0,1,0,0,1,0,0,1,0,0,0,0,0,0,0,0,0,0,0,0,0,0,0,0,0,0,1,0,0,0,0,0,0,0,0,0,0,0,0,0,0,1,0,1,0,1,0,0,0,0,2296,1993,18,10,170.0,1,0,2.0,0.2857142857142857,10.0,1,9,44,44,0,0,2,18,1,18,0,0.7253839205058717,1,36,30,9,13,0.5180670439703962
1232,1232,1233,90,70.0,9842,4,2,4,5,1962,1962,0.0,3,3,0,0,0,0,0,0,0,0,0,2,1,4,1224,0,0,1224,0,0,2,0,2,2,3,6,7,462,2,0,0,0,0,0,0,0.0,0,0,3,2007,11.530775206233024,0,0,0,1,0,0,0,0,0,0,0,0,1,2.0,2,False,False,False,True,False,0.0,0.0,6,0,0,1,0,1,0,0,0,1,0,0,1,0,1,0,0,0,1,0,0,0,0,0,0,0,1,0,0,0,0,0,0,0,0,0,0,0,0,0,0,0,0,1,0,0,0,0,0,0,0,0,0,0,0,0,0,1,0,0,0,1,0,0,0,0,0,1,0,0,0,0,1,0,0,0,0,0,0,0,0,0,0,0,1,0,0,0,0,0,0,0,0,0,0,0,0,0,1,0,0,0,0,0,0,0,0,0,0,0,0,0,1,0,0,1224,1224,0,10,174.85714285714286,1,0,2.0,0.2857142857142857,8.0,2,9,45,45,0,0,2,0,0,0,0,0.0,0,0,20,9,12,0.9991836734693876
1233,1233,1234,20,0.0,12160,4,2,5,5,1959,1959,180.0,3,3,3,3,1,3,1000,1,0,188,1188,1,1,4,1188,0,0,1188,1,0,1,0,3,1,3,6,7,531,2,0,0,0,0,0,0,2.0,0,0,5,2010,11.863589378812122,0,0,0,0,0,0,0,0,0,0,0,0,0,2.0,2,True,False,False,False,False,0.0,0.0,6,0,0,1,0,1,0,0,0,0,0,0,1,0,0,0,1,0,1,0,0,0,0,0,0,0,1,0,0,0,0,0,0,0,0,0,0,0,0,0,0,0,0,1,0,0,0,0,0,0,0,0,0,0,0,0,0,0,0,0,0,1,0,0,0,0,0,0,0,1,0,0,1,0,0,0,0,0,0,0,0,0,0,0,0,0,0,1,0,0,0,0,0,0,0,0,0,0,0,0,0,0,1,0,0,0,0,0,1,0,1,0,0,0,0,2376,2188,0,10,169.71428571428572,1,0,2.0,0.2857142857142857,10.0,1,9,51,51,0,0,2,0,0,0,0,0.8410428931875525,1,18,25,9,12,0.4997896508203618
1234,1234,1235,70,55.0,8525,4,2,5,6,1911,1950,0.0,3,3,3,3,3,1,0,1,0,940,940,2,0,3,1024,940,0,1964,0,0,1,1,4,1,3,7,7,0,0,0,192,0,0,0,0,0.0,0,0,11,2008,11.775297421715829,0,0,0,0,0,0,0,0,0,0,0,0,1,0.0,0,False,False,False,False,False,0.0,0.0,6,0,1,0,0,1,0,0,0,1,0,0,0,0,0,0,1,0,1,0,0,0,0,0,0,0,1,0,0,0,0,0,0,0,0,0,0,0,0,0,0,0,0,0,0,0,0,0,0,1,0,0,0,0,0,0,0,0,0,0,0,0,0,0,1,0,0,1,0,0,0,0,1,0,0,0,0,0,0,0,0,0,0,0,0,0,1,0,0,0,0,0,0,0,0,0,0,0,0,0,1,0,0,0,0,0,0,0,0,0,0,1,0,0,0,2904,1964,192,12,245.5,2,1,1.5,0.1875,7.5,1,9,97,58,1,0,1,192,1,192,0,0.0,0,36,30,9,13,0.6760757314974183
1235,1235,1236,70,96.0,13132,4,2,5,5,1914,1950,0.0,3,3,4,3,2,1,0,1,0,747,747,3,1,2,892,892,0,1784,0,0,1,1,4,1,3,9,7,180,0,203,40,0,0,0,0,0.0,0,0,7,2006,11.841423131921784,0,0,0,1,0,0,0,0,0,0,0,0,1,2.0,1,False,False,False,False,True,0.0,0.0,6,0,0,1,0,1,0,0,0,1,0,0,1,0,0,0,1,0,1,0,0,0,0,0,0,0,1,0,0,0,0,0,0,0,0,0,0,1,0,0,0,0,0,0,0,0,0,0,0,0,0,0,0,0,0,0,0,0,0,0,0,0,0,0,1,0,0,1,0,0,0,0,1,0,0,0,0,0,0,0,0,0,0,0,0,0,0,0,0,0,0,1,0,0,0,0,0,0,0,0,0,0,0,0,0,0,1,0,0,0,0,0,0,0,0,2531,1784,243,14,178.4,2,1,1.5,0.15,7.5,1,9,92,56,1,0,1,40,1,243,0,0.0,0,36,25,9,14,0.7045813586097947
1236,1236,1237,160,36.0,2628,4,2,7,5,2003,2003,106.0,4,3,4,3,1,1,0,1,0,764,764,4,1,4,764,862,0,1626,0,0,2,1,2,1,4,6,7,474,2,0,27,0,0,0,0,0.0,0,0,6,2010,12.075400019877522,0,0,0,1,0,0,0,0,0,0,0,0,1,2.0,4,False,False,True,False,False,0.0,0.0,6,0,0,1,0,1,0,0,0,1,0,0,1,0,0,0,1,0,1,0,0,0,0,0,0,0,1,0,0,0,0,0,0,0,0,0,0,0,0,0,0,0,0,0,0,0,0,1,0,0,0,0,0,0,0,0,0,0,1,0,0,0,0,0,1,0,0,1,0,0,0,0,1,0,0,0,0,0,0,0,0,0,0,0,0,0,0,0,0,0,1,0,0,0,0,0,0,0,0,0,0,0,0,0,0,0,0,1,0,1,0,1,0,0,0,2390,1626,27,9,232.28571428571428,2,1,2.5,0.3571428571428571,17.5,1,16,7,7,0,1,4,27,1,27,0,0.0,0,24,35,12,19,0.6800501882057717
1237,1237,1238,60,41.0,12393,4,2,7,5,2004,2005,0.0,4,3,4,3,1,1,0,1,0,847,847,4,1,4,847,1101,0,1948,0,0,2,1,4,1,4,8,7,434,2,100,48,0,0,0,0,0.0,0,0,9,2006,12.180759965737863,0,0,0,1,0,0,0,0,0,0,0,0,1,2.0,4,False,False,True,False,False,4.0,2.772588722239781,6,0,0,1,0,1,0,1,0,0,0,0,1,0,1,0,0,0,1,0,0,0,0,0,0,0,1,0,0,0,0,0,0,0,0,0,1,0,0,0,0,0,0,0,0,0,0,0,0,0,0,0,0,0,0,0,0,0,0,0,0,0,0,0,1,0,0,1,0,0,0,0,1,0,0,0,0,0,0,0,0,0,0,0,0,0,0,0,0,0,1,0,0,0,0,0,0,0,0,0,0,0,0,0,0,1,0,0,0,0,0,1,0,0,0,2795,1948,148,13,216.44444444444449,2,1,2.5,0.2777777777777778,17.5,1,16,2,1,1,1,4,48,1,148,0,0.0,0,24,35,12,19,0.6967095851216023
1238,1238,1239,20,63.0,13072,4,2,6,5,2005,2005,0.0,4,3,4,3,1,1,0,1,0,1141,1141,4,1,4,1141,0,0,1141,0,0,1,1,3,1,3,6,7,484,2,0,0,0,0,0,0,0.0,0,0,3,2006,11.86710429621008,0,0,0,0,0,0,0,0,0,0,0,0,1,2.0,4,False,False,False,False,True,0.0,0.0,6,0,0,1,0,1,0,0,0,1,0,0,1,0,0,0,1,0,0,0,0,1,0,0,0,0,1,0,0,0,0,0,0,0,0,0,0,0,0,0,0,0,0,0,0,0,0,0,0,0,0,1,0,0,0,0,0,0,0,0,0,1,0,0,0,0,0,1,0,0,0,0,1,0,0,0,0,0,0,0,0,0,0,0,0,0,0,0,0,0,1,0,0,0,0,0,0,0,0,0,0,0,0,0,0,1,0,0,0,0,0,1,0,0,0,2282,1141,0,10,163.0,1,0,1.5,0.2142857142857142,9.0,1,9,1,1,0,1,4,0,0,0,0,0.0,0,24,30,12,17,0.4997809899255366
1239,1239,1240,20,64.0,9037,4,2,8,5,2006,2006,32.0,4,3,4,3,3,6,428,1,0,1048,1476,4,1,4,1484,0,0,1484,0,0,2,0,2,1,5,6,7,472,2,120,33,0,0,0,0,0.0,0,0,12,2007,12.490879338036375,0,0,0,1,0,0,0,0,0,0,0,0,1,2.0,4,True,False,False,False,False,4.0,2.772588722239781,6,0,0,1,0,1,0,0,0,0,1,0,0,0,0,0,1,0,1,0,0,0,0,0,0,0,1,0,0,0,0,0,0,0,0,0,0,0,0,0,0,0,0,0,0,0,0,0,0,0,0,0,0,0,1,0,0,0,0,0,0,1,0,0,0,0,0,0,0,1,0,0,1,0,0,0,0,0,0,0,0,0,0,0,0,0,0,0,0,0,1,0,0,0,0,0,0,0,0,0,0,0,0,0,0,1,0,0,1,0,0,1,0,0,0,2960,1912,153,9,212.0,1,0,2.0,0.2857142857142857,16.0,1,25,1,1,0,1,4,33,1,153,0,0.2897765741367637,1,48,40,12,21,0.5011820330969267
1240,1240,1241,60,65.0,8158,4,2,7,5,2003,2003,252.0,4,3,4,3,1,6,550,1,0,334,884,4,1,4,884,884,0,1768,1,0,2,1,3,1,4,8,7,543,2,0,63,0,0,0,0,0.0,0,0,7,2008,12.323415584358154,0,0,0,1,0,0,0,0,0,0,0,0,1,2.0,4,True,False,False,False,False,0.0,0.0,6,0,0,1,0,1,0,0,0,1,0,0,1,0,0,0,1,0,1,0,0,0,0,0,0,0,1,0,0,0,0,0,0,0,0,0,1,0,0,0,0,0,0,0,0,0,0,0,0,0,0,0,0,0,0,0,0,0,0,0,0,0,0,0,1,0,0,1,0,0,0,0,1,0,0,0,0,0,0,0,0,0,0,0,0,0,0,0,0,0,1,0,0,0,0,0,0,0,0,0,0,0,0,0,0,1,0,0,1,0,0,1,0,0,0,2652,2318,63,12,196.44444444444449,2,1,3.5,0.3888888888888889,24.5,1,16,5,5,0,1,4,63,1,63,0,0.6214689265536724,1,24,35,12,19,0.6664153788164342
1241,1241,1242,20,83.0,9849,4,2,7,6,2007,2007,0.0,4,3,4,3,3,1,0,1,0,1689,1689,4,1,4,1689,0,0,1689,0,0,2,0,3,1,4,7,7,954,2,0,56,0,0,0,0,0.0,0,0,6,2007,12.42250975887691,0,0,0,0,1,0,0,0,0,0,1,0,0,2.0,4,True,False,False,False,False,0.0,0.0,6,0,0,1,0,1,0,0,0,1,0,0,1,0,0,0,1,0,1,0,0,0,0,0,0,0,1,0,0,0,0,0,0,0,0,0,0,0,0,0,0,0,0,0,0,0,0,0,0,0,0,0,1,0,0,0,0,0,0,0,0,1,0,0,0,0,0,0,0,1,0,0,1,0,0,0,0,0,0,0,0,0,0,0,0,0,0,0,0,0,1,0,0,0,0,0,0,0,0,0,0,0,0,0,0,1,0,0,0,1,0,1,0,0,0,3378,1689,56,11,211.125,1,0,2.0,0.25,14.0,1,16,0,0,0,1,4,56,1,56,0,0.0,0,48,42,12,19,0.4998520272269902
1242,1242,1243,85,85.0,10625,4,2,7,6,1974,1974,81.0,3,3,4,3,4,6,885,2,168,0,1053,2,1,4,1173,0,0,1173,1,0,2,0,3,1,4,6,7,528,2,0,120,0,0,0,0,2.0,0,0,1,2010,12.04355959836804,0,0,1,0,0,0,0,0,0,0,0,0,1,2.0,2,True,False,False,False,False,3.0,3.295836866004329,6,0,0,1,0,1,0,0,0,1,0,0,1,0,0,0,1,0,1,0,0,0,0,0,0,0,1,0,0,0,0,0,0,0,0,0,0,0,0,0,0,0,0,0,0,1,0,0,0,0,0,0,0,0,0,0,0,0,0,0,0,0,0,0,0,1,0,1,0,0,0,0,1,0,0,0,0,0,0,0,0,0,0,0,0,0,0,1,0,0,0,0,0,0,0,0,0,0,0,0,0,0,1,0,0,0,0,0,1,0,1,0,0,0,0,2226,2226,120,10,167.57142857142858,1,0,3.0,0.4285714285714285,21.0,1,16,36,36,0,0,2,120,1,120,0,0.9990512333965844,1,60,42,9,16,0.5267175572519084
1243,1243,1244,20,107.0,13891,4,2,10,5,2006,2006,0.0,5,3,5,4,4,6,1386,1,0,690,2076,4,1,4,2076,0,0,2076,1,0,2,1,2,1,5,7,7,850,2,216,229,0,0,0,0,0.0,0,0,9,2006,13.049794835104816,0,0,0,0,1,0,0,0,0,0,1,0,0,2.0,4,True,False,False,False,False,4.0,2.772588722239781,6,0,0,1,0,1,0,0,0,1,0,0,1,0,0,0,1,0,1,0,0,0,0,0,0,0,1,0,0,0,0,0,0,0,0,0,0,0,0,0,0,0,0,0,0,0,0,1,0,0,0,0,0,0,0,0,0,0,0,0,0,1,0,0,0,0,0,1,0,0,0,0,1,0,0,0,0,0,0,0,0,0,0,0,0,0,0,0,0,0,1,0,0,0,0,0,0,0,0,0,0,0,0,0,0,1,0,0,0,0,0,1,0,0,0,4152,3462,445,10,259.5,1,0,3.5,0.4375,35.0,1,25,0,0,0,1,4,229,1,445,0,0.667308618199326,1,100,50,15,24,0.4998796051047435
1244,1244,1245,70,0.0,11435,4,1,8,7,1929,1950,0.0,3,3,4,3,1,1,0,1,0,792,792,1,1,4,792,725,0,1517,0,0,1,0,3,1,4,7,7,400,2,0,0,0,0,0,0,0.0,0,0,6,2006,12.345838935721968,0,0,0,1,0,0,0,0,0,0,0,0,1,2.0,1,False,False,False,False,True,4.0,4.394449154672439,6,0,0,1,0,1,0,0,0,0,1,0,0,0,0,0,0,0,1,0,0,0,0,0,0,0,1,0,0,0,0,0,0,0,0,0,0,1,0,0,0,0,0,0,0,0,0,0,0,0,0,0,0,0,0,0,0,0,0,0,0,0,0,0,1,0,0,1,0,0,0,0,1,0,0,0,0,0,0,0,0,1,0,0,0,0,0,0,0,0,0,0,0,0,0,0,0,0,0,0,0,0,0,0,1,0,0,0,0,0,0,1,0,0,0,2309,1517,0,11,189.625,2,1,1.0,0.125,8.0,1,16,77,56,1,0,1,0,0,0,0,0.0,0,24,56,9,16,0.6567099567099567
1245,1245,1246,80,78.0,12090,4,2,6,7,1984,2003,74.0,3,3,4,3,1,1,0,1,0,585,585,4,1,4,1140,728,0,1868,0,0,3,1,3,1,3,7,7,477,2,268,112,0,0,147,0,0.0,0,0,1,2007,12.08954444723597,0,0,0,0,0,0,0,0,0,0,0,0,1,2.0,3,False,False,True,False,False,3.0,2.079441541679836,6,0,0,1,0,1,0,0,0,1,0,0,1,0,0,0,1,0,1,0,0,0,0,0,0,0,1,0,0,0,0,0,0,0,0,0,0,0,0,0,0,0,0,0,0,1,0,0,0,0,0,0,0,0,0,0,0,0,0,0,0,0,0,0,0,0,1,0,0,1,0,0,1,0,0,0,0,0,0,0,0,0,0,0,0,0,0,0,0,0,1,0,0,0,0,0,0,0,0,0,0,0,0,0,0,1,0,0,1,0,1,0,0,0,0,2453,1868,527,11,233.5,2,1,3.5,0.4375,21.0,1,9,23,4,1,1,3,259,1,527,0,0.0,0,24,42,9,16,0.7612061939690301
1246,1246,1247,60,65.0,8125,4,2,7,5,2005,2006,0.0,4,3,4,3,1,1,0,1,0,756,756,4,1,4,756,797,0,1553,0,0,2,1,3,1,4,6,7,615,2,0,45,0,0,0,0,0.0,0,0,3,2006,12.136191879981927,0,0,0,0,1,0,0,0,0,0,1,0,0,2.0,4,True,False,False,False,False,0.0,0.0,6,1,0,0,0,1,0,0,0,1,0,0,1,0,0,0,1,0,1,0,0,0,0,0,0,0,1,0,0,0,0,0,0,0,0,0,0,0,0,0,0,0,0,0,0,0,0,0,0,0,0,0,1,0,0,0,0,0,0,0,0,0,0,0,1,0,0,1,0,0,0,0,1,0,0,0,0,0,0,0,0,0,0,0,0,0,0,0,0,0,1,0,0,0,0,0,0,0,0,0,0,0,0,0,0,1,0,0,0,0,0,1,0,0,0,2309,1553,45,10,221.8571428571429,2,1,2.5,0.3571428571428571,17.5,1,16,1,0,1,1,4,45,1,45,0,0.0,0,24,35,12,19,0.6722943722943723
1247,1247,1248,80,0.0,12328,4,2,6,5,1976,1976,335.0,3,3,3,3,3,6,539,1,0,473,1012,2,1,4,1034,0,0,1034,1,0,1,0,3,1,3,6,7,888,2,0,0,0,0,0,0,0.0,0,0,5,2010,12.042971193457888,0,0,0,1,0,0,0,0,0,0,0,0,1,2.0,2,True,False,False,False,False,0.0,0.0,6,0,0,1,0,1,0,0,0,0,0,0,1,0,0,0,1,0,1,0,0,0,0,0,0,0,1,0,0,0,0,0,0,0,0,0,0,0,0,0,0,0,1,0,0,0,0,0,0,0,0,0,0,0,0,0,0,0,0,0,0,0,0,0,0,0,1,1,0,0,0,0,1,0,0,0,0,0,0,0,0,0,0,0,1,0,0,0,0,0,0,0,0,0,0,0,0,0,1,0,0,0,0,0,0,0,0,0,1,0,1,0,0,0,0,2046,1573,0,10,147.71428571428572,1,0,2.0,0.2857142857142857,12.0,1,9,34,34,0,0,2,0,0,0,0,0.5320829220138203,1,36,30,9,14,0.5051294577430386
1248,1248,1249,75,60.0,9600,4,2,6,5,1917,1950,0.0,3,3,4,3,1,3,319,1,0,416,735,1,0,4,1134,924,0,2058,0,0,1,1,3,1,3,8,7,396,1,0,0,259,0,0,0,0.0,0,0,4,2008,11.771443882099636,0,0,0,1,0,0,0,0,0,0,0,0,1,2.0,1,False,False,False,False,True,4.0,2.772588722239781,4,0,0,0,1,1,0,0,0,1,0,0,1,0,0,0,1,0,1,0,0,0,0,0,0,0,1,0,0,0,0,0,0,0,0,0,0,0,0,0,0,0,0,0,0,0,0,0,1,0,0,0,0,0,0,0,0,0,0,0,0,0,0,1,0,0,0,1,0,0,0,0,1,0,0,0,0,0,0,0,0,0,0,0,0,0,0,0,0,0,0,0,0,0,0,0,0,0,0,0,0,0,0,0,0,0,0,0,0,0,0,0,0,0,0,2793,2377,259,12,228.66666666666663,2,1,1.5,0.1666666666666666,9.0,1,9,91,58,1,0,1,259,1,259,0,0.4334239130434782,1,24,30,9,13,0.7365783822476736
1249,1249,1250,20,60.0,7200,4,2,5,7,1950,1950,0.0,3,3,3,3,1,4,534,3,96,246,876,2,1,4,988,0,0,988,0,0,1,0,3,1,3,6,7,276,2,0,80,0,0,0,0,0.0,0,0,5,2007,11.686887175419702,0,0,0,1,0,0,0,0,0,0,0,0,1,2.0,1,True,False,False,False,False,0.0,0.0,6,0,0,1,0,1,0,0,0,1,0,0,1,0,0,0,1,0,1,0,0,0,0,0,0,0,1,0,0,0,0,0,0,0,0,0,0,0,0,0,0,0,0,1,0,0,0,0,0,0,0,0,0,0,0,0,0,0,0,0,0,1,0,0,0,0,0,1,0,0,0,0,1,0,0,0,0,0,0,0,0,0,0,0,0,0,1,0,0,0,0,0,0,0,0,0,0,0,0,0,1,0,0,0,0,0,0,0,0,0,1,0,0,0,0,1864,1618,80,10,141.14285714285714,1,0,1.0,0.1428571428571428,5.0,1,9,57,57,0,0,2,80,1,80,0,0.7183580387685291,1,18,35,9,13,0.5297587131367292
1250,1250,1251,20,93.0,11160,4,2,7,5,1968,1968,0.0,4,3,3,3,1,5,1065,1,0,1045,2110,4,1,4,2110,0,0,2110,1,0,2,1,3,1,5,8,7,522,2,0,0,0,0,0,0,0.0,0,0,4,2010,12.404927602627597,0,0,0,1,0,0,0,0,0,0,0,0,1,2.0,2,True,False,False,False,False,3.0,3.295836866004329,6,0,0,1,0,1,0,0,0,1,0,0,1,0,0,0,0,0,1,0,0,0,0,0,0,0,1,0,0,0,0,0,0,0,0,0,0,0,0,0,0,0,0,1,0,0,0,0,0,0,0,0,0,0,0,0,0,0,0,0,0,1,0,0,0,0,0,0,0,1,0,0,1,0,0,0,0,0,0,0,0,1,0,0,0,0,0,0,0,0,0,0,0,0,0,1,0,0,0,0,0,0,0,0,0,0,0,0,0,0,1,0,0,0,0,4220,3175,0,12,234.44444444444449,1,0,3.5,0.3888888888888889,24.5,1,25,42,42,0,0,2,0,0,0,0,0.5045002368545712,1,18,35,12,20,0.499881544657664
1251,1251,1252,120,0.0,3136,4,2,7,5,2003,2003,163.0,4,3,4,3,1,1,0,1,0,1405,1405,4,1,4,1405,0,0,1405,0,0,2,0,2,1,4,6,7,478,2,148,36,0,0,0,0,0.0,0,0,3,2006,12.053801032483948,0,0,0,1,0,0,0,0,0,0,0,0,1,2.0,4,True,False,False,False,False,4.0,2.772588722239781,6,0,0,1,0,1,0,0,0,0,0,0,1,0,0,0,0,0,1,0,0,0,0,0,0,0,1,0,0,0,0,0,0,0,0,0,0,0,0,0,0,0,0,0,0,0,0,1,0,0,0,0,0,0,0,0,0,0,0,1,0,1,0,0,0,0,0,1,0,0,0,0,1,0,0,0,0,0,0,0,0,0,0,0,0,0,0,0,0,0,1,0,0,0,0,0,0,0,0,0,0,0,0,0,0,0,0,1,0,1,0,1,0,0,0,2810,1405,184,9,200.7142857142857,1,0,2.0,0.2857142857142857,14.0,1,16,3,3,0,1,4,36,1,184,0,0.0,0,24,35,12,19,0.4998221273568125
1252,1252,1253,20,62.0,9858,4,2,5,6,1968,1968,0.0,3,3,3,3,1,4,510,1,0,354,864,2,1,4,874,0,0,874,1,0,1,0,3,1,3,5,7,288,2,33,0,0,0,0,0,1.0,1,600,11,2009,11.775297421715829,0,0,0,1,0,0,0,0,0,0,0,0,1,2.0,2,True,False,False,False,False,0.0,0.0,6,0,0,1,0,1,0,0,0,1,0,0,1,0,0,0,1,0,1,0,0,0,0,0,0,0,1,0,0,0,0,0,0,0,0,0,0,0,0,0,0,0,1,0,0,0,0,0,0,0,0,0,0,0,0,0,0,0,0,0,0,1,0,0,0,0,0,1,0,0,0,0,1,0,0,0,0,0,0,0,0,0,0,0,1,0,0,0,0,0,0,0,0,0,0,0,0,0,1,0,0,0,0,0,0,0,0,0,0,0,1,0,0,0,0,1738,1384,33,9,145.66666666666666,1,0,2.0,0.3333333333333333,10.0,1,9,41,41,0,0,2,0,0,33,0,0.5895953757225434,1,18,30,9,13,0.5025876940770557
1253,1253,1254,60,0.0,17542,4,2,7,7,1974,2003,0.0,4,3,3,3,4,2,125,5,1031,36,1192,2,1,4,1516,651,0,2167,1,0,2,1,3,1,4,9,7,518,2,220,47,0,0,0,0,2.0,0,0,7,2007,12.59133844767558,0,0,0,1,0,0,0,0,0,0,0,0,1,2.0,2,True,False,False,False,False,4.0,4.394449154672439,6,0,0,1,0,1,0,0,0,0,0,0,1,0,0,0,1,0,1,0,0,0,0,0,0,0,1,0,0,0,0,0,0,0,0,0,0,0,0,0,0,0,0,0,0,0,0,0,0,0,0,0,0,0,0,1,0,0,0,0,0,0,0,0,1,0,0,1,0,0,0,0,1,0,0,0,0,0,0,0,0,0,0,0,0,0,0,0,0,0,0,1,0,0,0,0,0,0,0,0,0,0,0,0,0,0,1,0,0,0,1,0,0,0,0,3359,3323,267,13,216.7,2,1,3.5,0.35,24.5,1,16,33,4,1,1,2,47,1,267,0,0.9689857502095558,1,45,49,12,17,0.6449404761904762
1254,1254,1255,60,60.0,6931,4,2,7,5,2003,2004,92.0,4,3,4,3,1,1,0,1,0,746,746,4,1,4,760,896,0,1656,0,0,2,1,3,1,4,7,7,397,2,178,128,0,0,0,0,0.0,0,0,7,2008,12.016128107502665,0,0,0,1,0,0,0,0,0,0,0,0,1,2.0,4,False,False,True,False,False,4.0,2.772588722239781,6,0,0,1,0,1,0,0,0,1,0,0,1,0,0,0,1,0,1,0,0,0,0,0,0,0,1,0,0,0,0,0,0,0,0,0,0,0,1,0,0,0,0,0,0,0,0,0,0,0,0,0,0,0,0,0,0,0,0,0,0,0,0,0,1,0,0,1,0,0,0,0,1,0,0,0,0,0,0,0,0,0,0,0,0,0,0,0,0,0,1,0,0,0,0,0,0,0,0,0,0,0,0,0,0,1,0,0,0,1,0,1,0,0,0,2402,1656,306,11,207.0,2,1,2.5,0.3125,17.5,1,16,5,4,1,1,4,128,1,306,0,0.0,0,24,35,12,19,0.6891385767790262
1255,1255,1256,50,52.0,6240,4,2,6,6,1931,1950,0.0,3,3,3,2,1,2,425,1,0,459,884,2,1,3,959,408,0,1367,0,0,1,0,3,1,3,6,7,560,2,0,0,0,0,120,0,0.0,0,0,11,2007,11.755879486687116,0,0,0,1,0,0,0,0,0,0,0,0,1,2.0,2,False,False,False,False,True,4.0,2.772588722239781,6,0,0,0,1,1,0,0,0,1,0,0,1,0,0,0,1,0,1,0,0,0,0,0,0,0,1,0,0,0,0,0,0,0,1,0,0,0,0,0,0,0,0,0,0,0,0,0,0,0,0,0,0,0,0,0,0,0,0,0,0,0,0,0,0,0,0,1,0,0,0,0,1,0,0,0,0,0,0,0,0,0,0,0,0,0,0,0,0,0,0,1,0,0,0,0,0,0,0,0,0,0,0,0,0,0,1,0,0,0,0,0,0,0,0,2251,1792,120,10,195.28571428571428,2,1,1.0,0.1428571428571428,6.0,1,9,76,57,1,0,1,120,1,120,0,0.480225988700565,1,12,36,9,14,0.6070159857904085
1256,1256,1257,20,91.0,14303,4,2,8,5,1994,1994,554.0,4,3,4,3,4,6,1314,1,0,672,1986,4,1,4,1987,0,0,1987,1,0,2,0,2,1,4,7,7,691,2,262,36,0,0,0,0,0.0,0,0,8,2008,12.616528611893465,0,0,0,1,0,0,0,0,0,0,0,0,1,2.0,3,True,False,False,False,False,3.0,2.079441541679836,6,0,0,1,0,1,0,0,0,0,0,0,1,0,0,0,0,0,1,0,0,0,0,0,0,0,1,0,0,0,0,0,0,0,0,0,0,0,0,0,0,0,0,0,0,0,1,0,0,0,0,0,0,0,0,0,0,0,0,0,0,1,0,0,0,0,0,0,0,1,0,0,1,0,0,0,0,0,0,0,0,0,0,0,1,0,0,0,0,0,0,0,0,0,0,0,0,0,1,0,0,0,0,0,0,0,0,0,1,0,0,1,0,0,0,3973,3301,298,10,248.375,1,0,3.0,0.375,24.0,1,16,14,14,0,0,3,36,1,298,0,0.6612984398590841,1,60,40,12,20,0.5
1257,1257,1258,30,56.0,4060,4,2,5,8,1922,1950,0.0,3,3,2,3,1,1,0,1,0,864,864,4,1,4,864,0,0,864,0,0,1,0,2,1,3,4,7,0,2,0,96,0,0,0,0,0.0,0,0,7,2009,11.511934974596556,0,0,0,1,0,0,0,0,0,0,0,0,1,0.0,0,False,False,False,False,False,0.0,0.0,6,0,0,1,0,1,0,0,0,1,0,0,1,0,0,0,0,1,0,0,0,0,0,0,0,0,1,0,0,0,0,0,0,0,0,0,0,0,1,0,0,0,0,0,0,0,0,0,0,0,0,0,0,0,0,0,0,0,0,0,0,1,0,0,0,0,0,1,0,0,0,0,1,0,0,0,0,0,0,0,0,0,0,0,0,0,0,0,0,0,0,1,0,0,0,0,0,0,0,0,0,0,0,0,0,0,1,0,0,0,0,1,0,0,0,1728,864,96,7,172.8,1,0,1.0,0.2,5.0,1,9,87,59,1,0,1,96,1,96,0,0.0,0,12,40,9,15,0.4997108155002892
1258,1258,1259,80,59.0,9587,4,2,7,5,2005,2005,182.0,4,3,4,3,4,6,655,1,0,201,856,4,1,4,1166,0,0,1166,1,0,2,0,2,1,4,5,7,400,2,212,0,0,0,0,0,0.0,0,0,7,2008,12.154784614286667,0,0,0,1,0,0,0,0,0,0,0,0,1,2.0,4,True,False,False,False,False,0.0,0.0,6,0,0,1,0,1,0,0,0,0,0,0,1,0,0,0,1,0,1,0,0,0,0,0,0,0,1,0,0,0,0,0,0,0,0,0,0,0,0,1,0,0,0,0,0,0,0,0,0,0,0,0,0,0,0,0,0,0,0,0,0,0,0,0,0,0,1,1,0,0,0,0,1,0,0,0,0,0,0,0,0,0,0,0,0,0,0,0,0,0,1,0,0,0,0,0,0,0,0,0,0,0,0,0,0,1,0,0,0,1,0,1,0,0,0,2022,1821,212,8,194.33333333333331,1,0,3.0,0.5,21.0,1,16,3,3,0,1,4,0,0,212,0,0.764294049008168,1,60,35,12,19,0.5763717251606525
1259,1259,1260,20,65.0,9750,4,2,6,8,1969,1969,0.0,3,3,4,3,1,5,602,2,438,14,1054,3,1,4,1054,0,0,1054,1,0,1,1,3,1,3,6,7,460,2,180,0,0,0,80,0,0.0,0,0,7,2008,11.92504173829169,0,0,0,1,0,0,0,0,0,0,0,0,1,2.0,2,True,False,False,False,False,0.0,0.0,6,0,0,1,0,1,0,0,0,1,0,0,1,0,1,0,0,0,1,0,0,0,0,0,0,0,1,0,0,0,0,0,0,0,0,0,0,0,0,0,0,0,0,1,0,0,0,0,0,0,0,0,0,0,0,0,0,0,0,0,0,1,0,0,0,0,0,1,0,0,0,0,1,0,0,0,0,0,0,0,0,0,0,0,1,0,0,0,0,0,0,0,0,0,0,0,0,0,1,0,0,0,0,0,0,0,0,0,0,0,1,0,0,0,0,2108,2094,260,10,150.57142857142858,1,0,2.5,0.3571428571428571,15.0,1,9,39,39,0,0,2,80,1,260,0,0.985781990521327,1,24,48,9,15,0.4997629208155524
1260,1260,1261,60,0.0,24682,4,2,6,5,1999,1999,0.0,3,3,4,3,1,1,0,1,0,841,841,4,1,4,892,783,0,1675,0,0,2,1,3,1,3,7,7,502,2,0,103,0,0,0,0,0.0,0,0,6,2009,12.10625783509458,0,0,0,1,0,0,0,0,0,0,0,0,1,2.0,3,False,False,True,False,False,3.0,2.079441541679836,6,0,0,1,0,1,0,0,1,0,0,0,1,1,0,0,0,0,0,0,0,0,1,0,0,0,1,0,0,0,0,0,0,0,0,0,0,0,0,1,0,0,0,0,0,0,0,0,0,0,0,0,0,0,0,0,0,0,0,0,0,0,0,0,1,0,0,1,0,0,0,0,1,0,0,0,0,0,0,0,0,0,0,0,0,0,0,0,0,0,1,0,0,0,0,0,0,0,0,0,0,0,0,0,0,1,0,0,0,0,0,1,0,0,0,2516,1675,103,11,209.375,2,1,2.5,0.3125,15.0,1,9,10,10,0,1,4,103,1,103,0,0.0,0,24,30,9,16,0.6654747715534366
1261,1261,1262,20,80.0,9600,4,2,5,6,1956,1956,0.0,3,3,3,3,1,3,504,1,0,546,1050,3,1,4,1050,0,0,1050,0,0,1,0,2,1,3,5,7,338,2,0,0,0,0,0,0,0.0,0,0,6,2009,11.766799946849089,0,0,0,1,0,0,0,0,0,0,0,0,1,2.0,2,True,False,False,False,False,0.0,0.0,6,0,0,1,0,1,0,0,0,1,0,0,1,0,0,0,1,0,1,0,0,0,0,0,0,0,1,0,0,0,0,0,0,0,0,0,0,0,0,0,0,0,0,1,0,0,0,0,0,0,0,0,0,0,0,0,0,0,0,0,0,1,0,0,0,0,0,0,0,1,0,0,1,0,0,0,0,0,0,0,0,0,0,0,0,0,1,0,0,0,0,0,0,0,0,0,0,0,0,0,1,0,0,0,0,0,0,0,0,0,1,0,0,0,0,2100,1554,0,8,175.0,1,0,1.0,0.1666666666666666,5.0,1,9,53,53,0,0,2,0,0,0,0,0.4795432921027592,1,18,30,9,14,0.4997620180866254
1262,1262,1263,50,0.0,11250,4,2,4,5,1957,1989,0.0,3,3,3,3,3,1,0,1,0,1104,1104,4,1,3,1104,684,0,1788,1,0,1,0,5,1,3,8,5,304,2,120,0,0,0,0,0,0.0,0,0,11,2009,11.992266613576142,0,0,0,1,0,0,0,0,0,0,0,0,1,2.0,2,True,False,False,False,False,3.0,3.295836866004329,6,0,0,1,0,1,0,0,0,1,0,0,1,0,0,0,1,0,1,0,0,0,0,0,0,0,1,0,0,0,0,0,0,0,0,1,0,0,0,0,0,0,0,0,0,0,0,0,0,0,0,0,0,0,0,0,0,0,0,0,0,0,0,0,0,0,0,1,0,0,0,0,1,0,0,0,0,0,0,0,0,0,0,0,0,0,0,0,0,0,0,1,0,0,0,0,0,0,0,0,0,0,0,0,0,0,1,0,0,0,1,0,0,0,0,2892,1788,120,14,198.66666666666663,2,1,2.0,0.2222222222222222,8.0,1,9,52,20,1,0,2,0,0,120,0,0.0,0,36,20,9,14,0.6180435534047701
1263,1263,1264,70,60.0,13515,4,2,6,6,1919,1950,0.0,3,3,3,3,1,1,0,1,0,764,764,4,1,3,1060,764,0,1824,0,0,1,0,3,1,3,8,7,520,0,0,0,126,0,0,0,3.0,0,0,7,2007,12.103491596905933,0,0,0,1,0,0,0,0,0,0,0,0,1,2.0,1,False,False,False,False,True,4.0,2.772588722239781,6,0,0,1,0,1,1,0,0,1,0,0,1,0,0,0,1,0,1,0,0,0,0,0,0,0,1,0,0,0,0,0,0,0,1,0,0,0,0,0,0,0,0,0,0,0,0,0,0,0,0,0,0,0,0,0,0,0,0,0,0,0,0,0,1,0,0,0,1,0,0,0,1,0,0,0,0,0,0,0,0,0,0,0,0,0,0,0,0,0,0,1,0,0,0,0,0,0,0,0,0,0,0,0,0,0,1,0,0,0,0,1,0,0,0,2588,1824,126,12,202.66666666666663,2,1,1.0,0.1111111111111111,6.0,1,9,88,57,1,0,1,126,1,126,0,0.0,0,18,36,9,16,0.7045191193511008
1264,1264,1265,120,34.0,4060,4,2,6,5,1998,1999,0.0,4,3,4,3,1,6,266,1,0,1139,1405,4,1,4,1337,0,0,1337,1,0,2,0,2,1,4,5,7,511,2,144,68,0,0,0,0,0.0,0,0,8,2008,12.10625783509458,0,0,0,0,0,0,0,0,0,0,0,0,0,2.0,3,True,False,False,False,False,0.0,0.0,6,0,1,0,0,1,0,0,0,1,0,0,1,0,0,0,1,0,1,0,0,0,0,0,0,0,1,0,0,0,0,0,0,0,0,0,0,0,0,0,0,0,0,1,0,0,0,0,0,0,0,0,0,0,0,0,0,0,0,1,0,1,0,0,0,0,0,1,0,0,0,0,1,0,0,0,0,0,0,0,0,0,0,0,0,0,1,0,0,0,0,0,0,0,0,0,0,0,0,0,1,0,0,0,0,0,0,0,0,0,0,1,0,0,0,2742,1603,212,8,222.83333333333331,1,0,3.0,0.5,18.0,1,16,10,9,1,1,4,68,1,212,0,0.1891891891891892,1,24,30,12,18,0.4874225300765585
1265,1265,1266,160,35.0,3735,4,2,7,5,1999,1999,218.0,4,3,4,3,1,6,450,1,0,241,691,4,1,4,713,739,0,1452,1,0,2,1,3,1,4,6,7,506,2,0,34,0,0,0,0,0.0,0,0,3,2006,12.12215284831553,0,0,0,1,0,0,0,0,0,0,0,0,1,2.0,3,False,False,False,False,True,0.0,0.0,6,1,0,0,0,1,0,0,0,1,0,0,1,0,0,1,0,0,1,0,0,0,0,0,0,0,1,0,0,0,0,0,0,0,0,0,0,0,0,0,0,0,0,0,0,0,0,0,0,0,0,0,1,0,0,0,0,0,0,1,0,0,0,0,1,0,0,0,0,1,0,0,1,0,0,0,0,0,0,0,0,0,0,0,0,0,1,0,0,0,0,0,0,0,0,0,0,0,0,0,1,0,0,0,0,0,0,0,1,0,0,1,0,0,0,2143,1902,34,10,207.42857142857144,2,1,3.5,0.5,24.5,1,16,7,7,0,1,4,34,1,34,0,0.6502890173410405,1,24,35,12,19,0.6772388059701493
1266,1266,1267,190,60.0,10120,4,2,7,4,1910,1950,0.0,2,3,3,3,1,1,0,1,0,925,925,2,0,2,964,925,0,1889,0,0,1,1,4,2,3,9,7,308,0,0,0,264,0,0,0,2.0,0,0,1,2007,11.711784520403112,0,0,0,1,0,0,0,0,0,0,0,0,1,2.0,2,False,False,False,False,True,4.0,2.772588722239781,6,0,0,0,1,1,0,0,0,0,0,0,0,0,0,0,1,1,0,0,0,0,0,0,0,0,1,0,0,0,0,0,0,0,0,0,0,0,0,0,0,0,0,0,0,0,0,0,1,0,0,0,0,0,0,0,1,0,0,0,0,0,0,1,0,0,0,0,0,1,0,0,1,0,0,0,0,0,0,0,0,0,0,0,0,0,0,0,0,0,0,1,0,0,0,0,0,0,0,0,0,0,0,0,0,0,1,0,0,0,1,0,0,0,0,2814,1889,264,15,188.9,2,1,1.5,0.15,10.5,2,9,97,57,1,0,1,264,1,264,0,0.0,0,18,28,6,14,0.6710479573712256
1267,1267,1268,20,89.0,13214,4,2,9,5,2008,2009,0.0,5,3,5,3,4,1,0,1,0,2002,2002,4,1,4,2018,0,0,2018,0,0,2,0,3,1,5,10,7,746,2,144,76,0,0,0,0,0.0,0,0,5,2010,12.843973993864076,0,0,0,1,0,0,0,0,0,0,0,0,1,2.0,4,True,False,False,False,False,4.0,2.772588722239781,6,0,0,1,0,1,0,0,0,0,1,0,0,0,0,0,1,0,1,0,0,0,0,0,0,0,1,0,0,0,0,0,0,0,0,0,0,0,0,0,0,0,0,0,0,0,0,0,0,0,0,0,0,0,1,0,0,0,0,0,0,1,0,0,0,0,0,0,0,1,0,0,1,0,0,0,0,0,0,0,0,0,0,0,0,0,0,0,0,1,0,0,0,0,0,0,0,1,0,0,0,0,0,0,0,0,0,0,0,0,0,1,0,0,0,4020,2018,220,14,183.45454545454547,1,0,2.0,0.1818181818181818,18.0,1,25,2,1,1,1,4,76,1,220,0,0.0,0,75,45,15,23,0.5018652076597861
1268,1268,1269,50,0.0,14100,4,1,8,9,1935,1997,632.0,3,4,3,3,2,3,192,1,0,536,728,4,1,4,1968,1479,0,3447,0,0,3,1,4,1,4,11,7,1014,2,314,12,0,0,0,0,1.0,0,0,5,2008,12.850557278777307,0,0,0,1,0,0,0,0,0,0,0,0,1,2.0,3,False,False,True,False,False,4.0,4.394449154672439,6,0,0,1,0,1,0,0,0,0,0,0,1,0,0,0,1,0,1,0,0,0,0,0,0,0,1,0,0,0,0,0,0,0,0,0,0,1,0,0,0,0,0,0,0,0,0,0,0,0,0,0,0,0,0,0,0,0,0,0,0,0,0,0,0,0,0,1,0,0,0,0,1,0,0,0,0,0,0,0,0,0,0,0,0,0,0,0,0,1,0,0,0,0,0,0,0,0,0,0,0,0,0,0,1,0,0,0,1,0,1,0,0,0,0,4175,3639,326,16,287.25,2,1,3.5,0.2916666666666667,28.0,1,16,73,11,1,0,1,12,1,326,0,0.2633744855967078,1,27,72,12,19,0.8254310344827587
1269,1269,1270,50,78.0,11344,4,2,5,5,1958,1958,180.0,3,3,3,3,1,4,460,1,0,414,874,2,1,3,874,650,0,1524,0,0,1,1,3,1,3,7,7,315,2,0,0,0,0,0,0,1.0,0,0,7,2007,11.87757552297847,0,0,0,1,0,0,0,0,0,0,0,0,1,2.0,2,True,False,False,False,False,0.0,0.0,5,0,0,1,0,1,0,0,0,1,0,0,1,0,0,0,1,1,0,0,0,0,0,0,0,0,1,0,0,0,0,0,0,0,0,0,0,0,0,0,0,0,0,1,0,0,0,0,0,0,0,0,0,0,0,0,0,0,0,0,0,0,0,0,0,0,0,1,0,0,0,0,1,0,0,0,0,0,0,0,0,0,0,0,0,0,1,0,0,0,0,0,0,0,0,0,0,0,0,0,1,0,0,0,0,0,0,0,1,0,1,0,0,0,0,2398,1984,0,11,190.5,2,1,1.5,0.1875,7.5,1,9,49,49,0,0,2,0,0,0,0,0.5257142857142857,1,18,25,9,13,0.6352646936223426
1270,1270,1271,40,0.0,23595,4,0,7,6,1979,1979,0.0,4,3,4,3,4,6,1258,1,0,74,1332,2,1,4,1332,192,0,1524,2,0,0,1,0,1,4,4,7,586,2,268,0,0,0,0,0,0.0,0,0,4,2010,12.468440756144114,0,0,0,1,0,0,0,0,0,0,0,0,1,2.0,2,True,False,False,False,False,3.0,2.079441541679836,6,0,0,1,0,1,0,0,0,1,0,1,0,0,0,0,1,0,1,0,0,0,0,0,0,0,1,0,0,0,0,0,0,0,0,1,0,0,0,0,0,0,0,0,0,0,0,0,0,0,0,0,0,0,0,0,0,0,0,0,0,1,0,0,0,0,0,0,0,0,0,1,0,0,0,0,0,1,0,0,0,0,0,0,0,0,0,1,0,0,0,0,0,0,0,0,0,0,0,0,0,0,1,0,0,0,0,0,0,0,0,1,0,0,0,2856,2782,268,5,304.8,2,1,2.5,0.5,17.5,1,16,31,31,0,0,2,0,0,268,0,0.943735933983496,1,60,42,12,17,0.5334266713335667
1271,1271,1272,20,0.0,9156,4,2,6,7,1968,1968,0.0,3,3,3,3,1,1,0,1,0,1489,1489,3,1,4,1489,0,0,1489,0,0,2,0,3,1,4,7,7,462,2,0,0,0,0,0,0,0.0,0,0,8,2009,12.132162346145597,0,0,0,1,0,0,0,0,0,0,0,0,1,2.0,2,True,False,False,False,False,4.0,2.772588722239781,6,0,0,1,0,1,0,0,0,0,0,0,1,0,0,0,1,0,0,0,1,0,0,0,0,0,1,0,0,0,0,0,0,0,0,0,0,0,0,0,0,0,0,0,0,1,0,0,0,0,0,0,0,0,0,0,0,0,0,0,0,1,0,0,0,0,0,0,0,1,0,0,1,0,0,0,0,0,0,0,0,1,0,0,0,0,0,0,0,0,0,0,0,0,0,1,0,0,0,0,0,0,0,0,0,0,0,0,0,0,1,0,0,0,0,2978,1489,0,11,186.125,1,0,2.0,0.25,12.0,1,16,41,41,0,0,2,0,0,0,0,0.0,0,18,42,9,16,0.4998321584424303
1272,1272,1273,20,0.0,13526,4,2,5,6,1965,1965,114.0,3,3,3,3,1,4,560,2,375,0,935,2,1,4,935,0,0,935,1,0,1,0,3,1,3,5,7,288,2,180,0,0,0,0,0,2.0,0,0,11,2006,11.827743504053696,0,0,0,1,0,0,0,0,0,0,0,0,1,2.0,2,True,False,False,False,False,0.0,0.0,6,0,0,1,0,1,0,0,0,0,0,0,1,1,0,0,0,0,1,0,0,0,0,0,0,0,1,0,0,0,0,0,0,0,0,0,0,0,0,0,0,0,0,0,0,0,0,0,0,0,1,0,0,0,0,0,0,0,0,0,0,1,0,0,0,0,0,0,0,1,0,0,1,0,0,0,0,0,0,0,0,0,0,0,1,0,0,0,0,0,0,0,0,0,0,0,0,0,0,0,0,0,1,0,0,0,0,0,1,0,1,0,0,0,0,1870,1870,180,9,155.83333333333334,1,0,2.0,0.3333333333333333,10.0,1,9,41,41,0,0,2,0,0,180,0,0.998931623931624,1,18,30,9,13,0.4997327632282202
1273,1273,1274,80,124.0,11512,4,2,6,7,1959,2006,84.0,3,3,3,3,3,5,719,1,0,300,1019,3,1,4,1357,0,0,1357,1,0,1,0,2,1,5,5,7,312,2,0,0,0,0,163,0,3.0,0,0,5,2008,12.08391066125752,0,0,0,1,0,0,0,0,0,0,0,0,1,2.0,2,False,True,False,False,False,4.0,2.772588722239781,6,0,0,1,0,1,0,0,0,0,0,0,1,0,0,0,0,0,1,0,0,0,0,0,0,0,1,0,0,0,0,0,0,0,0,0,0,0,1,0,0,0,0,0,0,0,0,0,0,0,0,0,0,0,0,0,0,0,0,0,0,0,0,0,0,0,1,1,0,0,0,0,1,0,0,0,0,0,0,0,0,0,0,0,0,0,0,1,0,0,0,0,0,0,0,0,0,0,0,0,0,0,1,0,0,0,0,0,1,0,1,0,0,0,0,2376,2076,163,8,226.16666666666663,1,0,2.0,0.3333333333333333,12.0,1,25,49,2,1,1,2,163,1,163,0,0.7049019607843138,1,36,42,9,17,0.5708876735380732
1274,1274,1275,50,53.0,5362,4,2,5,6,1910,2003,0.0,3,3,3,3,1,1,0,1,0,661,661,4,1,4,661,589,0,1250,0,0,2,0,3,1,3,8,7,552,2,242,0,81,0,0,0,0.0,0,0,11,2007,11.842236406331557,0,0,0,1,0,0,0,0,0,0,0,0,1,2.0,3,False,False,False,False,True,4.0,2.772588722239781,6,0,0,1,0,1,0,0,0,1,0,0,1,0,0,0,0,0,1,0,0,0,0,0,0,0,1,0,0,0,0,0,0,0,0,0,0,1,0,0,0,0,0,0,0,0,0,0,0,0,0,0,0,0,0,0,0,0,0,0,0,0,0,0,0,0,0,1,0,0,0,0,1,0,0,0,0,0,0,0,0,0,0,0,0,0,0,0,0,0,0,1,0,0,0,0,0,0,0,0,0,0,0,0,0,0,0,1,0,0,0,1,0,0,0,1911,1250,323,12,138.88888888888889,2,1,2.0,0.2222222222222222,10.0,1,9,97,4,1,1,1,81,1,323,0,0.0,0,18,30,9,15,0.6537656903765691
1275,1275,1276,90,95.0,11345,4,2,5,5,1948,1950,567.0,3,3,3,3,1,3,220,1,0,708,928,3,1,3,928,992,0,1920,0,0,2,0,4,2,3,10,7,400,2,0,0,0,0,0,0,0.0,0,0,7,2007,11.827743504053696,0,0,0,1,0,0,0,0,0,0,0,0,1,2.0,1,False,False,False,False,True,0.0,0.0,6,0,0,1,0,1,0,0,0,1,0,0,1,0,0,0,0,1,0,0,0,0,0,0,0,0,1,0,0,0,0,0,0,0,0,0,0,0,0,0,0,0,0,1,0,0,0,0,0,0,0,0,0,0,0,0,0,1,0,0,0,0,0,0,1,0,0,1,0,0,0,0,0,0,0,1,0,0,0,0,0,0,0,0,0,0,0,0,0,0,0,0,0,0,0,0,0,0,0,0,0,0,0,0,0,0,0,0,0,1,1,0,0,0,0,2848,2140,0,16,174.54545454545453,2,1,2.0,0.1818181818181818,10.0,2,9,59,57,1,0,2,0,0,0,0,0.2368137782561894,1,18,25,9,14,0.6739206739206739
1276,1276,1277,60,0.0,12936,4,2,6,6,1972,1972,0.0,3,3,3,4,1,4,593,1,0,130,723,2,1,4,735,660,0,1395,0,1,1,1,3,1,3,6,7,497,2,294,116,0,0,0,0,0.0,0,0,12,2009,11.995357787034976,0,0,0,1,0,0,0,0,0,0,0,0,1,2.0,2,True,False,False,False,False,3.0,2.079441541679836,6,0,0,1,0,1,0,0,0,0,0,0,1,1,0,0,0,0,1,0,0,0,0,0,0,0,1,0,0,0,0,0,0,0,0,0,0,0,0,0,0,0,0,0,0,1,0,0,0,0,0,0,0,0,0,0,0,0,0,0,0,0,0,0,1,0,0,1,0,0,0,0,1,0,0,0,0,0,0,0,0,0,0,0,1,0,0,0,0,0,0,0,0,0,0,0,0,0,0,0,0,0,1,0,0,0,0,0,0,0,1,0,0,0,0,2118,1988,410,10,199.28571428571428,2,1,2.0,0.2857142857142857,12.0,1,9,37,37,0,0,2,116,1,410,0,0.819060773480663,1,24,36,9,14,0.658329400660689
1277,1277,1278,80,0.0,17871,4,2,6,5,1967,1976,359.0,3,3,4,3,3,5,528,1,0,1152,1680,1,1,4,1724,0,0,1724,1,0,1,1,3,1,3,7,7,480,2,0,0,0,0,0,0,0.0,0,0,6,2009,12.19552218463499,0,0,0,1,0,0,0,0,0,0,0,0,1,2.0,2,True,False,False,False,False,4.0,2.772588722239781,6,0,0,1,0,1,0,0,0,0,0,0,1,1,0,0,0,0,1,0,0,0,0,0,0,0,1,0,0,0,0,0,0,0,0,0,0,0,0,0,0,0,0,0,0,1,0,0,0,0,0,0,0,0,0,0,0,0,0,0,0,0,0,0,0,0,1,1,0,0,0,0,1,0,0,0,0,0,0,0,0,0,0,0,1,0,0,0,0,0,0,0,0,0,0,0,0,0,1,0,0,0,0,0,0,0,0,0,1,0,1,0,0,0,0,3404,2252,0,11,215.5,1,0,2.5,0.3125,15.0,1,9,42,33,1,0,2,0,0,0,0,0.314098750743605,1,48,30,9,13,0.5063142437591777
1278,1278,1279,60,75.0,9473,4,2,8,5,2002,2002,0.0,4,3,4,3,1,6,804,1,0,324,1128,4,1,4,1128,903,0,2031,1,0,2,1,3,1,4,7,7,577,2,0,211,0,0,0,0,0.0,0,0,3,2008,12.37581963951765,0,0,0,1,0,0,0,0,0,0,0,0,1,2.0,4,True,False,False,False,False,4.0,2.772588722239781,6,0,0,1,0,1,0,0,0,1,0,0,1,0,0,0,1,0,1,0,0,0,0,0,0,0,1,0,0,0,0,0,0,0,0,0,1,0,0,0,0,0,0,0,0,0,0,0,0,0,0,0,0,0,0,0,0,0,0,0,0,0,0,0,1,0,0,1,0,0,0,0,1,0,0,0,0,0,0,0,0,0,0,0,0,0,0,0,0,0,1,0,0,0,0,0,0,0,0,0,0,0,0,0,0,1,0,0,0,0,0,1,0,0,0,3159,2835,211,11,253.875,2,1,3.5,0.4375,28.0,1,16,6,6,0,1,4,211,1,211,0,0.7121346324180691,1,24,40,12,20,0.6427215189873418
1279,1279,1280,50,60.0,7500,4,2,4,4,1920,1950,0.0,3,4,3,3,1,1,0,1,0,698,698,2,1,3,698,430,0,1128,0,0,1,0,2,1,3,6,7,528,2,30,0,164,0,0,0,0.0,0,0,4,2010,11.133142723386811,0,0,0,0,0,0,0,0,0,0,0,0,0,2.0,2,False,False,False,False,True,0.0,0.0,6,0,0,0,0,1,0,0,0,1,0,0,1,0,0,0,1,0,1,0,0,0,0,0,0,0,1,0,0,0,0,0,0,0,0,0,0,0,0,0,1,0,0,0,0,0,0,0,0,0,0,0,0,0,0,0,0,0,0,0,0,0,0,0,0,0,0,1,0,0,0,0,1,0,0,0,0,0,0,0,0,0,0,0,0,0,1,0,0,0,0,0,0,0,0,0,0,0,0,0,1,0,0,0,0,0,0,0,0,0,1,0,0,0,0,1826,1128,194,9,161.14285714285714,2,1,1.0,0.1428571428571428,4.0,1,9,90,60,1,0,1,164,1,194,0,0.0,0,18,16,12,12,0.6174055829228243
1280,1280,1281,20,67.0,9808,4,2,7,5,2002,2002,110.0,4,3,4,3,1,6,788,1,0,785,1573,4,1,4,1573,0,0,1573,1,0,2,0,3,1,4,6,7,544,2,0,72,0,0,0,0,0.0,0,0,3,2009,12.33270970174018,0,0,0,1,0,0,0,0,0,0,0,0,1,2.0,4,True,False,False,False,False,0.0,0.0,6,0,0,1,0,1,0,0,0,0,0,0,1,0,0,0,1,0,1,0,0,0,0,0,0,0,1,0,0,0,0,0,0,0,0,0,1,0,0,0,0,0,0,0,0,0,0,0,0,0,0,0,0,0,0,0,0,0,0,0,0,1,0,0,0,0,0,1,0,0,0,0,1,0,0,0,0,0,0,0,0,0,0,0,0,0,0,0,0,0,1,0,0,0,0,0,0,0,0,0,0,0,0,0,0,1,0,0,1,0,0,1,0,0,0,3146,2361,72,10,224.7142857142857,1,0,3.0,0.4285714285714285,21.0,1,16,7,7,0,1,4,72,1,72,0,0.5006353240152478,1,24,35,12,19,0.4998411185255799
1281,1281,1282,20,50.0,8049,4,2,7,5,1990,1990,54.0,3,3,4,3,1,5,1053,1,0,256,1309,2,1,4,1339,0,0,1339,1,0,2,0,2,1,3,6,7,484,2,0,58,0,0,90,0,0.0,0,0,7,2006,12.100717685412471,0,0,0,1,0,0,0,0,0,0,0,0,1,3.0,3,True,False,False,False,False,3.0,2.079441541679836,6,0,0,1,0,1,0,0,0,0,0,0,1,1,0,0,0,0,1,0,0,0,0,0,0,0,1,0,0,0,0,0,0,0,0,0,0,0,0,0,0,0,0,0,0,0,0,0,0,0,0,0,0,0,1,0,0,0,0,0,0,1,0,0,0,0,0,0,0,1,0,0,1,0,0,0,0,0,0,0,0,0,0,0,1,0,0,0,0,0,0,0,0,0,0,0,0,0,1,0,0,0,0,0,0,0,0,0,1,0,1,0,0,0,0,2648,2392,148,9,191.28571428571428,1,0,3.0,0.4285714285714285,21.0,1,9,16,16,0,0,3,148,1,148,0,0.8038167938931298,1,24,35,9,15,0.5054737636844092
1282,1282,1283,20,61.0,8800,4,2,5,7,1977,2008,0.0,3,3,4,3,2,2,532,3,144,364,1040,2,1,4,1040,0,0,1040,0,0,2,0,3,1,4,5,7,484,2,0,0,0,0,288,0,0.0,0,0,9,2009,11.921725007667265,0,0,0,1,0,0,0,0,0,0,0,0,1,2.0,2,False,False,False,False,True,0.0,0.0,6,0,0,1,0,1,0,0,0,0,0,0,1,0,0,0,1,0,1,0,0,0,0,0,0,0,1,0,0,0,0,0,0,0,0,0,1,0,0,0,0,0,0,0,0,0,0,0,0,0,0,0,0,0,0,0,0,0,0,0,0,1,0,0,0,0,0,1,0,0,0,0,1,0,0,0,0,0,0,0,0,0,0,0,1,0,0,0,0,0,0,0,0,0,0,0,0,0,1,0,0,0,0,0,0,0,0,0,0,0,1,0,0,0,0,2080,1716,288,9,173.33333333333334,1,0,2.0,0.3333333333333333,10.0,1,16,32,1,1,1,2,288,1,288,0,0.6493756003842459,1,36,35,9,14,0.4997597308986064
1283,1283,1284,90,94.0,9400,4,2,6,5,1971,1971,0.0,3,3,3,3,3,1,0,1,0,912,912,2,1,4,912,912,0,1824,0,0,2,2,4,2,3,8,7,0,2,128,0,0,0,0,0,0.0,0,0,4,2010,11.842236406331557,0,0,0,1,0,0,0,0,0,0,0,0,1,0.0,0,False,False,False,False,False,0.0,0.0,6,0,0,1,0,1,0,0,0,1,0,1,0,0,0,0,0,0,1,0,0,0,0,0,0,0,1,0,0,0,0,0,0,0,0,0,0,0,0,0,0,0,1,0,0,0,0,0,0,0,0,0,0,0,0,0,0,1,0,0,0,0,0,0,1,0,0,0,0,0,1,0,1,0,0,0,0,0,0,0,0,0,0,0,0,0,1,0,0,0,0,0,0,0,0,0,0,0,0,0,0,0,0,0,0,0,0,1,0,0,1,0,0,0,0,2736,1824,128,14,202.66666666666663,2,1,3.0,0.3333333333333333,18.0,2,9,39,39,0,0,2,0,0,128,0,0.0,0,36,30,9,14,0.6664230909755207
1284,1284,1285,50,50.0,9638,4,2,6,7,1919,1990,0.0,3,3,3,3,1,1,0,1,0,804,804,4,1,4,1699,748,0,2447,0,0,2,0,4,1,4,10,5,336,2,272,0,42,0,116,0,0.0,0,0,3,2010,12.037659911047468,0,0,0,1,0,0,0,0,0,0,0,0,1,2.0,2,False,False,False,False,True,4.0,2.772588722239781,6,0,0,1,0,1,0,0,0,1,0,0,1,0,0,0,1,1,0,0,0,0,0,0,0,0,1,0,0,0,0,0,0,0,0,0,0,0,0,0,0,0,0,0,0,0,0,0,0,1,0,0,0,0,0,0,0,0,0,0,0,0,0,0,0,0,0,1,0,0,0,0,1,0,0,0,0,0,0,0,0,0,0,0,0,0,0,0,0,0,0,1,0,0,0,0,0,0,0,0,0,0,0,0,0,0,0,1,0,0,0,1,0,0,0,3251,2447,430,15,222.45454545454547,2,1,2.0,0.1818181818181818,12.0,1,16,91,20,1,0,1,158,1,430,0,0.0,0,18,42,9,17,0.752460024600246
1285,1285,1286,50,50.0,6000,4,2,6,6,1939,1950,0.0,3,2,3,3,1,1,0,1,0,780,780,4,1,2,825,587,0,1412,0,0,1,0,4,1,3,6,7,280,2,45,0,0,0,0,0,0.0,0,0,5,2009,11.794345471549745,0,0,0,1,0,0,0,0,0,0,0,0,1,2.0,1,False,False,False,False,True,4.0,2.772588722239781,6,0,0,0,1,1,0,0,0,1,0,0,1,0,0,0,1,0,1,0,0,0,0,0,0,0,1,0,0,0,0,0,0,0,1,0,0,0,0,0,0,0,0,0,0,0,0,0,0,0,0,0,0,0,0,0,0,0,0,0,0,0,0,0,0,0,0,1,0,0,0,0,1,0,0,0,0,0,0,0,0,0,0,0,0,0,1,0,0,0,0,0,0,0,0,0,0,0,0,0,1,0,0,0,0,0,0,0,0,0,1,0,0,0,0,2192,1412,45,11,201.7142857142857,2,1,1.0,0.1428571428571428,6.0,1,9,70,59,1,0,1,0,0,45,0,0.0,0,18,36,6,16,0.6438668490652075
1286,1286,1287,20,0.0,9790,4,2,6,5,1963,1963,451.0,3,3,3,3,1,5,569,3,81,678,1328,2,1,4,1328,0,0,1328,1,0,1,1,3,1,3,6,7,528,2,0,26,0,0,0,0,0.0,0,0,6,2010,11.870606902224589,0,0,0,1,0,0,0,0,0,0,0,0,1,2.0,2,True,False,False,False,False,4.0,4.394449154672439,6,0,0,1,0,1,0,0,0,1,0,0,1,0,0,0,1,1,0,0,0,0,0,0,0,0,1,0,0,0,0,0,0,0,0,0,0,0,0,0,0,0,0,0,0,1,0,0,0,0,0,0,0,0,0,0,0,0,0,0,0,1,0,0,0,0,0,0,0,1,0,0,1,0,0,0,0,0,0,0,0,0,0,0,1,0,0,0,0,0,0,0,0,0,0,0,0,0,1,0,0,0,0,0,0,0,0,0,1,0,1,0,0,0,0,2656,1978,26,10,189.7142857142857,1,0,2.5,0.3571428571428571,15.0,1,9,47,47,0,0,2,26,1,26,0,0.4890895410082769,1,18,30,9,14,0.4998118178396688
1287,1287,1288,20,0.0,36500,4,1,5,5,1964,1964,621.0,3,4,3,3,3,3,812,1,0,812,1624,1,1,4,1582,0,0,1582,0,1,2,0,4,1,3,7,7,390,0,168,198,0,0,0,0,0.0,0,0,6,2006,12.154784614286667,0,0,0,1,0,0,0,0,0,0,0,0,1,2.0,2,True,False,False,False,False,0.0,0.0,6,0,0,1,0,1,0,0,0,0,0,1,0,0,0,0,1,0,1,0,0,0,0,0,0,0,1,0,0,0,0,0,0,0,0,1,0,0,0,0,0,0,0,0,0,0,0,0,0,0,0,0,0,0,0,0,0,0,0,0,0,1,0,0,0,0,0,1,0,0,0,0,1,0,0,0,0,0,0,0,0,0,0,0,0,0,0,0,0,0,0,1,0,0,0,0,0,0,0,0,0,0,0,0,0,0,1,0,0,0,1,0,0,0,0,3206,2394,366,12,197.75,1,0,2.5,0.3125,12.5,1,9,42,42,0,0,2,198,1,366,0,0.4996923076923077,1,36,25,12,12,0.4932959151855317
1288,1288,1289,120,40.0,5664,4,2,8,5,2000,2000,0.0,4,3,4,3,1,6,1158,1,0,343,1501,4,1,4,1659,0,0,1659,1,0,2,0,2,1,5,5,7,499,2,212,59,0,0,0,0,0.0,0,0,10,2009,12.535379989788607,0,0,0,1,0,0,0,0,0,0,0,0,1,2.0,3,True,False,False,False,False,5.0,3.4657359027997265,6,0,0,1,0,1,0,0,0,0,0,0,1,0,0,0,1,0,1,0,0,0,0,0,0,0,1,0,0,0,0,0,0,0,0,0,0,0,0,0,0,0,0,0,0,0,0,0,0,0,0,0,0,1,0,0,0,0,0,1,0,1,0,0,0,0,0,1,0,0,0,0,1,0,0,0,0,0,0,0,0,0,0,1,0,0,0,0,0,0,0,0,0,0,0,0,0,1,0,0,0,0,0,0,0,0,0,0,0,0,0,1,0,0,0,3160,2817,271,8,276.5,1,0,3.0,0.5,24.0,1,25,9,9,0,1,4,59,1,271,0,0.7709720372836218,1,24,40,12,21,0.5248339133185701
1289,1289,1290,60,86.0,11065,4,2,8,5,2006,2006,788.0,4,3,4,3,2,1,0,1,0,1085,1085,4,1,4,1120,850,0,1970,0,0,2,1,3,1,5,8,7,753,2,177,74,0,0,0,0,0.0,0,0,10,2006,12.546113507028412,0,0,0,0,1,0,0,0,0,0,1,0,0,2.0,4,False,False,True,False,False,4.0,2.772588722239781,6,0,0,1,0,1,0,0,0,0,0,0,1,0,0,0,1,0,1,0,0,0,0,0,0,0,1,0,0,0,0,0,0,0,0,0,0,0,0,0,0,0,0,0,0,0,0,1,0,0,0,0,0,0,0,0,0,0,0,0,0,0,0,0,1,0,0,1,0,0,0,0,1,0,0,0,0,0,0,0,0,0,0,0,0,0,0,0,0,0,1,0,0,0,0,0,0,0,0,0,0,0,0,0,0,1,0,0,0,1,0,1,0,0,0,3055,1970,251,12,218.88888888888889,2,1,2.5,0.2777777777777778,20.0,1,25,0,0,0,1,4,74,1,251,0,0.0,0,36,40,12,21,0.6446335078534031
1290,1290,1291,80,0.0,14112,4,2,5,7,1964,1964,86.0,3,3,3,3,3,6,1014,1,0,138,1152,2,1,4,1152,0,0,1152,1,0,1,0,3,1,3,6,7,484,2,227,0,0,0,0,0,0.0,0,0,4,2010,12.103491596905933,0,0,0,1,0,0,0,0,0,0,0,0,1,2.0,2,True,False,False,False,False,4.0,2.772588722239781,6,0,0,1,0,1,0,0,0,0,0,0,1,0,0,0,0,0,1,0,0,0,0,0,0,0,1,0,0,0,0,0,0,0,0,0,0,0,0,0,0,0,0,1,0,0,0,0,0,0,0,0,0,0,0,0,0,0,0,0,0,0,0,0,0,0,1,0,0,1,0,0,1,0,0,0,0,0,0,0,0,0,0,0,0,0,0,0,0,0,0,1,0,0,0,0,0,0,1,0,0,0,0,0,0,0,0,0,1,0,0,1,0,0,0,2304,2166,227,10,164.57142857142858,1,0,2.0,0.2857142857142857,10.0,1,9,46,46,0,0,2,0,0,227,0,0.8794449262792715,1,36,35,9,13,0.4997830802603037
1291,1291,1292,160,21.0,1680,4,2,5,7,1972,1972,268.0,3,3,3,3,1,5,231,1,0,399,630,2,1,4,630,672,0,1302,0,0,2,1,3,1,3,6,7,264,2,185,0,0,0,0,0,0.0,0,0,2,2009,11.691080018519528,0,0,0,1,0,0,0,0,0,0,0,0,1,2.0,2,False,False,False,False,True,0.0,0.0,6,0,0,0,1,1,0,0,0,1,0,0,1,0,0,0,1,0,1,0,0,0,0,0,0,0,1,0,0,0,0,0,0,1,0,0,0,0,0,0,0,0,0,0,0,0,0,0,0,0,0,0,0,0,0,0,0,0,1,0,0,0,0,0,1,0,0,1,0,0,0,0,1,0,0,0,0,0,0,0,0,0,0,1,0,0,0,0,0,0,0,0,0,0,0,0,0,1,0,0,0,0,0,0,0,0,0,0,1,0,1,0,0,0,0,1932,1533,185,10,186.0,2,1,2.5,0.3571428571428571,12.5,1,9,37,37,0,0,2,0,0,185,0,0.3660855784469096,1,18,35,9,13,0.6735644076564925
1292,1292,1293,70,60.0,6600,4,2,5,4,1892,1965,0.0,3,3,3,3,1,1,0,1,0,994,994,2,0,4,1378,994,0,2372,0,0,2,0,4,2,3,11,5,432,2,0,287,0,0,0,0,0.0,0,0,12,2009,11.58525542883217,0,0,0,1,0,0,0,0,0,0,0,0,1,2.0,3,True,False,False,False,False,0.0,0.0,6,0,0,0,1,1,0,0,0,1,0,0,1,0,0,0,0,0,1,0,0,0,0,0,0,0,1,0,0,0,0,0,0,0,0,0,0,0,0,0,0,0,0,0,0,0,0,0,1,0,0,0,0,0,0,0,0,0,0,0,0,0,0,0,1,0,0,1,0,0,0,0,1,0,0,0,0,0,0,0,0,0,0,0,0,0,0,0,0,0,0,1,0,0,0,0,0,0,0,0,0,0,0,0,0,0,1,0,0,0,0,0,0,1,0,3366,2372,287,17,197.66666666666663,2,1,2.0,0.1666666666666666,10.0,2,9,117,44,1,0,1,287,1,287,0,0.0,0,18,20,9,13,0.7044847044847045
1293,1293,1294,60,78.0,10140,4,2,7,5,1976,1976,0.0,3,3,4,3,1,6,194,1,0,638,832,2,1,4,832,832,0,1664,0,0,2,1,4,1,3,8,7,528,2,0,28,0,0,259,0,1.0,0,0,3,2006,12.000897933306716,0,0,0,1,0,0,0,0,0,0,0,0,1,2.0,2,True,False,False,False,False,3.0,2.079441541679836,6,0,0,1,0,1,0,0,0,1,0,0,1,0,0,0,1,0,1,0,0,0,0,0,0,0,1,0,0,0,0,0,0,0,0,0,0,0,0,0,0,0,0,0,0,1,0,0,0,0,0,0,0,0,0,0,0,0,0,0,0,0,0,0,1,0,0,1,0,0,0,0,1,0,0,0,0,0,0,0,0,0,0,0,1,0,0,0,0,0,0,0,0,0,0,0,0,0,1,0,0,0,0,0,0,0,0,0,0,0,0,1,0,0,0,2496,1858,287,13,184.88888888888889,2,1,2.5,0.2777777777777778,17.5,1,9,30,30,0,0,3,287,1,287,0,0.2328931572629051,1,24,35,9,15,0.6663996796155387
1294,1294,1295,20,60.0,8172,4,2,5,7,1955,1990,0.0,3,3,3,3,1,3,167,1,0,697,864,2,1,4,864,0,0,864,1,0,1,0,2,1,3,5,7,572,0,0,0,0,0,0,0,0.0,0,0,4,2006,11.652696102959752,0,0,0,1,0,0,0,0,0,0,0,0,1,2.0,2,False,False,False,False,True,0.0,0.0,6,0,0,1,0,1,0,0,0,1,0,0,1,0,0,0,1,0,1,0,0,0,0,0,0,0,1,0,0,0,0,0,0,0,0,0,0,0,1,0,0,0,0,0,0,0,0,0,0,0,0,0,0,0,0,0,0,0,0,0,0,1,0,0,0,0,0,0,0,1,0,0,1,0,0,0,0,0,0,0,0,0,0,0,0,0,0,0,0,0,0,0,1,0,0,0,0,0,0,0,0,0,1,0,0,0,0,0,0,0,1,0,0,0,0,1728,1031,0,8,144.0,1,0,2.0,0.3333333333333333,10.0,1,9,51,16,1,0,2,0,0,0,0,0.1930635838150289,1,18,35,9,13,0.4997108155002892
1295,1295,1296,20,70.0,8400,4,2,5,5,1968,1968,168.0,3,3,3,3,3,4,1016,1,0,36,1052,3,1,4,1052,0,0,1052,1,0,1,1,3,1,3,5,7,288,2,356,0,0,0,0,0,1.0,0,0,11,2006,11.83863282480007,0,0,0,1,0,0,0,0,0,0,0,0,1,2.0,2,True,False,False,False,False,0.0,0.0,6,0,0,1,0,1,0,0,0,1,0,0,1,0,0,0,1,1,0,0,0,0,0,0,0,0,1,0,0,0,0,0,0,0,0,0,0,0,0,0,0,0,0,1,0,0,0,0,0,0,0,0,0,0,0,0,0,0,0,0,0,1,0,0,0,0,0,0,0,1,0,0,1,0,0,0,0,0,0,0,0,0,0,0,1,0,0,0,0,0,0,0,0,0,0,0,0,0,1,0,0,0,0,0,0,0,0,0,1,0,1,0,0,0,0,2104,2068,356,9,175.33333333333334,1,0,2.5,0.4166666666666667,12.5,1,9,38,38,0,0,2,0,0,356,0,0.9648622981956316,1,36,25,9,14,0.4997624703087886
1296,1296,1297,20,80.0,8700,4,2,5,6,1963,1963,148.0,3,4,3,3,2,5,776,1,0,344,1120,3,1,4,1128,0,0,1128,1,0,2,0,3,1,3,6,7,525,2,192,20,123,0,0,0,2.0,0,0,12,2008,11.951186847493476,0,0,0,1,0,0,0,0,0,0,0,0,1,2.0,2,True,False,False,False,False,0.0,0.0,6,0,0,1,0,1,0,0,0,1,0,0,1,0,0,0,1,0,1,0,0,0,0,0,0,0,1,0,0,0,0,0,0,0,0,0,0,0,0,0,0,0,0,1,0,0,0,0,0,0,0,0,0,0,0,0,0,0,0,0,0,1,0,0,0,0,0,0,0,1,0,0,1,0,0,0,0,0,0,0,0,0,0,0,0,0,1,0,0,0,0,0,0,0,0,0,0,0,0,0,1,0,0,0,0,0,0,0,1,0,1,0,0,0,0,2248,1904,335,10,161.14285714285714,1,0,3.0,0.4285714285714285,15.0,1,9,45,45,0,0,2,143,1,335,0,0.6922390722569135,1,27,30,12,14,0.5015562472209871
1297,1297,1298,180,35.0,3675,4,2,6,5,2005,2006,82.0,3,3,4,3,4,6,547,1,0,0,547,3,1,4,1072,0,0,1072,1,0,2,0,2,1,3,5,7,525,2,0,44,0,0,0,0,0.0,0,0,6,2006,11.849404844423074,0,0,0,0,1,0,0,0,0,0,1,0,0,2.0,4,False,True,False,False,False,0.0,0.0,6,0,0,0,1,1,0,0,0,1,0,0,1,0,0,0,1,0,1,0,0,0,0,0,0,0,1,0,0,0,0,0,0,0,0,0,0,0,1,0,0,0,0,0,0,0,0,0,0,0,0,0,0,0,0,0,0,0,0,1,0,0,0,0,0,1,0,1,0,0,0,0,1,0,0,0,0,0,0,0,0,0,0,0,0,0,0,0,0,0,1,0,0,0,0,0,0,0,0,0,0,0,0,0,0,1,0,0,1,0,0,1,0,0,0,1619,1619,44,8,178.66666666666666,1,0,3.0,0.5,18.0,1,9,1,0,1,1,4,44,1,44,0,0.998175182481752,1,60,30,9,15,0.6617283950617284
1298,1298,1299,60,313.0,63887,4,2,10,5,2008,2008,796.0,5,3,5,3,4,6,5644,1,0,466,6110,4,1,4,4692,950,0,5642,2,0,2,1,3,1,5,12,7,1418,2,214,292,0,0,0,480,0.0,0,0,1,2008,11.982935344196433,0,0,0,0,1,0,0,0,0,0,1,0,0,2.0,4,True,False,False,False,False,4.0,5.545177444479562,6,0,0,1,0,1,0,0,1,0,0,0,0,0,0,0,0,1,0,0,0,0,0,0,0,0,1,0,0,0,0,0,0,0,0,0,0,0,1,0,0,0,0,0,0,0,0,0,0,0,0,0,0,0,0,0,0,0,0,0,0,0,0,0,1,0,0,0,0,1,0,0,0,0,0,0,0,0,0,0,0,0,0,0,0,0,0,0,0,1,0,0,0,0,0,0,0,0,0,0,0,0,0,0,1,0,0,0,0,1,0,1,0,0,0,11752,11286,986,16,434.0,2,1,4.5,0.3461538461538461,45.0,1,25,0,0,0,1,4,292,1,986,1,0.923580428735068,1,75,50,15,24,0.4800476474091721
1299,1299,1300,20,75.0,7500,4,2,5,7,1959,1994,0.0,3,3,3,3,1,2,340,3,906,0,1246,4,1,4,1246,0,0,1246,1,0,1,1,3,1,4,6,7,305,2,218,0,0,0,0,0,3.0,0,0,5,2010,11.944714374881176,0,0,0,1,0,0,0,0,0,0,0,0,1,2.0,2,True,False,False,False,False,0.0,0.0,6,0,0,1,0,1,0,0,0,1,0,0,1,0,0,0,1,0,1,0,0,0,0,0,0,0,1,0,0,0,0,0,0,0,0,0,0,0,0,0,0,0,0,1,0,0,0,0,0,0,0,0,0,0,0,0,0,0,0,0,0,1,0,0,0,0,0,0,0,1,0,0,1,0,0,0,0,0,0,0,0,1,0,0,0,0,0,0,0,0,0,0,0,0,0,1,0,0,0,0,0,0,0,0,0,0,0,0,0,0,1,0,0,0,0,2492,2492,218,10,178.0,1,0,2.5,0.3571428571428571,12.5,1,16,51,16,1,0,2,0,0,218,0,0.9991980753809142,1,18,35,9,16,0.4997994384275973
1300,1300,1301,60,0.0,10762,4,2,7,5,1999,1999,344.0,4,3,4,3,1,6,694,1,0,284,978,4,1,4,1005,978,0,1983,0,0,2,1,3,1,4,9,7,490,2,0,0,0,0,0,0,0.0,0,0,5,2009,12.323860125621126,0,0,0,1,0,0,0,0,0,0,0,0,1,2.0,3,True,False,False,False,False,3.0,2.079441541679836,6,0,0,1,0,1,0,0,0,0,0,0,1,1,0,0,0,0,1,0,0,0,0,0,0,0,1,0,0,0,0,0,0,0,0,0,0,0,0,1,0,0,0,0,0,0,0,0,0,0,0,0,0,0,0,0,0,0,0,0,0,0,0,0,1,0,0,1,0,0,0,0,1,0,0,0,0,0,0,0,0,0,0,0,0,0,0,0,0,0,1,0,0,0,0,0,0,0,0,0,0,0,0,0,0,1,0,0,0,0,0,1,0,0,0,2961,2677,0,13,198.3,2,1,2.5,0.25,17.5,1,16,10,10,0,1,4,0,0,0,0,0.7088866189989785,1,24,35,12,19,0.6694800810263336
1301,1301,1302,70,0.0,7500,4,2,6,7,1942,1950,0.0,3,3,3,3,1,4,547,1,0,224,771,1,1,4,753,741,0,1494,0,0,1,0,3,1,4,7,7,213,1,0,0,0,0,224,0,0.0,0,0,11,2009,12.086731521684555,0,0,0,1,0,0,0,0,0,0,0,0,1,2.0,1,True,False,False,False,False,4.0,4.394449154672439,6,0,0,1,0,1,0,0,0,0,0,0,0,0,0,0,1,0,1,0,0,0,0,0,0,0,1,0,0,0,0,0,0,0,0,0,0,1,0,0,0,0,0,0,0,0,0,0,0,0,0,0,0,0,0,0,0,0,0,0,0,0,0,0,1,0,0,1,0,0,0,0,1,0,0,0,0,0,0,0,0,0,0,0,0,0,0,0,0,0,0,1,0,0,0,0,0,0,0,0,0,0,0,0,0,0,1,0,0,0,1,0,0,0,0,2265,2041,224,11,186.75,2,1,1.0,0.125,6.0,1,16,67,59,1,0,1,224,1,224,0,0.7085492227979274,1,18,42,9,14,0.6593115622241836
1302,1302,1303,60,92.0,10120,4,2,8,5,1994,1994,391.0,4,3,4,3,1,6,740,1,0,425,1165,4,1,4,1203,1323,0,2526,1,0,2,1,4,1,4,8,7,844,2,309,78,0,0,0,0,0.0,0,0,12,2006,12.577639650232571,0,0,0,1,0,0,0,0,0,0,0,0,1,2.0,3,True,False,False,False,False,3.0,2.079441541679836,6,0,0,1,0,1,0,0,0,1,0,0,1,0,0,0,1,0,1,0,0,0,0,0,0,0,1,0,0,0,0,0,0,0,0,0,0,0,0,0,0,0,0,0,0,0,1,0,0,0,0,0,0,0,0,0,0,0,0,0,0,0,0,0,1,0,0,0,0,1,0,0,1,0,0,0,0,0,0,0,0,0,0,0,0,0,0,0,0,0,1,0,0,0,0,0,0,0,0,0,0,0,0,0,0,1,0,0,1,0,0,1,0,0,0,3691,3266,387,13,280.6666666666667,2,1,3.5,0.3888888888888889,28.0,1,16,12,12,0,0,3,78,1,387,0,0.6346483704974271,1,24,40,12,20,0.6841820151679306
1303,1303,1304,20,73.0,8688,4,2,7,5,2005,2005,228.0,4,3,4,3,3,1,0,1,0,1616,1616,4,1,4,1616,0,0,1616,0,0,2,0,3,1,4,7,7,834,2,208,59,0,0,0,0,0.0,0,0,4,2006,12.354496960983983,0,0,0,1,0,0,0,0,0,0,0,0,1,2.0,4,True,False,False,False,False,0.0,0.0,6,0,0,1,0,1,0,0,0,1,0,0,1,0,0,0,1,0,1,0,0,0,0,0,0,0,1,0,0,0,0,0,0,0,0,0,0,0,0,0,0,0,0,0,0,0,0,0,0,0,0,0,1,0,0,0,0,0,0,0,0,1,0,0,0,0,0,1,0,0,0,0,1,0,0,0,0,0,0,0,0,0,0,0,0,0,0,0,0,0,1,0,0,0,0,0,0,0,0,0,0,0,0,0,0,1,0,0,1,0,0,1,0,0,0,3232,1616,267,11,202.0,1,0,2.0,0.25,14.0,1,16,1,1,0,1,4,59,1,267,0,0.0,0,48,35,12,19,0.4998453448809155
1304,1304,1305,160,32.0,3363,4,2,7,5,2004,2004,117.0,4,3,4,3,1,1,0,1,0,976,976,4,1,4,976,732,0,1708,0,0,2,0,3,1,4,7,3,380,2,0,40,0,0,0,0,0.0,0,0,4,2006,11.775297421715829,0,0,0,1,0,0,0,0,0,0,0,0,1,2.0,4,False,False,False,False,True,0.0,0.0,6,0,0,0,1,1,0,0,0,1,0,0,1,0,0,0,1,0,1,0,0,0,0,0,0,0,1,0,0,0,0,0,0,0,0,0,0,0,1,0,0,0,0,0,0,0,0,0,0,0,0,0,0,0,0,0,0,0,0,1,0,0,0,0,1,0,0,1,0,0,0,0,1,0,0,0,0,0,0,0,0,0,0,0,0,0,0,0,0,0,1,0,0,0,0,0,0,0,0,0,0,0,0,0,0,1,0,0,0,1,0,1,0,0,0,2684,1708,40,11,213.5,2,1,2.0,0.25,14.0,1,16,2,2,0,1,4,40,1,40,0,0.0,0,24,35,12,19,0.6361266294227188
1305,1305,1306,20,108.0,13173,4,2,9,5,2006,2007,300.0,4,3,5,3,1,6,1572,1,0,80,1652,4,1,4,1652,0,0,1652,1,0,2,0,2,1,5,6,7,840,2,404,102,0,0,0,0,0.0,0,0,11,2009,12.691583538230216,0,0,0,1,0,0,0,0,0,0,0,0,1,2.0,4,True,False,False,False,False,5.0,5.493061443340549,6,0,0,1,0,1,0,0,0,0,0,0,1,0,0,0,0,0,1,0,0,0,0,0,0,0,1,0,0,0,0,0,0,0,0,0,0,0,0,0,0,0,0,0,0,0,0,1,0,0,0,0,0,0,0,0,0,0,0,0,0,1,0,0,0,0,0,0,0,1,0,0,1,0,0,0,0,0,0,0,0,0,0,0,0,0,0,0,0,0,1,0,0,0,0,0,0,0,0,0,0,0,0,0,0,1,0,0,0,1,0,1,0,0,0,3304,3224,506,9,236.0,1,0,3.0,0.4285714285714285,27.0,1,25,3,2,1,1,4,102,1,506,0,0.9509981851179672,1,30,45,12,22,0.4998487140695915
1306,1306,1307,120,48.0,6955,4,2,7,5,2005,2006,94.0,4,3,4,3,1,1,0,1,0,1368,1368,4,1,4,1368,0,0,1368,0,0,2,0,2,1,4,6,7,474,2,132,35,0,0,0,0,0.0,0,0,9,2006,12.218500103788145,0,0,0,0,1,0,0,0,0,0,1,0,0,2.0,4,True,False,False,False,False,4.0,2.772588722239781,6,0,0,1,0,1,0,0,0,0,0,0,1,0,0,0,1,0,1,0,0,0,0,0,0,0,1,0,0,0,0,0,0,0,0,0,0,0,0,0,0,0,0,0,0,0,0,1,0,0,0,0,0,0,0,0,0,0,0,1,0,1,0,0,0,0,0,1,0,0,0,0,1,0,0,0,0,0,0,0,0,0,0,0,0,0,0,0,0,0,1,0,0,0,0,0,0,0,0,0,0,0,0,0,0,1,0,0,0,1,0,1,0,0,0,2736,1368,167,9,195.42857142857144,1,0,2.0,0.2857142857142857,14.0,1,16,1,0,1,1,4,35,1,167,0,0.0,0,24,35,12,19,0.4998173182316405
1307,1307,1308,20,60.0,8072,4,2,5,5,1994,1995,0.0,3,4,4,4,1,5,746,1,0,244,990,4,1,4,990,0,0,990,1,0,1,0,3,1,3,5,7,480,2,0,64,0,0,0,0,0.0,0,0,5,2009,11.8350162104899,0,0,0,1,0,0,0,0,0,0,0,0,1,2.0,3,False,False,False,False,True,0.0,0.0,6,0,0,1,0,1,0,0,0,1,0,0,1,0,0,0,1,0,1,0,0,0,0,0,0,0,1,0,0,0,0,0,0,0,0,0,1,0,0,0,0,0,0,0,0,0,0,0,0,0,0,0,0,0,0,0,0,0,0,0,0,1,0,0,0,0,0,1,0,0,0,0,1,0,0,0,0,0,0,0,0,0,0,0,0,0,0,0,0,0,1,0,0,0,0,0,0,0,0,0,0,0,0,0,0,1,0,0,0,0,0,1,0,0,0,1980,1736,64,9,165.0,1,0,2.0,0.3333333333333333,10.0,1,9,15,14,1,0,3,64,1,64,0,0.7527749747729566,1,32,25,12,15,0.4997476022211004
1308,1308,1309,20,100.0,12000,4,2,5,7,1948,2005,0.0,3,3,3,3,1,6,144,5,608,172,924,4,1,4,1122,0,0,1122,1,0,1,0,2,1,4,6,7,528,2,0,36,0,0,0,0,1.0,0,0,5,2008,11.898194668458824,0,0,0,1,0,0,0,0,0,0,0,0,1,2.0,1,True,False,False,False,False,0.0,0.0,6,0,0,0,1,1,0,0,0,1,0,0,1,0,0,0,1,0,1,0,0,0,0,0,0,0,1,0,0,0,0,0,0,0,0,0,0,0,0,0,0,0,0,0,0,0,0,0,1,0,0,0,0,0,0,0,0,0,0,0,0,1,0,0,0,0,0,1,0,0,0,0,1,0,0,0,0,0,0,0,0,0,0,0,0,0,1,0,0,0,0,0,0,0,0,0,0,0,0,0,1,0,0,0,0,0,0,0,0,0,1,0,0,0,0,2046,1874,36,9,160.28571428571428,1,0,2.0,0.2857142857142857,10.0,1,16,60,3,1,1,2,36,1,36,0,0.812972972972973,1,18,35,9,16,0.5481191988275526
1309,1309,1310,20,0.0,7153,4,2,6,5,1991,1991,88.0,3,3,4,3,1,6,1200,1,0,78,1278,3,1,4,1294,0,0,1294,1,0,2,0,3,1,4,6,7,496,2,112,51,0,0,0,0,1.0,0,0,6,2008,12.09626335986454,0,0,0,1,0,0,0,0,0,0,0,0,1,2.0,3,True,False,False,False,False,0.0,0.0,6,0,0,1,0,1,0,0,0,1,0,0,1,0,0,0,1,0,1,0,0,0,0,0,0,0,1,0,0,0,0,0,0,0,0,0,0,0,0,0,0,0,0,0,0,0,0,0,0,0,0,1,0,0,0,0,0,0,0,0,0,1,0,0,0,0,0,1,0,0,0,0,1,0,0,0,0,0,0,0,0,0,0,0,1,0,0,0,0,0,0,0,0,0,0,0,0,0,1,0,0,0,0,0,0,0,0,0,1,0,1,0,0,0,0,2572,2494,163,10,184.8571428571429,1,0,3.0,0.4285714285714285,18.0,1,16,17,17,0,0,3,51,1,163,0,0.9382329945269742,1,24,30,9,16,0.502914885347843
1310,1310,1311,20,100.0,17500,4,2,7,8,1959,2002,0.0,4,4,4,3,3,6,1406,1,0,496,1902,2,1,4,1902,0,0,1902,1,0,2,0,3,1,5,7,7,567,2,0,207,162,0,0,0,0.0,0,0,5,2010,12.721888795877376,0,0,0,1,0,0,0,0,0,0,0,0,1,2.0,2,True,False,False,False,False,3.0,3.295836866004329,6,0,0,1,0,1,0,0,0,1,0,0,1,0,0,0,1,0,0,1,0,0,0,0,0,0,1,0,0,0,0,0,0,0,0,0,0,1,0,0,0,0,0,0,0,0,0,0,0,0,0,0,0,0,0,0,0,0,0,0,0,1,0,0,0,0,0,1,0,0,0,0,1,0,0,0,0,0,0,0,0,1,0,0,0,0,0,0,0,0,0,0,0,0,0,0,0,0,1,0,0,0,0,0,0,0,0,0,0,0,0,1,0,0,0,3804,3308,369,11,237.75,1,0,3.0,0.375,21.0,1,25,51,8,1,1,2,369,1,369,0,0.7388334209143458,1,48,56,16,18,0.4998685939553219
1311,1311,1312,20,68.0,8814,4,2,7,5,2005,2007,80.0,4,3,4,3,1,6,925,1,0,349,1274,4,1,4,1274,0,0,1274,1,0,2,0,3,1,4,6,7,508,2,264,98,0,0,0,0,0.0,0,0,1,2007,12.220966184120163,0,0,0,0,1,0,0,0,0,0,1,0,0,2.0,4,True,False,False,False,False,0.0,0.0,6,0,0,1,0,1,0,0,0,1,0,0,1,0,0,0,1,0,1,0,0,0,0,0,0,0,1,0,0,0,0,0,0,0,0,0,1,0,0,0,0,0,0,0,0,0,0,0,0,0,0,0,0,0,0,0,0,0,0,0,0,1,0,0,0,0,0,1,0,0,0,0,1,0,0,0,0,0,0,0,0,0,0,0,0,0,0,0,0,0,1,0,0,0,0,0,0,0,0,0,0,0,0,0,0,1,0,0,1,0,0,1,0,0,0,2548,2199,362,10,182.0,1,0,3.0,0.4285714285714285,21.0,1,16,2,0,1,1,4,98,1,362,0,0.7254901960784313,1,24,35,12,19,0.4998038446449588
1312,1312,1313,60,0.0,9572,4,2,8,5,1990,1990,336.0,4,3,5,3,1,6,482,1,0,971,1453,4,1,4,1453,1357,0,2810,0,0,2,1,4,1,4,9,7,750,2,500,0,0,0,0,0,0.0,0,0,6,2007,12.618185607609805,0,0,0,1,0,0,0,0,0,0,0,0,1,3.0,3,True,False,False,False,False,5.0,3.4657359027997265,6,0,0,1,0,1,0,0,0,0,0,0,1,0,0,0,1,0,1,0,0,0,0,0,0,0,1,0,0,0,0,0,0,0,0,0,0,0,0,0,0,0,0,0,0,0,1,0,0,0,0,0,0,0,0,0,0,0,0,0,0,0,0,0,1,0,0,1,0,0,0,0,1,0,0,0,0,0,0,0,0,0,0,0,0,0,0,0,0,0,0,1,0,0,0,0,0,0,0,0,0,0,0,0,0,0,1,0,1,0,0,1,0,0,0,4263,3292,500,14,281.0,2,1,2.5,0.25,20.0,1,16,17,17,0,0,3,0,0,500,0,0.3314993122420908,1,30,40,12,20,0.6590056285178236
1313,1313,1314,60,108.0,14774,4,2,9,5,1999,1999,165.0,4,3,4,3,1,1,0,1,0,1393,1393,4,1,4,1422,1177,0,2599,0,0,2,1,4,1,4,10,7,779,2,668,30,0,0,0,0,0.0,0,0,5,2010,12.716405147731708,0,0,0,1,0,0,0,0,0,0,0,0,1,2.0,3,False,False,True,False,False,3.0,2.079441541679836,6,0,0,1,0,1,0,0,0,0,0,0,1,0,0,0,0,0,1,0,0,0,0,0,0,0,1,0,0,0,0,0,0,0,0,0,0,0,0,0,0,0,0,0,0,0,1,0,0,0,0,0,0,0,0,0,0,0,0,0,0,0,0,0,1,0,0,1,0,0,0,0,1,0,0,0,0,0,0,0,0,0,0,0,0,0,0,0,0,0,1,0,0,0,0,0,0,0,0,0,0,0,0,0,0,1,0,0,1,0,0,1,0,0,0,3992,2599,698,15,236.27272727272728,2,1,2.5,0.2272727272727272,22.5,1,16,11,11,0,0,3,30,1,698,0,0.0,0,24,45,12,21,0.6508890558477335
1314,1314,1315,20,60.0,8190,4,2,4,6,1954,1954,0.0,3,3,3,3,1,3,732,1,0,216,948,4,1,4,948,0,0,948,1,0,1,0,3,1,3,5,7,280,2,0,36,0,0,0,0,0.0,0,0,10,2007,11.686887175419702,0,0,0,1,0,0,0,0,0,0,0,0,1,2.0,2,False,False,False,False,True,3.0,2.079441541679836,6,0,0,1,0,1,0,0,0,1,0,0,1,0,0,0,1,0,1,0,0,0,0,0,0,0,1,0,0,0,0,0,0,0,0,0,0,0,1,0,0,0,0,0,0,0,0,0,0,0,0,0,0,0,0,0,0,0,0,0,0,1,0,0,0,0,0,0,0,1,0,0,1,0,0,0,0,0,0,0,0,0,0,0,0,0,0,0,0,0,0,1,0,0,0,0,0,0,0,0,0,0,0,0,0,0,1,0,0,0,1,0,0,0,0,1896,1680,36,9,158.0,1,0,2.0,0.3333333333333333,8.0,1,9,53,53,0,0,2,36,1,36,0,0.7713382507903056,1,18,24,9,14,0.4997364259356879
1315,1315,1316,60,85.0,11075,4,2,6,5,1969,1969,0.0,3,3,2,3,2,5,500,2,276,176,952,2,1,4,1092,1020,0,2112,0,0,2,1,4,1,3,9,7,576,2,280,0,0,0,0,0,0.0,0,0,6,2008,12.239995696974733,0,0,0,1,0,0,0,0,0,0,0,0,1,2.0,2,True,False,False,False,False,4.0,4.394449154672439,6,0,0,1,0,1,0,0,0,1,0,0,1,0,0,0,1,0,1,0,0,0,0,0,0,0,1,0,0,0,0,0,0,0,0,0,0,0,0,0,0,0,0,1,0,0,0,0,0,0,0,0,0,0,0,0,0,0,0,0,0,0,0,0,1,0,0,1,0,0,0,0,1,0,0,0,0,0,0,0,0,0,0,0,1,0,0,0,0,0,0,0,0,0,0,0,0,0,1,0,0,0,0,0,0,0,0,0,0,0,1,0,0,0,0,3064,2888,280,14,211.2,2,1,2.5,0.25,15.0,1,9,39,39,0,0,2,0,0,280,0,0.8142707240293809,1,18,30,9,14,0.6890701468189233
1316,1316,1317,20,61.0,10226,4,2,8,5,2008,2008,270.0,4,3,5,3,4,1,0,1,0,1622,1622,4,1,4,1630,0,0,1630,1,0,2,0,3,1,5,8,7,860,2,172,42,0,0,0,0,0.0,0,0,1,2009,12.59640381105362,0,0,0,1,0,0,0,0,0,0,0,0,1,2.0,4,True,False,False,False,False,4.0,2.772588722239781,6,0,0,1,0,1,0,0,0,0,0,0,1,0,0,0,1,0,1,0,0,0,0,0,0,0,1,0,0,0,0,0,0,0,0,0,1,0,0,0,0,0,0,0,0,0,0,0,0,0,0,0,0,0,0,0,0,0,0,0,0,1,0,0,0,0,0,1,0,0,0,0,1,0,0,0,0,0,0,0,0,0,0,0,0,0,0,0,0,0,1,0,0,0,0,0,0,0,0,0,0,0,0,0,0,1,0,0,0,1,0,1,0,0,0,3252,1630,214,12,181.11111111111111,1,0,3.0,0.3333333333333333,24.0,1,25,1,1,0,1,4,42,1,214,0,0.0,0,75,40,12,21,0.5010759299108515
1317,1317,1318,120,47.0,4230,4,2,7,5,2006,2007,0.0,4,3,5,4,1,1,0,1,0,1352,1352,4,1,4,1352,0,0,1352,0,0,2,0,2,1,4,5,7,466,2,0,241,0,0,0,0,0.0,0,0,4,2007,12.249615734512616,0,0,0,0,1,0,0,0,0,0,1,0,0,2.0,4,True,False,False,False,False,4.0,2.772588722239781,6,1,0,0,0,1,1,0,0,1,0,0,1,0,0,0,0,0,1,0,0,0,0,0,0,0,1,0,0,0,0,0,0,0,0,0,0,0,0,0,0,0,0,0,0,0,0,0,0,0,0,0,1,0,0,0,0,0,0,1,0,1,0,0,0,0,0,1,0,0,0,0,1,0,0,0,0,0,0,0,0,0,0,0,0,0,0,0,0,0,1,0,0,0,0,0,0,0,0,0,0,0,0,0,0,1,0,0,0,0,0,1,0,0,0,2704,1352,241,8,225.33333333333331,1,0,2.0,0.3333333333333333,14.0,1,16,1,0,1,1,4,241,1,241,0,0.0,0,40,35,12,19,0.499815157116451
1318,1318,1319,20,0.0,14781,4,2,8,5,2001,2002,178.0,4,3,4,3,4,1,0,1,0,1753,1753,4,1,4,1787,0,0,1787,0,0,2,0,3,1,4,7,7,748,2,198,150,0,0,0,0,0.0,0,0,8,2006,12.524530013005734,0,0,0,1,0,0,0,0,0,0,0,0,1,2.0,4,True,False,False,False,False,3.0,2.079441541679836,6,0,0,1,0,1,0,1,0,0,0,0,1,1,0,0,0,0,1,0,0,0,0,0,0,0,1,0,0,0,0,0,0,0,0,0,1,0,0,0,0,0,0,0,0,0,0,0,0,0,0,0,0,0,0,0,0,0,0,0,0,1,0,0,0,0,0,0,0,1,0,0,1,0,0,0,0,0,0,0,0,0,0,0,0,0,0,0,0,0,1,0,0,0,0,0,0,0,0,0,0,0,0,0,0,1,0,0,1,0,0,1,0,0,0,3540,1787,348,11,223.375,1,0,2.0,0.25,16.0,1,16,5,4,1,1,4,150,1,348,0,0.0,0,60,40,12,20,0.504659700649534
1319,1319,1320,20,75.0,10215,4,2,4,5,1954,1954,132.0,3,3,3,3,1,5,492,1,0,372,864,4,1,4,948,0,0,948,0,0,1,0,3,1,3,5,7,248,2,0,0,0,0,0,0,0.0,0,0,2,2007,11.6172944892629,0,0,0,1,0,0,0,0,0,0,0,0,1,2.0,2,True,False,False,False,False,0.0,0.0,6,0,0,1,0,1,0,0,0,1,0,0,0,0,0,0,1,0,1,0,0,0,0,0,0,0,1,0,0,0,0,0,0,0,0,0,0,0,1,0,0,0,0,0,0,0,0,0,0,0,0,0,0,0,0,0,0,0,0,0,0,1,0,0,0,0,0,0,0,1,0,0,1,0,0,0,0,0,0,0,0,0,0,0,0,0,0,0,0,0,0,1,0,0,0,0,0,0,0,0,0,0,0,0,0,0,1,0,1,0,0,1,0,0,0,1812,1440,0,9,158.0,1,0,1.0,0.1666666666666666,4.0,1,9,53,53,0,0,2,0,0,0,0,0.5687861271676301,1,18,20,9,14,0.5228902371759515
1320,1320,1321,20,70.0,8400,4,2,6,3,1957,1957,0.0,3,3,3,3,1,5,189,3,661,628,1478,3,1,4,1478,0,0,1478,1,0,1,1,3,1,3,6,7,442,2,114,0,0,0,216,0,0.0,0,0,6,2009,11.960817678718287,0,0,0,1,0,0,0,0,0,0,0,0,1,2.0,2,True,False,False,False,False,4.0,4.394449154672439,6,0,0,1,0,1,0,0,0,1,0,0,1,0,0,0,1,0,1,0,0,0,0,0,0,0,1,0,0,0,0,0,0,0,0,0,0,0,0,0,0,0,0,1,0,0,0,0,0,0,0,0,0,0,0,0,0,0,0,0,0,1,0,0,0,0,0,0,0,1,0,0,1,0,0,0,0,0,0,0,0,1,0,0,0,0,0,0,0,0,0,0,0,0,0,1,0,0,0,0,0,0,0,0,0,0,0,0,0,0,1,0,0,0,0,2956,2328,330,10,211.14285714285717,1,0,2.5,0.3571428571428571,15.0,1,9,52,52,0,0,2,216,1,330,0,0.5747126436781609,1,18,18,9,15,0.4998309097057828
1321,1321,1322,20,0.0,6627,4,2,3,6,1949,1950,0.0,3,3,0,0,0,0,0,0,0,0,0,2,0,4,720,0,0,720,0,0,1,0,2,1,3,4,7,287,2,0,0,0,0,0,0,0.0,0,0,7,2008,11.19135563385109,0,0,0,1,0,0,0,0,0,0,0,0,1,2.0,2,False,False,False,False,True,0.0,0.0,2,0,0,1,0,1,0,0,0,0,0,0,1,0,0,0,0,1,0,0,0,0,0,0,0,0,1,0,0,0,0,0,0,0,1,0,0,0,0,0,0,0,0,0,0,0,0,0,0,0,0,0,0,0,0,0,0,0,0,0,0,1,0,0,0,0,0,0,0,1,0,0,1,0,0,0,0,0,0,0,0,0,0,0,0,0,0,0,0,0,1,0,0,0,0,0,0,0,0,0,0,0,0,0,0,1,0,0,0,0,1,0,0,0,0,720,720,0,7,144.0,1,0,1.0,0.2,3.0,1,9,59,58,1,0,2,0,0,0,0,0.0,0,0,18,9,11,0.9986130374479888
1322,1322,1323,60,107.0,10186,4,2,7,5,1992,1992,0.0,4,3,4,3,1,6,674,1,0,76,750,4,1,4,1061,862,0,1923,1,0,2,1,3,1,4,8,7,564,2,240,39,0,0,0,0,0.0,0,0,6,2010,12.154784614286667,0,0,0,1,0,0,0,0,0,0,0,0,1,2.0,3,True,False,False,False,False,3.0,2.079441541679836,6,0,0,1,0,1,0,0,0,0,0,0,1,0,0,0,1,0,1,0,0,0,0,0,0,0,1,0,0,0,0,0,0,0,0,0,0,0,0,0,0,0,0,0,0,0,1,0,0,0,0,0,0,0,0,0,0,0,0,0,0,0,0,0,1,0,0,1,0,0,0,0,1,0,0,0,0,0,0,0,0,0,0,0,1,0,0,0,0,0,0,0,0,0,0,0,0,0,1,0,0,0,0,0,0,0,0,0,0,0,0,1,0,0,0,2673,2597,279,12,213.66666666666663,2,1,3.5,0.3888888888888889,24.5,1,16,18,18,0,0,3,39,1,279,0,0.8974700399467377,1,24,35,12,19,0.7191473448017951
1323,1323,1324,30,50.0,5330,4,2,4,7,1940,1950,0.0,2,3,3,3,1,2,280,1,0,140,420,3,1,4,708,0,0,708,0,0,1,0,2,1,2,5,7,0,2,164,0,0,0,0,0,0.0,0,0,12,2009,11.320565693461432,0,0,0,1,0,0,0,0,0,0,0,0,1,0.0,0,False,False,False,False,False,0.0,0.0,6,0,0,1,0,1,0,0,0,1,1,0,0,0,0,0,1,0,1,0,0,0,0,0,0,0,1,0,0,0,0,0,0,0,1,0,0,0,0,0,0,0,0,0,0,0,0,0,0,0,0,0,0,0,0,0,0,0,0,0,0,1,0,0,0,0,0,0,0,1,0,0,1,0,0,0,0,0,0,0,0,0,0,0,0,0,0,0,0,0,1,0,0,0,0,0,0,0,0,0,0,0,0,0,0,1,0,0,0,0,1,0,0,0,0,1128,988,164,8,118.0,1,0,1.0,0.1666666666666666,4.0,1,4,69,59,1,0,1,0,0,164,0,0.665083135391924,1,18,28,6,11,0.6271036315323295
1324,1324,1325,20,75.0,9986,4,2,8,5,2006,2007,428.0,4,3,5,3,3,1,0,1,0,1795,1795,4,1,4,1795,0,0,1795,0,0,2,0,2,1,4,7,7,895,2,0,49,0,0,0,0,0.0,0,0,2,2007,11.898194668458824,0,0,0,0,1,0,0,0,0,0,1,0,0,2.0,4,True,False,False,False,False,4.0,2.772588722239781,6,0,0,1,0,1,0,0,0,1,0,0,1,0,0,0,1,0,1,0,0,0,0,0,0,0,1,0,0,0,0,0,0,0,0,0,0,0,0,0,0,0,0,0,0,0,0,0,0,0,0,0,1,0,0,0,0,0,0,0,0,1,0,0,0,0,0,1,0,0,0,0,1,0,0,0,0,0,0,0,0,0,0,0,0,0,0,0,0,0,1,0,0,0,0,0,0,0,0,0,0,0,0,0,0,1,0,0,1,0,0,1,0,0,0,3590,1795,49,10,224.375,1,0,2.0,0.25,16.0,1,16,1,0,1,1,4,49,1,49,0,0.0,0,60,40,12,20,0.4998607630186577
1325,1325,1326,30,40.0,3636,4,2,4,4,1922,1950,0.0,3,3,3,2,1,1,0,1,0,796,796,1,0,4,796,0,0,796,0,0,1,0,2,1,3,5,7,0,0,0,0,100,0,0,0,2.0,0,0,1,2008,10.915106645867503,0,0,0,1,0,0,0,0,0,0,0,0,1,0.0,0,False,False,False,False,False,0.0,0.0,6,0,0,0,1,1,0,0,0,1,0,0,1,0,0,0,1,0,1,0,0,0,0,0,0,0,1,0,0,0,0,0,0,0,0,0,0,0,0,0,1,0,0,0,0,0,0,0,0,0,0,0,0,0,0,0,0,0,0,0,0,1,0,0,0,0,0,1,0,0,0,0,1,0,0,0,0,0,0,0,0,0,0,0,0,0,0,0,0,0,0,0,0,0,0,0,0,0,0,0,0,0,0,0,0,0,0,0,0,0,0,0,0,0,0,1592,796,100,8,132.66666666666666,1,0,1.0,0.1666666666666666,4.0,1,9,86,58,1,0,1,100,1,100,0,0.0,0,12,16,9,11,0.4996861268047708
1326,1326,1327,30,70.0,4270,4,1,3,6,1931,2006,0.0,3,3,3,3,1,3,544,1,0,0,544,4,1,4,774,0,0,774,0,0,1,0,3,1,4,6,7,0,2,0,0,286,0,0,0,0.0,0,0,5,2007,11.277215789596893,0,0,0,1,0,0,0,0,0,0,0,0,1,0.0,0,False,False,False,False,False,0.0,0.0,6,0,1,0,0,1,0,0,0,1,0,0,0,0,0,0,1,0,1,0,0,0,0,0,0,0,1,0,0,0,0,0,0,0,0,0,0,0,1,0,0,0,0,0,0,0,0,0,0,0,0,0,0,0,0,0,0,0,0,0,0,1,0,0,0,0,0,1,0,0,0,0,1,0,0,0,0,0,0,0,0,0,0,0,0,0,1,0,0,0,0,0,0,0,0,0,0,0,0,0,1,0,0,0,0,0,0,0,0,0,0,0,0,0,0,1318,1318,286,10,110.57142857142856,1,0,1.0,0.1428571428571428,3.0,1,16,76,1,1,1,1,286,1,286,0,0.998165137614679,1,18,18,9,14,0.5868081880212282
1327,1327,1328,20,60.0,6600,4,2,5,9,1982,2008,0.0,4,4,3,3,1,5,641,1,0,175,816,4,1,4,816,0,0,816,0,1,1,0,3,1,4,5,7,264,2,0,0,0,0,0,0,2.0,0,0,10,2008,11.779136168550774,0,0,0,1,0,0,0,0,0,0,0,0,1,2.0,3,True,False,False,False,False,5.0,3.4657359027997265,6,0,0,1,0,1,0,0,0,1,0,0,1,0,0,0,1,0,1,0,0,0,0,0,0,0,1,0,0,0,0,0,0,0,0,0,0,0,0,0,0,0,1,0,0,0,0,0,0,0,0,0,0,0,0,0,0,0,0,0,0,1,0,0,0,0,0,1,0,0,0,0,1,0,0,0,0,0,0,0,0,0,0,0,0,0,0,0,0,0,1,0,0,0,0,0,0,0,0,0,0,0,0,0,0,1,0,0,0,0,1,0,0,0,0,1632,1457,0,9,136.0,1,0,1.5,0.25,7.5,1,16,26,0,1,1,3,0,0,0,0,0.784577723378213,1,18,45,16,17,0.4996938150642988
1328,1328,1329,50,60.0,10440,4,2,6,7,1920,1950,0.0,4,4,4,3,1,2,493,1,0,1017,1510,4,1,4,1584,1208,0,2792,0,0,2,0,5,1,3,8,4,520,2,0,547,0,0,480,0,2.0,1,1150,6,2008,12.45293662970407,0,0,0,1,0,0,0,0,0,0,0,0,1,2.0,1,False,False,False,False,True,3.0,3.295836866004329,5,0,0,0,1,1,0,0,0,1,0,0,1,0,0,0,0,0,1,0,0,0,0,0,0,0,1,0,0,0,0,0,0,0,0,0,0,0,0,0,0,0,0,0,0,0,0,0,1,0,0,0,0,0,0,0,0,0,0,0,0,0,0,0,0,0,0,1,0,0,0,0,1,0,0,0,0,0,0,0,0,1,0,0,0,0,0,0,0,0,0,0,0,0,0,0,0,0,0,0,0,0,0,0,0,0,1,0,0,0,0,0,0,0,0,4302,3285,1027,14,310.22222222222223,2,1,2.0,0.2222222222222222,12.0,1,9,88,58,1,0,1,1027,1,1027,0,0.3262739907346128,1,24,42,16,17,0.6488496397861957
1329,1329,1330,60,63.0,9084,4,2,7,5,1998,1998,0.0,3,3,4,3,1,1,0,1,0,935,935,3,1,4,955,677,0,1632,0,0,2,1,3,1,3,8,7,462,2,0,28,0,0,0,0,0.0,0,0,6,2006,12.08108182106182,0,0,0,1,0,0,0,0,0,0,0,0,1,2.0,3,True,False,False,False,False,3.0,2.079441541679836,6,0,0,1,0,1,0,0,0,0,0,0,1,0,0,0,1,0,1,0,0,0,0,0,0,0,1,0,0,0,0,0,0,0,0,0,0,0,0,1,0,0,0,0,0,0,0,0,0,0,0,0,0,0,0,0,0,0,0,0,0,0,0,0,1,0,0,0,0,1,0,0,1,0,0,0,0,0,0,0,0,0,0,0,0,0,0,0,0,0,1,0,0,0,0,0,0,0,0,0,0,0,0,0,0,1,0,0,0,0,0,1,0,0,0,2567,1632,28,12,181.33333333333331,2,1,2.5,0.2777777777777778,17.5,1,9,8,8,0,1,4,28,1,28,0,0.0,0,24,35,9,16,0.6355140186915887
1330,1330,1331,20,85.0,10000,4,2,8,5,2006,2006,410.0,4,3,4,4,3,1,0,1,0,1588,1588,4,1,4,1588,0,0,1588,0,0,2,0,3,1,4,7,7,825,2,144,45,0,0,0,0,0.0,0,0,12,2007,12.33270970174018,0,0,0,1,0,0,0,0,0,0,0,0,1,2.0,4,True,False,False,False,False,4.0,2.772588722239781,6,0,0,1,0,1,0,0,0,1,0,0,1,0,0,0,1,0,1,0,0,0,0,0,0,0,1,0,0,0,0,0,0,0,0,0,0,0,0,0,0,0,0,0,0,0,0,0,0,0,0,0,1,0,0,0,0,0,0,0,0,1,0,0,0,0,0,0,0,1,0,0,1,0,0,0,0,0,0,0,0,0,0,0,0,0,0,0,0,0,1,0,0,0,0,0,0,0,0,0,0,0,0,0,0,1,0,0,0,1,0,1,0,0,0,3176,1588,189,11,198.5,1,0,2.0,0.25,16.0,1,16,1,1,0,1,4,45,1,189,0,0.0,0,64,40,12,20,0.4998426188227888
1331,1331,1332,80,55.0,10780,4,2,5,5,1976,1976,0.0,3,3,3,3,3,5,483,1,0,428,911,3,1,4,954,0,0,954,0,0,1,0,3,1,3,6,7,576,2,0,0,0,0,0,0,0.0,0,0,7,2006,11.794345471549745,0,0,0,1,0,0,0,0,0,0,0,0,1,2.0,2,False,False,False,False,True,0.0,0.0,6,0,0,1,0,1,0,0,0,0,0,0,1,0,0,0,1,0,1,0,0,0,0,0,0,0,1,0,0,0,0,0,0,0,0,0,1,0,0,0,0,0,0,0,0,0,0,0,0,0,0,0,0,0,0,0,0,0,0,0,0,0,0,0,0,0,1,1,0,0,0,0,1,0,0,0,0,0,0,0,0,0,0,0,0,0,1,0,0,0,0,0,0,0,0,0,0,0,0,0,1,0,0,0,0,0,0,0,0,0,1,0,0,0,0,1865,1437,0,10,136.28571428571428,1,0,1.0,0.1428571428571428,5.0,1,9,30,30,0,0,3,0,0,0,0,0.5296052631578947,1,36,25,9,14,0.5112540192926045
1332,1332,1333,20,67.0,8877,4,1,4,6,1938,1958,0.0,3,3,3,3,2,5,690,1,0,126,816,4,1,4,816,0,0,816,1,0,1,0,2,1,3,3,7,288,2,0,0,0,0,0,0,0.0,0,0,5,2009,11.51293546492023,0,0,0,1,0,0,0,0,0,0,0,0,1,2.0,2,False,False,False,False,True,4.0,2.772588722239781,6,0,0,1,0,1,0,0,0,1,0,0,1,0,0,0,1,0,1,0,0,0,0,0,0,0,1,0,0,0,0,0,0,0,0,0,0,0,1,0,0,0,0,0,0,0,0,0,0,0,0,0,0,0,0,0,0,0,0,0,0,1,0,0,0,0,0,1,0,0,0,0,1,0,0,0,0,0,0,0,0,0,0,0,0,0,1,0,0,0,0,0,0,0,0,0,0,0,0,0,1,0,0,0,0,0,0,0,0,0,1,0,0,0,0,1632,1506,0,6,204.0,1,0,2.0,0.5,8.0,1,9,71,51,1,0,1,0,0,0,0,0.8445532435740514,1,27,24,9,14,0.4996938150642988
1333,1333,1334,50,60.0,7200,4,2,5,6,1938,1995,0.0,3,3,3,3,1,1,0,1,0,803,803,4,1,4,803,557,0,1360,0,0,1,1,2,1,4,6,7,297,2,0,65,190,0,0,0,2.0,0,0,7,2006,11.74006900564972,0,0,0,1,0,0,0,0,0,0,0,0,1,2.0,2,False,False,False,False,True,0.0,0.0,6,0,0,0,1,1,0,0,0,1,0,0,1,0,0,0,0,0,1,0,0,0,0,0,0,0,1,0,0,0,0,0,0,0,0,0,0,0,0,0,1,0,0,0,0,0,0,0,0,0,0,0,0,0,0,0,0,0,0,0,0,0,0,0,0,0,0,1,0,0,0,0,1,0,0,0,0,0,0,0,0,0,0,0,0,0,0,0,0,0,0,1,0,0,0,0,0,0,0,0,0,0,0,0,0,0,1,0,0,0,1,0,0,0,0,2163,1360,255,9,194.28571428571428,2,1,1.5,0.2142857142857142,7.5,1,16,68,11,1,0,1,255,1,255,0,0.0,0,18,30,9,16,0.6284658040665434
1334,1334,1335,160,24.0,2368,4,2,5,6,1970,1970,312.0,3,3,3,3,1,2,765,1,0,0,765,2,1,4,765,600,0,1365,0,0,1,1,3,1,3,7,6,440,2,0,36,0,0,0,0,0.0,0,0,5,2009,11.736077016252436,0,0,0,1,0,0,0,0,0,0,0,0,1,2.0,2,True,False,False,False,False,0.0,0.0,6,0,0,0,1,1,0,0,0,1,0,0,1,0,0,0,1,0,1,0,0,0,0,0,0,0,1,0,0,0,0,0,0,1,0,0,0,0,0,0,0,0,0,0,0,0,0,0,0,0,0,0,0,0,0,0,0,0,0,1,0,0,0,0,1,0,0,1,0,0,0,0,1,0,0,0,0,0,0,0,0,0,0,0,1,0,0,0,0,0,0,0,0,0,0,0,0,0,1,0,0,0,0,0,0,0,0,0,0,0,1,0,0,0,0,2130,2130,36,11,170.625,2,1,1.5,0.1875,7.5,1,9,39,39,0,0,2,36,1,36,0,0.9986945169712794,1,18,30,9,13,0.640544345377757
1335,1335,1336,20,80.0,9650,4,2,6,5,1977,1977,360.0,3,3,4,3,1,5,686,1,0,664,1350,2,1,4,1334,0,0,1334,0,1,2,0,2,1,3,6,7,630,2,0,16,0,0,0,0,0.0,0,0,4,2009,12.031129798974042,0,0,0,1,0,0,0,0,0,0,0,0,1,2.0,2,True,False,False,False,False,3.0,2.079441541679836,6,0,0,1,0,1,0,0,0,1,0,0,1,0,0,0,1,0,1,0,0,0,0,0,0,0,1,0,0,0,0,0,0,0,0,0,0,0,0,0,0,0,0,0,0,1,0,0,0,0,0,0,0,0,0,0,0,0,0,0,0,1,0,0,0,0,0,1,0,0,0,0,1,0,0,0,0,0,0,0,0,0,0,0,0,0,0,1,0,0,0,0,0,0,0,0,0,0,0,0,0,0,1,0,0,0,0,0,1,0,1,0,0,0,0,2684,2020,16,9,190.57142857142856,1,0,2.5,0.3571428571428571,15.0,1,9,32,32,0,0,2,16,1,16,0,0.5077720207253886,1,24,30,9,14,0.4968342644320297
1336,1336,1337,90,87.0,9246,4,2,5,5,1973,1973,564.0,3,3,3,3,1,1,0,1,0,1656,1656,2,1,4,1656,0,0,1656,0,0,2,0,4,2,3,8,7,506,2,0,211,0,0,0,0,0.0,0,0,11,2008,11.81303746480054,0,0,0,1,0,0,0,0,0,0,0,0,1,2.0,2,False,False,False,False,True,0.0,0.0,6,0,0,1,0,1,0,0,0,0,0,0,1,0,0,0,1,1,0,0,0,0,0,0,0,0,1,0,0,0,0,0,0,0,0,0,0,0,0,0,0,0,0,0,0,1,0,0,0,0,0,0,0,0,0,0,0,1,0,0,0,1,0,0,0,0,0,1,0,0,0,0,1,0,0,0,0,0,0,0,0,0,0,0,0,0,0,1,0,0,0,0,0,0,0,0,0,0,0,0,0,0,1,0,0,0,0,0,1,0,1,0,0,0,0,3312,1656,211,14,184.0,1,0,2.0,0.2222222222222222,10.0,2,9,35,35,0,0,2,211,1,211,0,0.0,0,18,25,9,13,0.4998490793842439
1337,1337,1338,30,153.0,4118,4,1,4,4,1941,1950,0.0,3,3,3,3,1,1,0,1,0,693,693,1,0,3,693,0,0,693,0,0,1,0,2,1,2,4,7,0,0,0,20,0,0,0,0,0.0,0,0,3,2006,10.86858749601736,0,0,0,1,0,0,0,0,0,0,0,0,1,0.0,0,False,False,False,False,False,0.0,0.0,1,0,0,0,1,1,0,0,0,0,0,0,0,0,0,0,0,1,0,0,0,0,0,0,0,0,1,0,0,0,0,0,0,0,0,0,0,0,0,0,0,0,0,0,0,0,0,0,1,0,0,0,0,0,0,0,0,0,0,0,0,1,0,0,0,0,0,1,0,0,0,0,1,0,0,0,0,0,0,0,0,0,0,0,0,0,0,0,0,0,0,1,0,0,0,0,0,0,0,0,0,0,0,0,0,0,1,0,0,0,1,0,0,0,0,1386,693,20,7,138.6,1,0,1.0,0.2,4.0,1,4,65,56,1,0,1,20,1,20,0,0.0,0,18,16,9,10,0.4996395097332372
1338,1338,1339,60,95.0,13450,4,2,7,5,2002,2002,0.0,4,3,4,3,1,6,700,1,0,216,916,4,1,4,920,941,0,1861,1,0,2,1,3,1,4,8,7,492,2,146,91,0,0,0,0,0.0,0,0,6,2006,12.206077645517674,0,0,0,1,0,0,0,0,0,0,0,0,1,2.0,4,False,False,True,False,False,0.0,0.0,6,0,0,1,0,1,0,0,0,0,0,0,1,0,0,0,0,0,1,0,0,0,0,0,0,0,1,0,0,0,0,0,0,0,0,0,1,0,0,0,0,0,0,0,0,0,0,0,0,0,0,0,0,0,0,0,0,0,0,0,0,0,0,0,1,0,0,1,0,0,0,0,1,0,0,0,0,0,0,0,0,0,0,0,0,0,0,0,0,0,1,0,0,0,0,0,0,0,0,0,0,0,0,0,0,1,0,0,0,0,0,1,0,0,0,2777,2561,237,12,206.77777777777777,2,1,3.5,0.3888888888888889,24.5,1,16,4,4,0,1,4,91,1,237,0,0.7633587786259542,1,24,35,12,19,0.669906407487401
1339,1339,1340,20,120.0,9560,4,2,5,7,1972,1972,0.0,3,4,3,3,2,3,360,1,0,504,864,4,1,4,864,0,0,864,0,0,1,0,3,1,3,5,7,288,2,0,0,0,0,0,0,0.0,0,0,6,2006,11.7636919653883,0,0,0,1,0,0,0,0,0,0,0,0,1,2.0,2,True,False,False,False,False,0.0,0.0,6,0,0,1,0,1,0,0,0,0,0,0,1,0,0,0,0,0,1,0,0,0,0,0,0,0,1,0,0,0,0,0,0,0,0,0,1,0,0,0,0,0,0,0,0,0,0,0,0,0,0,0,0,0,0,0,0,0,0,0,0,1,0,0,0,0,0,0,0,1,0,0,1,0,0,0,0,0,0,0,0,0,0,0,0,0,1,0,0,0,0,0,0,0,0,0,0,0,0,0,1,0,0,0,0,0,0,0,0,0,1,0,0,0,0,1728,1224,0,9,144.0,1,0,1.0,0.1666666666666666,5.0,1,9,34,34,0,0,2,0,0,0,0,0.4161849710982659,1,27,35,12,15,0.4997108155002892
1340,1340,1341,20,70.0,8294,4,2,4,5,1971,1971,0.0,3,3,3,3,1,1,0,1,0,858,858,2,1,4,872,0,0,872,0,0,1,0,3,1,3,5,7,480,2,0,0,0,0,0,0,1.0,0,0,6,2007,11.719947764402807,0,0,0,1,0,0,0,0,0,0,0,0,1,2.0,2,False,False,False,False,True,0.0,0.0,6,0,0,1,0,1,0,0,0,1,0,0,1,0,0,0,1,0,1,0,0,0,0,0,0,0,1,0,0,0,0,0,0,0,0,0,0,0,0,0,0,0,0,1,0,0,0,0,0,0,0,0,0,0,0,0,0,0,0,0,0,1,0,0,0,0,0,1,0,0,0,0,1,0,0,0,0,0,0,0,0,0,0,0,0,0,1,0,0,0,0,0,0,0,0,0,0,0,0,0,1,0,0,0,0,0,0,0,0,0,1,0,0,0,0,1730,872,0,9,145.33333333333334,1,0,1.0,0.1666666666666666,4.0,1,9,36,36,0,0,2,0,0,0,0,0.0,0,18,20,9,12,0.5037550548815714
1341,1341,1342,20,66.0,13695,4,2,6,5,2003,2004,0.0,3,3,4,3,1,6,814,1,0,300,1114,4,1,4,1114,0,0,1114,1,0,1,0,3,1,4,6,7,576,2,0,78,0,0,0,0,0.0,0,0,7,2008,11.951186847493476,0,0,0,1,0,0,0,0,0,0,0,0,1,2.0,4,False,False,False,False,True,0.0,0.0,6,0,0,1,0,1,0,0,0,1,0,0,1,0,0,0,1,0,0,0,0,1,0,0,0,0,1,0,0,0,0,0,0,0,0,0,0,0,0,0,0,0,0,0,0,0,0,0,0,0,0,1,0,0,0,0,0,0,0,0,0,1,0,0,0,0,0,1,0,0,0,0,1,0,0,0,0,0,0,0,0,0,0,0,0,0,0,0,0,0,1,0,0,0,0,0,0,0,0,0,0,0,0,0,0,1,0,0,0,0,0,1,0,0,0,2228,1928,78,10,159.14285714285714,1,0,2.0,0.2857142857142857,12.0,1,16,5,4,1,1,4,78,1,78,0,0.7300448430493274,1,24,30,9,17,0.4997756841633019
1342,1342,1343,60,0.0,9375,4,2,8,5,2002,2002,149.0,4,3,4,3,1,1,0,1,0,1284,1284,4,1,4,1284,885,0,2169,0,0,2,1,3,1,4,7,7,647,2,192,87,0,0,0,0,0.0,0,0,8,2007,12.339295865674435,0,0,0,1,0,0,0,0,0,0,0,0,1,2.0,4,True,False,False,False,False,4.0,2.772588722239781,6,0,0,1,0,1,0,0,0,1,0,0,1,0,0,0,1,0,1,0,0,0,0,0,0,0,1,0,0,0,0,0,0,0,0,0,1,0,0,0,0,0,0,0,0,0,0,0,0,0,0,0,0,0,0,0,0,0,0,0,0,0,0,0,1,0,0,1,0,0,0,0,1,0,0,0,0,0,0,0,0,0,0,0,0,0,0,0,0,0,1,0,0,0,0,0,0,0,0,0,0,0,0,0,0,1,0,0,1,0,0,1,0,0,0,3453,2169,279,11,271.125,2,1,2.5,0.3125,20.0,1,16,5,5,0,1,4,87,1,279,0,0.0,0,24,40,12,20,0.6279675738274464
1343,1343,1344,50,57.0,7558,4,2,6,6,1928,1950,0.0,3,3,3,3,1,1,0,1,0,896,896,3,1,4,1172,741,0,1913,0,0,1,1,3,1,3,9,7,342,2,0,0,0,0,0,0,0.0,0,0,3,2009,12.08391066125752,0,0,0,1,0,0,0,0,0,0,0,0,1,2.0,1,False,False,False,False,True,3.0,2.079441541679836,6,0,0,1,0,1,0,0,0,1,0,0,0,0,0,0,1,0,1,0,0,0,0,0,0,0,1,0,0,0,0,0,0,0,0,0,0,1,0,0,0,0,0,0,0,0,0,0,0,0,0,0,0,0,0,0,0,0,0,0,0,0,0,0,0,0,0,1,0,0,0,0,1,0,0,0,0,0,0,0,0,1,0,0,0,0,0,0,0,0,0,0,0,0,0,0,0,0,0,0,0,0,0,1,0,0,0,0,0,0,0,0,0,0,0,2809,1913,0,13,191.3,2,1,1.5,0.15,9.0,1,9,81,59,1,0,1,0,0,0,0,0.0,0,18,36,9,15,0.6807829181494662
1344,1344,1345,60,85.0,11103,4,2,7,5,2006,2006,0.0,4,3,4,3,1,1,0,1,0,728,728,4,1,4,728,728,0,1456,0,0,2,1,3,1,4,8,7,440,2,0,0,0,0,0,0,0.0,0,0,7,2007,11.95655945119582,0,0,0,0,1,0,0,0,0,0,1,0,0,2.0,4,True,False,False,False,False,3.0,2.079441541679836,6,0,0,1,0,1,0,0,0,0,0,0,1,0,0,0,0,0,1,0,0,0,0,0,0,0,1,0,0,0,0,0,0,0,0,0,1,0,0,0,0,0,0,0,0,0,0,0,0,0,0,0,0,0,0,0,0,0,0,0,0,0,0,0,1,0,0,1,0,0,0,0,1,0,0,0,0,0,0,0,0,0,0,0,0,0,0,0,0,0,1,0,0,0,0,0,0,0,0,0,0,0,0,0,0,1,0,0,0,0,0,1,0,0,0,2184,1456,0,12,161.77777777777777,2,1,2.5,0.2777777777777778,17.5,1,16,1,1,0,1,4,0,0,0,0,0.0,0,24,35,12,19,0.6663615560640732
1345,1345,1346,30,50.0,6000,4,2,4,4,1920,1950,0.0,3,3,3,3,1,5,250,1,0,710,960,3,1,3,960,0,0,960,0,0,1,0,2,1,2,5,7,308,2,0,0,168,0,0,0,0.0,0,0,7,2007,11.59451466851004,0,0,0,1,0,0,0,0,0,0,0,0,1,2.0,3,False,False,False,False,True,0.0,0.0,6,0,0,0,1,1,0,0,0,1,0,0,1,0,0,0,1,0,1,0,0,0,0,0,0,0,1,0,0,0,0,0,0,0,0,0,0,0,0,0,0,0,0,0,0,0,0,0,1,0,0,0,0,0,0,0,0,0,0,0,0,1,0,0,0,0,0,0,0,1,0,0,1,0,0,0,0,0,0,0,0,0,0,0,0,0,1,0,0,0,0,0,0,0,0,0,0,0,0,0,1,0,0,0,0,0,0,0,0,0,0,1,0,0,0,1920,1210,168,8,160.0,1,0,1.0,0.1666666666666666,4.0,1,4,87,57,1,0,1,168,1,168,0,0.2601456815816857,1,18,16,9,12,0.4997397188964081
1346,1346,1347,20,0.0,20781,4,2,7,7,1968,2003,0.0,3,3,3,3,1,4,297,3,68,1203,1568,2,1,4,2156,0,0,2156,0,0,2,0,3,1,3,9,7,508,2,0,80,0,290,0,0,0.0,0,0,6,2006,12.47801017053037,0,0,0,1,0,0,0,0,0,0,0,0,1,2.5,2,True,False,False,False,False,4.0,2.772588722239781,6,0,0,1,0,1,0,1,0,0,0,0,1,1,0,0,0,0,0,0,1,0,0,0,0,0,1,0,0,0,0,0,0,0,0,0,0,0,0,0,0,0,0,0,0,1,0,0,0,0,0,0,0,0,0,0,0,0,0,0,0,1,0,0,0,0,0,0,0,1,0,0,1,0,0,0,0,0,0,0,0,1,0,0,0,0,0,0,0,0,0,0,0,0,0,0,0,0,1,0,0,0,0,0,0,0,0,0,0,0,1,0,0,0,0,3724,2521,370,13,215.6,1,0,2.0,0.2,14.0,1,9,38,3,1,1,2,370,1,370,0,0.2326322498406628,1,18,49,9,15,0.5787919463087249
1347,1347,1348,20,93.0,15306,4,2,8,5,2006,2007,100.0,4,3,5,3,4,6,80,1,0,1652,1732,4,1,4,1776,0,0,1776,1,0,2,0,3,1,4,7,7,712,2,0,0,0,0,0,0,0.0,0,0,5,2007,12.554840409959793,0,0,0,0,1,0,0,0,0,0,1,0,0,2.0,4,True,False,False,False,False,4.0,2.772588722239781,6,0,0,1,0,1,0,0,0,0,1,0,0,0,0,0,0,0,1,0,0,0,0,0,0,0,1,0,0,0,0,0,0,0,0,0,0,0,0,0,0,0,0,0,0,0,0,0,0,0,0,0,0,0,1,0,0,0,0,0,0,1,0,0,0,0,0,1,0,0,0,0,1,0,0,0,0,0,0,0,0,0,0,0,0,0,0,0,0,0,1,0,0,0,0,0,0,0,0,0,0,0,0,0,0,1,0,0,0,1,0,1,0,0,0,3508,1856,0,11,222.0,1,0,3.0,0.375,24.0,1,16,1,0,1,1,4,0,0,0,0,0.0461627236006924,1,75,40,12,20,0.506127101738387
1348,1348,1349,20,0.0,16196,4,2,7,5,1998,1998,0.0,4,3,4,3,4,6,1443,1,0,39,1482,4,1,4,1494,0,0,1494,1,0,2,0,3,1,4,5,7,514,2,402,25,0,0,0,0,0.0,0,0,8,2007,12.278397958261774,0,0,0,1,0,0,0,0,0,0,0,0,1,2.0,3,True,False,False,False,False,2.0,1.3862943611198906,6,0,0,1,0,1,0,0,1,0,0,1,0,0,0,0,1,0,1,0,0,0,0,0,0,0,1,0,0,0,0,0,0,0,0,0,0,0,0,0,0,0,0,0,0,0,0,0,0,0,0,1,0,0,0,0,0,0,0,0,0,1,0,0,0,0,0,1,0,0,0,0,1,0,0,0,0,0,0,0,0,0,0,0,0,0,0,0,0,0,1,0,0,0,0,0,0,0,0,0,0,0,0,0,0,1,0,0,0,0,0,1,0,0,0,2976,2937,427,9,249.0,1,0,3.0,0.5,21.0,1,16,9,9,0,1,4,25,1,427,0,0.9730276466621712,1,60,35,12,19,0.5018474974806852
1349,1349,1350,70,50.0,5250,4,2,8,5,1872,1987,0.0,3,4,3,2,1,2,259,1,0,425,684,1,0,4,938,1215,205,2358,0,0,2,0,4,1,3,8,7,0,2,0,54,20,0,0,0,0.0,0,0,12,2008,11.711784520403112,0,0,0,1,0,0,0,0,0,0,0,0,1,0.0,0,False,False,False,False,False,0.0,0.0,4,0,0,0,1,1,1,0,0,1,0,0,1,0,0,0,1,0,1,0,0,0,0,0,0,0,1,0,0,0,0,0,0,0,0,0,0,0,0,0,0,0,0,0,0,0,0,0,1,0,0,0,0,0,0,0,0,0,0,0,0,0,0,0,1,0,0,1,0,0,0,0,1,0,0,0,0,0,0,0,0,0,0,0,0,0,1,0,0,0,0,0,0,0,0,0,0,0,0,0,1,0,0,0,0,0,0,0,0,0,0,0,0,0,0,2837,2412,74,13,262.0,2,1,2.0,0.2222222222222222,16.0,1,9,136,21,1,0,1,74,1,74,0,0.3781021897810219,1,12,40,12,15,0.8308668076109936
1350,1350,1351,90,91.0,11643,4,2,5,5,1969,1969,368.0,3,3,3,3,1,2,500,1,0,748,1248,2,1,4,1338,1296,0,2634,1,1,2,2,6,2,3,12,7,968,2,0,0,0,0,0,0,0.0,0,0,8,2009,12.206077645517674,0,0,0,1,0,0,0,0,0,0,0,0,1,2.0,2,False,False,False,False,True,0.0,0.0,6,0,0,1,0,1,0,0,0,1,0,0,1,0,0,0,1,0,0,0,0,0,0,0,0,0,1,0,0,0,0,0,0,0,0,0,0,0,0,0,0,0,0,1,0,0,0,0,0,0,0,0,0,0,0,0,0,1,0,0,0,0,0,0,1,0,0,1,0,0,0,0,1,0,0,0,0,0,0,0,0,0,0,0,0,0,1,0,0,0,0,0,0,0,0,0,0,0,0,0,1,0,0,0,0,0,0,0,1,0,1,0,0,0,0,3882,3134,0,20,202.6153846153846,2,1,4.5,0.3461538461538461,22.5,2,9,40,40,0,0,2,0,0,0,0,0.400320256204964,1,18,25,9,13,0.6783414885397888
1351,1351,1352,60,70.0,9247,4,2,6,6,1962,1962,318.0,3,3,3,3,1,3,319,1,0,539,858,4,1,4,858,858,0,1716,0,0,1,1,4,1,3,8,7,490,2,0,84,0,0,120,0,0.0,0,0,3,2008,12.049424683420916,0,0,0,1,0,0,0,0,0,0,0,0,1,2.0,2,True,False,False,False,False,4.0,2.772588722239781,6,0,0,1,0,1,0,0,0,0,0,0,1,0,0,0,1,0,1,0,0,0,0,0,0,0,1,0,0,0,0,0,0,0,0,0,0,0,0,0,0,0,0,1,0,0,0,0,0,0,0,0,0,0,0,0,0,0,0,0,0,0,0,0,1,0,0,1,0,0,0,0,1,0,0,0,0,0,0,0,0,0,0,0,1,0,0,0,0,0,0,0,0,0,0,0,0,0,1,0,0,0,0,0,0,0,0,0,1,0,1,0,0,0,0,2574,2035,204,13,190.66666666666663,2,1,1.5,0.1666666666666666,9.0,1,9,46,46,0,0,2,204,1,204,0,0.3713620488940629,1,18,36,9,16,0.6664077669902913
1352,1352,1353,50,50.0,6000,4,2,6,9,1937,2000,0.0,4,3,3,3,1,1,0,1,0,698,698,2,1,4,786,390,0,1176,0,0,1,0,2,1,3,4,7,624,0,210,0,0,0,0,0,0.0,0,0,7,2009,11.812296455066814,0,0,0,1,0,0,0,0,0,0,0,0,1,2.0,3,False,False,False,False,True,0.0,0.0,6,0,0,0,1,1,0,0,0,1,0,0,1,0,0,0,1,0,1,0,0,0,0,0,0,0,1,0,0,0,0,0,0,0,1,0,0,0,0,0,0,0,0,0,0,0,0,0,0,0,0,0,0,0,0,0,0,0,0,0,0,0,0,0,0,0,0,1,0,0,0,0,1,0,0,0,0,0,0,0,0,0,0,0,0,0,1,0,0,0,0,0,0,0,0,0,0,0,0,0,1,0,0,0,0,0,0,0,0,0,0,0,0,0,0,1874,1176,210,7,235.2,2,1,1.0,0.2,6.0,1,9,72,9,1,1,1,0,0,210,0,0.0,0,18,54,12,15,0.6272
1353,1353,1354,50,56.0,14720,4,2,8,5,1995,1996,579.0,4,3,4,3,3,6,816,1,0,1217,2033,4,1,4,2053,1185,0,3238,1,0,2,1,4,1,4,9,7,666,2,283,86,0,0,0,0,0.0,0,0,3,2010,12.923914877701906,0,0,0,1,0,0,0,0,0,0,0,0,1,2.0,3,True,False,False,False,False,5.0,3.4657359027997265,6,0,0,1,0,1,0,0,0,0,0,0,1,1,0,0,0,0,1,0,0,0,0,0,0,0,1,0,0,0,0,0,0,0,0,0,0,0,0,0,0,0,0,0,0,0,1,0,0,0,0,0,0,0,0,0,0,0,0,0,0,0,0,0,0,0,0,0,0,1,0,0,1,0,0,0,0,0,0,0,0,0,0,0,0,0,0,0,0,0,1,0,0,0,0,0,0,0,0,0,0,0,0,0,0,1,0,0,1,0,0,1,0,0,0,5271,4054,369,14,323.8,2,1,3.5,0.35,28.0,1,16,15,14,1,0,3,86,1,369,0,0.4011799410029498,1,48,40,12,20,0.6141881638846738
1354,1354,1355,60,0.0,10316,4,2,7,5,2000,2000,0.0,4,3,4,3,1,6,735,1,0,257,992,4,1,4,992,873,0,1865,1,0,2,1,3,1,4,7,7,839,2,0,184,0,0,0,0,0.0,0,0,6,2008,12.367345048436391,0,0,0,1,0,0,0,0,0,0,0,0,1,2.0,3,True,False,False,False,False,3.0,2.079441541679836,6,0,0,1,0,1,0,0,0,0,0,0,1,0,0,0,1,0,1,0,0,0,0,0,0,0,1,0,0,0,0,0,0,0,0,0,1,0,0,0,0,0,0,0,0,0,0,0,0,0,0,0,0,0,0,0,0,0,0,0,0,0,0,0,1,0,0,1,0,0,0,0,1,0,0,0,0,0,0,0,0,0,0,0,0,0,0,0,0,0,1,0,0,0,0,0,0,0,0,0,0,0,0,0,0,1,0,0,0,0,0,1,0,0,0,2857,2600,184,11,233.125,2,1,3.5,0.4375,24.5,1,16,8,8,0,1,4,184,1,184,0,0.7401812688821753,1,24,35,12,19,0.6525542337298811
1355,1355,1356,80,102.0,10192,4,2,7,6,1968,1992,143.0,3,3,3,3,1,1,0,1,0,570,570,3,1,4,1222,698,0,1920,0,0,3,0,4,1,4,8,7,487,2,0,98,0,0,0,0,3.0,0,0,9,2006,12.04355959836804,0,0,0,1,0,0,0,0,0,0,0,0,1,2.0,2,True,False,False,False,False,3.0,2.079441541679836,6,0,0,1,0,1,0,0,0,0,0,0,1,0,0,0,1,0,1,0,0,0,0,0,0,0,1,0,0,0,0,0,0,0,0,0,0,0,0,0,0,0,0,0,0,1,0,0,0,0,0,0,0,0,0,0,0,0,0,0,0,0,0,0,0,0,1,1,0,0,0,0,1,0,0,0,0,0,0,0,0,0,0,0,0,0,1,0,0,0,0,0,0,0,0,0,0,0,0,0,1,0,0,0,0,0,0,0,1,0,1,0,0,0,0,2490,1920,98,13,213.33333333333331,2,1,3.0,0.3333333333333333,21.0,1,16,38,14,1,0,2,98,1,98,0,0.0,0,18,42,9,17,0.7707747892412685
1356,1356,1357,20,0.0,9477,4,2,5,5,1966,1966,65.0,3,3,3,3,1,3,340,1,0,524,864,2,1,4,892,0,0,892,0,0,1,0,3,1,3,5,7,264,2,0,0,0,0,0,0,1.0,0,0,10,2008,11.60824473564232,0,0,0,1,0,0,0,0,0,0,0,0,1,2.0,2,True,False,False,False,False,0.0,0.0,6,0,0,1,0,1,0,0,0,1,0,0,1,0,0,0,0,0,1,0,0,0,0,0,0,0,1,0,0,0,0,0,0,0,0,0,0,0,0,0,0,0,0,1,0,0,0,0,0,0,0,0,0,0,0,0,0,0,0,0,0,1,0,0,0,0,0,1,0,0,0,0,1,0,0,0,0,0,0,0,0,0,0,0,1,0,0,0,0,0,0,0,0,0,0,0,0,0,1,0,0,0,0,0,0,0,0,0,1,0,1,0,0,0,0,1756,1232,0,9,148.66666666666666,1,0,1.0,0.1666666666666666,5.0,1,9,42,42,0,0,2,0,0,0,0,0.3930635838150289,1,18,25,9,13,0.5076835515082527
1357,1357,1358,20,0.0,12537,4,2,5,6,1971,2008,0.0,3,3,3,3,1,6,734,1,0,344,1078,4,1,4,1078,0,0,1078,1,0,1,1,3,1,3,6,7,500,2,0,0,0,0,0,0,0.0,0,0,4,2010,11.917730355182512,0,0,0,1,0,0,0,0,0,0,0,0,1,2.0,2,True,False,False,False,False,2.0,1.3862943611198906,6,0,0,1,0,1,0,0,0,0,0,0,1,1,0,0,0,0,1,0,0,0,0,0,0,0,1,0,0,0,0,0,0,0,0,0,0,0,0,0,0,0,0,1,0,0,0,0,0,0,0,0,0,0,0,0,0,0,0,0,0,1,0,0,0,0,0,1,0,0,0,0,1,0,0,0,0,0,0,0,0,0,0,0,0,0,0,0,0,0,1,0,0,0,0,0,0,0,0,0,0,0,0,0,0,1,0,0,0,0,1,0,0,0,0,2156,1812,0,10,154.0,1,0,2.5,0.3571428571428571,12.5,1,9,39,2,1,1,2,0,0,0,0,0.680259499536608,1,18,30,9,15,0.4997681965693092
1358,1358,1359,160,0.0,2117,4,2,6,5,2000,2000,216.0,4,3,4,3,1,6,378,1,0,378,756,4,1,4,769,804,0,1573,0,0,2,1,3,1,4,5,7,440,2,0,32,0,0,0,0,0.0,0,0,6,2010,12.086731521684555,0,0,0,1,0,0,0,0,0,0,0,0,1,2.0,3,False,False,False,False,True,0.0,0.0,6,1,0,0,0,1,0,0,0,1,0,0,1,0,0,0,1,0,1,0,0,0,0,0,0,0,1,0,0,0,0,0,0,0,0,0,0,0,0,0,0,0,0,0,0,0,0,0,0,0,0,0,1,0,0,0,0,0,1,0,0,0,0,0,1,0,0,1,0,0,0,0,1,0,0,0,0,0,0,0,0,0,0,0,0,0,1,0,0,0,0,0,0,0,0,0,0,0,0,0,1,0,0,0,0,0,0,0,1,0,0,1,0,0,0,2329,1951,32,9,262.1666666666667,2,1,2.5,0.4166666666666667,15.0,1,16,10,10,0,1,4,32,1,32,0,0.499339498018494,1,24,30,12,18,0.6751072961373391
1359,1359,1360,20,129.0,16737,4,2,9,5,2004,2005,66.0,4,3,5,3,3,6,1447,1,0,533,1980,4,1,4,1980,0,0,1980,1,0,2,0,3,1,5,8,7,770,2,194,45,0,0,0,0,0.0,0,0,9,2006,12.660331092405906,0,0,0,1,0,0,0,0,0,0,0,0,1,2.0,4,True,False,False,False,False,4.0,2.772588722239781,6,0,0,1,0,1,0,0,0,1,0,0,1,0,0,1,0,0,1,0,0,0,0,0,0,0,1,0,0,0,0,0,0,0,0,0,0,0,0,0,0,0,0,0,0,0,0,1,0,0,0,0,0,0,0,0,0,0,0,0,0,1,0,0,0,0,0,0,0,1,0,0,1,0,0,0,0,0,0,0,0,0,0,0,0,0,0,0,0,0,1,0,0,0,0,0,0,0,0,0,0,0,0,0,0,1,0,0,1,0,0,1,0,0,0,3960,3427,239,12,220.0,1,0,3.0,0.3333333333333333,27.0,1,25,2,1,1,1,4,45,1,239,0,0.7304391721352852,1,60,45,12,22,0.4998737692501893
1360,1360,1361,70,51.0,9842,4,2,5,6,1921,1998,0.0,3,3,3,2,1,1,0,1,0,612,612,4,1,4,990,1611,0,2601,0,0,3,1,4,1,3,8,7,621,2,183,0,301,0,0,0,0.0,0,0,5,2008,12.149507585033072,0,0,0,1,0,0,0,0,0,0,0,0,1,2.0,3,False,False,True,False,False,0.0,0.0,6,0,0,1,0,1,0,0,0,1,0,0,1,0,0,0,1,1,0,0,0,0,0,0,0,0,1,0,0,0,0,0,0,0,0,0,0,0,0,0,0,0,0,0,0,0,0,0,0,1,0,0,0,0,0,0,0,0,0,0,0,0,0,0,1,0,0,1,0,0,0,0,1,0,0,0,0,0,0,0,0,0,0,0,0,0,1,0,0,0,0,0,0,0,0,0,0,0,0,0,0,0,0,0,0,0,1,0,0,0,0,0,0,0,0,3213,2601,484,13,289.0,2,1,3.5,0.3888888888888889,17.5,1,9,87,10,1,1,1,301,1,484,0,0.0,0,12,30,9,15,0.8092719352831362
1361,1361,1362,20,124.0,16158,4,1,7,5,2005,2005,16.0,4,3,5,3,3,5,1274,1,0,256,1530,4,1,4,1530,0,0,1530,1,0,2,0,3,1,4,7,7,430,2,168,36,0,0,0,0,0.0,0,0,6,2009,12.468440756144114,0,0,0,1,0,0,0,0,0,0,0,0,1,2.0,4,True,False,False,False,False,4.0,2.772588722239781,6,0,0,1,0,1,0,0,0,0,0,1,0,0,0,0,1,0,1,0,0,0,0,0,0,0,1,0,0,0,0,0,0,0,0,0,0,0,0,0,0,0,0,0,0,0,0,0,0,0,0,0,0,1,0,0,0,0,0,0,0,1,0,0,0,0,0,0,0,1,0,0,1,0,0,0,0,0,0,0,0,0,0,0,0,0,0,0,0,0,1,0,0,0,0,0,0,0,0,0,0,0,0,0,0,1,0,0,0,1,0,1,0,0,0,3060,2804,204,11,191.25,1,0,3.0,0.375,21.0,1,16,4,4,0,1,4,36,1,204,0,0.8321358589157414,1,60,35,12,19,0.4998366546880105
1362,1362,1363,50,0.0,12513,4,2,4,4,1920,2007,0.0,3,4,3,2,1,1,0,1,0,715,715,3,1,4,1281,457,0,1738,0,0,2,0,4,1,3,7,7,368,2,55,0,0,0,0,0,0.0,0,0,6,2009,11.560772327227417,0,0,0,1,0,0,0,0,0,0,0,0,1,2.0,1,True,False,False,False,False,4.0,2.772588722239781,6,0,0,1,0,1,0,0,0,0,0,0,1,0,1,0,0,1,0,0,0,0,0,0,0,0,1,0,0,0,0,0,0,0,0,0,0,0,0,0,0,0,0,1,0,0,0,0,0,0,0,0,0,0,0,0,0,0,0,0,0,0,0,0,0,0,0,1,0,0,0,0,1,0,0,0,0,0,0,0,0,0,0,0,0,0,0,0,0,0,1,0,0,0,0,0,0,0,0,0,0,0,0,0,0,1,0,0,0,0,0,0,0,0,0,2453,1738,55,12,217.25,2,1,2.0,0.25,8.0,1,9,89,2,1,1,1,0,0,55,0,0.0,0,12,16,12,13,0.7082314588427058
1363,1363,1364,60,73.0,8499,4,2,6,5,2006,2007,0.0,3,3,4,3,1,1,0,1,0,616,616,4,1,4,616,796,0,1412,0,0,2,1,3,1,4,6,7,432,2,0,36,0,0,0,0,0.0,0,0,3,2007,11.963574241653712,0,0,0,0,1,0,0,0,0,0,1,0,0,2.0,4,False,False,True,False,False,4.0,2.772588722239781,6,0,0,1,0,1,0,0,0,0,0,0,1,0,0,0,1,0,1,0,0,0,0,0,0,0,1,0,0,0,0,0,0,0,0,0,0,0,0,1,0,0,0,0,0,0,0,0,0,0,0,0,0,0,0,0,0,0,0,0,0,0,0,0,1,0,0,1,0,0,0,0,1,0,0,0,0,0,0,0,0,0,0,0,0,0,0,0,0,0,1,0,0,0,0,0,0,0,0,0,0,0,0,0,0,1,0,0,0,0,0,1,0,0,0,2028,1412,36,10,201.7142857142857,2,1,2.5,0.3571428571428571,15.0,1,16,1,0,1,1,4,36,1,36,0,0.0,0,24,30,9,17,0.6959093149334648
1364,1364,1365,160,30.0,3180,4,2,7,5,2005,2005,0.0,4,3,4,3,1,1,0,1,0,600,600,4,1,4,520,600,80,1200,0,0,2,1,2,1,4,4,7,480,2,0,166,0,0,0,0,0.0,0,0,4,2006,11.878630514504517,0,0,0,0,0,0,0,0,0,0,0,0,1,2.0,4,False,False,False,False,True,0.0,0.0,6,1,0,0,0,1,1,0,0,1,0,0,1,0,0,0,1,0,1,0,0,0,0,0,0,0,1,0,0,0,0,0,0,0,0,0,0,0,0,0,0,0,0,0,0,0,0,0,0,0,0,0,1,0,0,0,0,0,0,1,0,0,0,0,1,0,0,1,0,0,0,0,1,0,0,0,0,0,0,0,0,0,0,0,0,0,1,0,0,0,0,0,0,0,0,0,0,0,0,0,1,0,0,0,0,0,0,0,0,0,0,1,0,0,0,1720,1120,166,7,240.0,2,1,2.5,0.5,17.5,1,16,1,1,0,1,4,166,1,166,0,0.0,0,24,35,12,19,0.6972690296339338
1365,1365,1366,60,0.0,7500,4,2,7,5,2000,2000,0.0,4,3,4,3,1,6,533,1,0,281,814,4,1,4,814,860,0,1674,1,0,2,1,3,1,4,7,7,663,2,0,96,0,0,0,0,0.0,0,0,1,2010,12.283038316285214,0,0,0,1,0,0,0,0,0,0,0,0,1,2.0,3,True,False,False,False,False,0.0,0.0,6,1,0,0,0,1,0,0,0,1,0,0,1,0,0,0,1,0,1,0,0,0,0,0,0,0,1,0,0,0,0,0,0,0,0,0,0,0,0,0,0,0,0,0,0,0,0,0,0,0,0,0,1,0,0,0,0,0,0,0,0,0,0,0,1,0,0,1,0,0,0,0,1,0,0,0,0,0,0,0,0,0,0,0,0,0,0,0,0,0,1,0,0,0,0,0,0,0,0,0,0,0,0,0,0,1,0,0,0,0,0,1,0,0,0,2488,2207,96,11,209.25,2,1,3.5,0.4375,24.5,1,16,10,10,0,1,4,96,1,96,0,0.6539877300613497,1,24,35,12,19,0.6725592607472881
1366,1366,1367,60,68.0,9179,4,2,7,5,1999,1999,158.0,4,3,4,3,1,6,633,1,0,240,873,4,1,4,882,908,0,1790,1,0,2,1,3,1,4,7,7,588,2,0,88,0,0,0,0,0.0,0,0,6,2008,12.170450649220747,0,0,0,0,0,0,0,0,0,0,0,0,1,2.0,3,True,False,False,False,False,0.0,0.0,6,0,0,1,0,1,0,0,0,0,0,0,1,0,0,0,1,0,1,0,0,0,0,0,0,0,1,0,0,0,0,0,0,0,0,0,1,0,0,0,0,0,0,0,0,0,0,0,0,0,0,0,0,0,0,0,0,0,0,0,0,0,0,0,1,0,0,1,0,0,0,0,1,0,0,0,0,0,0,0,0,0,0,0,0,0,0,0,0,0,1,0,0,0,0,0,0,0,0,0,0,0,0,0,0,1,0,0,1,0,0,1,0,0,0,2663,2423,88,11,223.75,2,1,3.5,0.4375,24.5,1,16,9,9,0,1,4,88,1,88,0,0.7242562929061785,1,24,35,12,19,0.6719219219219219
1367,1367,1368,160,41.0,2665,4,2,5,6,1977,1977,0.0,3,3,3,3,1,5,548,3,173,36,757,4,1,4,925,550,0,1475,0,0,2,0,4,1,3,6,7,336,2,104,26,0,0,0,0,0.0,0,0,7,2006,11.751950239425476,0,0,0,1,0,0,0,0,0,0,0,0,1,2.0,2,True,False,False,False,False,3.0,2.079441541679836,6,0,0,0,1,1,0,0,0,1,0,0,1,0,0,0,1,0,1,0,0,0,0,0,0,0,1,0,0,0,0,0,0,0,0,0,0,0,0,0,0,1,0,0,0,0,0,0,0,0,0,0,0,0,0,0,0,0,0,1,0,0,0,0,1,0,0,1,0,0,0,0,1,0,0,0,0,0,0,0,0,0,0,1,0,0,0,0,0,0,0,0,0,0,0,0,0,1,0,0,0,0,0,0,0,0,0,0,0,0,0,1,0,0,0,2232,2196,130,11,210.7142857142857,2,1,2.0,0.2857142857142857,10.0,1,9,29,29,0,0,3,26,1,130,0,0.9511873350923484,1,18,30,9,15,0.6605463502015226
1368,1368,1369,120,0.0,4435,4,2,6,5,2003,2004,170.0,4,3,4,3,3,6,685,1,0,163,848,4,1,4,848,0,0,848,1,0,1,0,1,1,4,4,7,420,2,140,0,0,0,0,0,0.0,0,0,6,2009,11.87757552297847,0,0,0,1,0,0,0,0,0,0,0,0,1,2.0,4,True,False,False,False,False,0.0,0.0,6,0,0,0,1,1,0,0,0,1,0,0,1,0,0,0,1,0,1,0,0,0,0,0,0,0,1,0,0,0,0,0,0,0,0,0,1,0,0,0,0,0,0,0,0,0,0,0,0,0,0,0,0,0,0,0,0,0,0,1,0,1,0,0,0,0,0,1,0,0,0,0,1,0,0,0,0,0,0,0,0,0,0,0,0,0,0,0,0,0,1,0,0,0,0,0,0,0,0,0,0,0,0,0,0,1,0,0,1,0,0,1,0,0,0,1696,1533,140,6,169.6,1,0,2.0,0.4,12.0,1,16,6,5,1,1,4,0,0,140,0,0.806831566548881,1,48,30,12,18,0.4997053624042428
1369,1369,1370,20,48.0,10635,4,2,8,5,2003,2003,171.0,4,3,4,3,3,4,370,6,972,315,1657,4,1,4,1668,0,0,1668,1,0,2,0,3,1,4,8,7,502,2,0,262,0,0,0,0,0.0,0,0,5,2010,12.354496960983983,0,0,0,1,0,0,0,0,0,0,0,0,1,2.0,4,True,False,False,False,False,3.0,2.079441541679836,6,0,0,1,0,1,0,1,0,0,0,0,1,0,1,0,0,0,1,0,0,0,0,0,0,0,1,0,0,0,0,0,0,0,0,0,1,0,0,0,0,0,0,0,0,0,0,0,0,0,0,0,0,0,0,0,0,0,0,0,0,1,0,0,0,0,0,0,0,1,0,0,1,0,0,0,0,0,0,0,0,0,0,0,0,0,0,0,0,0,1,0,0,0,0,0,0,0,0,0,0,0,0,0,0,1,0,0,1,0,0,1,0,0,0,3325,3010,262,12,185.33333333333331,1,0,3.0,0.3333333333333333,24.0,1,16,7,7,0,1,4,262,1,262,0,0.8094089264173703,1,48,40,12,20,0.5015033072760072
1370,1370,1371,50,90.0,5400,4,2,4,6,1920,1950,0.0,2,3,3,3,1,5,315,3,105,420,840,4,1,4,840,534,0,1374,0,0,1,0,2,1,3,6,7,338,2,0,0,198,0,0,0,0.0,0,0,10,2009,11.561725152903833,0,0,0,1,0,0,0,0,0,0,0,0,1,2.0,2,False,False,False,False,True,0.0,0.0,6,0,0,1,0,1,0,0,0,1,0,0,1,0,0,0,0,0,0,0,0,0,0,0,0,0,1,0,0,0,0,0,0,0,0,0,0,0,0,0,0,0,0,0,0,0,0,0,1,0,0,0,0,0,0,0,0,0,0,0,0,0,0,0,0,0,0,1,0,0,0,0,1,0,0,0,0,0,0,0,0,0,1,0,0,0,0,0,0,0,0,0,0,0,0,0,1,0,0,0,0,0,0,0,0,0,0,0,0,0,0,1,0,0,0,2214,1794,198,9,196.28571428571428,2,1,1.0,0.1428571428571428,4.0,1,9,89,59,1,0,1,198,1,198,0,0.4994054696789536,1,18,24,6,13,0.6203160270880361
1371,1371,1372,80,80.0,9600,4,2,6,6,1955,1996,0.0,3,3,3,3,3,4,831,1,0,161,992,3,1,4,1661,0,0,1661,1,0,1,0,3,1,4,8,7,377,2,0,28,0,0,178,0,2.0,0,0,10,2008,12.016732516077072,0,0,0,1,0,0,0,0,0,0,0,0,1,2.0,2,False,False,True,False,False,3.0,2.079441541679836,6,0,0,1,0,1,0,0,0,1,0,0,1,0,0,0,1,0,1,0,0,0,0,0,0,0,1,0,0,0,0,0,0,0,0,0,0,0,0,0,0,0,0,1,0,0,0,0,0,0,0,0,0,0,0,0,0,0,0,0,0,0,0,0,0,0,1,0,0,1,0,0,1,0,0,0,0,0,0,0,0,0,0,0,0,0,0,0,0,0,0,0,0,0,0,0,0,0,0,0,0,0,0,0,0,0,0,0,0,0,1,0,0,0,0,2653,2492,206,12,184.55555555555557,1,0,2.0,0.2222222222222222,12.0,1,16,53,12,1,0,2,206,1,206,0,0.8368580060422961,1,36,36,9,16,0.6258477769404672
1372,1372,1373,60,75.0,9750,4,2,7,6,1998,1998,0.0,3,3,4,3,3,6,975,1,0,133,1108,4,1,4,1108,989,0,2097,1,0,2,1,3,1,4,8,7,583,2,253,170,0,0,0,0,0.0,0,0,6,2006,12.521981322562503,0,0,0,1,0,0,0,0,0,0,0,0,1,2.0,3,False,False,False,False,True,3.0,2.079441541679836,6,0,0,1,0,1,0,0,0,1,0,0,1,0,0,0,0,0,1,0,0,0,0,0,0,0,1,0,0,0,0,0,0,0,0,0,1,0,0,0,0,0,0,0,0,0,0,0,0,0,0,0,0,0,0,0,0,0,0,0,0,0,0,0,1,0,0,1,0,0,0,0,1,0,0,0,0,0,0,0,0,0,0,0,0,0,0,0,0,0,1,0,0,0,0,0,0,0,0,0,0,0,0,0,0,1,0,0,0,0,0,1,0,0,0,3205,3072,423,12,233.0,2,1,3.5,0.3888888888888889,24.5,1,16,8,8,0,1,4,170,1,423,0,0.8791704238052299,1,48,42,9,18,0.6540860885839052
1373,1373,1374,20,0.0,11400,4,2,10,5,2001,2002,705.0,5,3,5,3,4,6,1282,1,0,1351,2633,4,1,4,2633,0,0,2633,1,0,2,1,2,1,5,8,7,804,2,314,140,0,0,0,0,0.0,0,0,3,2007,13.05301544288996,0,0,0,1,0,0,0,0,0,0,0,0,1,2.0,4,True,False,False,False,False,4.0,4.394449154672439,6,0,0,1,0,1,0,0,0,1,0,0,1,0,0,0,1,0,1,0,0,0,0,0,0,0,1,0,0,0,0,0,0,0,0,0,0,0,0,0,0,0,0,0,0,0,1,0,0,0,0,0,0,0,0,0,0,0,0,0,0,1,0,0,0,0,0,0,0,1,0,0,1,0,0,0,0,0,0,0,0,0,0,0,0,0,0,0,0,0,1,0,0,0,0,0,0,0,0,0,0,0,0,0,0,1,0,0,1,0,0,1,0,0,0,5266,3915,454,11,292.55555555555554,1,0,3.5,0.3888888888888889,35.0,1,25,6,5,1,1,4,140,1,454,0,0.486712224753227,1,75,50,15,24,0.4999050692994114
1374,1374,1375,60,85.0,10625,4,2,7,5,2005,2005,0.0,4,3,4,3,1,1,0,1,0,1026,1026,4,1,4,1026,932,0,1958,0,0,2,1,3,1,4,9,7,936,2,154,210,0,0,0,0,0.0,0,0,7,2008,12.429220196836384,0,0,0,1,0,0,0,0,0,0,0,0,1,2.0,4,True,False,False,False,False,4.0,2.772588722239781,6,1,0,0,0,1,0,0,0,1,0,0,1,0,0,0,1,0,1,0,0,0,0,0,0,0,1,0,0,0,0,0,0,0,0,0,0,0,0,0,0,0,0,0,0,0,0,0,0,0,0,0,1,0,0,0,0,0,0,0,0,0,0,0,1,0,0,1,0,0,0,0,1,0,0,0,0,0,0,0,0,0,0,1,0,0,0,0,0,0,0,0,0,0,0,0,0,1,0,0,0,0,0,0,0,0,0,0,0,0,0,1,0,0,0,2984,1958,364,13,195.8,2,1,2.5,0.25,17.5,1,16,3,3,0,1,4,210,1,364,0,0.0,0,24,35,12,19,0.6559463986599665
1375,1375,1376,20,89.0,10991,4,2,8,5,2007,2007,80.0,4,3,4,3,4,1,0,1,0,1571,1571,4,1,4,1571,0,0,1571,0,0,2,0,3,1,4,7,7,722,2,100,36,0,0,0,0,0.0,0,0,12,2007,12.384223015005311,0,0,0,0,1,0,0,0,0,0,1,0,0,2.0,4,True,False,False,False,False,4.0,2.772588722239781,6,0,0,1,0,1,0,0,0,0,1,0,0,0,0,0,1,0,1,0,0,0,0,0,0,0,1,0,0,0,0,0,0,0,0,0,0,0,0,0,0,0,0,0,0,0,0,0,0,0,0,0,0,0,1,0,0,0,0,0,0,1,0,0,0,0,0,1,0,0,0,0,1,0,0,0,0,0,0,0,0,0,0,0,0,0,0,0,0,0,1,0,0,0,0,0,0,0,0,0,0,0,0,0,0,1,0,0,1,0,0,1,0,0,0,3142,1571,136,11,196.375,1,0,2.0,0.25,16.0,1,16,0,0,0,1,4,36,1,136,0,0.0,0,60,40,12,20,0.4998409163219853
1376,1376,1377,30,52.0,6292,4,2,6,5,1930,1950,0.0,3,3,4,3,2,3,384,1,0,384,768,2,0,4,790,0,0,790,0,0,1,0,2,1,3,4,7,160,2,0,141,0,0,0,0,0.0,0,0,4,2008,11.418625774449598,0,0,0,1,0,0,0,0,0,0,0,0,1,2.0,1,False,False,False,False,True,0.0,0.0,6,0,0,1,0,1,0,0,0,1,0,0,0,0,0,0,1,0,1,0,0,0,0,0,0,0,1,0,0,0,0,0,0,0,0,0,0,0,0,0,0,0,0,0,0,0,0,0,0,1,0,0,0,0,0,0,0,0,0,0,0,1,0,0,0,0,0,1,0,0,0,0,1,0,0,0,0,0,0,0,0,0,0,0,0,0,0,0,0,0,0,1,0,0,0,0,0,0,0,0,0,0,0,0,0,0,1,0,0,0,0,0,0,0,0,1558,1174,141,7,158.0,1,0,1.0,0.2,6.0,1,9,78,58,1,0,1,141,1,141,0,0.4993498049414824,1,36,30,9,14,0.5067350865939705
1377,1377,1378,50,60.0,10998,4,2,5,5,1941,1960,0.0,3,3,3,3,1,2,408,4,420,156,984,4,1,4,984,620,0,1604,0,0,2,0,3,1,3,6,5,660,2,0,68,0,0,0,0,0.0,0,0,7,2009,11.669937760751914,0,0,0,1,0,0,0,0,0,0,0,0,1,2.0,2,False,False,False,False,True,0.0,0.0,6,0,0,1,0,1,0,0,0,1,0,0,1,0,0,0,1,0,1,0,0,0,0,0,0,0,1,0,0,0,0,0,0,0,0,0,0,0,1,0,0,0,0,0,0,0,0,0,0,0,0,0,0,0,0,0,0,0,0,0,0,0,0,0,0,0,0,1,0,0,0,0,1,0,0,0,0,0,0,0,0,0,0,0,0,0,0,0,0,0,0,1,0,0,0,0,0,0,0,0,0,0,0,0,0,0,1,0,0,0,1,0,0,0,0,2588,2432,68,10,229.14285714285717,2,1,2.0,0.2857142857142857,10.0,1,9,68,49,1,0,1,68,1,68,0,0.8406091370558376,1,18,25,9,15,0.619544225569718
1378,1378,1379,160,21.0,1953,4,2,6,5,1973,1973,408.0,3,3,3,2,1,4,309,1,0,174,483,2,1,4,483,504,0,987,0,0,1,1,2,1,3,5,7,264,2,72,0,0,0,0,0,0.0,0,0,6,2006,11.326607934898927,0,0,0,1,0,0,0,0,0,0,0,0,1,2.0,2,False,False,False,False,True,0.0,0.0,6,0,0,0,1,1,0,0,0,1,0,0,1,0,0,0,1,0,1,0,0,0,0,0,0,0,1,0,0,0,0,0,0,1,0,0,0,0,0,0,0,0,0,0,0,0,0,0,0,0,0,0,0,0,0,0,0,0,1,0,0,0,0,0,1,0,0,1,0,0,0,0,1,0,0,0,0,0,0,0,0,0,0,0,1,0,0,0,0,0,0,0,0,0,0,0,0,0,1,0,0,0,0,0,0,0,0,0,1,0,1,0,0,0,0,1470,1296,72,8,164.5,2,1,1.5,0.25,9.0,1,9,33,33,0,0,2,0,0,72,0,0.6384297520661157,1,12,30,9,14,0.6709721278042148
1379,1379,1380,80,73.0,9735,4,2,5,5,2006,2007,0.0,3,3,4,3,1,1,0,1,0,384,384,3,1,0,754,640,0,1394,0,0,2,1,3,1,4,7,7,400,2,100,0,0,0,0,0,0.0,0,0,5,2008,12.02874460037869,0,0,0,1,0,0,0,0,0,0,0,0,1,2.0,4,False,False,True,False,False,0.0,0.0,6,0,0,1,0,1,0,0,0,1,0,0,1,0,0,0,1,0,1,0,0,0,0,0,0,0,1,0,0,0,0,0,0,0,0,0,0,0,0,0,0,0,0,0,0,0,0,0,0,0,0,0,0,0,1,0,0,0,0,0,0,0,0,0,0,0,1,1,0,0,0,0,1,0,0,0,0,0,0,0,0,0,0,0,0,0,0,0,0,0,1,0,0,0,0,0,0,0,0,0,0,0,0,0,0,1,0,0,0,0,0,1,0,0,0,1778,1394,100,11,174.25,2,1,2.5,0.3125,12.5,1,16,2,1,1,1,4,0,0,100,0,0.0,0,24,25,9,15,0.7835862844294548
1380,1380,1381,30,45.0,8212,4,2,3,3,1914,1950,0.0,3,2,3,2,1,3,203,1,0,661,864,2,0,2,864,0,0,864,1,0,1,0,2,1,3,5,7,200,2,0,0,96,0,0,0,0.0,0,0,6,2010,10.97679912709094,0,0,0,1,0,0,0,0,0,0,0,0,1,2.0,1,False,False,False,False,True,0.0,0.0,6,0,0,1,0,1,0,0,0,1,0,0,1,0,0,0,1,0,1,0,0,0,0,0,0,0,1,0,0,0,0,0,0,0,0,0,0,0,1,0,0,0,0,0,0,0,0,0,0,0,0,0,0,0,0,0,0,0,0,0,0,1,0,0,0,0,0,1,0,0,0,0,1,0,0,0,0,0,0,0,0,0,0,0,0,0,0,0,0,1,0,0,0,0,0,0,0,0,0,0,0,0,0,0,1,0,0,0,0,0,0,0,0,0,0,1728,1067,96,8,144.0,1,0,2.0,0.3333333333333333,6.0,1,9,96,60,1,0,1,96,1,96,0,0.2346820809248554,1,12,9,6,11,0.4997108155002892
1381,1381,1382,20,0.0,12925,4,2,6,7,1970,1970,0.0,3,3,3,3,2,4,865,1,0,340,1205,4,1,4,2117,0,0,2117,0,0,2,1,4,1,3,7,7,550,2,0,42,0,0,0,0,0.0,0,0,5,2008,12.377927112974284,0,0,0,1,0,0,0,0,0,0,0,0,1,2.0,2,True,False,False,False,False,4.0,4.394449154672439,6,0,0,1,0,1,0,0,0,0,0,0,1,0,0,0,0,0,1,0,0,0,0,0,0,0,1,0,0,0,0,0,0,0,0,0,0,0,0,0,0,0,0,1,0,0,0,0,0,0,0,0,0,0,0,0,0,0,0,0,0,1,0,0,0,0,0,1,0,0,0,0,1,0,0,0,0,0,0,0,0,1,0,0,0,0,0,0,0,0,0,0,0,0,0,0,0,0,0,0,0,0,1,0,0,0,0,0,0,0,1,0,0,0,0,3322,2982,42,12,264.625,1,0,2.5,0.3125,15.0,1,9,38,38,0,0,2,42,1,42,0,0.7172470978441128,1,27,42,9,16,0.6370749322900993
1382,1382,1383,70,60.0,7200,4,2,7,7,1920,1950,0.0,3,3,2,3,1,1,0,1,0,596,596,4,1,4,998,764,0,1762,1,0,1,1,4,1,4,8,7,576,0,36,0,221,0,0,0,0.0,0,0,10,2006,11.964007453736912,0,0,0,1,0,0,0,0,0,0,0,0,1,2.0,3,False,False,False,False,True,0.0,0.0,6,0,0,0,1,1,0,0,0,1,0,0,1,0,0,0,0,0,1,0,0,0,0,0,0,0,1,0,0,0,0,0,0,0,0,0,0,0,0,0,0,0,0,0,0,0,0,0,1,0,0,0,0,0,0,0,0,0,0,0,0,0,0,0,1,0,0,0,0,1,0,0,1,0,0,0,0,0,0,0,0,0,0,0,0,0,0,0,0,0,0,1,0,0,0,0,0,0,0,0,0,0,0,0,0,0,1,0,0,0,0,0,0,0,0,2358,1762,257,13,195.77777777777777,2,1,2.5,0.2777777777777778,17.5,1,16,86,56,1,0,1,221,1,257,0,0.0,0,12,49,9,18,0.7469266638406105
1383,1383,1384,30,0.0,25339,4,2,5,7,1918,2007,0.0,3,4,3,3,1,1,0,1,0,816,816,4,1,4,1416,0,0,1416,0,0,2,0,3,1,4,7,7,576,0,0,0,112,0,0,0,0.0,0,0,8,2007,11.6262630788088,0,0,0,1,0,0,0,0,0,0,0,0,1,2.0,4,True,False,False,False,False,0.0,0.0,6,0,0,1,0,1,0,0,0,1,0,0,1,0,0,0,1,0,1,0,0,0,0,0,0,0,1,0,0,0,0,0,0,0,0,0,0,0,0,0,0,0,0,0,0,0,0,0,0,0,1,0,0,0,0,0,0,0,0,0,0,1,0,0,0,0,0,1,0,0,0,0,1,0,0,0,0,0,0,0,0,0,0,0,0,0,0,0,0,0,0,1,0,0,0,0,0,0,0,0,0,0,0,0,0,0,1,0,0,0,0,0,0,0,0,2232,1416,112,11,177.0,1,0,2.0,0.25,10.0,1,16,89,0,1,1,1,112,1,112,0,0.0,0,18,35,12,16,0.6341244961934617
1384,1384,1385,50,60.0,9060,4,2,6,5,1939,1950,0.0,3,3,3,3,2,3,204,1,0,356,560,2,1,4,698,560,0,1258,0,0,1,0,2,1,3,6,7,280,1,0,0,0,0,0,0,2.0,0,0,10,2009,11.561725152903833,0,0,0,1,0,0,0,0,0,0,0,0,1,2.0,1,False,False,False,False,True,0.0,0.0,6,0,0,1,0,1,0,0,0,1,0,0,1,0,0,0,1,0,1,0,0,0,0,0,0,0,1,0,0,0,0,0,0,0,0,0,0,0,1,0,0,0,0,0,0,0,0,0,0,0,0,0,0,0,0,0,0,0,0,0,0,0,0,0,0,0,0,1,0,0,0,0,1,0,0,0,0,0,0,0,0,0,0,0,0,0,0,0,0,0,0,0,1,0,0,0,0,0,0,0,0,0,0,0,0,0,0,1,0,0,0,0,0,0,0,1818,1462,0,9,179.71428571428572,2,1,1.0,0.1428571428571428,6.0,1,9,70,59,1,0,1,0,0,0,0,0.3636363636363636,1,27,30,9,14,0.6915887850467289
1385,1385,1386,50,40.0,5436,4,2,4,8,1922,2007,0.0,3,4,3,3,1,4,735,1,0,61,796,3,1,4,796,358,0,1154,1,0,1,0,3,1,4,7,7,240,0,0,96,0,0,0,0,2.0,0,0,5,2010,11.74006900564972,0,0,0,1,0,0,0,0,0,0,0,0,1,2.0,1,False,False,False,False,True,0.0,0.0,6,0,0,0,1,1,0,0,0,1,0,0,1,0,0,0,1,0,1,0,0,0,0,0,0,0,1,0,0,0,0,0,0,0,0,0,0,0,0,0,1,0,0,0,0,0,0,0,0,0,0,0,0,0,0,0,0,0,0,0,0,0,0,0,0,0,0,1,0,0,0,0,1,0,0,0,0,0,0,0,0,0,0,0,0,0,0,0,0,0,1,0,0,0,0,0,0,0,0,0,0,0,0,0,0,1,0,0,0,0,0,0,0,0,0,1950,1889,96,11,144.25,2,1,2.0,0.25,8.0,1,16,88,3,1,1,1,96,1,96,0,0.9222082810539524,1,18,32,12,14,0.5914915427985649
1386,1386,1387,60,80.0,16692,4,2,7,5,1978,1978,184.0,3,3,4,3,1,4,790,2,469,133,1392,2,1,4,1392,1392,0,2784,1,0,3,1,5,1,4,12,7,564,2,0,112,0,0,440,519,2.0,2,2000,7,2006,12.429220196836384,0,0,0,1,0,0,0,0,0,0,0,0,1,2.0,2,True,False,False,False,False,3.0,3.295836866004329,6,0,0,1,0,1,0,0,0,0,0,0,1,0,0,0,1,0,0,0,0,0,1,0,0,0,1,0,0,0,0,0,0,0,0,0,0,0,0,0,0,0,0,0,0,1,0,0,0,0,0,0,0,0,0,0,0,0,0,0,0,0,0,0,1,0,0,1,0,0,0,0,1,0,0,0,0,0,0,0,0,0,0,0,0,0,0,1,0,0,0,0,0,0,0,0,0,0,0,0,0,0,1,0,0,0,0,0,1,0,1,0,0,0,0,4176,4043,1071,18,214.15384615384616,2,1,4.5,0.3461538461538461,31.5,1,16,28,28,0,0,3,552,1,1071,1,0.9038047379755922,1,24,35,9,16,0.6665070624850371
1387,1387,1388,50,60.0,8520,4,2,6,7,1916,1950,0.0,3,4,3,3,1,3,168,2,546,0,714,2,0,4,1664,862,0,2526,0,0,2,0,5,1,4,10,7,216,2,88,15,0,0,0,0,1.0,0,0,8,2007,11.820417517632333,0,0,1,0,0,1,0,0,0,0,0,0,0,2.0,1,False,False,False,False,True,4.0,2.772588722239781,5,0,0,0,1,1,0,0,0,1,0,0,1,0,0,0,1,0,0,0,0,0,0,0,0,0,1,0,0,0,0,0,0,0,0,0,0,0,0,0,0,0,0,0,0,0,0,0,1,0,0,0,0,0,0,0,0,0,0,0,0,0,0,0,0,0,0,1,0,0,0,0,1,0,0,0,0,0,0,0,0,0,0,0,0,0,0,0,0,1,0,0,0,0,0,0,0,0,0,0,0,0,0,0,1,0,0,0,0,0,0,0,0,0,0,3240,3240,103,16,229.63636363636363,2,1,2.0,0.1818181818181818,12.0,1,16,91,57,1,0,1,15,1,103,0,0.9986013986013986,1,18,42,12,15,0.779389077445233
1388,1388,1389,20,42.0,14892,4,2,9,5,2006,2007,160.0,5,3,5,3,4,6,1320,1,0,426,1746,4,1,4,1746,0,0,1746,1,0,2,0,3,1,5,7,7,758,2,201,39,0,0,0,0,0.0,0,0,10,2009,12.84132849667433,0,0,0,1,0,0,0,0,0,0,0,0,1,2.0,4,True,False,False,False,False,4.0,4.394449154672439,6,0,0,1,0,1,0,0,0,0,1,0,0,1,0,0,0,0,1,0,0,0,0,0,0,0,1,0,0,0,0,0,0,0,0,0,0,0,0,1,0,0,0,0,0,0,0,0,0,0,0,0,0,0,0,0,0,0,0,0,0,1,0,0,0,0,0,1,0,0,0,0,1,0,0,0,0,0,0,0,0,0,0,0,0,0,0,0,0,0,1,0,0,0,0,0,0,0,0,0,0,0,0,0,0,1,0,0,0,1,0,1,0,0,0,3492,3066,240,11,218.25,1,0,3.0,0.375,27.0,1,25,3,2,1,1,4,39,1,240,0,0.7555809959931311,1,75,45,15,23,0.4998568565702834
1389,1389,1390,50,60.0,6000,4,2,6,6,1941,1950,0.0,3,4,3,4,1,5,375,1,0,360,735,4,1,4,869,349,0,1218,0,1,1,0,3,1,3,6,7,440,2,0,0,0,0,0,0,0.0,0,0,3,2007,11.78296023574194,0,0,0,1,0,0,0,0,0,0,0,0,1,2.0,4,False,False,False,False,True,4.0,2.772588722239781,6,0,0,0,1,1,0,0,0,1,0,0,1,0,0,0,1,0,1,0,0,0,0,0,0,0,1,0,0,0,0,0,0,0,1,0,0,0,0,0,0,0,0,0,0,0,0,0,0,0,0,0,0,0,0,0,0,0,0,0,0,0,0,0,0,0,0,1,0,0,0,0,1,0,0,0,0,0,0,0,0,0,0,0,0,0,0,0,0,0,0,1,0,0,0,0,0,0,0,0,0,0,0,0,0,0,1,0,0,0,0,0,0,0,0,1953,1593,0,10,174.0,2,1,1.5,0.2142857142857142,9.0,1,9,66,57,1,0,1,0,0,0,0,0.5095108695652174,1,24,36,12,16,0.623336745138178
1390,1390,1391,20,70.0,9100,4,2,7,5,2000,2000,244.0,4,3,4,3,3,6,1400,1,0,125,1525,4,1,4,1525,0,0,1525,1,0,2,0,3,1,4,6,7,541,2,219,36,0,0,0,0,0.0,0,0,9,2006,12.367345048436391,0,0,0,1,0,0,0,0,0,0,0,0,1,2.0,3,True,False,False,False,False,0.0,0.0,6,0,0,1,0,1,0,0,0,1,0,0,1,0,0,0,1,0,1,0,0,0,0,0,0,0,1,0,0,0,0,0,0,0,0,0,1,0,0,0,0,0,0,0,0,0,0,0,0,0,0,0,0,0,0,0,0,0,0,0,0,1,0,0,0,0,0,1,0,0,0,0,1,0,0,0,0,0,0,0,0,0,0,0,0,0,0,0,0,0,1,0,0,0,0,0,0,0,0,0,0,0,0,0,0,1,0,0,1,0,0,1,0,0,0,3050,2925,255,10,217.8571428571429,1,0,3.0,0.4285714285714285,21.0,1,16,6,6,0,1,4,36,1,255,0,0.9174311926605504,1,48,35,12,19,0.4998361193051459
1391,1391,1392,90,65.0,8944,4,2,5,5,1967,1967,0.0,3,3,3,3,1,1,0,1,0,1584,1584,2,1,4,1584,0,0,1584,0,0,2,0,4,2,3,8,4,792,2,0,152,0,0,0,0,0.0,0,0,4,2009,11.728044909070784,0,0,0,1,0,0,0,0,0,0,0,0,1,2.0,2,False,False,False,False,True,0.0,0.0,6,0,0,1,0,1,0,0,0,1,0,0,1,0,0,0,1,0,1,0,0,0,0,0,0,0,1,0,0,0,0,0,0,0,0,0,0,0,0,0,0,0,0,1,0,0,0,0,0,0,0,0,0,0,0,0,0,1,0,0,0,1,0,0,0,0,0,1,0,0,0,0,1,0,0,0,0,0,0,0,0,0,0,0,0,0,0,1,0,0,0,0,0,0,0,0,0,0,0,0,0,0,1,0,0,0,0,0,0,0,1,0,0,0,0,3168,1584,152,14,176.0,1,0,2.0,0.2222222222222222,10.0,2,9,42,42,0,0,2,152,1,152,0,0.0,0,18,25,9,13,0.4998422215209845
1392,1392,1393,85,68.0,7838,4,2,5,5,1967,1967,0.0,3,3,3,3,3,5,769,1,0,95,864,2,1,4,900,0,0,900,1,0,1,0,3,1,3,6,7,288,2,175,144,0,0,0,0,0.5,0,0,12,2006,11.719947764402807,0,0,0,1,0,0,0,0,0,0,0,0,1,2.0,2,True,False,False,False,False,1.0,0.6931471805599453,6,0,0,1,0,1,0,0,0,1,0,0,1,0,0,0,1,0,1,0,0,0,0,0,0,0,1,0,0,0,0,0,0,0,0,0,0,0,0,0,0,0,0,1,0,0,0,0,0,0,0,0,0,0,0,0,0,0,0,0,0,0,0,0,0,1,0,1,0,0,0,0,1,0,0,0,0,0,0,0,0,0,0,0,1,0,0,0,0,0,0,0,0,0,0,0,0,0,1,0,0,0,0,0,0,0,0,0,0,0,1,0,0,0,0,1764,1669,319,10,128.57142857142858,1,0,2.0,0.2857142857142857,10.0,1,9,39,39,0,0,2,144,1,319,0,0.8890173410404625,1,36,25,9,13,0.509915014164306
1393,1393,1394,190,60.0,10800,4,2,6,7,1905,2000,0.0,3,3,2,3,1,1,0,1,0,482,482,4,0,4,1221,691,0,1912,0,0,2,0,3,2,3,7,7,672,2,0,25,212,0,0,0,0.0,0,0,4,2008,12.001511614739403,0,0,0,1,0,0,0,0,0,0,0,0,1,2.5,4,False,False,False,False,True,3.0,2.079441541679836,6,0,0,0,1,1,1,0,0,1,0,0,1,0,0,0,1,0,1,0,0,0,0,0,0,0,1,0,0,0,0,0,0,0,0,0,0,0,0,0,0,0,0,0,0,0,0,0,1,0,0,0,0,0,0,0,1,0,0,0,0,0,0,0,0,0,0,1,0,0,0,0,1,0,0,0,0,0,0,0,0,0,0,0,0,0,0,0,0,0,0,1,0,0,0,0,0,0,0,0,0,0,0,0,0,0,1,0,0,0,0,0,0,0,0,2394,1912,237,12,239.0,2,1,2.0,0.25,12.0,2,9,103,8,1,1,1,237,1,237,0,0.0,0,12,42,9,16,0.7983298538622129
1394,1394,1395,120,53.0,4045,4,2,7,5,2006,2006,45.0,4,3,4,3,3,6,1070,1,0,286,1356,4,1,4,1500,0,0,1500,1,0,2,0,2,1,4,6,7,648,2,161,20,0,0,0,0,0.0,0,0,10,2006,12.415437707935368,0,0,0,0,1,0,0,0,0,0,1,0,0,2.0,4,True,False,False,False,False,4.0,2.772588722239781,6,0,0,1,0,1,0,0,0,1,0,0,1,0,0,0,1,0,1,0,0,0,0,0,0,0,1,0,0,0,0,0,0,0,0,0,0,0,0,0,0,0,0,0,0,0,0,0,0,0,0,0,0,0,0,0,0,0,0,1,0,1,0,0,0,0,0,0,0,1,0,0,1,0,0,0,0,0,0,0,0,0,0,0,0,0,0,0,0,0,1,0,0,0,0,0,0,0,0,0,0,0,0,0,0,1,0,0,1,0,0,1,0,0,0,2856,2570,181,9,214.28571428571428,1,0,3.0,0.4285714285714285,21.0,1,16,0,0,0,1,4,20,1,181,0,0.7885040530582167,1,48,35,12,19,0.5250262513125656
1395,1395,1396,60,88.0,12665,4,2,8,5,2005,2006,245.0,4,3,4,4,4,1,0,1,0,1094,1094,4,1,4,1133,1349,0,2482,0,0,2,1,4,1,4,9,7,642,2,144,39,0,0,0,0,0.0,0,0,2,2007,12.546871224308068,0,0,0,1,0,0,0,0,0,0,0,0,1,2.0,4,False,False,True,False,False,4.0,2.772588722239781,6,0,0,1,0,1,0,0,0,0,0,0,1,0,0,0,1,0,1,0,0,0,0,0,0,0,1,0,0,0,0,0,0,0,0,0,0,0,0,0,0,0,0,0,0,0,0,0,0,0,0,0,0,0,1,0,0,0,0,0,0,0,0,0,1,0,0,0,0,1,0,0,1,0,0,0,0,0,0,0,0,0,0,0,0,0,0,0,0,0,1,0,0,0,0,0,0,0,0,0,0,0,0,0,0,1,0,0,1,0,0,1,0,0,0,3576,2482,183,14,248.2,2,1,2.5,0.25,20.0,1,16,2,1,1,1,4,39,1,183,0,0.0,0,80,40,12,20,0.6938775510204082
1396,1396,1397,20,0.0,57200,4,0,5,5,1948,1950,0.0,3,3,3,3,3,4,353,3,334,60,747,2,1,4,1687,0,0,1687,1,0,1,0,3,1,3,7,6,572,0,0,0,50,0,0,0,0.0,0,0,6,2010,11.982935344196433,0,0,0,1,0,0,0,0,0,0,0,0,1,2.0,2,False,False,False,False,True,3.0,3.295836866004329,6,0,0,1,0,1,0,0,0,0,0,0,0,0,0,0,1,0,1,0,0,0,0,0,0,0,1,0,0,0,0,0,0,0,0,0,0,0,0,0,0,0,0,0,0,0,0,0,0,0,0,0,0,0,1,0,0,0,0,0,0,1,0,0,0,0,0,1,0,0,0,0,1,0,0,0,0,0,0,0,0,0,0,0,0,0,0,0,0,0,0,1,0,0,0,0,0,0,0,0,0,0,0,0,0,0,1,0,0,0,1,0,0,0,0,2434,2374,50,11,210.875,1,0,2.0,0.25,10.0,1,9,62,60,1,0,1,50,1,50,0,0.9184491978609626,1,36,25,9,13,0.6928131416837783
1397,1397,1398,70,51.0,6120,4,2,5,8,1920,2004,0.0,3,3,3,3,2,1,0,1,0,939,939,4,1,4,939,574,0,1513,0,0,1,1,4,1,3,8,7,180,0,24,0,150,0,0,0,0.0,0,0,5,2007,11.83138646878959,0,0,0,1,0,0,0,0,0,0,0,0,1,2.0,1,False,False,False,False,True,0.0,0.0,6,0,0,0,1,1,0,0,0,1,0,0,1,0,0,0,1,0,1,0,0,0,0,0,0,0,1,0,0,0,0,0,0,0,1,0,0,0,0,0,0,0,0,0,0,0,0,0,0,0,0,0,0,0,0,0,0,0,0,0,0,0,0,0,1,0,0,1,0,0,0,0,1,0,0,0,0,0,0,0,0,0,0,0,0,0,1,0,0,0,0,0,0,0,0,0,0,0,0,0,1,0,0,0,0,0,0,0,0,0,0,0,0,0,0,2452,1513,174,13,168.11111111111111,2,1,1.5,0.1666666666666666,7.5,1,9,87,3,1,1,1,150,1,174,0,0.0,0,27,40,9,15,0.6167957602935181
1398,1398,1399,50,60.0,7200,4,2,5,4,1950,1982,0.0,3,3,3,3,1,3,180,4,352,676,1208,3,1,3,1136,768,0,1904,1,0,1,1,3,1,3,7,6,240,2,0,0,168,0,0,0,3.0,0,0,5,2009,11.8350162104899,0,0,0,1,0,0,0,0,0,0,0,0,1,2.0,1,True,False,False,False,False,0.0,0.0,6,0,0,1,0,1,0,0,0,1,0,0,1,0,0,0,1,0,1,0,0,0,0,0,0,0,1,0,0,0,0,0,0,0,0,0,0,0,0,0,0,0,0,1,0,0,0,0,0,0,0,0,0,0,0,0,0,0,0,0,0,0,0,0,0,0,0,1,0,0,0,0,1,0,0,0,0,0,0,0,0,0,0,0,0,0,0,0,0,0,1,0,0,0,0,0,0,0,0,0,0,0,0,0,0,0,1,0,0,0,1,0,0,0,0,3112,2436,168,11,238.0,2,1,2.5,0.3125,12.5,1,9,59,27,1,0,2,168,1,168,0,0.4400330851943755,1,18,20,9,14,0.6116286540314809
1399,1399,1400,50,51.0,6171,4,2,6,6,1925,1990,0.0,3,3,3,3,1,4,264,1,0,712,976,4,1,4,1160,448,0,1608,0,0,2,1,3,1,4,7,7,216,2,147,16,0,0,0,0,2.0,0,0,10,2009,11.831022768939787,0,0,0,1,0,0,0,0,0,0,0,0,1,2.0,1,False,False,False,False,True,4.0,2.772588722239781,6,0,0,1,0,1,0,0,0,1,0,0,1,0,0,0,1,0,1,0,0,0,0,0,0,0,1,0,0,0,0,0,0,0,0,0,0,0,0,0,0,0,0,0,0,0,0,0,0,1,0,0,0,0,0,0,0,0,0,0,0,0,0,0,0,0,0,1,0,0,0,0,1,0,0,0,0,0,0,0,0,0,0,0,0,0,0,0,0,0,0,0,1,0,0,0,0,0,0,0,0,0,0,0,0,0,0,1,0,0,0,0,0,0,0,2584,1872,163,11,201.0,2,1,2.5,0.3125,15.0,1,16,84,19,1,0,1,16,1,163,0,0.27021494370522,1,18,36,9,17,0.6220502901353965
1400,1400,1401,50,50.0,6000,4,2,6,7,1929,1950,0.0,3,3,3,3,1,1,0,1,0,862,862,2,1,4,950,208,0,1158,0,0,1,0,3,1,3,5,7,208,2,0,0,112,0,0,0,0.0,0,0,7,2008,11.695255355062796,0,0,0,1,0,0,0,0,0,0,0,0,1,2.0,1,False,False,True,False,False,4.0,2.772588722239781,6,0,0,0,1,1,0,0,0,1,0,0,1,0,0,0,0,0,1,0,0,0,0,0,0,0,1,0,0,0,0,0,0,0,1,0,0,0,0,0,0,0,0,0,0,0,0,0,0,0,0,0,0,0,0,0,0,0,0,0,0,0,0,0,0,0,0,1,0,0,0,0,1,0,0,0,0,0,0,0,0,0,0,0,0,0,0,0,0,0,0,0,1,0,0,0,0,0,0,0,0,0,0,0,0,0,0,1,0,0,0,0,0,0,0,2020,1158,112,9,193.0,2,1,1.0,0.1666666666666666,6.0,1,9,79,58,1,0,1,112,1,112,0,0.0,0,18,42,9,14,0.5729836714497774
1401,1401,1402,60,62.0,7415,4,2,6,5,2004,2004,0.0,3,3,3,3,1,6,759,1,0,80,839,4,1,4,864,729,0,1593,1,0,2,1,3,1,3,8,7,398,2,100,75,0,0,0,0,0.0,0,0,4,2008,12.170450649220747,0,0,0,1,0,0,0,0,0,0,0,0,1,2.0,4,True,False,False,False,False,3.0,2.079441541679836,6,0,0,1,0,1,0,0,0,0,0,0,1,0,0,0,1,0,1,0,0,0,0,0,0,0,1,0,0,0,0,0,0,0,0,0,0,0,0,1,0,0,0,0,0,0,0,0,0,0,0,0,0,0,0,0,0,0,0,0,0,0,0,0,1,0,0,1,0,0,0,0,1,0,0,0,0,0,0,0,0,0,0,0,0,0,0,0,0,0,1,0,0,0,0,0,0,0,0,0,0,0,0,0,0,1,0,0,0,0,0,1,0,0,0,2432,2352,175,12,177.0,2,1,3.5,0.3888888888888889,21.0,1,9,4,4,0,1,4,75,1,175,0,0.9035714285714286,1,18,30,9,16,0.654747225647349
1402,1402,1403,20,64.0,6762,4,2,7,5,2006,2006,0.0,4,3,4,4,3,1,0,1,0,1286,1286,4,1,4,1294,0,0,1294,0,0,2,0,2,1,4,6,7,662,2,168,55,0,0,0,0,0.0,0,0,7,2006,12.174994689959313,0,0,0,0,1,0,0,0,0,0,1,0,0,2.0,4,True,False,False,False,False,4.0,2.772588722239781,6,0,0,1,0,1,0,0,0,1,0,0,1,0,0,0,1,0,1,0,0,0,0,0,0,0,1,0,0,0,0,0,0,0,0,0,1,0,0,0,0,0,0,0,0,0,0,0,0,0,0,0,0,0,0,0,0,0,0,0,0,1,0,0,0,0,0,1,0,0,0,0,1,0,0,0,0,0,0,0,0,0,0,0,0,0,0,0,0,0,1,0,0,0,0,0,0,0,0,0,0,0,0,0,0,1,0,0,0,0,0,1,0,0,0,2580,1294,223,9,184.8571428571429,1,0,2.0,0.2857142857142857,14.0,1,16,0,0,0,1,4,55,1,223,0,0.0,0,64,35,12,19,0.501356063541263
1403,1403,1404,20,49.0,15256,4,2,8,5,2007,2007,84.0,4,3,4,3,4,6,929,1,0,556,1485,4,1,4,1464,0,0,1464,1,0,2,0,3,1,4,6,7,754,2,168,160,0,0,0,0,0.0,0,0,8,2007,12.552930054797937,0,0,0,1,0,0,0,0,0,0,0,0,1,2.0,4,True,False,False,False,False,0.0,0.0,6,0,0,1,0,1,0,0,0,0,0,0,1,1,0,0,0,0,0,0,0,0,1,0,0,0,1,0,0,0,0,0,0,0,0,0,0,0,0,0,0,0,0,0,0,0,0,0,0,0,0,0,1,0,0,0,0,0,0,0,0,1,0,0,0,0,0,1,0,0,0,0,1,0,0,0,0,0,0,0,0,0,0,0,0,0,0,0,0,0,1,0,0,0,0,0,0,0,0,0,0,0,0,0,0,1,0,0,0,1,0,1,0,0,0,2949,2393,328,10,209.14285714285717,1,0,3.0,0.4285714285714285,24.0,1,16,0,0,0,1,4,160,1,328,0,0.6251682368775235,1,60,40,12,20,0.4962711864406779
1404,1404,1405,50,60.0,10410,4,2,3,4,1915,1950,0.0,3,3,3,3,1,1,0,1,0,672,672,2,1,4,694,520,0,1214,0,0,1,0,3,1,3,6,7,936,2,216,0,160,0,0,0,2.0,0,0,1,2006,11.561725152903833,0,0,1,0,0,0,0,0,0,0,0,0,1,2.0,3,False,False,False,False,True,0.0,0.0,6,0,0,1,0,1,0,0,0,1,0,0,1,0,0,0,0,0,0,0,0,0,0,0,0,0,1,0,0,0,0,0,0,0,0,0,0,0,0,0,0,0,0,0,0,0,0,0,1,0,0,0,0,0,0,0,0,0,0,0,0,0,0,0,0,0,0,1,0,0,0,0,1,0,0,0,0,0,0,0,0,0,0,0,0,0,0,0,0,0,0,1,0,0,0,0,0,0,0,0,0,0,0,0,0,0,1,0,0,0,0,1,0,0,0,1886,1214,376,10,173.42857142857142,2,1,1.0,0.1428571428571428,3.0,1,9,91,56,1,0,1,160,1,376,0,0.0,0,18,12,9,11,0.6433492315845257
1405,1405,1406,120,44.0,3842,4,1,8,5,2004,2005,174.0,4,3,5,3,4,6,1373,1,0,221,1594,4,1,4,1646,0,0,1646,1,1,2,0,2,1,4,5,7,482,2,128,53,0,0,155,0,0.0,0,0,1,2008,12.524530013005734,0,0,0,1,0,0,0,0,0,0,0,0,1,2.0,4,True,False,False,False,False,4.0,2.772588722239781,6,0,0,0,1,1,0,0,0,0,1,0,0,0,0,0,1,0,1,0,0,0,0,0,0,0,1,0,0,0,0,0,0,0,0,0,0,1,0,0,0,0,0,0,0,0,0,0,0,0,0,0,0,0,0,0,0,0,0,1,0,1,0,0,0,0,0,0,0,1,0,0,1,0,0,0,0,0,0,0,0,0,0,1,0,0,0,0,0,0,0,0,0,0,0,0,0,1,0,0,0,0,0,0,0,0,0,0,0,1,0,1,0,0,0,3240,3019,336,8,274.3333333333333,1,0,3.5,0.5833333333333334,28.0,1,16,4,3,1,1,4,208,1,336,0,0.8608150470219436,1,75,40,12,20,0.507867941993212
1406,1406,1407,85,70.0,8445,4,2,5,7,1972,2007,0.0,3,3,4,3,3,6,656,1,0,112,768,2,1,4,768,0,0,768,1,0,1,0,2,1,3,5,7,396,2,58,0,0,0,0,0,2.0,0,0,3,2009,11.798111925972618,0,0,0,1,0,0,0,0,0,0,0,0,1,2.0,3,False,False,False,False,True,0.0,0.0,6,0,0,1,0,1,0,0,0,1,0,0,1,0,0,0,0,0,1,0,0,0,0,0,0,0,1,0,0,0,0,0,0,0,0,0,1,0,0,0,0,0,0,0,0,0,0,0,0,0,0,0,0,0,0,0,0,0,0,0,0,0,0,0,0,1,0,1,0,0,0,0,1,0,0,0,0,0,0,0,0,0,0,0,1,0,0,0,0,0,0,0,0,0,0,0,0,0,0,0,0,0,0,0,0,0,0,1,0,0,1,0,0,0,0,1536,1424,58,8,128.0,1,0,2.0,0.3333333333333333,10.0,1,9,37,2,1,1,2,0,0,58,0,0.8530559167750326,1,48,35,9,13,0.4996746909564086
1407,1407,1408,20,0.0,8780,4,2,5,5,1985,1985,0.0,3,3,3,3,1,5,625,1,0,208,833,4,1,4,833,0,0,833,1,0,1,0,3,1,3,5,7,0,2,0,0,0,0,0,0,2.0,0,0,3,2009,11.6262630788088,0,0,0,1,0,0,0,0,0,0,0,0,1,0.0,0,False,False,False,False,False,0.0,0.0,6,0,0,1,0,1,0,0,0,0,0,0,1,0,0,0,0,0,1,0,0,0,0,0,0,0,1,0,0,0,0,0,0,0,0,0,0,0,0,0,0,0,1,0,0,0,0,0,0,0,0,0,0,0,0,0,0,0,0,0,0,1,0,0,0,0,0,1,0,0,0,0,1,0,0,0,0,0,0,0,0,0,0,0,1,0,0,0,0,0,0,0,0,0,0,0,0,0,0,0,0,0,1,0,0,0,0,0,0,0,1,0,0,0,0,1666,1458,0,9,138.83333333333334,1,0,2.0,0.3333333333333333,10.0,1,9,24,24,0,0,3,0,0,0,0,0.749400479616307,1,18,25,9,15,0.4997000599880024
1408,1408,1409,70,60.0,7740,4,2,4,7,1910,1950,0.0,3,3,2,3,1,1,0,1,0,622,622,3,1,4,741,622,0,1363,0,0,1,0,3,1,3,6,7,528,2,0,0,0,0,168,0,0.0,0,0,6,2010,11.74006900564972,0,0,0,1,0,0,0,0,0,0,0,0,1,2.0,2,False,False,False,False,True,0.0,0.0,6,0,0,0,1,1,0,0,0,1,0,0,1,0,0,0,1,0,1,0,0,0,0,0,0,0,1,0,0,0,0,0,0,0,0,0,0,0,0,0,0,0,0,0,0,0,0,0,1,0,0,0,0,0,0,0,0,0,0,0,0,0,0,0,1,0,0,1,0,0,0,0,1,0,0,0,0,0,0,0,0,0,0,0,0,0,0,0,0,0,1,0,0,0,0,0,0,0,0,0,0,0,0,0,0,1,0,0,0,0,1,0,0,0,0,1985,1363,168,10,194.7142857142857,2,1,1.0,0.1428571428571428,4.0,1,9,100,60,1,0,1,168,1,168,0,0.0,0,12,28,9,13,0.6863041289023162
1409,1409,1410,60,46.0,20544,4,2,7,6,1986,1991,123.0,3,4,4,3,1,1,0,1,0,791,791,3,1,4,1236,857,0,2093,0,0,2,1,3,1,3,7,7,542,2,364,63,0,0,0,0,2.0,0,0,11,2008,12.278397958261774,0,0,0,1,0,0,0,0,0,0,0,0,1,2.0,3,True,False,False,False,False,3.0,2.079441541679836,6,0,0,1,0,1,0,0,0,0,0,0,1,1,0,0,0,0,1,0,0,0,0,0,0,0,1,0,0,0,0,0,0,0,0,0,0,0,0,0,0,0,0,0,0,1,0,0,0,0,0,0,0,0,0,0,0,0,0,0,0,0,0,0,1,0,0,1,0,0,0,0,1,0,0,0,0,0,0,0,0,0,0,0,0,0,0,1,0,0,0,0,0,0,0,0,0,0,0,0,0,0,1,0,0,0,0,0,1,0,1,0,0,0,0,2884,2093,427,11,261.625,2,1,2.5,0.3125,17.5,1,9,22,17,1,0,3,63,1,427,0,0.0,0,24,42,12,16,0.7254766031195841
1410,1410,1411,60,79.0,12420,4,2,7,5,2001,2001,0.0,4,3,4,3,1,6,666,1,0,278,944,4,1,4,944,896,0,1840,1,0,2,1,3,1,4,6,7,622,2,0,45,0,0,0,0,0.0,0,0,6,2009,12.345838935721968,0,0,0,1,0,0,0,0,0,0,0,0,1,2.0,4,True,False,False,False,False,0.0,0.0,6,0,0,1,0,1,0,0,0,1,0,0,1,0,0,0,1,0,1,0,0,0,0,0,0,0,1,0,0,0,0,0,0,0,0,0,1,0,0,0,0,0,0,0,0,0,0,0,0,0,0,0,0,0,0,0,0,0,0,0,0,0,0,0,1,0,0,1,0,0,0,0,1,0,0,0,0,0,0,0,0,0,0,0,0,0,0,0,0,0,1,0,0,0,0,0,0,0,0,0,0,0,0,0,0,1,0,0,0,0,0,1,0,0,0,2784,2506,45,10,262.85714285714283,2,1,3.5,0.5,24.5,1,16,8,8,0,1,4,45,1,45,0,0.7047619047619048,1,24,35,12,19,0.6606822262118492
1411,1411,1412,50,80.0,9600,4,2,6,8,1950,2005,0.0,3,4,3,3,1,4,120,1,0,736,856,4,1,4,1112,556,0,1668,0,0,1,1,3,1,3,6,5,271,2,0,0,0,0,0,0,2.0,0,0,9,2009,11.849404844423074,0,0,0,1,0,0,0,0,0,0,0,0,1,2.0,1,True,False,False,False,False,0.0,0.0,6,0,0,1,0,1,0,0,0,1,0,0,1,0,0,0,1,0,1,0,0,0,0,0,0,0,1,0,0,0,0,0,0,0,0,0,0,0,0,0,0,0,0,1,0,0,0,0,0,0,0,0,0,0,0,0,0,0,0,0,0,0,0,0,0,0,0,1,0,0,0,0,1,0,0,0,0,0,0,0,0,0,0,0,0,0,0,0,0,0,1,0,0,0,0,0,0,0,0,0,0,0,0,0,0,1,0,0,0,0,1,0,0,0,0,2524,1788,0,10,238.28571428571428,2,1,1.5,0.2142857142857142,9.0,1,9,59,4,1,1,2,0,0,0,0,0.1400233372228704,1,18,48,12,16,0.6605940594059406
1412,1412,1413,90,60.0,7200,4,2,4,5,1949,1950,0.0,3,3,0,0,0,0,0,0,0,0,0,1,0,2,1040,0,0,1040,0,0,2,0,2,2,3,6,7,420,2,0,0,0,0,0,0,0.0,0,0,6,2009,11.407576060361786,0,0,0,1,0,0,0,0,0,0,0,0,1,2.0,2,False,False,False,False,True,0.0,0.0,3,0,0,1,0,1,0,0,0,1,0,0,1,0,0,0,1,0,1,0,0,0,0,0,0,0,1,0,0,0,0,0,0,0,0,0,0,0,0,0,0,0,0,1,0,0,0,0,0,0,0,0,0,0,0,0,0,1,0,0,0,1,0,0,0,0,0,1,0,0,0,0,1,0,0,0,0,0,0,0,0,1,0,0,0,0,0,0,0,0,0,0,0,0,0,0,0,0,0,0,0,0,0,1,0,0,0,0,0,0,0,0,1,0,0,1040,1040,0,10,148.57142857142858,1,0,2.0,0.2857142857142857,8.0,2,9,60,59,1,0,2,0,0,0,0,0.0,0,0,20,9,11,0.999039385206532
1413,1413,1414,20,88.0,10994,4,2,8,5,2005,2006,366.0,4,3,4,4,1,6,976,1,0,868,1844,4,1,4,1844,0,0,1844,1,0,2,0,2,1,4,7,7,620,2,165,44,0,0,0,0,0.0,0,0,9,2009,12.456835254920373,0,0,0,0,0,0,0,0,0,0,0,0,0,2.0,4,True,False,False,False,False,4.0,2.772588722239781,6,0,0,1,0,1,0,0,0,0,0,0,1,0,0,0,0,0,1,0,0,0,0,0,0,0,1,0,0,0,0,0,0,0,0,0,0,0,0,0,0,0,0,0,0,0,0,0,0,0,0,1,0,0,0,0,0,0,0,0,0,1,0,0,0,0,0,1,0,0,0,0,1,0,0,0,0,0,0,0,0,0,0,0,0,0,0,0,0,0,1,0,0,0,0,0,0,0,0,0,0,0,0,0,0,1,0,0,0,1,0,1,0,0,0,3688,2820,209,10,230.5,1,0,3.0,0.375,24.0,1,16,4,3,1,1,4,44,1,209,0,0.5289972899728997,1,32,40,12,20,0.4998644619137978
1414,1414,1415,50,64.0,13053,4,2,6,7,1923,2000,0.0,3,3,3,3,1,1,0,1,0,833,833,3,1,4,1053,795,0,1848,0,0,1,1,4,1,4,8,7,370,0,0,0,0,0,220,0,0.0,0,0,6,2008,12.240478903153711,0,0,0,1,0,0,0,0,0,0,0,0,1,2.0,1,False,False,False,False,True,4.0,2.772588722239781,6,0,0,1,0,1,1,0,0,1,0,0,0,0,0,0,1,0,1,0,0,0,0,0,0,0,1,0,0,0,0,0,0,0,1,0,0,0,0,0,0,0,0,0,0,0,0,0,0,0,0,0,0,0,0,0,0,0,0,0,0,0,0,0,0,0,0,0,1,0,0,0,1,0,0,0,0,0,0,0,0,0,0,0,0,0,0,0,0,0,0,1,0,0,0,0,0,0,0,0,0,0,0,0,0,0,1,0,0,0,0,0,0,0,0,2681,1848,220,13,205.33333333333331,2,1,1.5,0.1666666666666666,9.0,1,16,85,8,1,1,1,220,1,220,0,0.0,0,18,42,9,16,0.6890380313199105
1415,1415,1416,120,51.0,3635,4,2,7,5,2007,2007,130.0,4,3,4,3,1,5,988,1,0,398,1386,4,1,4,1569,0,0,1569,0,1,2,0,1,1,4,7,7,660,2,143,20,0,0,0,0,0.0,0,0,5,2009,12.077676615757811,0,0,0,1,0,0,0,0,0,0,0,0,1,2.0,4,True,False,False,False,False,3.0,2.079441541679836,6,0,0,1,0,1,0,0,0,1,0,0,1,0,0,0,1,0,1,0,0,0,0,0,0,0,1,0,0,0,0,0,0,0,0,0,0,0,0,0,0,0,0,0,0,0,0,0,0,0,0,0,0,0,0,0,0,0,0,1,0,1,0,0,0,0,0,0,0,1,0,0,1,0,0,0,0,0,0,0,0,0,0,0,0,0,0,0,0,0,1,0,0,0,0,0,0,0,0,0,0,0,0,0,0,1,0,0,1,0,0,1,0,0,0,2955,2557,163,9,196.125,1,0,2.5,0.3125,17.5,1,16,2,2,0,1,4,20,1,163,0,0.7123287671232876,1,24,35,12,19,0.5307848443843031
1416,1416,1417,190,60.0,11340,4,2,4,6,1885,1950,0.0,3,3,3,3,1,1,0,1,0,777,777,3,1,4,1246,1044,0,2290,0,0,2,0,4,2,3,11,7,560,0,0,0,114,0,0,0,0.0,0,0,4,2010,11.715874472198903,0,0,0,1,0,0,0,0,0,0,0,0,1,2.0,2,False,False,False,False,True,0.0,0.0,6,0,0,0,1,1,0,0,0,1,0,0,1,0,0,0,1,0,1,0,0,0,0,0,0,0,1,0,0,0,0,0,0,0,0,0,0,0,0,0,0,0,0,0,0,0,0,0,1,0,0,0,0,0,0,0,1,0,0,0,0,0,0,0,1,0,0,1,0,0,0,0,1,0,0,0,0,0,0,0,0,0,0,0,0,0,0,0,0,0,1,0,0,0,0,0,0,0,0,0,0,0,0,0,0,0,0,0,0,0,0,1,0,0,0,3067,2290,114,17,190.83333333333331,2,1,2.0,0.1666666666666666,8.0,2,9,125,60,1,0,1,114,1,114,0,0.0,0,18,24,9,13,0.7464146023468058
1417,1417,1418,60,0.0,16545,4,2,8,5,1998,1998,731.0,4,3,4,3,2,6,781,1,0,503,1284,4,1,4,1310,1140,0,2450,1,0,2,1,3,1,4,7,7,1069,2,0,126,0,0,0,0,0.0,0,0,5,2009,12.73670383776449,0,0,0,1,0,0,0,0,0,0,0,0,1,2.0,3,True,False,False,False,False,3.0,2.079441541679836,6,0,0,1,0,1,0,0,0,0,0,0,1,0,0,0,1,0,1,0,0,0,0,0,0,0,1,0,0,0,0,0,0,0,0,0,0,0,0,0,0,0,0,0,0,0,1,0,0,0,0,0,0,0,0,0,0,0,0,0,0,0,0,0,1,0,0,1,0,0,0,0,1,0,0,0,0,0,0,0,0,0,0,0,0,0,0,0,0,0,1,0,0,0,0,0,0,0,0,0,0,0,0,0,0,1,0,0,1,0,0,1,0,0,0,3734,3231,126,11,306.25,2,1,3.5,0.4375,28.0,1,16,11,11,0,0,3,126,1,126,0,0.6077821011673151,1,36,40,12,20,0.6559571619812584
1418,1418,1419,20,71.0,9204,4,2,5,5,1963,1963,0.0,3,3,3,3,1,4,25,3,872,247,1144,2,1,4,1144,0,0,1144,1,0,1,1,3,1,3,6,7,336,2,0,88,0,0,0,0,0.0,0,0,8,2008,11.728044909070784,0,0,0,1,0,0,0,0,0,0,0,0,0,2.0,2,False,False,False,False,True,0.0,0.0,6,0,0,1,0,1,0,0,0,1,0,0,1,0,0,0,1,0,1,0,0,0,0,0,0,0,1,0,0,0,0,0,0,0,0,0,0,0,0,0,0,0,0,1,0,0,0,0,0,0,0,0,0,0,0,0,0,0,0,0,0,1,0,0,0,0,0,1,0,0,0,0,1,0,0,0,0,0,0,0,0,0,0,0,1,0,0,0,0,0,0,0,0,0,0,0,0,0,1,0,0,0,0,0,0,0,0,0,0,0,1,0,0,0,0,2288,2041,88,10,163.42857142857142,1,0,2.5,0.3571428571428571,12.5,1,9,45,45,0,0,2,88,1,88,0,0.7834061135371179,1,18,25,9,13,0.4997815640017475
1419,1419,1420,20,0.0,16381,4,2,6,5,1969,1969,312.0,4,4,3,3,3,3,1110,1,0,734,1844,3,1,4,1844,0,0,1844,1,0,2,0,3,1,4,7,7,540,2,0,73,216,0,0,0,0.0,0,0,12,2006,12.314931534737134,0,0,0,1,0,0,0,0,0,0,0,0,1,2.0,2,True,False,False,False,False,3.0,2.079441541679836,6,0,0,1,0,1,0,0,0,0,0,0,1,0,0,0,1,0,1,0,0,0,0,0,0,0,1,0,0,0,0,0,0,0,0,0,0,1,0,0,0,0,0,0,0,0,0,0,0,0,0,0,0,0,0,0,0,0,0,0,0,1,0,0,0,0,0,1,0,0,0,0,1,0,0,0,0,0,0,0,0,0,0,0,0,0,0,1,0,0,0,0,0,0,0,0,0,0,0,0,0,0,1,0,0,0,0,0,1,0,1,0,0,0,0,3688,2954,289,11,230.5,1,0,3.0,0.375,18.0,1,16,37,37,0,0,2,289,1,289,0,0.6016260162601627,1,36,30,16,17,0.4998644619137978
1420,1420,1421,60,90.0,11700,4,2,6,6,1968,1968,420.0,3,3,3,3,1,5,404,1,0,304,708,3,1,4,708,708,0,1416,0,0,2,1,3,1,3,7,7,776,2,0,169,0,0,119,0,0.0,0,0,5,2006,12.100161978566868,0,0,0,1,0,0,0,0,0,0,0,0,1,2.0,2,True,False,False,False,False,3.0,2.079441541679836,6,0,0,1,0,1,0,0,0,1,0,0,1,0,0,0,0,0,1,0,0,0,0,0,0,0,1,0,0,0,0,0,0,0,0,0,0,0,0,0,0,0,0,0,0,1,0,0,0,0,0,0,0,0,0,0,0,0,0,0,0,0,0,0,1,0,0,1,0,0,0,0,1,0,0,0,0,0,0,0,0,0,0,0,1,0,0,0,0,0,0,0,0,0,0,0,0,0,1,0,0,0,0,0,0,0,0,0,1,0,1,0,0,0,0,2124,1820,288,11,177.0,2,1,2.5,0.3125,15.0,1,9,38,38,0,0,2,288,1,288,0,0.5698166431593794,1,18,36,9,15,0.6663529411764706
1421,1421,1422,120,53.0,4043,4,2,6,5,1977,1977,0.0,3,3,4,3,1,5,360,1,0,709,1069,2,1,4,1069,0,0,1069,0,0,2,0,2,1,3,4,7,440,2,0,55,0,0,165,0,0.0,0,0,7,2010,11.755879486687116,0,0,0,1,0,0,0,0,0,0,0,0,1,2.0,2,True,False,False,False,False,2.0,1.3862943611198906,6,0,0,1,0,1,0,0,0,1,0,0,1,0,0,0,1,0,1,0,0,0,0,0,0,0,1,0,0,0,0,0,0,0,0,0,0,0,0,0,0,0,0,0,1,0,0,0,0,0,0,0,0,0,0,0,0,0,0,1,0,1,0,0,0,0,0,1,0,0,0,0,1,0,0,0,0,0,0,0,0,0,0,0,0,0,0,1,0,0,0,0,0,0,0,0,0,0,0,0,0,0,1,0,0,0,0,0,0,0,1,0,0,0,0,2138,1429,220,7,213.8,1,0,2.0,0.4,12.0,1,9,33,33,0,0,2,220,1,220,0,0.3364485981308411,1,24,30,9,14,0.4997662459093034
1422,1422,1423,120,37.0,4435,4,2,6,5,2003,2003,170.0,4,3,4,3,3,6,686,1,0,162,848,4,1,4,848,0,0,848,1,0,1,0,1,1,4,3,7,420,2,140,0,0,0,0,0,0.0,0,0,3,2008,11.824087219587645,0,0,0,1,0,0,0,0,0,0,0,0,1,2.0,4,True,False,False,False,False,0.0,0.0,6,0,0,0,1,1,0,0,0,1,0,0,1,0,0,0,1,0,1,0,0,0,0,0,0,0,1,0,0,0,0,0,0,0,0,0,1,0,0,0,0,0,0,0,0,0,0,0,0,0,0,0,0,0,0,0,0,0,0,1,0,1,0,0,0,0,0,1,0,0,0,0,1,0,0,0,0,0,0,0,0,0,0,0,0,0,0,0,0,0,1,0,0,0,0,0,0,0,0,0,0,0,0,0,0,1,0,0,1,0,0,1,0,0,0,1696,1534,140,5,212.0,1,0,2.0,0.5,12.0,1,16,5,5,0,1,4,0,0,140,0,0.8080094228504122,1,48,30,12,18,0.4997053624042428
1423,1423,1424,80,0.0,19690,4,2,6,7,1966,1966,0.0,4,4,4,3,3,1,0,1,0,697,697,2,1,4,1575,626,0,2201,0,0,2,0,4,1,4,8,7,432,2,586,236,0,0,0,738,3.0,0,0,8,2006,12.524420916542532,0,1,0,0,0,0,0,0,0,0,0,0,1,3.0,2,True,False,False,False,False,4.0,2.772588722239781,6,0,0,1,0,1,0,0,0,0,0,0,1,1,0,0,0,0,1,0,0,0,0,0,0,0,1,0,0,0,0,0,0,0,0,0,0,0,1,0,0,0,0,0,0,0,0,0,0,0,0,0,0,0,0,0,0,0,0,0,0,0,0,0,0,0,1,0,0,0,0,0,0,0,0,0,1,0,0,0,0,0,0,0,0,0,0,1,0,0,0,0,0,0,0,0,0,0,0,0,0,0,1,0,0,0,0,0,0,0,1,0,0,0,0,2898,2201,1560,13,244.55555555555557,2,1,2.0,0.2222222222222222,12.0,1,16,40,40,0,0,2,236,1,1560,1,0.0,0,48,42,16,16,0.7592273197654363
1424,1424,1425,20,0.0,9503,4,2,5,5,1958,1983,0.0,3,3,3,3,1,5,457,3,374,193,1024,2,1,4,1344,0,0,1344,1,0,1,0,2,1,3,6,6,484,2,316,28,0,0,0,0,1.0,0,0,6,2007,11.87757552297847,0,0,0,1,0,0,0,0,0,0,0,0,1,2.0,2,False,False,False,False,True,3.0,2.079441541679836,6,0,0,1,0,1,0,0,0,1,0,0,1,0,0,0,1,0,1,0,0,0,0,0,0,0,1,0,0,0,0,0,0,0,0,0,0,0,0,0,0,0,0,1,0,0,0,0,0,0,0,0,0,0,0,0,0,0,0,0,0,1,0,0,0,0,0,0,0,1,0,0,1,0,0,0,0,0,0,0,0,0,0,0,1,0,0,0,0,0,0,0,0,0,0,0,0,0,1,0,0,0,0,0,0,0,0,0,0,0,1,0,0,0,0,2368,2175,344,9,192.0,1,0,2.0,0.2857142857142857,10.0,1,9,49,24,1,0,2,28,1,344,0,0.8107317073170732,1,18,25,9,13,0.5673279864921908
1425,1425,1426,20,80.0,10721,4,2,6,6,1959,1959,243.0,4,3,3,3,1,1,0,1,0,1252,1252,4,1,4,1252,0,0,1252,0,0,1,0,3,1,4,7,7,528,2,0,39,0,0,0,0,0.0,0,0,10,2008,11.863589378812122,0,0,0,1,0,0,0,0,0,0,0,0,1,2.0,2,False,False,False,False,True,0.0,0.0,6,0,0,1,0,1,0,0,0,0,0,0,1,0,0,0,1,0,1,0,0,0,0,0,0,0,1,0,0,0,0,0,0,0,0,0,0,0,0,0,0,0,0,1,0,0,0,0,0,0,0,0,0,0,0,0,0,0,0,0,0,1,0,0,0,0,0,0,0,1,0,0,1,0,0,0,0,0,0,0,0,0,0,0,1,0,0,0,0,0,0,0,0,0,0,0,0,0,1,0,0,0,0,0,0,0,0,0,0,1,1,0,0,0,0,2504,1252,39,11,156.5,1,0,1.0,0.125,6.0,1,16,49,49,0,0,2,39,1,39,0,0.0,0,18,36,12,18,0.4998003992015968
1426,1426,1427,60,81.0,10944,4,2,7,5,1994,1994,448.0,4,3,4,3,1,6,1000,1,0,223,1223,4,1,4,1223,904,0,2127,1,0,2,1,3,1,4,5,7,525,2,171,132,0,0,0,0,0.0,0,0,8,2008,12.509877789891933,0,0,0,1,0,0,0,0,0,0,0,0,1,2.0,3,True,False,False,False,False,3.0,3.295836866004329,6,0,0,1,0,1,0,0,0,0,0,0,1,0,0,0,1,0,1,0,0,0,0,0,0,0,1,0,0,0,0,0,0,0,0,0,0,0,0,0,0,0,0,0,0,0,1,0,0,0,0,0,0,0,0,0,0,0,0,0,0,0,0,0,1,0,0,1,0,0,0,0,1,0,0,0,0,0,0,0,0,0,0,0,0,0,0,0,0,0,1,0,0,0,0,0,0,0,0,0,0,0,0,0,0,1,0,0,1,0,0,1,0,0,0,3350,3127,303,9,354.5,2,1,3.5,0.5833333333333334,24.5,1,16,14,14,0,0,3,132,1,303,0,0.8169934640522876,1,24,35,12,19,0.6347358997314234
1427,1427,1428,50,60.0,10930,4,2,5,6,1945,1950,0.0,3,3,3,3,1,4,580,1,0,333,913,2,1,3,1048,510,0,1558,1,0,1,1,3,1,3,6,7,288,2,0,0,0,0,0,0,0.0,0,0,4,2008,11.849404844423074,0,0,0,1,0,0,0,0,0,0,0,0,1,2.0,2,True,False,False,False,False,3.0,2.079441541679836,6,0,0,1,0,1,0,0,0,1,0,0,0,0,0,0,1,0,0,0,0,0,0,0,0,0,1,0,0,0,0,0,0,0,0,0,0,0,0,0,0,0,0,1,0,0,0,0,0,0,0,0,0,0,0,0,0,0,0,0,0,0,0,0,0,0,0,1,0,0,0,0,1,0,0,0,0,0,0,0,0,0,0,0,0,0,1,0,0,0,0,0,0,0,0,0,0,0,0,0,1,0,0,0,0,0,0,0,0,0,1,0,0,0,0,2471,2138,0,10,222.57142857142856,2,1,2.5,0.3571428571428571,12.5,1,9,63,58,1,0,1,0,0,0,0,0.6345733041575492,1,18,30,9,13,0.6302588996763754
1428,1428,1429,30,60.0,7200,4,2,5,7,1940,1992,294.0,3,4,3,3,1,4,510,1,0,278,788,2,1,4,804,0,0,804,1,0,1,0,2,1,4,4,7,240,2,0,0,154,0,0,0,2.0,0,0,2,2010,11.686887175419702,0,0,0,0,0,0,0,0,0,0,0,0,1,2.0,1,True,False,False,False,False,4.0,4.394449154672439,6,0,0,0,1,1,0,0,0,1,0,0,1,0,0,0,0,0,1,0,0,0,0,0,0,0,1,0,0,0,0,0,0,0,0,0,0,0,0,0,0,0,0,0,0,0,0,0,1,0,0,0,0,0,0,0,0,0,0,0,0,1,0,0,0,0,0,1,0,0,0,0,1,0,0,0,0,0,0,0,0,0,0,0,0,0,1,0,0,0,0,0,0,0,0,0,0,0,0,0,1,0,0,0,0,0,0,0,0,1,1,0,0,0,0,1592,1314,154,7,160.8,1,0,2.0,0.4,10.0,1,16,70,18,1,0,1,154,1,154,0,0.6463878326996197,1,18,35,12,14,0.504708097928437
1429,1429,1430,20,0.0,12546,4,2,6,7,1981,1981,310.0,4,4,4,3,1,4,678,1,0,762,1440,4,1,4,1440,0,0,1440,0,0,2,0,3,1,4,7,7,467,2,0,0,99,0,0,0,0.0,0,0,4,2007,12.116700301832571,0,0,0,1,0,0,0,0,0,0,0,0,1,2.0,3,True,False,False,False,False,3.0,2.079441541679836,6,0,0,1,0,1,0,0,0,0,0,0,1,0,0,0,0,0,1,0,0,0,0,0,0,0,1,0,0,0,0,0,0,0,0,0,0,0,0,0,0,0,0,0,0,1,0,0,0,0,0,0,0,0,0,0,0,0,0,0,0,1,0,0,0,0,0,1,0,0,0,0,1,0,0,0,0,0,0,0,0,0,0,0,0,0,1,0,0,0,0,0,0,0,0,0,0,0,0,0,1,0,0,0,0,0,0,0,1,0,1,0,0,0,0,2880,2118,99,11,180.0,1,0,2.0,0.25,12.0,1,16,26,26,0,0,3,99,1,99,0,0.4705065926439972,1,24,42,16,18,0.4998264491496008
1430,1430,1431,60,60.0,21930,4,2,5,5,2005,2005,0.0,4,3,4,4,3,1,0,1,0,732,732,4,1,4,734,1104,0,1838,0,0,2,1,4,1,3,7,7,372,2,100,40,0,0,0,0,0.0,0,0,7,2006,12.165984756488545,0,0,0,1,0,0,0,0,0,0,0,0,1,2.0,4,False,False,True,False,False,4.0,2.772588722239781,6,0,0,1,0,1,0,0,1,0,0,0,1,0,0,0,1,0,0,0,0,0,1,0,0,0,1,0,0,0,0,0,0,0,0,0,0,0,0,1,0,0,0,0,0,0,0,0,0,0,0,0,0,0,0,0,0,0,0,0,0,0,0,0,1,0,0,1,0,0,0,0,1,0,0,0,0,0,0,0,0,0,0,0,0,0,0,0,0,0,1,0,0,0,0,0,0,0,0,0,0,0,0,0,0,1,0,0,0,0,0,1,0,0,0,2570,1838,140,12,229.75,2,1,2.5,0.3125,12.5,1,9,1,1,0,1,4,40,1,140,0,0.0,0,64,25,12,16,0.7148969272656553
1431,1431,1432,120,0.0,4928,4,2,6,6,1976,1976,0.0,3,3,4,3,1,2,958,1,0,0,958,2,1,4,958,0,0,958,0,0,2,0,2,1,3,5,7,440,2,0,60,0,0,0,0,0.0,0,0,10,2009,11.87583791515714,0,0,0,1,0,0,0,0,0,0,0,0,1,2.0,2,True,False,False,False,False,0.0,0.0,6,0,0,1,0,1,0,0,0,0,0,0,1,0,0,0,1,0,1,0,0,0,0,0,0,0,1,0,0,0,0,0,0,0,0,0,0,0,0,0,0,0,0,0,1,0,0,0,0,0,0,0,0,0,0,0,0,0,0,1,0,1,0,0,0,0,0,1,0,0,0,0,1,0,0,0,0,0,0,0,0,0,0,0,0,0,0,1,0,0,0,0,0,0,0,0,0,0,0,0,0,0,1,0,0,0,0,0,0,0,1,0,0,0,0,1916,1916,60,8,159.66666666666666,1,0,2.0,0.3333333333333333,12.0,1,9,33,33,0,0,2,60,1,60,0,0.9989572471324296,1,24,36,9,14,0.4997391757955138
1432,1432,1433,30,60.0,10800,4,2,4,6,1927,2007,0.0,3,3,3,3,1,1,0,1,0,656,656,2,1,4,968,0,0,968,0,0,2,0,4,1,3,5,7,216,2,0,0,0,0,0,0,0.0,0,0,8,2007,11.07443600653965,0,0,0,1,0,0,0,0,0,0,0,0,1,2.0,1,False,False,False,False,True,0.0,0.0,6,0,0,1,0,1,0,0,0,1,0,0,1,0,0,0,1,0,1,0,0,0,0,0,0,0,1,0,0,0,0,0,0,0,0,0,0,0,0,0,0,0,0,0,0,0,0,0,1,0,0,0,0,0,0,0,0,0,0,0,0,1,0,0,0,0,0,1,0,0,0,0,1,0,0,0,0,0,0,0,0,0,0,0,0,0,0,0,0,0,0,1,0,0,0,0,0,0,0,0,0,0,0,0,0,0,1,0,0,0,0,0,0,0,0,1624,968,0,10,161.33333333333334,1,0,2.0,0.3333333333333333,8.0,1,9,80,0,1,1,1,0,0,0,0,0.0,0,18,24,9,12,0.5956923076923077
1433,1433,1434,60,93.0,10261,4,2,6,5,2000,2000,318.0,3,3,4,3,1,1,0,1,0,936,936,4,1,4,962,830,0,1792,1,0,2,1,3,1,3,8,7,451,2,0,0,0,0,0,0,0.0,0,0,5,2008,12.136191879981927,0,0,0,1,0,0,0,0,0,0,0,0,1,2.0,3,True,False,False,False,False,3.0,2.079441541679836,6,0,0,1,0,1,0,0,0,0,0,0,1,0,0,0,1,0,1,0,0,0,0,0,0,0,1,0,0,0,0,0,0,0,0,0,0,0,0,1,0,0,0,0,0,0,0,0,0,0,0,0,0,0,0,0,0,0,0,0,0,0,0,0,1,0,0,1,0,0,0,0,1,0,0,0,0,0,0,0,0,0,0,0,0,0,0,0,0,0,1,0,0,0,0,0,0,0,0,0,0,0,0,0,0,1,0,0,1,0,0,1,0,0,0,2728,1792,0,12,199.11111111111111,2,1,3.5,0.3888888888888889,21.0,1,9,8,8,0,1,4,0,0,0,0,0.0,0,24,30,9,16,0.6566507878343716
1434,1434,1435,20,80.0,17400,4,1,5,5,1977,1977,0.0,3,3,3,3,1,5,936,1,0,190,1126,1,1,4,1126,0,0,1126,1,0,2,0,3,1,3,5,7,484,1,295,41,0,0,0,0,0.0,0,0,5,2006,11.982935344196433,0,0,0,1,0,0,0,0,0,0,0,0,1,2.0,2,True,False,False,False,False,4.0,2.772588722239781,6,0,0,1,0,1,0,0,0,1,0,1,0,0,0,0,1,0,1,0,0,0,0,0,0,0,1,0,0,0,0,0,0,0,0,0,0,0,0,0,0,0,1,0,0,0,0,0,0,0,0,0,0,0,0,0,0,0,0,0,0,1,0,0,0,0,0,1,0,0,0,0,1,0,0,0,0,0,0,0,0,1,0,0,0,0,0,0,0,0,0,0,0,0,0,1,0,0,0,0,0,0,0,0,0,0,0,0,0,0,1,0,0,0,0,2252,2062,336,9,187.66666666666663,1,0,3.0,0.5,15.0,1,9,29,29,0,0,3,41,1,336,0,0.8305235137533274,1,18,25,9,12,0.4997780736795384
1435,1435,1436,20,80.0,8400,4,2,6,9,1962,2005,237.0,4,4,3,3,1,1,0,1,0,1319,1319,2,1,4,1537,0,0,1537,1,0,1,1,3,1,4,7,7,462,2,0,36,0,0,0,0,3.0,0,0,7,2008,12.066816325306588,0,0,0,0,0,0,0,0,0,0,0,0,0,2.0,2,True,False,False,False,False,4.0,2.772588722239781,6,0,0,1,0,1,0,0,0,1,0,0,1,0,0,0,1,0,1,0,0,0,0,0,0,0,1,0,0,0,0,0,0,0,0,0,0,0,0,0,0,0,0,1,0,0,0,0,0,0,0,0,0,0,0,0,0,0,0,0,0,1,0,0,0,0,0,1,0,0,0,0,1,0,0,0,0,0,0,0,0,0,0,0,0,0,0,0,0,0,0,1,0,0,0,0,0,0,0,0,0,0,0,0,0,0,1,0,1,0,1,0,0,0,0,2856,1537,36,11,192.125,1,0,2.5,0.3125,15.0,1,16,46,3,1,1,2,36,1,36,0,0.0,0,18,54,16,16,0.5379768988449423
1436,1436,1437,20,60.0,9000,4,2,4,6,1971,1971,0.0,3,3,3,3,1,5,616,1,0,248,864,2,1,4,864,0,0,864,0,0,1,0,3,1,3,5,7,528,2,0,0,0,0,0,0,1.0,0,0,5,2007,11.6994133306336,0,0,0,1,0,0,0,0,0,0,0,0,1,2.0,2,False,False,False,False,True,0.0,0.0,6,0,0,1,0,1,0,0,0,1,0,0,1,0,1,0,0,0,1,0,0,0,0,0,0,0,1,0,0,0,0,0,0,0,0,0,0,0,0,0,0,0,0,1,0,0,0,0,0,0,0,0,0,0,0,0,0,0,0,0,0,1,0,0,0,0,0,1,0,0,0,0,1,0,0,0,0,0,0,0,0,0,0,0,1,0,0,0,0,0,0,0,0,0,0,0,0,0,1,0,0,0,0,0,0,0,0,0,0,0,0,1,0,0,0,1728,1480,0,9,144.0,1,0,1.0,0.1666666666666666,4.0,1,9,36,36,0,0,2,0,0,0,0,0.7121387283236994,1,18,24,9,12,0.4997108155002892
1437,1437,1438,20,96.0,12444,4,2,8,5,2008,2008,426.0,5,3,5,3,3,6,1336,1,0,596,1932,4,1,4,1932,0,0,1932,1,0,2,0,2,1,5,7,7,774,2,0,66,0,304,0,0,0.0,0,0,11,2008,12.885673487343764,0,0,0,0,1,0,0,0,0,0,1,0,0,2.0,4,True,False,False,False,False,4.0,2.772588722239781,6,0,0,1,0,1,0,0,0,1,0,0,1,0,1,0,0,0,1,0,0,0,0,0,0,0,1,0,0,0,0,0,0,0,0,0,0,0,0,0,0,0,0,0,0,0,0,1,0,0,0,0,0,0,0,0,0,0,0,0,0,1,0,0,0,0,0,0,0,1,0,0,1,0,0,0,0,0,0,0,0,0,0,0,0,0,0,0,0,0,1,0,0,0,0,0,0,0,0,0,0,0,0,0,0,1,0,0,0,1,0,1,0,0,0,3864,3268,370,10,241.5,1,0,3.0,0.375,24.0,1,25,0,0,0,1,4,370,1,370,0,0.6911536471805484,1,60,40,15,22,0.4998706338939198
1438,1438,1439,20,90.0,7407,4,2,6,7,1957,1996,0.0,3,3,3,3,1,6,600,1,0,312,912,2,1,3,1236,0,0,1236,1,0,1,0,2,1,3,6,7,923,2,0,158,158,0,0,0,2.0,0,0,4,2010,11.916395250412128,0,0,0,1,0,0,0,0,0,0,0,0,1,2.0,2,True,False,False,False,False,0.0,0.0,6,0,0,0,1,1,0,0,0,1,0,0,1,0,0,0,1,0,0,0,0,0,0,0,0,0,1,0,0,0,0,0,0,0,0,0,0,0,0,0,0,0,0,0,0,0,0,0,1,0,0,0,0,0,0,0,0,0,0,0,0,1,0,0,0,0,0,1,0,0,0,0,1,0,0,0,0,0,0,0,0,0,0,0,0,0,1,0,0,0,0,0,0,0,0,0,0,0,0,0,1,0,0,0,0,0,0,0,0,0,1,0,0,0,0,2148,1836,316,9,176.57142857142858,1,0,2.0,0.2857142857142857,12.0,1,9,53,14,1,0,2,316,1,316,0,0.6571741511500547,1,18,42,9,14,0.5751512331316891
1439,1439,1440,60,80.0,11584,4,2,7,6,1979,1979,96.0,3,3,3,3,1,6,315,3,110,114,539,2,1,4,1040,685,0,1725,0,0,2,1,3,1,3,6,7,550,2,0,88,216,0,0,0,0.0,0,0,11,2007,12.190964083849376,0,0,0,1,0,0,0,0,0,0,0,0,1,2.0,2,True,False,False,False,False,3.0,2.079441541679836,6,0,0,1,0,1,0,0,0,1,0,0,1,0,0,0,1,0,1,0,0,0,0,0,0,0,1,0,0,0,0,0,0,0,0,0,0,0,0,0,0,0,0,0,0,1,0,0,0,0,0,0,0,0,0,0,0,0,0,0,0,0,0,0,0,0,1,0,0,1,0,0,1,0,0,0,0,0,0,0,0,0,0,0,1,0,0,0,0,0,0,0,0,0,0,0,0,0,1,0,0,0,0,0,0,0,0,0,1,0,1,0,0,0,0,2264,2150,304,10,246.42857142857144,2,1,2.5,0.3571428571428571,17.5,1,9,28,28,0,0,3,304,1,304,0,0.7870370370370371,1,18,42,9,15,0.7615894039735099
1440,1440,1441,70,79.0,11526,4,1,6,7,1922,1994,0.0,3,3,5,3,1,1,0,1,0,588,588,1,1,4,1423,748,384,2555,0,0,2,0,3,1,3,11,6,672,2,431,0,0,0,0,0,0.0,0,0,9,2008,12.160033942617156,0,0,0,1,0,0,0,0,0,0,0,0,1,2.0,3,False,False,False,False,True,4.0,2.772588722239781,6,0,0,1,0,1,0,0,0,0,0,0,0,0,0,0,1,0,1,0,0,0,0,0,0,0,1,0,0,0,0,0,0,0,0,0,0,1,0,0,0,0,0,0,0,0,0,0,0,0,0,0,0,0,0,0,0,0,0,0,0,0,1,0,0,0,0,1,0,0,0,0,1,0,0,0,0,0,0,0,0,0,0,0,0,0,1,0,0,0,0,0,0,0,0,0,0,0,0,0,1,0,0,0,0,0,0,0,0,0,0,0,0,0,0,2759,2171,431,15,212.91666666666663,2,1,2.0,0.1666666666666666,12.0,1,9,86,14,1,0,1,0,0,431,0,0.0,0,30,42,9,13,0.9257246376811594
1441,1441,1442,120,0.0,4426,4,2,6,5,2004,2004,147.0,4,3,4,3,3,6,697,1,0,151,848,4,1,4,848,0,0,848,1,0,1,0,1,1,4,3,7,420,2,149,0,0,0,0,0,0.0,0,0,5,2008,11.913719681428494,0,0,0,1,0,0,0,0,0,0,0,0,1,2.0,4,True,False,False,False,False,3.0,2.079441541679836,6,0,0,0,1,1,0,0,0,1,0,0,1,0,0,0,1,0,1,0,0,0,0,0,0,0,1,0,0,0,0,0,0,0,0,0,1,0,0,0,0,0,0,0,0,0,0,0,0,0,0,0,0,0,0,0,0,0,0,1,0,1,0,0,0,0,0,1,0,0,0,0,1,0,0,0,0,0,0,0,0,0,0,0,0,0,0,0,0,0,1,0,0,0,0,0,0,0,0,0,0,0,0,0,0,1,0,0,1,0,0,1,0,0,0,1696,1545,149,5,212.0,1,0,2.0,0.5,12.0,1,16,4,4,0,1,4,0,0,149,0,0.8209658421672555,1,48,30,12,18,0.4997053624042428
1442,1442,1443,60,85.0,11003,4,2,10,5,2008,2008,160.0,5,3,5,3,3,6,765,1,0,252,1017,4,1,4,1026,981,0,2007,1,0,2,1,3,1,5,10,7,812,2,168,52,0,0,0,0,0.0,0,0,4,2009,12.644330802262578,0,0,0,1,0,0,0,0,0,0,0,0,1,2.0,4,True,False,False,False,False,5.0,3.4657359027997265,6,1,0,0,0,1,0,0,0,1,0,0,1,0,0,0,1,0,1,0,0,0,0,0,0,0,1,0,0,0,0,0,0,0,0,0,0,0,0,0,0,0,0,0,0,0,0,0,0,0,0,0,1,0,0,0,0,0,0,0,0,0,0,0,1,0,0,1,0,0,0,0,1,0,0,0,0,0,0,0,0,0,0,0,0,0,0,0,0,0,1,0,0,0,0,0,0,0,0,0,0,0,0,0,0,1,0,0,0,1,0,1,0,0,0,3024,2772,220,14,182.45454545454547,2,1,3.5,0.3181818181818182,35.0,1,25,1,1,0,1,4,52,1,220,0,0.7514734774066798,1,60,50,15,24,0.6634710743801653
1443,1443,1444,30,0.0,8854,4,2,6,6,1916,1950,0.0,3,3,3,3,1,1,0,1,0,952,952,1,0,2,952,0,0,952,0,0,1,0,2,1,2,4,7,192,1,0,98,0,0,40,0,0.0,0,0,5,2009,11.703554089007538,0,0,0,1,0,0,0,0,0,0,0,0,1,1.5,1,False,False,False,False,True,4.0,2.772588722239781,1,0,0,1,0,1,0,0,0,1,0,0,1,0,0,0,1,0,1,0,0,0,0,0,0,0,1,0,0,0,0,0,0,0,1,0,0,0,0,0,0,0,0,0,0,0,0,0,0,0,0,0,0,0,0,0,0,0,0,0,1,0,0,0,0,0,0,1,0,0,0,0,1,0,0,0,0,0,0,0,0,0,0,0,0,0,0,0,0,0,0,1,0,0,0,0,0,0,0,0,0,0,0,0,0,0,1,0,0,0,0,0,0,0,0,1904,952,138,7,190.4,1,0,1.0,0.2,6.0,1,4,93,59,1,0,1,138,1,138,0,0.0,0,18,36,9,12,0.4997375328083989
1444,1444,1445,20,63.0,8500,4,2,7,5,2004,2004,106.0,4,3,4,3,3,1,0,1,0,1422,1422,4,1,4,1422,0,0,1422,0,0,2,0,3,1,4,7,7,626,2,192,60,0,0,0,0,0.0,0,0,11,2007,12.098493002763464,0,0,0,1,0,0,0,0,0,0,0,0,1,2.0,4,True,False,False,False,False,0.0,0.0,6,0,0,1,0,1,0,0,0,1,0,0,1,0,1,0,0,0,1,0,0,0,0,0,0,0,1,0,0,0,0,0,0,0,0,0,1,0,0,0,0,0,0,0,0,0,0,0,0,0,0,0,0,0,0,0,0,0,0,0,0,1,0,0,0,0,0,1,0,0,0,0,1,0,0,0,0,0,0,0,0,0,0,0,0,0,0,0,0,0,1,0,0,0,0,0,0,0,0,0,0,0,0,0,0,1,0,0,1,0,0,1,0,0,0,2844,1422,252,11,177.75,1,0,2.0,0.25,14.0,1,16,3,3,0,1,4,60,1,252,0,0.0,0,48,35,12,19,0.4998242530755711
1445,1445,1446,85,70.0,8400,4,2,6,5,1966,1966,0.0,3,3,3,3,4,2,187,3,627,0,814,3,1,4,913,0,0,913,1,0,1,0,3,1,3,6,7,240,2,0,0,252,0,0,0,0.0,0,0,5,2007,11.767575435251748,0,0,0,1,0,0,0,0,0,0,0,0,1,2.0,3,False,False,False,False,True,0.0,0.0,6,0,0,1,0,1,0,0,0,1,0,0,1,0,0,0,1,0,1,0,0,0,0,0,0,0,1,0,0,0,0,0,0,0,0,0,0,0,0,0,0,0,0,0,0,0,0,0,0,0,1,0,0,0,0,0,0,0,0,0,0,0,0,0,0,1,0,1,0,0,0,0,1,0,0,0,0,0,0,0,0,0,0,0,0,0,0,0,0,0,1,0,0,0,0,0,0,0,0,0,0,0,0,0,0,1,0,0,0,0,1,0,0,0,0,1727,1727,252,10,130.42857142857142,1,0,2.0,0.2857142857142857,12.0,1,9,41,41,0,0,2,252,1,252,0,0.9987730061349692,1,45,30,9,15,0.5283564814814815
1446,1446,1447,20,0.0,26142,4,2,5,7,1962,1962,189.0,3,3,3,3,1,3,593,1,0,595,1188,2,1,4,1188,0,0,1188,0,0,1,0,3,1,3,6,7,312,1,261,39,0,0,0,0,0.0,0,0,4,2010,11.969723533345908,0,0,0,1,0,0,0,0,0,0,0,0,1,2.0,2,True,False,False,False,False,0.0,0.0,6,0,0,1,0,1,0,0,0,0,0,0,1,1,0,0,0,0,1,0,0,0,0,0,0,0,1,0,0,0,0,0,0,0,0,0,0,0,0,0,0,0,1,0,0,0,0,0,0,0,0,0,0,0,0,0,0,0,0,0,0,1,0,0,0,0,0,1,0,0,0,0,1,0,0,0,0,0,0,0,0,0,0,0,1,0,0,0,0,0,0,0,0,0,0,0,0,0,1,0,0,0,0,0,0,0,0,0,1,0,1,0,0,0,0,2376,1781,300,10,169.71428571428572,1,0,1.0,0.1428571428571428,5.0,1,9,48,48,0,0,2,39,1,300,0,0.4987384356602187,1,18,35,9,13,0.4997896508203618
1447,1447,1448,60,80.0,10000,4,2,8,5,1995,1996,438.0,4,3,4,3,1,6,1079,1,0,141,1220,4,1,4,1220,870,0,2090,1,0,2,1,3,1,4,8,7,556,2,0,65,0,0,0,0,0.0,0,0,12,2007,12.388398368982116,0,0,0,1,0,0,0,0,0,0,0,0,1,2.0,3,True,False,False,False,False,3.0,2.079441541679836,6,0,0,1,0,1,0,0,0,1,0,0,1,0,0,0,1,0,1,0,0,0,0,0,0,0,1,0,0,0,0,0,0,0,0,0,1,0,0,0,0,0,0,0,0,0,0,0,0,0,0,0,0,0,0,0,0,0,0,0,0,0,0,0,1,0,0,1,0,0,0,0,1,0,0,0,0,0,0,0,0,0,0,0,0,0,0,0,0,0,1,0,0,0,0,0,0,0,0,0,0,0,0,0,0,1,0,0,1,0,0,1,0,0,0,3310,3169,65,12,232.22222222222223,2,1,3.5,0.3888888888888889,28.0,1,16,12,11,1,0,3,65,1,65,0,0.8837018837018837,1,24,40,12,20,0.6312292358803987
1448,1448,1449,50,70.0,11767,4,2,4,7,1910,2000,0.0,3,3,2,3,1,1,0,1,0,560,560,3,0,4,796,550,0,1346,0,0,1,1,2,1,3,6,5,384,2,168,24,0,0,0,0,1.0,0,0,5,2007,11.6262630788088,0,0,0,1,0,0,0,0,0,0,0,0,1,2.0,1,False,False,False,False,True,0.0,0.0,6,0,0,1,0,1,0,0,0,1,0,0,1,0,0,0,1,0,1,0,0,0,0,0,0,0,1,0,0,0,0,0,0,0,0,0,0,0,1,0,0,0,0,0,0,0,0,0,0,0,0,0,0,0,0,0,0,0,0,0,0,0,0,0,1,0,0,1,0,0,0,0,1,0,0,0,0,0,0,0,0,0,0,0,0,0,1,0,0,0,0,0,0,0,0,0,0,0,1,0,0,0,0,0,0,0,0,0,0,0,1,0,0,0,0,1906,1346,192,9,192.28571428571428,2,1,1.5,0.2142857142857142,6.0,1,9,97,7,1,1,1,24,1,192,0,0.0,0,12,28,9,13,0.7058206607236497
1449,1449,1450,180,21.0,1533,4,2,5,7,1970,1970,0.0,3,3,4,3,3,6,553,1,0,77,630,4,1,4,630,0,0,630,1,0,1,0,1,1,5,3,7,0,2,0,0,0,0,0,0,0.0,0,0,8,2006,11.429554725537322,0,0,0,0,0,0,0,0,0,0,0,0,1,0.0,0,False,False,False,False,False,0.0,0.0,6,0,0,0,1,1,0,0,0,1,0,0,1,0,0,0,1,0,1,0,0,0,0,0,0,0,1,0,0,0,0,0,0,0,0,0,0,0,0,0,0,1,0,0,0,0,0,0,0,0,0,0,0,0,0,0,0,0,1,0,0,0,0,0,0,1,0,1,0,0,0,0,1,0,0,0,0,0,0,0,0,0,0,1,0,0,0,0,0,0,0,0,0,0,0,0,0,1,0,0,0,0,0,0,0,0,0,0,0,0,1,0,0,0,0,1260,1183,0,5,157.5,1,0,2.0,0.5,10.0,1,25,36,36,0,0,2,0,0,0,0,0.8763866877971473,1,48,35,9,17,0.4996034892942109
1450,1450,1451,90,60.0,9000,4,2,5,5,1974,1974,0.0,3,3,4,3,1,1,0,1,0,896,896,2,1,4,896,896,0,1792,0,0,2,2,4,2,3,8,7,0,2,32,45,0,0,0,0,0.0,0,0,9,2009,11.820417517632333,0,0,0,1,0,0,0,0,0,0,0,0,1,0.0,0,False,False,False,False,False,0.0,0.0,6,0,0,1,0,1,0,0,0,1,0,0,1,0,1,0,0,0,1,0,0,0,0,0,0,0,1,0,0,0,0,0,0,0,0,0,0,0,0,0,0,0,0,1,0,0,0,0,0,0,0,0,0,0,0,0,0,1,0,0,0,0,0,0,1,0,0,1,0,0,0,0,1,0,0,0,0,0,0,0,0,0,0,0,0,0,0,0,0,0,1,0,0,0,0,0,0,0,0,0,0,0,0,0,0,1,0,0,0,0,1,0,0,0,0,2688,1792,77,14,199.11111111111111,2,1,3.0,0.3333333333333333,15.0,2,9,35,35,0,0,2,45,1,77,0,0.0,0,24,25,9,13,0.6664187430271477
1451,1451,1452,20,78.0,9262,4,2,8,5,2008,2009,194.0,4,3,4,3,1,1,0,1,0,1573,1573,4,1,4,1578,0,0,1578,0,0,2,0,3,1,5,7,7,840,2,0,36,0,0,0,0,0.0,0,0,5,2009,12.567554517655417,0,0,0,0,1,0,0,0,0,0,1,0,0,2.0,4,True,False,False,False,False,4.0,2.772588722239781,6,0,0,1,0,1,0,0,0,1,0,0,1,0,0,0,1,0,1,0,0,0,0,0,0,0,1,0,0,0,0,0,0,0,0,0,0,0,0,0,0,0,0,0,0,0,0,0,0,0,0,0,1,0,0,0,0,0,0,0,0,1,0,0,0,0,0,1,0,0,0,0,1,0,0,0,0,0,0,0,0,0,0,1,0,0,0,0,0,0,0,0,0,0,0,0,0,1,0,0,0,0,0,0,0,0,0,0,0,1,0,1,0,0,0,3151,1578,36,11,197.25,1,0,2.0,0.25,16.0,1,25,1,0,1,1,4,36,1,36,0,0.0,0,24,40,12,21,0.5006345177664975
1452,1452,1453,180,35.0,3675,4,2,5,5,2005,2005,80.0,3,3,4,3,4,6,547,1,0,0,547,3,1,4,1072,0,0,1072,1,0,1,0,2,1,3,5,7,525,2,0,28,0,0,0,0,0.0,0,0,5,2006,11.884495917930655,0,0,0,1,0,0,0,0,0,0,0,0,1,2.0,4,False,True,False,False,False,0.0,0.0,6,0,0,0,1,1,0,0,0,1,0,0,1,0,0,0,1,0,1,0,0,0,0,0,0,0,1,0,0,0,0,0,0,0,0,0,0,0,1,0,0,0,0,0,0,0,0,0,0,0,0,0,0,0,0,0,0,0,0,1,0,0,0,0,0,0,1,1,0,0,0,0,1,0,0,0,0,0,0,0,0,0,0,0,0,0,0,0,0,0,1,0,0,0,0,0,0,0,0,0,0,0,0,0,0,1,0,0,1,0,0,1,0,0,0,1619,1619,28,8,178.66666666666666,1,0,2.0,0.3333333333333333,10.0,1,9,1,1,0,1,4,28,1,28,0,0.998175182481752,1,60,25,9,14,0.6617283950617284
1453,1453,1454,20,90.0,17217,4,2,5,5,2006,2006,0.0,3,3,4,3,1,1,0,1,0,1140,1140,4,1,4,1140,0,0,1140,0,0,1,0,3,1,3,6,7,0,2,36,56,0,0,0,0,0.0,0,0,7,2006,11.344518647594766,0,0,0,0,0,0,0,0,0,0,0,0,1,0.0,0,False,False,False,False,False,0.0,0.0,6,0,0,1,0,1,0,0,0,1,0,0,1,0,0,0,1,0,1,0,0,0,0,0,0,0,1,0,0,0,0,0,0,0,0,0,0,0,0,0,0,0,1,0,0,0,0,0,0,0,0,0,0,0,0,0,0,0,0,0,0,1,0,0,0,0,0,1,0,0,0,0,1,0,0,0,0,0,0,0,0,0,0,0,0,0,0,0,0,0,1,0,0,0,0,0,0,0,0,0,0,0,0,0,0,1,0,0,0,0,0,1,0,0,0,2280,1140,92,10,162.85714285714286,1,0,1.0,0.1428571428571428,5.0,1,9,0,0,0,1,4,56,1,92,0,0.0,0,24,25,9,15,0.4997807978956598
1454,1454,1455,20,62.0,7500,4,2,7,5,2004,2005,0.0,4,3,4,3,1,6,410,1,0,811,1221,4,1,4,1221,0,0,1221,1,0,2,0,2,1,4,6,7,400,2,0,113,0,0,0,0,0.0,0,0,10,2009,12.128116509451258,0,0,0,1,0,0,0,0,0,0,0,0,1,2.0,4,True,False,False,False,False,0.0,0.0,6,1,0,0,0,1,1,0,0,1,0,0,1,0,0,0,1,0,1,0,0,0,0,0,0,0,1,0,0,0,0,0,0,0,0,0,0,0,0,0,0,0,0,0,0,0,0,0,0,0,0,0,1,0,0,0,0,0,0,0,0,1,0,0,0,0,0,1,0,0,0,0,1,0,0,0,0,0,0,0,0,0,0,0,0,0,0,0,0,0,1,0,0,0,0,0,0,0,0,0,0,0,0,0,0,1,0,0,0,0,0,1,0,0,0,2442,1631,113,9,174.42857142857142,1,0,3.0,0.4285714285714285,21.0,1,16,5,4,1,1,4,113,1,113,0,0.3355155482815057,1,24,35,12,19,0.4997953336062218
1455,1455,1456,60,62.0,7917,4,2,6,5,1999,2000,0.0,3,3,4,3,1,1,0,1,0,953,953,4,1,4,953,694,0,1647,0,0,2,1,3,1,3,7,7,460,2,0,40,0,0,0,0,0.0,0,0,8,2007,12.07254696717504,0,0,0,1,0,0,0,0,0,0,0,0,1,2.0,3,True,False,False,False,False,3.0,2.079441541679836,6,0,0,1,0,1,0,0,0,1,0,0,1,0,0,0,1,0,1,0,0,0,0,0,0,0,1,0,0,0,0,0,0,0,0,0,0,0,0,1,0,0,0,0,0,0,0,0,0,0,0,0,0,0,0,0,0,0,0,0,0,0,0,0,1,0,0,1,0,0,0,0,1,0,0,0,0,0,0,0,0,0,0,0,0,0,0,0,0,0,1,0,0,0,0,0,0,0,0,0,0,0,0,0,0,1,0,0,0,0,0,1,0,0,0,2600,1647,40,11,205.875,2,1,2.5,0.3125,15.0,1,9,8,7,1,1,4,40,1,40,0,0.0,0,24,30,9,16,0.6332179930795848
1456,1456,1457,20,85.0,13175,4,2,6,6,1978,1988,119.0,3,3,4,3,1,5,790,3,163,589,1542,2,1,4,2073,0,0,2073,1,0,2,0,3,1,3,7,6,500,2,349,0,0,0,0,0,2.0,0,0,2,2010,12.25486757159303,0,0,0,1,0,0,0,0,0,0,0,0,1,2.0,2,True,False,False,False,False,3.0,3.295836866004329,6,0,0,1,0,1,0,0,0,1,0,0,1,0,0,0,1,0,1,0,0,0,0,0,0,0,1,0,0,0,0,0,0,0,0,0,0,0,0,0,0,0,0,0,0,1,0,0,0,0,0,0,0,0,0,0,0,0,0,0,0,1,0,0,0,0,0,1,0,0,0,0,1,0,0,0,0,0,0,0,0,0,0,0,0,0,0,1,0,0,0,0,0,0,0,0,0,0,0,0,0,0,1,0,0,0,0,0,0,1,1,0,0,0,0,3615,3026,349,11,259.125,1,0,3.0,0.375,18.0,1,9,32,22,1,0,2,0,0,349,0,0.6176279974076474,1,24,36,9,14,0.5732853982300885
1457,1457,1458,70,66.0,9042,4,2,7,9,1941,2006,0.0,5,4,3,4,1,6,275,1,0,877,1152,4,1,4,1188,1152,0,2340,0,0,2,0,4,1,4,9,7,252,2,0,60,0,0,0,0,3.0,1,2500,5,2010,12.493133274926212,0,0,0,1,0,0,0,0,0,0,0,0,1,2.0,1,True,False,False,False,False,4.0,4.394449154672439,6,0,0,1,0,1,0,0,0,1,0,0,1,0,0,0,1,0,1,0,0,0,0,0,0,0,1,0,0,0,0,0,0,0,0,0,0,1,0,0,0,0,0,0,0,0,0,0,0,0,0,0,0,0,0,0,0,0,0,0,0,0,0,0,1,0,0,1,0,0,0,0,1,0,0,0,0,0,0,0,0,0,0,1,0,0,0,0,0,0,0,0,0,0,0,0,0,1,0,0,0,0,0,0,0,0,0,0,0,0,0,0,0,1,0,3492,2615,60,14,234.0,2,1,2.0,0.2,14.0,1,16,69,4,1,1,1,60,1,60,0,0.238508239375542,1,24,63,20,20,0.6699112510735757
1458,1458,1459,20,68.0,9717,4,2,5,6,1950,1996,0.0,3,3,3,3,2,6,49,3,1029,0,1078,3,1,3,1078,0,0,1078,1,0,1,0,2,1,4,5,7,240,2,366,0,112,0,0,0,0.0,0,0,4,2010,11.864469267087893,0,0,0,1,0,0,0,0,0,0,0,0,1,2.0,1,True,False,False,False,False,0.0,0.0,6,0,0,1,0,1,0,0,0,1,0,0,1,0,0,0,1,0,1,0,0,0,0,0,0,0,1,0,0,0,0,0,0,0,0,0,0,0,0,0,0,0,0,1,0,0,0,0,0,0,0,0,0,0,0,0,0,0,0,0,0,1,0,0,0,0,0,0,0,1,0,0,1,0,0,0,0,0,0,0,0,0,0,0,0,0,1,0,0,0,0,0,0,0,0,0,0,0,0,0,1,0,0,0,0,0,0,0,0,0,1,0,0,0,0,2156,2156,478,8,179.66666666666666,1,0,2.0,0.3333333333333333,10.0,1,16,60,14,1,0,2,112,1,478,0,0.9990732159406858,1,27,30,9,15,0.4997681965693092
1459,1459,1460,20,75.0,9937,4,2,5,6,1965,1965,0.0,4,3,3,3,1,4,830,2,290,136,1256,3,1,4,1256,0,0,1256,1,0,1,1,3,1,3,6,7,276,2,736,68,0,0,0,0,0.0,0,0,6,2008,11.901590234400048,0,0,0,1,0,0,0,0,0,0,0,0,1,2.0,2,True,False,False,False,False,0.0,0.0,6,0,0,1,0,1,0,0,0,1,0,0,1,0,0,0,1,0,1,0,0,0,0,0,0,0,1,0,0,0,0,0,0,0,0,0,0,0,1,0,0,0,0,0,0,0,0,0,0,0,0,0,0,0,0,0,0,0,0,0,0,1,0,0,0,0,0,1,0,0,0,0,1,0,0,0,0,0,0,0,0,0,0,0,1,0,0,0,0,0,0,0,0,0,0,0,0,0,1,0,0,0,0,0,0,0,0,0,0,0,1,0,0,0,0,2512,2376,804,10,179.42857142857142,1,0,2.5,0.3571428571428571,12.5,1,9,43,43,0,0,2,68,1,804,0,0.8910103420843277,1,18,30,12,15,0.4998010346199761
